20000 54038
1524 1 0
6760 4 0
3101 3 0
9180 1 0
9069 4 0
3681 1 0
3304 1 0
1116 2 0
2882 4 0
9143 5 0
4826 5 0
2868 1 0
1141 3 0
6358 2 0
6241 3 0
8985 2 0
2495 4 0
9990 2 0
3193 2 0
7868 4 0
5363 3 0
9285 4 0
2136 4 0
2670 5 0
3225 1 0
4113 4 0
1608 2 0
4829 2 0
9762 5 0
6821 1 0
1905 4 0
1095 4 0
6629 4 0
2806 5 0
255 2 0
9437 4 0
356 5 0
1464 3 0
1954 3 0
2790 2 0
3836 5 1
7309 3 1
6384 1 2
4620 4 2
6124 4 3
2257 2 8
4579 4 9
1300 3 9
3238 2 10
3745 1 11
9346 5 13
8838 4 14
7028 3 14
5134 5 16
2939 5 19
5187 1 20
7707 4 20
1607 4 21
3642 2 21
6300 4 22
2680 1 24
2686 4 24
2360 1 25
8072 1 25
4417 2 28
811 4 29
4297 1 30
643 1 31
391 1 32
8728 2 32
1470 1 33
3889 5 34
1683 3 35
6554 1 36
3707 4 36
1024 5 38
1588 2 39
2544 1 39
8604 3 41
2988 4 41
6475 2 42
7360 5 45
2901 1 45
2506 4 46
5002 2 46
2763 2 49
2575 5 49
9642 5 51
4037 5 51
7563 3 52
1592 3 53
7819 3 53
6066 5 55
4632 1 55
7475 5 56
9374 2 56
1137 4 58
233 3 58
8379 3 59
6838 1 59
9769 3 60
7734 1 60
9674 4 61
5037 5 62
7353 1 63
9173 2 63
7353 2 64
6323 4 65
8173 5 65
5358 5 66
499 3 66
8181 3 68
987 2 68
3864 3 72
6346 4 72
1384 5 73
9285 3 74
4132 5 75
5435 3 76
3476 3 76
9229 2 77
6020 5 81
5497 4 82
5819 5 82
5637 1 86
5581 2 86
1474 1 87
1552 1 87
2640 1 88
468 2 88
2926 3 92
3595 3 93
601 3 93
8982 1 94
7597 2 94
4739 1 95
3439 2 99
9123 4 99
9595 2 100
4278 5 100
6581 2 102
9201 2 103
5782 5 103
8326 3 104
4636 2 105
1322 2 106
5373 5 107
7320 1 107
3942 3 108
8913 1 108
9419 2 110
8052 1 110
395 2 111
4906 4 112
2138 4 112
759 3 113
4667 3 113
4535 5 114
2258 1 114
9992 5 115
5495 3 115
8358 1 116
7989 4 116
7875 3 117
799 3 117
5197 1 118
8409 4 118
7242 2 119
6039 5 119
809 4 121
2652 5 121
5241 5 122
6142 3 122
9370 3 123
8805 1 123
8355 5 124
3215 3 125
8458 5 126
5661 1 126
271 5 127
6729 5 128
366 2 129
6801 5 129
818 3 131
699 1 132
989 1 132
8928 1 133
7757 2 133
8893 5 135
7708 1 136
4527 2 137
239 4 137
5567 2 138
70 5 140
459 2 140
6831 3 141
7467 4 141
2128 5 142
6315 5 142
2592 5 145
7297 1 148
5898 5 148
6854 4 151
6230 2 151
6867 1 153
7025 1 153
6897 4 156
326 2 157
3766 1 157
1901 5 158
1460 1 158
6690 2 159
1121 2 159
4715 2 162
7844 5 166
4433 1 167
3424 1 167
6514 5 168
7261 1 171
3959 4 172
8305 4 172
6208 3 174
4440 2 175
7470 2 175
1048 1 176
4657 4 176
1162 2 180
905 2 181
1063 4 181
9822 5 182
3730 4 183
1224 3 183
7395 4 184
8772 4 185
5175 2 185
2269 1 186
3063 4 187
6917 1 187
1960 2 191
1142 5 192
4292 1 192
3895 3 193
3223 4 193
1399 5 195
9178 1 195
2670 3 196
6881 3 197
2865 2 197
7693 3 198
67 4 200
1403 4 200
8156 3 201
3343 2 201
8947 3 202
5634 2 204
8640 4 204
5810 2 205
6597 5 206
2034 5 206
3276 5 207
9936 1 207
1999 3 208
8318 5 209
2970 2 209
8790 1 210
3188 2 213
6301 5 213
9094 4 215
6947 3 215
6636 4 216
8709 4 217
8546 3 217
8680 5 219
4873 1 221
557 1 222
6060 3 223
1970 4 224
7618 5 224
4554 2 225
5341 5 227
273 3 229
2924 2 231
2131 4 231
1386 3 232
2103 5 233
4496 1 234
2528 3 237
1363 5 238
2900 5 238
65 5 239
6717 4 240
60 1 240
3852 3 241
1512 2 241
2784 5 244
5041 2 246
7627 4 246
446 3 247
963 4 247
8175 1 248
839 1 248
8212 2 249
7332 4 250
4862 3 250
3550 4 251
8865 4 251
9501 4 252
6951 1 252
6036 3 253
9585 4 253
9372 4 254
2391 2 255
9886 2 256
2041 3 257
9362 2 257
2377 1 260
1846 2 260
4470 4 261
8895 2 262
6017 2 263
9997 2 264
2348 4 264
1525 2 271
8636 2 271
4786 2 272
7531 5 274
2074 1 275
2717 5 275
4278 1 276
1455 4 277
6263 2 277
9851 3 278
1528 1 279
9780 2 279
7232 2 280
8178 2 281
7095 5 281
3008 2 283
3152 1 283
8169 4 284
8819 3 284
3437 4 285
225 1 285
1875 3 286
8398 2 286
6291 1 287
8940 3 287
746 3 288
2936 4 288
2556 2 290
8834 5 290
2988 3 291
2606 4 291
9839 4 294
7000 5 295
2124 5 297
3470 1 297
4688 4 298
2612 2 299
8227 4 301
1140 4 301
4522 3 302
4110 5 307
8077 4 310
8248 1 311
4422 4 311
3881 3 313
9874 5 315
9989 1 315
3028 4 316
4117 5 318
432 4 320
4876 1 322
4449 5 323
4660 3 324
6523 3 324
3258 4 327
4531 3 327
9248 1 328
4671 1 328
5438 1 329
1739 3 330
279 1 331
2135 2 332
950 4 333
8605 2 333
4762 3 334
6313 1 335
6317 3 335
1846 1 336
8529 5 337
8370 1 337
4090 3 339
8198 4 339
4037 1 340
8700 1 342
8545 2 345
3267 1 345
8191 2 346
1988 1 347
3505 3 349
3818 4 350
6590 2 353
7757 2 355
4770 4 355
4090 2 356
1064 1 357
2376 3 358
9029 2 358
6380 1 359
5185 3 359
8728 5 360
7473 4 361
8265 2 363
6105 5 364
1797 5 365
1333 3 366
9433 3 367
3743 4 367
15 4 370
6936 1 371
3933 5 371
9061 4 372
7566 2 372
5375 1 373
3544 3 373
6878 1 374
1847 4 374
9988 1 375
8686 2 375
1281 1 377
242 4 377
2099 4 378
8485 3 379
7926 1 379
6494 2 380
2705 4 382
8889 3 382
7010 4 383
8747 3 384
2640 2 386
2585 2 386
3698 1 387
4045 1 387
3478 4 388
2663 4 388
6103 1 389
6786 3 390
8036 3 393
5253 2 393
8078 4 395
8376 2 395
3700 2 396
1252 3 397
3961 4 398
5607 5 398
3563 3 400
4890 5 400
3964 4 402
4988 2 402
5460 3 403
6567 3 403
5703 2 405
2565 5 405
1052 4 407
5324 4 407
1507 3 408
6096 1 408
5719 2 409
5893 4 410
649 3 411
7948 1 411
7145 2 415
8618 1 415
8666 5 417
2151 2 418
1307 5 419
1569 3 421
9734 2 421
4596 1 422
7966 4 423
4845 2 423
3737 2 426
1677 1 426
6339 4 427
4333 1 427
9877 5 428
6237 2 428
7871 1 429
499 2 431
5794 3 431
4327 3 432
5615 1 434
6527 4 434
6667 4 437
9385 1 437
5922 2 443
3912 2 444
7600 1 444
8999 1 448
5542 2 450
6779 2 450
475 1 452
3150 1 452
4329 3 453
9332 3 453
6557 2 455
2065 2 457
6613 1 457
5335 4 458
4687 4 458
4083 5 460
9984 2 460
4717 5 464
9092 5 465
6154 5 466
6615 3 466
8246 3 469
117 1 470
9841 4 471
2696 1 471
3462 3 473
5323 4 474
4278 1 474
4640 2 475
6820 4 479
5983 2 480
9992 1 481
2102 1 483
8835 3 483
9316 1 484
8966 4 484
4679 4 486
7132 4 486
756 4 487
5150 4 487
677 4 488
2756 3 489
6502 3 489
4272 5 490
9682 3 490
1168 3 491
6702 3 491
8427 5 495
7779 5 496
3998 5 499
262 3 501
1057 3 503
3068 1 504
9921 4 504
4455 5 506
5074 5 507
7027 5 507
2773 4 508
208 3 510
7488 4 512
1348 4 512
4646 4 513
2072 1 513
8941 2 514
8499 1 514
3408 1 516
3379 4 518
1806 2 520
780 3 521
2503 2 522
964 5 523
8717 1 523
1745 1 524
8957 4 524
4784 3 525
6575 4 528
1483 1 530
5094 2 530
2400 5 533
932 5 534
8802 1 535
1150 3 535
1362 5 536
7736 4 536
2203 3 537
8546 2 538
7400 4 540
2662 4 540
6970 4 542
8270 5 542
7561 3 544
2817 5 545
422 5 545
7780 2 548
2956 2 548
5838 3 550
9067 4 550
210 4 551
495 4 551
7139 3 552
7984 4 552
580 1 554
7788 5 554
715 1 555
6806 4 555
2909 4 559
7837 1 559
6255 2 560
455 4 562
2276 1 563
4837 2 566
705 5 566
9662 5 568
7628 3 568
4927 4 569
7532 3 569
4023 2 570
6055 2 570
9747 4 571
5918 3 573
9076 1 575
9380 2 575
8659 4 576
226 5 576
6777 3 577
1437 3 577
9214 3 578
2372 1 578
3156 3 579
1286 4 582
464 4 583
8473 1 584
1621 1 584
9337 1 585
5500 3 586
4938 1 588
9275 5 589
6592 5 590
7015 2 591
903 3 592
4047 3 592
6235 1 593
3259 5 593
3646 2 594
6001 4 594
7110 1 595
7211 1 596
9683 4 597
2794 1 601
8309 5 601
4441 1 605
4969 2 608
2335 5 608
6034 3 609
9988 5 609
5699 2 610
55 5 610
2514 5 611
5168 3 612
6389 2 612
4801 4 613
77 4 613
2084 5 615
2893 3 616
8883 1 617
6037 3 617
342 2 618
2045 1 618
3246 5 620
9676 5 620
5527 1 621
9737 3 621
6799 5 623
752 1 623
3227 5 624
6547 1 624
2185 1 625
4353 3 627
463 5 628
7896 3 629
8962 1 631
6464 2 635
1202 2 635
7197 1 636
3480 2 638
1493 2 638
8856 3 640
272 1 641
305 4 641
9929 3 645
4514 5 645
2716 1 646
1909 4 647
7491 4 648
9737 2 650
5362 3 650
2345 2 651
6152 2 652
7158 4 652
8966 4 653
2013 5 654
9576 5 655
7562 4 657
4594 4 659
8296 1 659
8213 4 660
2249 1 661
8203 5 662
1458 5 662
1390 4 664
6471 3 665
8189 2 665
9168 3 666
5334 4 667
4479 3 667
5016 5 669
4327 1 670
2691 3 671
6416 1 674
2318 2 674
6925 3 676
2085 2 678
7189 5 679
2735 5 679
8607 2 680
9828 5 680
1868 1 681
1728 1 681
2994 3 682
75 4 682
867 3 683
9535 2 683
9747 1 684
7673 5 685
2545 1 686
924 2 686
3854 1 687
175 5 687
6357 5 688
6238 4 689
3769 2 689
5273 3 690
8492 5 690
2123 2 691
6192 1 691
2598 2 693
9215 5 694
2597 3 696
7177 3 696
1782 5 698
3615 1 698
3897 4 702
5013 3 704
7491 3 705
5468 1 706
9540 5 707
973 3 707
9658 3 709
577 4 709
329 3 712
4471 1 712
1217 3 714
6992 3 715
8673 1 717
1242 2 717
7764 2 718
8857 3 718
7122 5 719
5190 1 719
2429 5 720
9532 3 720
7167 1 722
3721 3 724
6876 5 724
3699 3 725
6913 2 726
7889 5 730
2550 5 730
4059 5 731
62 3 732
4952 5 734
266 3 735
9169 3 735
9558 4 736
7077 1 736
7593 2 737
6296 3 739
9427 5 739
2844 4 741
5617 3 742
7022 4 742
4093 2 744
8250 5 746
5455 5 746
5398 2 751
1248 3 751
5512 1 754
5432 2 754
4787 5 755
9070 3 755
7353 3 757
5649 1 758
9368 2 758
3209 4 759
4207 1 759
5972 5 761
8254 2 762
5332 1 762
9020 1 764
8991 2 764
4841 4 765
6385 3 765
2578 1 766
5844 2 767
9433 5 768
4394 2 771
8445 1 772
5329 3 772
6907 1 773
6650 5 773
672 1 776
4760 5 777
7766 5 777
9144 3 778
7557 1 779
5660 5 781
4620 4 782
8159 2 782
6036 5 786
6486 1 786
7073 2 787
3015 4 788
8991 2 789
9610 4 790
3465 1 792
8473 2 793
594 1 795
2279 3 797
7258 3 803
927 1 804
6431 4 804
1418 4 805
2127 5 809
6445 5 809
9673 2 810
7082 4 812
3514 3 816
5720 2 816
904 5 818
2443 2 820
8060 1 820
9525 3 821
7166 4 821
5519 3 822
9907 4 824
6421 1 825
9154 3 827
446 1 827
4209 1 828
3482 3 829
9800 5 830
2784 4 831
8095 1 831
9759 4 835
6510 3 836
2686 2 836
1112 5 839
8945 1 839
4261 2 841
2427 5 841
2578 1 842
4043 1 843
4853 2 845
9939 1 846
7372 4 846
2257 3 848
5946 1 848
6301 4 849
4796 5 849
3578 1 850
367 2 850
2321 1 852
2308 2 852
5139 3 853
35 5 854
2574 5 854
9834 1 856
3659 1 856
5645 1 857
9175 4 858
8228 2 860
8978 2 860
9448 1 862
8617 4 863
2375 5 863
6068 2 864
7102 3 866
5400 4 867
1761 1 868
843 1 869
5147 3 869
3206 2 870
2134 5 871
8554 2 872
9097 5 872
7916 5 873
1962 3 874
6055 2 876
3277 3 877
975 2 877
3589 3 879
6591 5 879
9922 1 880
1668 4 881
413 3 881
4583 2 882
6180 3 883
7777 5 883
9391 3 886
6970 5 886
6978 5 887
3524 5 887
4899 2 888
3957 5 889
1901 5 889
1846 2 890
3738 1 890
3028 5 891
9782 3 891
6118 3 892
1502 1 893
165 5 894
2 2 894
7545 3 895
7562 2 896
3254 2 896
1258 1 897
9494 5 898
9315 4 900
34 2 902
5114 4 902
915 5 906
1875 4 907
1272 5 907
9263 2 908
1831 1 908
845 4 909
8222 1 909
3771 2 911
7819 3 913
3224 1 914
2828 3 914
9667 1 915
6553 5 915
4977 3 916
3177 2 917
440 4 918
6221 5 919
7576 5 919
1808 1 920
5976 1 922
8498 2 926
4061 3 926
790 4 927
1791 1 929
3304 4 931
9618 2 931
1399 4 932
888 4 933
772 4 934
7143 1 934
2341 3 935
4574 3 935
5843 3 936
5449 3 936
2599 3 937
2451 3 939
2533 1 939
1631 5 940
785 5 940
4678 3 941
151 1 941
7971 3 942
4472 5 943
4443 5 947
629 3 948
748 5 950
3294 3 953
3601 3 954
6766 1 955
9322 5 955
1931 1 956
8621 1 956
3603 2 957
6353 3 957
4882 3 958
5750 2 958
1125 2 959
5853 3 960
1912 3 960
5244 4 961
7002 2 961
2911 5 962
849 5 963
2719 4 964
6136 5 965
4783 1 965
7707 3 966
9078 2 967
3855 5 968
7594 3 968
5671 1 970
8592 1 971
6872 1 971
9505 2 972
9755 1 972
1077 3 974
5337 1 974
5541 3 976
4935 2 976
4470 2 978
5943 3 978
8734 4 979
3094 2 981
1331 5 981
8581 3 982
5284 3 983
1434 4 983
8642 5 984
7382 1 984
3858 4 985
3411 5 986
7951 3 988
6389 1 989
7238 3 989
4746 4 990
4928 4 990
7603 5 991
4 4 994
5477 3 995
4864 4 995
5499 2 996
90 5 996
5710 4 997
7776 5 998
6259 5 1001
1321 5 1002
5783 3 1002
625 4 1003
1083 5 1003
3095 4 1005
6941 2 1006
5401 1 1007
8924 4 1007
2743 5 1009
8405 1 1010
3505 1 1010
1718 2 1011
4441 2 1011
9986 3 1014
4833 4 1016
8269 3 1016
7806 3 1018
6372 3 1018
8466 2 1020
4761 2 1020
4240 2 1022
5888 4 1022
5053 5 1023
3088 1 1023
2577 1 1025
8733 5 1025
6100 1 1026
5939 1 1027
9210 4 1030
5394 3 1031
5910 3 1031
391 5 1032
7549 3 1032
7372 1 1033
9679 3 1033
2897 2 1034
8217 3 1036
1487 3 1036
6295 4 1037
7823 4 1037
1240 4 1038
8704 3 1038
1982 1 1039
1745 3 1040
2895 1 1041
8473 4 1041
3325 2 1042
4187 2 1043
9967 4 1044
9306 3 1046
1498 3 1047
8509 2 1047
6982 5 1049
2974 3 1049
9987 5 1050
5707 3 1051
7696 3 1052
7006 4 1053
6185 1 1053
7906 4 1054
2022 1 1054
1434 5 1055
7192 3 1055
2865 5 1056
6456 3 1056
1975 3 1057
3594 4 1058
8972 1 1059
9953 4 1059
3881 4 1060
8438 2 1060
245 5 1061
5338 1 1061
9405 1 1062
7974 5 1062
3935 2 1063
3437 5 1064
4140 5 1064
6004 2 1065
5781 5 1067
3049 3 1067
8199 3 1068
6881 4 1068
5173 3 1071
9397 5 1073
1348 2 1073
2363 2 1074
895 4 1074
1871 4 1076
1652 4 1076
5565 4 1077
3625 3 1078
1582 3 1082
8451 4 1082
9213 3 1083
9217 3 1083
5323 2 1084
9043 4 1085
6301 1 1085
5582 3 1086
5905 3 1088
1909 1 1089
8194 4 1092
4084 1 1093
9116 3 1093
3668 2 1094
4993 1 1094
1880 5 1095
8550 5 1097
4794 3 1098
3502 5 1099
5 3 1099
7354 4 1101
5955 4 1102
5579 2 1102
2365 3 1103
8554 3 1103
4370 5 1104
650 1 1104
806 3 1106
8801 2 1108
4758 4 1108
1645 2 1109
9447 5 1109
711 1 1110
2419 2 1112
6010 5 1112
7796 1 1113
7355 3 1113
3134 2 1115
3486 4 1115
3527 1 1116
75 5 1116
728 5 1118
4780 3 1120
3700 3 1122
6157 4 1122
6851 3 1123
5013 4 1123
5481 5 1124
1486 3 1124
7080 1 1126
8489 1 1129
3334 1 1130
2713 3 1130
630 3 1131
6837 5 1132
6298 5 1135
8915 1 1136
2155 3 1137
7103 2 1137
2127 2 1139
916 5 1144
6523 1 1144
5605 3 1145
260 2 1146
1520 1 1147
7447 5 1147
3344 1 1148
2617 5 1151
9878 5 1152
2733 2 1152
4182 5 1153
862 4 1154
8796 2 1155
2092 3 1155
6405 1 1156
2050 3 1157
8079 5 1159
8978 2 1159
3930 5 1160
4881 5 1160
9161 2 1161
1710 2 1162
519 5 1163
8815 3 1164
463 5 1165
7366 3 1166
7208 1 1166
5896 1 1168
3995 2 1168
7307 3 1169
4407 2 1170
9952 1 1171
9986 3 1173
2563 1 1173
4240 2 1174
3668 2 1178
9439 1 1180
2363 5 1181
1698 5 1181
4667 4 1182
6263 4 1182
7598 1 1183
439 1 1183
7335 3 1184
1315 5 1184
7290 3 1186
6832 1 1187
882 4 1188
9915 4 1189
8126 4 1189
8357 2 1190
6143 2 1192
113 5 1193
4063 1 1196
4946 3 1196
1019 2 1198
394 3 1199
6048 2 1202
1366 5 1202
4783 3 1203
766 3 1204
1939 3 1204
6707 5 1205
8479 2 1205
7404 3 1206
3631 4 1206
9330 2 1207
1634 3 1207
7723 3 1208
397 3 1208
5869 4 1209
9826 3 1211
8239 5 1211
9256 5 1212
3352 4 1212
6378 1 1214
6406 1 1216
2092 2 1217
2767 5 1218
5946 2 1219
3361 5 1219
171 5 1223
5539 2 1223
2378 1 1224
9271 2 1225
71 2 1226
3735 3 1226
9061 4 1227
8410 3 1228
4425 5 1228
7950 3 1229
5064 4 1230
5452 3 1231
2402 5 1231
8164 4 1233
438 5 1233
6095 4 1234
7673 3 1235
9469 1 1235
416 1 1236
5882 5 1236
9397 2 1238
9415 5 1241
9241 5 1241
580 5 1242
3660 1 1243
122 3 1243
4191 5 1244
6468 2 1244
397 5 1245
7659 3 1245
3991 3 1246
2092 1 1246
6885 3 1247
2126 2 1247
3794 3 1248
5038 1 1248
5352 2 1249
4403 4 1249
7296 1 1251
7810 4 1253
1754 3 1254
4883 2 1254
6052 4 1257
396 5 1257
2754 4 1258
8681 5 1259
2884 2 1261
6248 5 1261
9384 3 1263
8930 1 1264
7044 5 1267
6958 5 1267
8581 3 1270
2433 3 1271
4903 4 1271
3836 5 1272
1801 1 1272
1515 2 1273
7328 5 1273
6649 4 1277
9766 3 1277
1823 4 1278
6385 1 1279
4224 4 1279
3864 1 1281
3216 1 1282
3126 2 1283
7058 1 1283
6554 2 1284
3182 3 1286
1605 1 1286
9437 3 1287
6815 2 1287
5721 3 1288
8186 5 1289
6945 5 1289
1994 3 1290
7169 3 1291
5945 1 1291
8843 1 1296
9886 3 1297
826 1 1297
485 2 1298
1554 3 1300
6594 1 1300
3090 2 1301
7469 3 1301
4574 4 1302
3871 1 1304
1782 4 1304
5414 3 1306
2132 4 1306
4295 3 1307
3627 1 1311
5985 3 1312
1044 5 1312
481 1 1314
4003 1 1314
583 4 1315
7300 5 1316
8222 1 1317
7377 1 1317
5919 3 1318
4020 4 1319
3892 2 1321
9678 2 1322
5497 5 1322
1224 3 1323
3425 3 1323
2194 4 1324
682 1 1327
8043 3 1331
2226 2 1332
191 1 1332
9109 1 1333
6090 4 1337
7396 5 1338
122 4 1339
879 5 1340
7803 5 1340
9766 1 1341
8126 3 1341
4621 4 1343
6284 5 1343
4262 3 1344
8044 5 1345
3087 2 1345
6642 5 1346
2622 2 1346
2757 4 1347
1120 4 1347
407 3 1348
9754 5 1348
458 3 1350
2057 4 1352
1944 5 1353
8204 1 1353
9251 5 1354
5000 1 1355
1116 2 1356
6412 5 1356
3056 5 1357
8635 2 1357
6030 5 1358
8014 2 1359
7015 4 1360
2694 1 1360
4021 4 1361
5239 5 1362
3905 3 1363
9287 1 1363
6060 1 1365
456 3 1366
1659 4 1366
8077 1 1367
1996 5 1367
6359 2 1368
2286 4 1369
589 4 1369
9692 2 1373
7196 5 1374
6795 1 1375
8112 1 1375
7464 5 1376
5057 5 1376
6538 3 1377
3559 1 1378
1532 1 1379
5708 3 1379
8144 5 1381
7015 2 1381
6079 5 1382
2217 4 1383
51 5 1383
8795 2 1385
5901 2 1386
5829 1 1386
6080 5 1387
8303 2 1389
4441 5 1390
8655 2 1390
8513 4 1391
2069 1 1391
6823 5 1392
6009 4 1393
7999 1 1397
9457 4 1399
2443 3 1399
2397 4 1401
7300 3 1401
5644 1 1402
6762 5 1404
1643 3 1404
5706 5 1405
1695 5 1405
5908 1 1407
8463 5 1408
4654 4 1408
4170 5 1409
45 3 1410
6362 1 1411
7972 1 1413
2590 2 1415
8920 2 1416
2274 2 1417
9123 5 1417
2348 1 1418
1845 3 1418
5008 2 1419
8133 4 1419
4813 1 1420
5127 2 1420
1110 3 1422
2083 4 1423
3085 1 1425
8616 5 1425
7216 1 1427
1064 1 1428
2127 5 1429
5140 2 1429
2228 5 1430
7936 3 1433
3222 4 1434
4748 3 1434
1293 1 1435
9075 2 1437
5144 4 1438
9112 4 1439
5529 4 1439
6471 2 1440
7714 1 1440
9707 1 1443
1208 2 1444
1881 1 1445
537 2 1445
5743 3 1446
7454 4 1448
1715 5 1449
2517 1 1450
1232 5 1453
1587 5 1453
6545 3 1454
9790 4 1455
9853 5 1455
5610 2 1457
639 3 1457
3166 4 1458
6275 4 1459
1986 4 1462
3230 1 1462
6629 4 1464
6995 1 1465
2903 4 1466
4161 3 1466
7264 1 1468
2834 2 1469
5345 4 1470
1761 3 1470
607 2 1471
643 5 1471
5456 3 1473
2503 3 1473
4733 3 1474
105 5 1474
1302 4 1476
4918 4 1477
6515 3 1479
818 1 1481
5379 2 1482
7439 5 1482
9091 4 1484
9023 5 1485
2182 3 1485
2828 2 1487
8820 1 1487
9555 4 1488
8584 5 1491
6429 1 1492
7864 4 1493
6414 3 1494
4866 3 1494
1657 5 1495
2246 3 1498
8059 5 1498
6397 2 1499
8091 4 1503
3556 4 1503
9993 4 1504
9414 5 1508
2155 5 1508
2228 1 1509
6450 4 1509
7642 1 1510
5262 4 1511
299 1 1512
9145 1 1515
1937 3 1516
9118 4 1516
369 3 1517
7229 3 1518
6435 5 1520
7970 3 1520
9282 5 1521
8596 4 1521
1943 1 1522
8484 4 1522
659 3 1523
5230 5 1525
2254 1 1525
3613 1 1526
8998 1 1526
7009 3 1527
1943 5 1527
2912 2 1531
1804 5 1531
7822 4 1532
2373 4 1535
5312 5 1535
4177 1 1536
6748 1 1538
9371 5 1538
2306 1 1539
6031 2 1540
2117 1 1541
5410 3 1543
4131 3 1543
2433 3 1550
7606 3 1551
4923 4 1553
590 4 1553
4803 5 1554
4545 1 1554
7876 4 1556
2789 5 1557
6417 4 1558
7065 3 1559
7611 2 1560
9700 5 1561
428 1 1562
9492 1 1562
4792 2 1563
1526 5 1563
7993 2 1564
5078 5 1564
5448 4 1566
8696 2 1567
6111 5 1567
32 3 1569
7869 4 1569
8228 3 1570
4218 1 1570
2895 3 1571
1915 2 1571
4743 5 1572
2062 3 1573
2051 5 1573
7882 3 1576
6550 1 1578
1000 2 1578
3261 5 1580
1961 3 1582
245 3 1587
723 4 1588
1954 3 1588
101 4 1589
8344 1 1589
6815 3 1591
6003 3 1592
7489 1 1592
9488 4 1593
9080 2 1594
5276 5 1596
5730 5 1598
9457 1 1598
410 2 1599
7535 2 1599
7284 1 1600
751 3 1601
2709 5 1603
2816 3 1603
8808 2 1604
978 2 1604
8016 2 1606
5049 4 1606
7784 1 1608
2541 3 1608
5068 5 1610
3306 4 1610
6754 5 1612
1437 5 1613
3502 3 1614
6757 4 1615
1893 3 1615
8744 5 1616
2558 4 1617
654 2 1618
551 5 1623
7917 1 1624
4734 4 1624
4782 2 1627
884 1 1627
7503 1 1628
151 4 1628
6444 3 1629
4077 4 1629
5045 4 1632
5336 3 1632
2081 1 1633
9068 4 1633
2595 3 1634
2961 2 1634
9434 4 1635
6971 3 1635
7895 4 1637
1539 3 1638
8742 1 1640
6750 4 1640
595 5 1643
596 1 1644
892 2 1645
1364 5 1647
1928 5 1649
277 3 1649
6821 3 1650
8553 3 1651
2167 1 1652
9352 5 1652
5188 3 1653
8592 4 1653
2923 4 1654
5905 4 1654
5446 4 1655
115 1 1656
4045 3 1657
1651 2 1657
1516 4 1658
7934 2 1658
6191 5 1659
2996 2 1659
3676 3 1661
1194 2 1661
4699 3 1662
4374 1 1662
5331 3 1663
8541 4 1663
1854 4 1664
9020 3 1664
6427 3 1665
6868 1 1665
1918 5 1666
2459 3 1667
217 3 1667
6213 4 1669
9172 2 1670
762 3 1670
4968 1 1671
1960 2 1671
7193 1 1673
450 4 1673
7354 1 1676
6809 4 1676
6604 1 1677
1023 1 1677
8170 3 1678
3772 1 1678
7438 1 1680
5109 4 1680
9811 3 1682
8619 1 1682
7532 5 1683
9273 2 1684
5268 3 1684
5324 2 1686
2999 4 1686
1860 1 1687
5024 5 1687
7839 1 1689
7160 4 1689
9120 3 1690
2490 3 1690
5473 1 1692
9230 1 1692
2328 5 1693
1125 2 1694
3329 1 1694
6334 3 1695
7526 3 1696
9338 5 1699
1023 4 1700
2757 2 1700
7990 3 1702
5573 5 1703
3094 1 1703
1861 2 1704
1737 1 1704
1591 3 1705
4133 1 1706
5247 2 1711
7293 4 1712
4172 5 1712
9605 4 1713
882 5 1713
5931 2 1715
6383 2 1716
9026 2 1716
10 2 1718
6046 4 1720
7745 2 1720
6424 3 1721
4620 1 1721
7714 1 1722
1347 4 1722
5772 1 1725
702 3 1727
6841 3 1727
8594 4 1728
9618 4 1728
9488 3 1729
8715 1 1730
6164 4 1730
6858 1 1732
2555 5 1732
2370 4 1733
8280 5 1733
6180 2 1734
5605 5 1735
130 4 1735
804 3 1736
6137 3 1736
6457 3 1738
3511 1 1738
7448 1 1739
5256 1 1740
4387 1 1740
3620 2 1741
4502 5 1741
7533 3 1742
2480 4 1742
6280 5 1743
7739 4 1743
8166 4 1746
9723 3 1747
7485 2 1748
5899 2 1749
6350 3 1751
5157 4 1753
4617 3 1754
4751 4 1754
9629 1 1756
3815 2 1760
3516 1 1762
5712 2 1763
7584 2 1763
5484 2 1765
5400 1 1768
1926 5 1769
7465 4 1769
4882 2 1771
3984 5 1772
4027 1 1772
207 4 1773
2762 2 1774
4778 2 1774
9543 3 1776
2839 4 1776
278 5 1779
970 4 1779
8363 2 1780
7501 1 1781
314 1 1781
8375 2 1783
5590 5 1783
2611 3 1784
1531 4 1784
2244 1 1786
8978 1 1788
6662 4 1788
1473 5 1789
3536 3 1790
8661 1 1790
9777 1 1791
3312 3 1792
5348 1 1792
8177 3 1793
8687 4 1795
5990 3 1795
6550 4 1796
8227 3 1797
295 5 1798
3539 2 1801
6549 5 1801
2546 1 1802
8693 5 1803
9656 2 1804
3130 5 1804
2746 1 1805
286 3 1805
5838 2 1806
8437 4 1806
1739 2 1807
9115 1 1808
1817 2 1808
8750 2 1809
7703 2 1810
9020 5 1810
4228 3 1811
6226 3 1811
490 2 1812
6030 4 1812
4584 3 1813
8389 1 1813
7427 3 1817
8905 2 1817
8417 5 1822
2008 5 1822
3447 2 1824
9207 3 1824
2728 3 1825
5280 1 1825
1680 5 1827
4574 1 1828
1917 3 1829
8134 3 1829
2603 2 1830
7839 5 1831
518 4 1831
9383 1 1832
502 2 1832
6543 1 1836
2936 5 1836
8917 3 1839
5864 4 1840
2248 4 1840
2440 2 1841
745 5 1841
3046 3 1843
5948 3 1843
2173 1 1844
8015 1 1844
933 5 1847
7430 5 1848
7849 1 1849
1781 3 1850
5895 5 1851
966 3 1851
3657 5 1852
6585 4 1854
7350 2 1854
9611 3 1855
5328 1 1857
7600 1 1857
6999 1 1858
1600 4 1858
396 5 1862
9701 1 1864
3840 2 1864
7180 1 1867
442 2 1870
9092 3 1871
9324 4 1871
6392 2 1873
4749 5 1873
7858 4 1874
6320 1 1875
7460 4 1877
7388 3 1878
1051 5 1878
430 3 1880
4598 5 1880
1509 4 1882
4422 3 1883
3091 1 1883
1849 4 1884
3692 5 1885
527 2 1885
9149 5 1886
3825 4 1887
2564 4 1887
5619 1 1889
9027 3 1890
5976 4 1893
4372 3 1895
5482 2 1895
303 2 1896
8886 2 1896
9534 5 1897
5385 2 1897
8186 3 1898
7243 1 1899
8528 2 1899
9957 3 1900
7547 1 1901
3072 1 1902
4857 4 1902
2796 2 1903
9926 2 1903
36 4 1904
2158 1 1904
5754 3 1905
9427 4 1906
9433 2 1906
9114 1 1907
9755 1 1908
1573 5 1911
9267 5 1911
6206 5 1912
1516 2 1912
9824 5 1913
7911 4 1913
5008 4 1914
4536 1 1914
6016 3 1915
1723 1 1917
9858 2 1917
9974 3 1918
1684 4 1918
8081 2 1920
47 2 1920
2320 1 1921
3190 1 1922
8500 4 1922
3722 1 1923
2180 2 1923
3763 3 1924
5024 5 1925
2043 5 1925
1332 5 1926
1041 1 1929
4839 1 1929
6209 1 1931
3739 2 1931
7125 2 1933
6187 3 1934
8964 3 1935
9004 2 1936
1453 5 1936
2034 2 1940
9512 4 1942
8091 2 1942
7066 5 1945
9300 1 1946
9725 5 1946
9868 1 1947
9834 3 1947
1463 5 1948
3077 3 1948
4159 4 1950
2617 3 1950
9529 5 1951
3096 3 1951
3534 5 1952
4686 5 1954
7211 1 1954
1590 1 1955
8114 3 1955
236 4 1958
7066 5 1958
3403 5 1959
8599 3 1961
1476 3 1961
4744 5 1962
6199 4 1963
6114 2 1964
6526 5 1964
6616 1 1965
8463 3 1966
2361 4 1966
3612 1 1967
4556 2 1968
2678 5 1969
6693 5 1969
4024 4 1970
5664 4 1970
8564 3 1972
5334 4 1972
8038 1 1973
2775 5 1973
8570 4 1974
9132 3 1974
3092 3 1975
2786 2 1976
906 3 1980
8679 4 1982
7699 1 1983
2509 4 1983
5972 1 1984
5855 3 1986
485 5 1989
9260 2 1989
6516 5 1990
4321 4 1991
7479 2 1991
3219 2 1993
1297 2 1996
9875 1 1996
8570 3 1997
4148 3 1998
1453 2 1999
7151 5 1999
4263 4 2000
2379 2 2000
2355 2 2001
2522 2 2002
7186 2 2002
5134 4 2004
8911 3 2004
1121 2 2007
388 4 2008
6606 4 2008
6970 1 2009
9785 5 2010
2235 1 2011
5494 4 2012
7400 3 2012
4384 4 2013
317 3 2013
5801 4 2014
5885 2 2014
4999 1 2015
9529 5 2016
1279 1 2017
477 4 2018
6752 2 2018
8237 3 2021
7273 3 2022
4274 5 2025
6980 3 2026
8634 2 2026
4126 1 2027
9023 3 2028
5139 3 2028
4843 1 2029
8547 3 2030
6683 3 2034
2525 5 2035
8804 2 2036
9332 3 2038
6970 1 2038
1718 4 2039
676 2 2039
7123 1 2041
4606 1 2041
2143 1 2043
6913 2 2045
3752 3 2046
7902 2 2046
9805 2 2047
2176 1 2047
613 2 2048
1165 4 2048
1342 3 2050
9337 2 2050
3763 4 2051
1519 3 2051
5492 4 2054
1116 2 2054
2085 4 2056
9622 1 2056
3195 2 2057
6131 5 2059
5864 3 2059
7483 4 2060
6063 3 2061
5618 3 2062
400 1 2062
4322 4 2064
1047 3 2064
3307 2 2066
9053 4 2066
6236 2 2067
8381 3 2068
2 1 2068
3471 2 2069
6421 5 2069
2095 4 2070
5145 1 2070
7214 5 2071
1702 5 2072
523 1 2072
1398 3 2073
4597 1 2073
4675 4 2074
5697 2 2074
5879 4 2075
6748 2 2075
6945 2 2076
7659 1 2077
3335 3 2078
4541 3 2079
5814 5 2081
5868 1 2081
6239 2 2083
8724 4 2083
3826 2 2086
3711 2 2088
5150 2 2088
4459 1 2090
2575 4 2090
7576 3 2091
9582 1 2091
3616 4 2093
5534 1 2095
4877 4 2096
4608 1 2096
1078 4 2097
6512 1 2097
7804 4 2098
7513 4 2099
2379 3 2099
7054 2 2102
1914 1 2103
1807 4 2103
1058 1 2104
660 3 2104
3955 5 2105
9303 2 2105
6993 4 2106
4118 5 2107
5492 2 2108
3163 3 2109
3157 2 2109
2982 5 2110
6061 2 2110
3446 4 2111
5304 2 2111
2481 4 2113
5370 1 2114
7302 4 2115
5016 4 2115
6941 1 2117
5393 5 2117
5736 1 2118
686 1 2118
5012 4 2120
57 3 2120
8600 3 2121
4093 2 2122
8726 2 2122
868 5 2124
3660 1 2124
1490 2 2125
264 2 2126
2920 4 2127
4810 4 2127
1820 5 2128
9831 4 2129
44 3 2129
5053 2 2130
2631 2 2130
1999 1 2131
9395 2 2131
7074 5 2132
448 3 2133
9723 1 2133
8781 1 2134
7973 5 2137
4742 1 2139
3868 3 2143
4304 4 2143
9694 4 2144
7846 2 2145
8598 4 2145
2927 5 2147
1708 5 2147
6284 4 2149
9261 5 2149
8701 4 2150
4188 5 2151
765 5 2151
8833 1 2152
5532 3 2152
2921 2 2153
3239 4 2154
7698 3 2155
4414 4 2156
4459 4 2157
2920 5 2158
2338 3 2159
9691 3 2159
457 4 2160
9722 1 2161
109 2 2161
728 3 2164
5536 1 2164
9800 2 2165
7779 3 2166
9739 4 2168
4079 3 2168
7457 1 2169
7902 1 2170
3271 5 2170
7110 3 2171
1057 4 2172
8315 2 2173
5252 1 2175
1565 1 2175
168 5 2176
9975 3 2176
3866 3 2177
9985 2 2177
3099 2 2178
1560 1 2178
954 1 2180
7034 1 2181
50 1 2182
5095 5 2183
1133 4 2183
5139 1 2184
6707 1 2185
8422 4 2187
3924 4 2187
4920 4 2188
8028 1 2189
8423 2 2193
9712 3 2193
6509 4 2194
41 1 2195
8559 4 2195
677 4 2196
4461 5 2197
4705 4 2198
5397 4 2198
2668 5 2199
4609 3 2201
3646 3 2204
5125 2 2205
6448 2 2206
1413 1 2206
5873 4 2207
201 4 2208
162 3 2209
4568 1 2210
9444 1 2213
5912 3 2214
2676 5 2214
5224 3 2216
9221 4 2216
9575 4 2217
5474 5 2220
311 5 2220
3637 1 2222
4127 2 2222
9443 1 2223
3306 1 2223
1917 5 2224
2770 4 2225
6497 4 2225
6379 5 2226
1465 2 2226
3178 4 2227
8549 3 2229
2706 5 2235
4000 2 2235
8384 5 2236
3492 3 2236
6043 1 2237
4090 1 2237
3878 2 2239
6355 5 2240
9556 3 2243
9776 2 2243
5288 4 2245
7494 2 2245
9291 2 2246
9271 1 2246
4363 2 2247
8844 2 2247
2531 4 2248
686 3 2249
4855 5 2251
4204 5 2251
6435 5 2252
6006 5 2253
1521 4 2253
1764 3 2254
9059 5 2255
3058 1 2256
8816 1 2260
1771 1 2260
8481 2 2261
9321 2 2261
3529 5 2264
4892 4 2264
6041 3 2267
1385 2 2267
2489 5 2268
8585 1 2268
8477 1 2269
3172 3 2269
2568 5 2270
4895 5 2270
4640 2 2271
5304 1 2271
8187 1 2273
7205 3 2273
3314 5 2274
1035 3 2275
122 1 2276
5643 3 2282
9497 4 2283
1969 3 2284
1669 4 2285
496 5 2286
1022 5 2287
4004 5 2288
8462 5 2289
1021 5 2289
3722 1 2290
5630 3 2290
2323 3 2292
6172 1 2295
2972 4 2296
5985 4 2296
9508 1 2297
8096 1 2297
162 3 2301
58 5 2302
3788 5 2304
6533 3 2306
5717 3 2306
4216 1 2307
9675 2 2307
3841 3 2308
6871 5 2308
5648 3 2309
4348 3 2311
2008 2 2312
1850 5 2312
7940 5 2313
9227 2 2314
2189 4 2314
8686 3 2316
4147 1 2317
2191 3 2317
6201 2 2318
4814 2 2321
9526 3 2321
3799 3 2322
6650 1 2324
9863 3 2325
2080 4 2326
223 4 2326
9305 5 2327
2407 2 2328
9050 1 2329
9297 3 2330
9082 2 2330
6275 2 2331
1294 1 2331
6789 5 2332
8158 5 2337
2307 4 2338
9427 5 2338
7619 4 2339
212 1 2340
5411 4 2340
7088 1 2342
366 3 2346
9215 5 2346
6120 2 2348
3441 2 2348
3468 1 2350
7517 1 2350
2192 2 2351
1169 2 2352
2671 2 2352
6896 2 2354
1876 4 2355
2695 1 2356
2103 3 2356
2238 2 2357
2603 3 2358
9668 3 2359
7930 4 2359
9112 1 2360
6303 5 2360
7480 2 2361
7822 1 2361
8065 1 2362
482 5 2363
1987 1 2363
1908 1 2364
6006 3 2365
871 5 2365
4362 1 2367
2295 5 2367
6907 5 2368
6860 1 2369
2366 3 2370
2460 4 2372
7195 1 2374
9444 4 2375
6019 1 2376
9824 3 2377
4499 3 2378
2784 1 2379
4558 1 2379
6602 4 2380
9226 4 2381
9229 2 2381
5347 5 2383
2854 4 2383
6143 4 2384
4373 4 2384
3376 3 2386
4328 5 2386
5346 1 2387
7017 2 2387
2212 4 2389
7128 4 2389
982 5 2392
6782 4 2392
8255 1 2393
4318 3 2393
6323 1 2394
4369 4 2394
350 1 2395
1261 5 2395
1056 4 2398
7490 4 2399
5403 2 2399
7664 5 2402
5685 1 2403
9663 1 2404
2131 4 2405
4617 4 2407
2105 3 2407
8132 2 2408
929 1 2409
4787 5 2410
2706 4 2411
3748 4 2411
7054 2 2413
4645 1 2413
9904 5 2414
8858 4 2415
7678 3 2415
5322 5 2417
2293 5 2419
64 3 2420
4644 4 2421
1701 4 2422
8774 2 2422
1003 2 2424
4704 5 2425
1269 5 2425
4172 2 2426
1027 5 2427
6233 5 2427
3385 5 2428
330 1 2429
9072 3 2429
1678 3 2430
1641 5 2430
4846 3 2431
398 3 2432
4247 5 2432
3121 2 2434
7423 2 2434
3398 1 2436
3869 3 2436
4204 4 2437
7930 5 2439
2793 1 2439
833 3 2440
861 5 2440
2828 5 2441
8905 3 2443
2882 2 2444
5335 5 2444
1932 1 2446
4965 2 2446
3921 2 2449
2951 3 2449
2374 4 2452
5642 3 2452
3135 4 2453
892 2 2453
5801 2 2454
4920 5 2455
6586 5 2456
2582 1 2456
8577 5 2457
8444 1 2457
7169 3 2458
3628 5 2461
9312 3 2461
2093 4 2463
2895 4 2464
9139 2 2465
9417 1 2465
3917 1 2466
7513 5 2470
7014 3 2470
693 3 2471
210 2 2471
4726 4 2472
5795 5 2472
8505 5 2473
8600 1 2475
366 4 2476
1765 4 2476
7977 3 2478
1859 3 2478
4929 4 2479
4639 3 2479
4848 5 2480
649 5 2483
3757 4 2484
5844 4 2485
5918 2 2486
1039 1 2487
6135 5 2491
5636 1 2494
5604 2 2494
3526 1 2495
3910 1 2495
3095 4 2497
6299 3 2497
8424 3 2498
9518 4 2499
981 4 2500
8947 5 2501
9802 4 2501
4606 4 2504
8178 2 2504
4588 2 2505
2937 2 2505
6209 5 2506
5132 3 2508
6860 2 2509
340 5 2510
7142 4 2511
4625 3 2513
3271 5 2514
8931 5 2514
3857 5 2515
9981 4 2516
7255 5 2517
342 5 2517
9459 3 2518
2477 5 2518
159 3 2520
1303 1 2520
4012 5 2521
1651 1 2521
5352 2 2524
881 5 2524
1047 5 2525
5706 5 2526
3100 1 2526
3977 3 2527
3815 5 2527
8353 5 2528
3053 2 2528
4453 5 2529
3165 3 2529
5102 1 2530
3275 1 2531
5318 4 2531
2578 1 2533
649 5 2533
7336 2 2536
2979 2 2537
4992 5 2538
293 1 2538
1432 4 2539
3174 4 2540
5018 5 2540
1894 4 2541
1178 2 2541
1359 5 2543
7756 2 2547
4724 1 2547
9303 1 2548
3938 1 2550
9134 5 2552
1486 5 2552
2507 3 2556
3561 2 2557
3920 4 2557
2965 5 2558
9945 1 2558
4993 4 2559
4252 2 2561
1774 1 2562
63 3 2567
3569 2 2567
7251 5 2568
8235 3 2568
5837 4 2569
5541 3 2570
8363 4 2571
9772 4 2571
4920 4 2573
2613 1 2576
5031 1 2576
5916 2 2577
2419 2 2577
5195 2 2578
3645 3 2578
8097 1 2579
9209 2 2579
7319 1 2582
3313 5 2582
1169 2 2584
6611 5 2585
6749 2 2586
834 5 2586
3205 2 2588
5446 4 2588
4906 1 2589
7497 1 2590
8009 1 2591
1534 4 2591
614 2 2592
7163 5 2592
9476 4 2594
8711 4 2596
4826 1 2599
130 1 2600
9841 4 2600
177 4 2601
4292 4 2602
9842 2 2602
3220 5 2604
1255 3 2604
2688 4 2605
9443 3 2605
2318 3 2607
8125 1 2607
3250 2 2608
3056 1 2609
8236 4 2609
4477 2 2610
7196 5 2610
6274 1 2612
8536 5 2613
5254 4 2613
8209 1 2614
1811 1 2616
2850 2 2616
8651 1 2617
9069 4 2617
2714 4 2618
3433 2 2618
9544 4 2619
9706 3 2619
3651 3 2620
4755 1 2620
3551 1 2624
2231 2 2624
2596 3 2625
9865 4 2625
3049 3 2629
8580 4 2630
9489 3 2633
7428 1 2634
2220 1 2635
6472 2 2636
1671 3 2636
3818 4 2637
8526 1 2638
3169 2 2640
2002 5 2640
3143 2 2641
9848 5 2642
1061 2 2644
7646 3 2645
9508 3 2645
2019 3 2646
9239 4 2646
8806 3 2647
9524 5 2650
2173 5 2652
6649 5 2652
3413 5 2655
5434 3 2657
647 5 2658
1520 3 2658
5025 2 2663
6230 3 2664
5010 1 2666
3223 1 2668
5024 1 2668
4220 2 2670
6623 1 2670
901 5 2671
784 5 2672
926 3 2673
5778 4 2673
3877 2 2674
8649 2 2674
1091 1 2675
5153 5 2675
895 1 2677
2268 1 2677
506 1 2678
2764 5 2678
8209 5 2680
1927 1 2683
2182 1 2683
8238 4 2684
9851 1 2685
4881 3 2685
1227 5 2686
1108 3 2687
2319 5 2687
7952 3 2688
9513 3 2688
2109 3 2692
8 3 2694
2881 1 2694
8344 1 2695
2202 3 2695
6647 4 2696
3105 4 2697
7115 3 2697
6748 3 2699
4168 1 2699
336 2 2700
104 2 2701
5708 2 2702
2421 3 2702
3414 5 2703
6151 3 2704
6712 3 2704
985 1 2705
8530 3 2705
2033 4 2706
8231 5 2706
1327 1 2707
2976 1 2707
7787 4 2708
2276 5 2709
9139 5 2710
1108 3 2710
5569 5 2711
1968 4 2711
3870 4 2712
9313 4 2713
5421 1 2713
3382 3 2714
6804 3 2714
6674 2 2715
9342 2 2715
7359 2 2716
6951 2 2717
2097 5 2718
1036 4 2718
2343 4 2719
5840 1 2719
2728 1 2720
8198 3 2721
9399 3 2722
4929 1 2724
9283 4 2724
9529 4 2725
1445 1 2725
5723 4 2726
3069 5 2727
1918 4 2727
2427 3 2728
2482 4 2728
1706 2 2734
7774 3 2735
5327 5 2735
6169 4 2736
515 4 2737
6167 3 2737
6116 2 2738
354 2 2739
2494 1 2740
3093 1 2740
3048 4 2741
1801 1 2741
8797 1 2743
4398 5 2745
8495 1 2745
8230 3 2746
6131 5 2747
3558 5 2749
3895 2 2749
5737 5 2750
1745 1 2750
5008 1 2751
9823 5 2753
2416 4 2753
2319 2 2755
9742 3 2755
4582 4 2756
5305 3 2756
9511 1 2757
2987 1 2757
5887 2 2759
4577 4 2759
9358 2 2760
1519 4 2761
4784 3 2763
6833 2 2763
25 2 2764
1832 5 2765
3583 4 2766
2427 1 2766
404 5 2767
6349 2 2769
8265 4 2769
8877 4 2771
2931 2 2771
3948 2 2772
1689 3 2772
8404 3 2773
1532 4 2773
5039 1 2775
7165 3 2776
1100 5 2776
9220 3 2777
6108 5 2777
790 2 2778
6806 5 2779
8903 3 2779
2407 3 2780
5722 4 2782
4006 2 2783
2196 4 2784
1837 3 2786
3847 5 2786
5132 2 2788
5250 3 2790
7631 2 2791
1477 3 2792
8503 5 2795
3168 4 2796
9947 4 2796
9516 2 2798
6956 3 2800
5128 1 2801
6377 4 2801
1904 2 2802
6129 3 2803
8465 1 2804
3073 5 2804
9628 5 2807
903 5 2807
1434 3 2808
8227 5 2809
4820 1 2809
5706 4 2810
5591 1 2812
136 4 2812
8278 4 2818
1809 1 2818
7740 1 2821
7696 3 2824
5573 3 2825
5559 5 2826
3561 1 2829
1208 4 2829
2488 3 2833
5719 5 2833
1715 1 2834
1312 3 2834
8384 5 2835
9785 5 2835
1225 1 2836
2574 4 2836
7098 2 2837
9505 2 2838
261 5 2840
5185 5 2841
6270 1 2842
8976 5 2842
6882 4 2843
6350 4 2843
8649 3 2844
9265 4 2844
2953 2 2845
6643 5 2848
9736 5 2848
4010 1 2850
7763 4 2851
2441 5 2851
2324 5 2853
7237 4 2853
3989 2 2855
5818 1 2856
1180 5 2856
7845 1 2857
7499 4 2857
1258 2 2858
3965 4 2858
3591 4 2859
8404 3 2859
4319 4 2860
2729 2 2862
7327 3 2862
4964 4 2865
8034 1 2865
4396 2 2867
1728 2 2867
7068 3 2868
8067 3 2868
8586 5 2869
9172 4 2869
7268 5 2870
2800 4 2870
5157 5 2872
4461 1 2875
5756 4 2876
7514 4 2877
8916 1 2878
6919 5 2879
2633 1 2880
8175 4 2881
6221 4 2884
1881 4 2885
7560 1 2885
3600 5 2886
7139 4 2888
3563 3 2890
9847 3 2891
2969 1 2891
5625 3 2892
6232 2 2892
9346 4 2893
1308 4 2893
9458 2 2895
7079 3 2895
4922 5 2897
8246 3 2897
6030 4 2898
1860 5 2898
2378 5 2899
2703 5 2899
4990 2 2900
8340 4 2900
8448 4 2902
7038 2 2903
6839 3 2904
152 5 2905
9052 5 2906
6797 2 2907
8384 5 2908
1145 3 2909
1469 1 2912
6687 1 2912
6991 1 2916
7634 2 2917
9639 3 2919
9487 2 2919
9349 3 2921
1271 1 2921
1259 1 2922
779 3 2928
7390 4 2929
4041 5 2930
1626 3 2932
453 4 2935
502 3 2936
6145 2 2936
8719 3 2938
2800 4 2938
6768 2 2942
4470 4 2942
6756 3 2944
5878 2 2946
3641 5 2946
7537 3 2948
5358 1 2949
6601 3 2949
2270 5 2950
6357 4 2950
4081 1 2951
9849 4 2952
8576 3 2953
7342 3 2954
7280 1 2954
623 1 2956
4500 4 2957
4906 2 2958
3885 5 2958
6336 5 2959
3045 5 2961
1334 1 2961
6575 3 2962
1701 1 2963
9362 5 2963
8939 3 2964
1817 5 2964
204 5 2967
6771 3 2967
235 4 2969
4969 1 2969
7632 1 2970
157 3 2970
395 2 2972
6604 4 2974
7332 5 2974
986 4 2975
8384 3 2976
9620 5 2976
8337 4 2977
4270 1 2979
3621 4 2979
4980 3 2980
9564 2 2980
3922 5 2981
3502 3 2981
831 2 2982
4849 4 2982
6249 5 2983
3203 5 2987
5834 1 2988
9453 2 2990
6804 3 2990
7300 1 2991
5516 5 2997
3444 2 2997
7456 5 2998
110 1 3003
369 4 3003
3487 4 3004
4724 4 3005
9564 5 3006
6260 2 3006
2784 5 3008
3050 2 3008
1136 5 3009
489 4 3009
2124 2 3012
2328 3 3013
3852 4 3014
2272 2 3015
8698 5 3015
1726 1 3016
4514 5 3016
6924 5 3017
3203 4 3017
7336 3 3018
2906 1 3019
8818 1 3019
9098 2 3022
631 3 3023
4448 4 3025
3658 2 3025
5122 3 3026
4664 5 3028
1032 3 3029
6138 4 3030
6966 3 3031
4312 4 3031
2481 5 3033
4369 4 3033
240 5 3034
148 4 3034
7221 3 3035
1756 3 3035
6734 5 3036
4721 3 3036
7160 1 3039
6907 2 3040
5938 1 3041
3843 1 3043
5509 3 3045
946 5 3046
5733 3 3047
5362 3 3047
6469 1 3049
6230 3 3051
5822 5 3052
2707 3 3053
2499 2 3054
3499 5 3054
7020 5 3055
8498 1 3056
9365 3 3056
5954 5 3057
4624 3 3057
8707 1 3058
8777 5 3059
5814 5 3062
2234 2 3062
9088 5 3063
6944 5 3063
283 4 3064
3400 1 3064
5831 3 3065
9370 3 3065
1851 1 3066
9842 4 3066
3070 2 3067
6862 1 3073
98 5 3075
9210 4 3076
9408 3 3077
3628 5 3079
2768 1 3079
8626 4 3080
4924 3 3083
878 4 3083
3407 2 3086
8909 4 3087
744 1 3088
9834 4 3088
3295 4 3089
8602 3 3090
1055 2 3090
1786 5 3091
9911 4 3092
7171 1 3092
2354 2 3093
5652 3 3094
2752 4 3094
5225 5 3095
8692 4 3096
3657 5 3102
5197 2 3102
8379 3 3103
9738 2 3103
1572 1 3109
1565 1 3110
7038 5 3110
9777 5 3113
5210 1 3113
2135 2 3115
3849 1 3115
7915 3 3116
7459 4 3117
7773 4 3118
306 5 3118
2513 1 3120
3175 3 3123
2404 1 3124
167 2 3124
8332 5 3125
474 4 3127
8996 3 3127
1651 2 3129
1928 5 3129
1351 1 3130
1935 1 3131
4028 1 3132
6645 3 3132
2147 1 3134
9187 2 3134
1590 4 3135
9306 2 3135
3098 5 3136
6823 5 3136
287 2 3137
4783 4 3137
3875 3 3141
6515 3 3141
6794 2 3142
3866 5 3142
3200 1 3143
623 5 3143
7680 5 3146
1723 3 3147
5834 4 3147
6859 4 3148
3202 1 3148
6220 5 3149
986 5 3149
5601 1 3152
4118 4 3153
8102 4 3153
101 5 3154
5881 3 3154
236 2 3156
2994 2 3156
8835 4 3157
5756 3 3158
4592 5 3160
2098 2 3160
5179 1 3164
6611 4 3164
5215 3 3165
3173 1 3165
9732 5 3167
7564 2 3170
2559 4 3171
1250 3 3171
744 1 3172
8081 3 3172
3587 3 3173
9252 5 3175
8951 4 3175
9193 2 3177
4952 3 3177
9576 2 3179
4394 3 3179
1540 1 3181
4209 1 3182
3461 4 3182
7024 3 3183
7801 3 3183
9419 4 3185
6742 1 3186
7121 5 3187
8237 1 3188
2461 1 3188
1523 5 3189
5932 2 3189
9089 5 3190
5966 2 3190
8482 4 3191
7401 2 3191
3158 2 3192
6414 2 3192
455 5 3193
4415 1 3195
9371 4 3198
5156 3 3198
970 3 3200
8830 4 3200
2533 2 3201
6434 1 3202
7119 3 3202
5121 1 3203
5770 1 3203
1924 4 3206
8784 4 3207
8688 4 3207
1414 1 3208
6387 4 3208
2403 2 3213
3559 5 3213
8298 1 3214
6098 4 3215
395 1 3216
1700 1 3217
2324 3 3217
1110 3 3218
7720 5 3219
9621 4 3219
2962 2 3222
6797 1 3223
9052 2 3223
1343 1 3224
3416 5 3224
8872 4 3225
9476 2 3226
2832 5 3226
727 3 3227
7931 4 3229
7746 1 3230
8327 3 3233
959 3 3234
4672 5 3236
4973 4 3236
1996 2 3238
8320 1 3239
9983 2 3239
7371 5 3240
8596 1 3241
8848 3 3242
4766 2 3243
7639 5 3243
9015 1 3244
7013 5 3245
1725 5 3246
3096 1 3247
4277 3 3248
6311 5 3248
6273 5 3249
6190 1 3253
7849 2 3254
553 2 3256
5209 3 3256
8186 1 3257
1438 1 3258
1801 5 3258
5247 1 3259
7161 3 3260
2495 2 3261
1747 1 3261
9787 3 3262
8948 5 3266
6920 3 3268
9719 2 3269
6983 4 3270
8829 4 3270
9315 1 3272
6492 2 3272
5812 2 3273
9295 4 3274
9922 2 3275
7016 5 3278
3328 2 3278
9891 2 3279
5464 4 3279
5360 2 3280
5529 4 3280
3844 5 3281
3495 5 3281
450 2 3283
4004 5 3285
7098 3 3285
5480 4 3286
2509 5 3287
6519 2 3288
4542 5 3288
9344 1 3290
8025 2 3290
9988 3 3291
3370 3 3292
8830 5 3292
792 2 3293
7713 2 3293
7101 2 3294
7948 1 3294
8545 2 3295
1562 4 3296
6135 5 3297
3543 3 3297
3209 5 3299
8935 3 3299
1381 1 3300
2414 3 3301
7050 1 3301
1777 3 3303
1230 5 3304
6157 1 3309
2270 2 3310
3878 1 3312
8661 4 3312
371 4 3314
7091 1 3316
7570 2 3316
2702 2 3318
4443 5 3319
6181 4 3319
915 3 3320
8997 4 3321
7965 4 3321
7940 5 3322
5019 3 3322
6521 5 3323
8514 4 3323
2316 3 3324
5572 4 3324
2550 3 3327
6090 2 3327
8530 2 3329
4197 2 3329
5679 1 3331
7558 1 3333
1152 5 3333
4100 3 3334
8489 5 3334
2987 2 3335
3919 4 3337
5917 1 3337
7107 5 3338
4617 1 3339
2886 3 3339
3857 5 3340
4198 3 3344
4930 2 3345
8593 3 3346
428 2 3346
2566 1 3348
4502 5 3349
6318 4 3350
7950 4 3351
1363 3 3353
5227 2 3353
2226 1 3354
8275 2 3357
965 1 3358
3308 5 3358
8788 2 3359
2327 2 3359
5008 2 3362
365 3 3362
3595 5 3363
7217 5 3364
1301 1 3367
5187 4 3367
6138 2 3368
8246 2 3369
7724 5 3369
5715 5 3371
4503 1 3372
8357 5 3372
4772 3 3375
660 1 3375
6070 5 3377
574 4 3381
2523 5 3382
2971 3 3383
5696 1 3386
3618 5 3386
8215 1 3387
6029 2 3387
7145 4 3389
3621 5 3390
2888 4 3390
8708 1 3391
8042 5 3395
1252 4 3397
6719 3 3397
708 3 3398
2500 4 3398
588 4 3399
9901 5 3403
5102 5 3403
1139 1 3404
6461 3 3406
4078 3 3407
2568 4 3407
7464 1 3408
2597 5 3409
9206 4 3409
8092 4 3410
3536 4 3410
3182 2 3411
7734 2 3411
8429 1 3412
6359 3 3412
1896 3 3413
2035 4 3413
3921 3 3414
3888 5 3414
6400 2 3417
7136 3 3418
5839 3 3418
6148 1 3421
5648 5 3421
6958 2 3422
2126 5 3422
738 2 3424
1328 5 3424
3683 5 3426
4344 1 3427
9846 4 3428
7849 3 3428
7625 2 3429
7521 4 3429
1807 2 3432
8643 5 3433
3539 1 3435
7294 4 3435
9214 5 3436
8313 5 3440
8463 3 3441
9348 2 3441
1975 4 3442
5282 5 3442
6156 4 3443
8320 1 3446
5185 1 3447
5356 4 3447
4400 4 3448
112 3 3448
3718 4 3450
9450 5 3450
4221 5 3451
9160 4 3452
1564 3 3452
5248 1 3453
7879 2 3454
6806 5 3455
9422 4 3455
4126 4 3459
8417 2 3462
1381 2 3462
2912 4 3463
2370 3 3464
7172 2 3464
1806 5 3465
4917 2 3466
7251 2 3469
9764 4 3469
6297 5 3470
4129 1 3470
8678 2 3472
8817 1 3473
7389 5 3474
2307 5 3474
5628 1 3475
7687 5 3476
7570 2 3476
1990 4 3478
5670 2 3478
6247 1 3479
3200 4 3480
8904 5 3483
2579 4 3483
5153 5 3485
8940 5 3486
8345 2 3487
842 1 3487
7397 5 3488
747 3 3489
2456 2 3489
2258 1 3491
5316 4 3491
3252 4 3492
2296 3 3493
2868 5 3493
591 5 3495
3913 1 3495
4694 3 3497
7202 1 3497
7760 1 3498
3305 4 3498
7674 1 3499
3793 2 3503
3768 3 3504
9042 1 3505
5143 1 3507
4634 1 3508
2389 3 3511
3925 1 3514
6211 5 3515
5161 5 3516
1650 5 3516
3131 4 3517
486 1 3517
5980 4 3518
5123 5 3518
1864 5 3519
7621 3 3522
1931 5 3522
1442 4 3523
6928 4 3523
4338 4 3524
2646 3 3524
662 5 3530
1902 5 3530
1878 5 3531
1012 4 3531
9882 2 3533
2095 2 3534
9004 1 3534
4895 4 3535
9187 4 3535
3471 2 3536
2743 2 3536
7078 3 3537
6247 4 3537
4485 1 3538
4878 2 3538
1463 2 3539
9576 4 3539
1528 3 3540
1571 2 3540
6236 4 3541
7242 1 3542
8044 5 3542
6348 4 3544
1350 5 3546
456 3 3546
3680 5 3548
4492 1 3548
5414 5 3551
2901 2 3552
7106 4 3552
8972 2 3554
4301 1 3556
885 5 3556
1076 1 3557
1771 4 3558
8532 1 3562
2992 2 3562
2922 4 3563
7378 2 3564
1253 4 3565
9073 2 3566
8729 3 3566
8279 5 3567
709 4 3570
7884 3 3573
9067 3 3575
7477 3 3575
2524 1 3576
9442 1 3577
8533 1 3578
2992 1 3580
7303 5 3582
5955 3 3582
6071 1 3585
1132 1 3585
4996 3 3589
2832 1 3590
5033 3 3590
6801 4 3591
1708 4 3591
8732 5 3594
2797 5 3594
9093 1 3596
1376 1 3597
9750 1 3597
362 4 3598
6389 2 3599
5854 5 3599
1539 1 3601
5813 1 3601
4510 1 3602
7060 3 3605
8331 5 3605
8476 4 3607
2719 5 3607
6273 1 3608
8557 1 3610
4477 1 3610
9013 4 3611
3116 3 3612
7102 3 3613
7693 5 3613
9431 3 3614
88 2 3619
2439 1 3620
81 1 3620
7761 2 3621
6341 4 3622
3786 2 3628
3605 1 3628
6602 5 3629
1737 2 3630
3413 3 3630
712 5 3632
8373 4 3633
4912 2 3633
5851 1 3635
246 3 3636
1112 5 3637
9455 1 3638
2369 1 3638
7545 2 3640
8086 3 3640
799 2 3642
164 4 3642
5325 2 3643
689 5 3643
3732 2 3645
767 4 3646
9093 2 3646
5620 3 3647
4254 3 3647
3986 2 3648
8793 3 3648
1860 1 3651
8029 2 3652
9206 1 3653
508 1 3654
2162 4 3655
4523 1 3656
9261 2 3656
8049 3 3657
7099 1 3657
1220 5 3658
8405 1 3658
1812 4 3659
291 5 3659
9821 2 3660
3116 3 3661
2653 5 3661
2055 5 3662
4328 1 3662
2632 4 3663
608 2 3663
2806 1 3664
7859 1 3664
3969 3 3667
9873 4 3669
7827 3 3670
4949 5 3671
1489 2 3673
1108 5 3675
5538 5 3676
1213 3 3677
1483 3 3680
5804 2 3680
5141 1 3681
2176 3 3681
1635 5 3683
7011 5 3683
1883 5 3685
2721 1 3685
1417 2 3686
5192 3 3688
1964 4 3689
1492 1 3689
2453 4 3690
808 2 3690
4326 2 3693
521 4 3693
9687 5 3694
8436 3 3695
459 4 3696
974 1 3696
7414 2 3697
2927 5 3699
5813 3 3700
9155 3 3700
8817 4 3703
2283 5 3703
9568 4 3704
218 5 3704
3548 4 3705
7208 5 3705
7674 3 3707
9626 5 3708
4794 2 3708
9024 4 3709
387 1 3709
1697 2 3710
2290 5 3710
9628 2 3711
9804 1 3712
3265 1 3713
3083 5 3713
1080 1 3714
3712 5 3715
354 1 3716
9746 3 3717
437 2 3717
5209 3 3719
391 3 3719
9391 4 3720
3365 2 3721
6479 2 3721
6094 4 3723
8416 2 3723
6789 4 3724
6495 3 3725
5325 5 3725
2862 5 3728
8213 2 3729
9665 1 3729
1279 1 3730
4027 1 3730
3908 2 3732
5579 4 3732
4016 3 3734
7820 1 3734
9134 3 3737
2330 4 3738
3747 2 3738
1194 5 3741
70 2 3745
6700 2 3745
2428 2 3746
7790 4 3746
940 5 3747
703 5 3747
3098 4 3748
5138 1 3748
5457 1 3750
3768 2 3751
4527 4 3752
9068 3 3754
9218 1 3755
9671 4 3755
6918 5 3756
8270 5 3759
8034 1 3759
4618 4 3760
1480 4 3760
604 2 3761
2915 2 3761
8591 2 3762
1420 5 3762
3472 5 3763
2781 1 3763
4692 2 3764
2326 2 3765
9746 1 3766
4940 1 3768
7634 1 3769
7604 3 3770
2092 5 3770
5127 4 3771
7777 3 3771
2340 5 3775
4239 5 3777
9375 3 3777
4914 1 3779
3976 2 3780
3714 2 3781
183 1 3784
2250 2 3784
7353 4 3785
3831 1 3785
6331 5 3787
157 5 3787
626 3 3789
8566 1 3791
5124 2 3792
8099 1 3792
2102 4 3793
8470 3 3793
4484 4 3794
1144 1 3794
8761 4 3795
7150 1 3796
9844 4 3797
4212 5 3797
3125 5 3798
2261 4 3798
886 1 3800
67 2 3800
1133 2 3801
5548 4 3801
3524 4 3802
4889 4 3805
1697 1 3806
8428 4 3806
5638 1 3807
2496 1 3808
3713 3 3808
4094 4 3809
7600 1 3810
6670 2 3811
9504 5 3811
2873 3 3812
1809 2 3813
9055 3 3813
2394 3 3814
4850 4 3814
6432 4 3815
7999 2 3815
8166 2 3816
4287 5 3818
42 1 3818
6647 1 3819
3061 5 3821
3708 2 3821
3003 2 3823
3485 4 3826
5275 3 3826
210 3 3827
4815 3 3828
9972 5 3828
9674 4 3831
1297 4 3831
75 5 3832
9192 5 3832
601 1 3833
4292 4 3835
2872 4 3835
5900 5 3836
314 4 3837
3171 3 3838
6090 5 3838
7825 4 3839
5472 3 3839
4347 1 3840
1201 4 3841
4013 3 3841
8959 2 3842
2227 5 3843
2817 4 3844
9403 1 3845
1885 2 3845
515 1 3846
2678 3 3846
350 4 3847
654 5 3848
8740 4 3848
7774 4 3850
2218 3 3851
9249 2 3852
9832 2 3853
6495 3 3854
9065 2 3854
1518 4 3855
7584 4 3855
7174 5 3856
527 5 3856
7144 4 3857
3854 1 3859
2035 5 3861
3813 1 3861
7786 4 3862
3964 2 3866
8316 2 3866
7718 4 3867
9901 3 3868
4209 1 3869
6142 5 3870
5072 4 3871
9786 5 3872
7998 1 3873
551 5 3873
2946 4 3875
5791 5 3875
6923 2 3876
6807 1 3876
9416 4 3878
3142 3 3881
3271 3 3881
509 3 3882
6950 1 3883
3758 2 3883
8935 1 3885
4345 1 3885
9846 5 3886
8760 5 3887
6150 2 3887
9036 4 3890
8730 2 3890
964 4 3891
8582 3 3892
7895 1 3892
9751 5 3893
4075 3 3894
8562 4 3900
2176 2 3900
9617 5 3901
3927 1 3902
9535 4 3902
3871 5 3904
5832 4 3904
2896 5 3906
4557 5 3907
8922 3 3907
8278 4 3908
7213 5 3908
2606 2 3909
1299 3 3909
6002 4 3910
2201 4 3911
197 5 3912
7287 4 3912
267 1 3914
1638 3 3915
9123 2 3915
5216 2 3916
3201 2 3916
1667 3 3917
7902 2 3918
1977 2 3919
626 5 3919
2906 5 3920
8554 4 3920
370 3 3921
7723 4 3921
6640 1 3923
5851 5 3924
3299 4 3925
4617 4 3925
2635 5 3926
5241 2 3926
8457 5 3927
4402 3 3928
8055 2 3929
3709 2 3929
2793 4 3930
6150 3 3933
1638 2 3934
9840 3 3936
9614 4 3939
6201 1 3939
7725 3 3941
4770 4 3942
5914 5 3942
8306 2 3943
8080 1 3944
9670 4 3944
3481 3 3946
4215 1 3946
9603 1 3947
6261 1 3947
6188 3 3949
7491 3 3950
8232 5 3951
7786 4 3954
7298 1 3955
2929 4 3958
3569 2 3959
3042 2 3959
7666 5 3960
5069 1 3961
3596 3 3961
7204 2 3962
7418 1 3962
4744 2 3963
6087 2 3964
3857 2 3965
7477 2 3967
7045 3 3967
4115 5 3969
8417 4 3970
9859 4 3971
7367 4 3972
1470 4 3973
6190 2 3973
5194 5 3975
2452 3 3975
8739 5 3976
7162 1 3976
8691 4 3977
2368 1 3978
1995 3 3978
8369 2 3985
6265 2 3986
6499 3 3988
1917 5 3990
7783 4 3990
9442 2 3991
3131 2 3992
4863 2 3993
73 5 3995
2797 3 3996
1831 5 3996
1425 4 3997
5970 2 3997
6538 5 3998
9113 2 3998
7525 2 4001
5018 4 4002
7285 1 4002
8315 5 4004
5160 3 4005
5454 5 4005
555 3 4007
3664 4 4010
7519 2 4010
3983 4 4014
644 3 4014
3097 3 4015
8154 1 4016
2199 5 4017
8768 3 4018
8835 4 4019
7416 1 4020
9632 4 4020
4279 3 4022
1485 1 4022
9521 4 4023
6488 5 4023
9573 3 4028
2097 1 4029
6300 5 4029
1221 5 4030
1157 1 4030
5304 2 4032
7772 3 4032
1769 4 4033
8378 3 4034
8281 2 4035
7133 3 4036
5913 5 4037
3004 2 4037
1217 2 4040
8931 5 4040
5423 4 4041
8618 1 4041
3111 4 4042
894 1 4043
4871 1 4044
2807 3 4044
4918 4 4045
666 3 4046
2865 5 4046
7080 5 4049
7738 1 4049
5961 4 4050
6919 5 4050
8686 3 4054
72 5 4054
2463 5 4055
3227 3 4055
5790 1 4057
1911 5 4057
2270 2 4058
6171 5 4058
7920 4 4060
5904 2 4060
4489 3 4064
5032 3 4064
3728 5 4067
9969 4 4067
6918 4 4069
9846 3 4070
9110 2 4070
2923 5 4071
5371 2 4071
6557 3 4072
8250 5 4072
5201 5 4073
3251 5 4074
9418 5 4074
5553 5 4077
3677 2 4078
47 3 4078
2641 2 4079
7818 3 4080
7293 1 4083
2553 3 4083
2343 4 4084
4213 1 4085
1520 5 4085
7073 5 4086
5558 2 4086
1061 3 4088
5902 2 4089
955 5 4090
4251 3 4092
1599 4 4093
7527 2 4093
8048 5 4095
3731 2 4095
6005 2 4099
1279 2 4099
3301 1 4100
242 4 4100
5339 3 4102
5447 5 4102
2323 2 4103
5443 3 4104
7891 5 4104
3752 4 4105
693 1 4106
7727 3 4107
5905 4 4108
3568 3 4111
1594 1 4111
7652 2 4112
1398 4 4112
2843 4 4113
7948 2 4114
4771 3 4114
2140 1 4116
7879 5 4118
6772 2 4123
4003 3 4125
6892 4 4125
5201 3 4126
6748 2 4126
9100 2 4127
1336 1 4130
5266 2 4130
5764 4 4131
6951 4 4132
6408 2 4133
1329 5 4136
1247 3 4136
965 1 4139
1831 5 4139
2884 3 4141
4500 1 4141
6678 1 4142
5261 1 4142
9768 1 4144
2615 3 4145
6906 4 4145
7562 3 4146
8493 1 4147
631 5 4148
8334 1 4148
2290 4 4149
630 2 4150
7486 3 4151
1642 1 4153
7055 2 4154
2033 4 4157
6977 3 4157
2933 2 4159
8247 1 4160
7236 3 4160
1347 4 4161
2773 1 4161
1151 5 4162
7235 4 4162
9807 2 4163
2480 5 4164
7550 2 4166
6610 3 4167
3052 3 4169
9267 2 4169
8382 5 4170
7181 5 4170
2096 2 4171
5719 2 4171
53 2 4172
3505 3 4172
8815 1 4173
2788 1 4175
3065 2 4175
8522 3 4176
3801 5 4177
9305 5 4177
2326 3 4178
8282 3 4181
3979 5 4181
3721 2 4182
1101 1 4184
8049 4 4185
296 4 4185
3281 1 4186
7226 4 4186
1069 1 4188
732 2 4188
8779 3 4192
7991 4 4192
1255 4 4196
4120 4 4198
6211 2 4199
7815 1 4199
1128 5 4202
8103 2 4202
7343 1 4203
4855 5 4204
8259 3 4206
8690 4 4206
6642 2 4207
1824 4 4207
8717 2 4209
6746 1 4209
9379 5 4210
629 2 4211
8153 4 4211
4958 5 4213
9042 3 4214
4488 2 4215
1367 3 4215
2410 1 4219
9290 4 4219
3056 3 4220
2462 1 4223
7778 3 4223
9428 5 4224
3088 1 4224
3806 5 4227
9470 2 4228
4171 3 4228
3015 2 4230
9468 4 4231
5184 5 4232
3184 3 4235
5936 1 4236
977 3 4236
6455 4 4237
1465 2 4237
1429 5 4238
4365 3 4241
7451 3 4241
8892 4 4242
8656 4 4243
5087 3 4247
4212 4 4249
1262 2 4249
8167 2 4251
5221 1 4253
2629 2 4254
7612 2 4254
7105 5 4256
1191 3 4256
1513 3 4257
7183 4 4257
5702 4 4258
3998 2 4258
5704 3 4259
7421 2 4259
8489 4 4260
7060 1 4260
1588 3 4261
7614 1 4261
6203 4 4262
7696 3 4262
588 2 4264
1531 1 4264
5991 4 4265
5698 1 4266
7611 3 4267
2559 2 4267
7854 1 4271
1498 3 4271
5247 1 4272
603 1 4273
2234 1 4275
5382 1 4276
7787 1 4276
8770 2 4277
8855 4 4277
9141 3 4281
5881 3 4283
1558 2 4284
7050 5 4287
8673 2 4287
8116 5 4288
7408 2 4289
539 3 4291
4661 5 4293
9063 2 4293
3056 5 4295
2944 4 4297
7018 5 4298
6527 1 4299
7516 5 4302
9279 4 4303
2472 4 4303
7559 3 4304
5129 3 4304
3479 4 4305
4339 2 4305
4428 1 4306
4803 2 4307
4911 4 4307
9385 1 4308
864 2 4309
677 5 4309
7948 4 4310
9732 2 4310
7054 3 4313
248 5 4313
4682 1 4314
6286 1 4316
2375 5 4317
7325 2 4318
1953 4 4318
7429 4 4319
6524 2 4319
793 1 4320
9461 5 4320
2162 1 4325
3977 4 4325
6599 4 4328
9104 1 4329
5852 1 4331
8795 3 4331
838 3 4332
431 2 4332
3579 2 4333
9970 5 4334
2883 5 4335
9682 5 4337
6843 2 4338
276 1 4339
659 2 4339
9859 4 4340
4354 1 4341
7589 2 4342
3073 4 4342
8634 5 4343
9835 2 4343
7299 3 4348
7734 4 4350
495 2 4350
5403 1 4351
6055 4 4351
1554 5 4352
2352 4 4354
2822 3 4355
924 3 4357
2758 1 4359
2338 5 4359
7143 5 4361
3951 4 4363
5599 4 4363
2624 2 4364
458 4 4365
486 2 4365
8365 2 4366
3636 2 4366
8356 3 4369
2820 3 4369
7606 3 4370
2422 2 4370
760 4 4372
1439 2 4373
4715 1 4375
992 5 4375
100 4 4376
6687 5 4376
1353 5 4377
7109 2 4377
1414 3 4378
3946 1 4379
6539 1 4379
527 3 4380
4067 1 4381
6070 2 4383
2647 2 4383
3315 4 4385
9547 3 4386
8413 5 4386
715 3 4387
8360 2 4387
4144 4 4388
7168 4 4389
4680 5 4392
7878 2 4394
6174 4 4394
2046 2 4395
4235 2 4397
9014 5 4398
6815 1 4398
7705 5 4399
7838 5 4399
7678 3 4400
8143 2 4402
9188 4 4402
827 5 4403
5500 1 4404
1814 2 4404
4775 4 4405
3475 3 4406
4894 5 4406
7808 5 4409
6556 2 4410
7950 3 4410
7430 3 4412
208 3 4413
7306 2 4413
8644 5 4416
1659 2 4417
5157 1 4419
5045 2 4419
115 5 4420
6740 2 4422
2173 4 4426
9771 2 4426
583 1 4427
7491 5 4428
3967 5 4428
8862 2 4429
9744 5 4429
950 1 4430
2569 1 4431
2488 1 4432
9536 3 4433
3678 3 4433
9172 5 4434
1958 1 4435
3621 5 4435
1115 1 4436
8384 4 4436
8897 5 4437
6015 2 4438
7721 5 4440
7468 4 4444
2221 5 4445
4796 5 4446
308 4 4446
6535 2 4448
7901 3 4449
7544 2 4450
9410 5 4451
3852 3 4451
2027 2 4452
2640 1 4452
9997 4 4453
9360 1 4454
7558 4 4454
5812 4 4455
679 3 4455
3709 4 4462
8286 3 4462
8344 3 4464
2903 2 4464
9410 1 4465
9264 2 4466
6526 1 4466
1940 3 4467
9893 1 4467
4473 3 4468
8429 2 4470
6341 4 4471
4398 1 4472
7746 5 4472
7354 3 4473
3958 4 4473
81 3 4474
5347 3 4474
6202 4 4475
1990 3 4475
1579 2 4476
4648 1 4478
3454 5 4480
4625 3 4482
2100 5 4482
8578 2 4485
8587 3 4486
5728 5 4486
1091 2 4487
7343 1 4488
7029 5 4489
9579 1 4490
6400 3 4491
4931 3 4491
93 3 4496
152 5 4496
4630 4 4497
2128 2 4497
1940 4 4500
609 1 4500
4817 4 4501
6858 3 4501
8359 1 4504
6264 2 4505
5644 3 4506
7844 2 4506
2085 5 4507
8555 2 4507
2160 5 4508
6013 4 4508
9984 4 4509
8972 3 4509
5220 5 4510
2486 3 4510
7871 4 4511
8270 4 4512
7263 5 4512
670 4 4513
7796 2 4513
8893 1 4515
944 4 4515
2362 1 4516
2871 1 4516
7866 5 4517
7393 1 4517
4161 4 4518
3545 3 4519
3361 1 4519
8549 1 4521
8848 3 4521
3426 5 4522
8421 2 4523
4228 5 4524
1272 4 4524
3910 3 4525
7311 1 4525
4457 2 4526
7227 4 4526
646 1 4527
3494 2 4528
9872 4 4529
2738 2 4529
4258 5 4530
4294 4 4530
1850 2 4532
961 5 4534
6107 5 4538
1215 3 4540
1633 1 4541
8077 2 4541
6637 4 4542
5066 4 4543
7078 2 4544
8102 1 4544
2918 1 4545
4654 3 4545
7083 4 4546
1922 1 4546
5440 1 4547
3108 3 4547
8297 2 4548
7904 4 4549
7971 4 4549
2928 2 4550
2514 2 4550
4494 3 4551
4768 4 4551
4323 5 4554
6636 5 4556
6091 5 4556
2790 2 4557
7733 5 4558
6092 4 4558
1341 1 4559
5306 4 4559
8797 3 4560
7663 3 4561
7177 1 4562
1838 4 4563
2197 4 4565
9015 2 4566
908 1 4566
5899 5 4567
6969 4 4568
5630 1 4569
3388 4 4572
4504 3 4573
4545 5 4575
7011 4 4575
3250 5 4577
5515 3 4578
1945 1 4578
4567 5 4581
315 3 4584
8394 4 4585
8542 4 4586
3625 2 4586
930 1 4588
4577 5 4588
1074 2 4592
934 3 4593
7432 1 4593
9630 4 4594
5221 5 4594
1 5 4595
4159 5 4595
8966 1 4597
248 2 4597
8353 5 4598
7992 4 4598
7197 1 4601
363 5 4601
9299 1 4602
2572 1 4602
5710 3 4603
3986 2 4603
6650 3 4604
4919 5 4605
6115 3 4605
6389 3 4606
8346 2 4607
8111 1 4607
9086 2 4608
1085 4 4608
874 3 4610
4321 2 4612
562 5 4612
8763 4 4614
3796 4 4615
6397 3 4615
4318 5 4616
9295 5 4616
2897 5 4618
4857 3 4620
6054 5 4620
3958 1 4621
6916 4 4621
1319 5 4624
134 3 4625
249 1 4625
576 2 4626
4458 2 4627
4656 3 4627
7506 1 4628
3773 2 4632
5110 4 4633
6420 4 4634
490 3 4634
8946 2 4635
6465 3 4636
3550 4 4636
9087 3 4637
607 1 4638
8390 1 4638
90 4 4639
6569 4 4640
83 4 4640
5227 1 4641
2893 4 4641
756 4 4642
3008 5 4643
8797 2 4644
8241 3 4644
3172 5 4645
9639 2 4645
1875 3 4646
5654 1 4646
8420 5 4647
3887 4 4647
675 2 4649
4387 1 4651
6779 5 4652
3245 4 4653
6417 5 4653
9182 1 4655
7043 2 4656
528 4 4657
9200 5 4657
6817 2 4658
4068 2 4661
5067 4 4662
3722 2 4662
3253 4 4664
1885 2 4665
607 1 4665
7427 5 4666
4882 2 4667
2922 5 4667
9427 2 4668
6471 2 4668
1418 5 4669
1418 4 4670
3659 5 4670
6326 1 4673
8189 3 4674
1273 2 4674
6319 1 4676
5052 4 4677
1319 2 4678
3845 5 4681
7003 5 4682
453 5 4683
463 5 4683
2640 1 4684
5157 1 4686
3563 4 4686
7371 5 4687
9757 4 4687
6692 5 4688
2457 3 4688
4593 2 4692
8872 1 4693
8538 2 4693
7880 5 4696
8677 4 4696
9444 5 4697
9530 2 4697
5772 5 4699
1922 2 4700
9502 2 4703
5751 5 4703
6205 4 4704
1056 5 4704
5446 5 4705
1449 4 4707
5078 3 4708
7362 5 4709
1410 4 4709
4904 3 4710
5239 4 4711
9983 1 4711
9093 5 4712
6747 2 4712
7169 3 4713
8999 3 4713
8490 4 4715
2759 5 4715
8279 5 4716
2675 1 4716
9150 2 4717
5794 4 4718
4656 4 4718
7399 2 4721
5177 4 4722
4739 4 4722
4785 2 4723
9141 5 4724
5621 5 4724
730 1 4725
8771 1 4725
3303 3 4726
6776 2 4730
7525 1 4730
9210 1 4732
891 5 4733
3951 3 4734
5047 1 4734
9026 5 4735
7514 5 4736
3326 5 4736
70 5 4737
2050 1 4738
5452 3 4738
6210 2 4739
8530 5 4739
1219 2 4740
451 5 4740
9408 4 4741
2982 1 4742
3946 2 4742
2392 5 4743
8952 2 4743
3257 2 4746
1418 3 4746
3268 3 4748
8019 4 4750
9616 1 4750
6454 4 4751
4285 2 4753
1376 3 4753
86 3 4756
737 5 4759
4598 1 4761
7458 4 4762
9428 4 4764
8012 5 4764
1165 2 4765
1318 3 4766
6856 2 4768
8902 4 4768
8507 4 4769
7596 1 4770
1487 2 4770
2044 4 4773
2541 3 4774
1455 1 4775
5418 3 4777
475 3 4779
7250 2 4780
6171 4 4781
9774 4 4781
6880 2 4782
4773 3 4782
3099 1 4784
940 1 4785
9338 1 4786
4591 4 4787
8431 4 4788
1586 1 4788
5904 1 4791
4330 3 4791
3197 5 4792
2023 3 4793
4420 4 4793
2090 3 4798
6552 1 4799
9040 4 4800
2501 1 4801
7973 3 4801
9795 3 4802
4461 1 4803
9657 3 4804
8917 4 4805
4058 5 4806
7780 2 4806
8412 3 4807
9338 1 4807
4557 4 4808
4585 4 4809
3459 5 4811
5818 3 4811
2373 1 4812
6330 4 4812
6566 4 4813
594 1 4813
8411 2 4814
9859 3 4814
1940 3 4815
5633 5 4815
9691 1 4817
9281 1 4818
9519 5 4818
8950 3 4821
8188 3 4821
7644 3 4823
7764 5 4823
5772 5 4824
1911 1 4825
311 4 4827
8984 3 4827
3811 1 4828
5605 1 4829
7156 1 4829
5605 3 4830
5362 2 4831
5676 1 4833
5563 1 4837
257 5 4837
5626 3 4838
1012 1 4839
5896 4 4839
1697 3 4840
6961 4 4840
912 2 4841
7410 5 4841
1598 2 4842
8171 1 4842
7212 3 4843
2488 1 4844
125 2 4845
46 5 4845
1205 4 4846
8781 5 4849
267 5 4849
9045 5 4850
8052 1 4850
8187 2 4851
3784 1 4853
8821 2 4853
4457 1 4854
4987 5 4854
8560 2 4855
5287 5 4856
4488 4 4856
4872 5 4857
5545 5 4857
3177 4 4858
2141 3 4858
6734 3 4859
8737 1 4860
1877 4 4860
5363 3 4863
586 5 4864
5675 5 4864
6964 4 4866
3581 3 4866
5363 3 4867
4527 5 4868
6009 2 4871
7244 5 4871
9230 2 4872
6420 1 4872
2176 2 4875
3883 5 4876
3798 4 4878
3977 4 4880
9461 2 4881
7462 2 4881
7056 4 4882
7080 2 4884
7353 3 4884
3020 2 4885
7329 4 4886
1186 3 4887
3686 5 4891
7231 4 4893
3436 4 4898
9249 4 4899
5784 4 4900
2959 3 4901
5334 5 4901
326 4 4903
4278 2 4906
3746 4 4906
6764 3 4908
9567 4 4908
2039 4 4913
2036 3 4914
7308 1 4915
5026 2 4915
9415 3 4916
2073 5 4916
3631 4 4917
3194 5 4918
4415 4 4918
8921 5 4921
6796 4 4922
4794 4 4923
4924 5 4923
7122 1 4924
8635 1 4925
8570 3 4925
4319 2 4927
5614 3 4927
3868 1 4928
8443 5 4928
8325 1 4932
5089 3 4932
2134 3 4934
618 2 4934
7558 1 4935
4860 3 4938
4865 1 4938
8296 2 4939
7732 1 4940
5850 3 4941
8565 3 4943
9623 5 4943
1095 1 4944
4237 2 4945
1994 4 4945
4358 4 4946
317 1 4948
8407 2 4949
2897 2 4950
4972 3 4950
9679 1 4951
8852 3 4951
9515 5 4952
7429 5 4953
9567 5 4954
6436 3 4955
3018 5 4955
8894 3 4956
3983 1 4956
1902 1 4957
1791 1 4958
7006 3 4958
5154 3 4960
7123 5 4961
6196 1 4961
3616 3 4962
5642 2 4963
3497 5 4966
1825 5 4966
1770 4 4968
8414 3 4968
4313 2 4969
6049 3 4970
3009 1 4971
3983 1 4971
5932 3 4972
7482 4 4972
374 1 4974
2235 3 4975
7242 4 4975
6926 3 4977
6493 3 4977
6416 4 4978
709 1 4979
2615 2 4980
2046 1 4981
5802 1 4985
1617 1 4987
8952 1 4987
8652 1 4988
2060 5 4989
2863 5 4989
1278 3 4990
7136 3 4990
5871 4 4991
4418 3 4991
4064 3 4992
1013 2 4992
5958 4 4995
7907 1 4995
2317 5 4996
1159 2 4996
5745 2 4998
8669 2 4998
1058 2 4999
9351 3 4999
2665 3 5001
6140 3 5001
5516 4 5002
3828 2 5003
5112 3 5003
7519 1 5004
402 1 5004
3640 2 5006
3741 3 5007
5810 1 5009
4789 5 5009
6728 1 5010
1994 2 5012
5021 2 5012
9941 2 5013
7489 2 5013
9532 5 5015
2511 1 5016
2330 1 5017
410 3 5018
6878 5 5018
9327 2 5019
7281 3 5019
9430 1 5020
1483 2 5020
7331 2 5021
7402 5 5021
5495 4 5022
6923 3 5022
6317 2 5023
6650 2 5023
3113 4 5025
8854 5 5027
579 2 5027
1531 3 5029
1892 1 5030
3939 1 5030
7196 1 5033
6709 1 5033
79 2 5034
6503 1 5034
6929 2 5036
5263 5 5036
1222 1 5038
1932 1 5040
7114 5 5041
7944 4 5042
464 2 5044
3828 1 5044
8211 5 5045
1180 5 5046
8573 3 5049
2672 1 5050
2772 4 5052
9382 5 5054
7667 2 5055
9757 3 5055
7029 5 5058
5484 2 5059
7434 4 5059
5786 4 5060
2802 2 5061
3296 4 5061
1525 4 5063
314 5 5063
34 3 5066
6492 3 5066
3774 2 5067
6524 4 5067
4338 5 5068
516 2 5069
6106 3 5071
184 4 5072
7263 1 5073
445 5 5074
4129 1 5075
1804 2 5075
3972 2 5076
9683 1 5077
5176 1 5077
7381 5 5080
8329 2 5081
3484 2 5081
2695 4 5082
4237 1 5084
4421 1 5085
695 4 5086
4384 5 5086
2189 2 5087
2878 5 5087
4895 3 5088
6673 5 5089
6672 5 5089
3719 3 5090
8077 5 5090
5518 5 5091
1547 5 5091
6693 2 5094
5962 5 5096
5140 1 5096
8522 3 5097
2694 2 5097
4941 5 5098
9479 3 5099
8952 1 5099
8096 1 5100
9818 4 5100
5829 1 5101
7000 4 5101
3672 4 5102
9939 1 5103
1098 5 5104
9847 3 5105
8129 2 5105
8608 3 5106
1376 4 5106
2826 5 5107
1612 2 5107
2418 4 5109
5311 3 5109
6195 5 5110
3564 4 5110
462 2 5111
1000 1 5114
6295 3 5114
6886 5 5115
3527 4 5115
5644 4 5116
4738 5 5118
6397 5 5118
1256 3 5119
1490 4 5121
6572 5 5121
1520 2 5124
4575 1 5127
5511 4 5127
3516 5 5128
1111 2 5129
5988 3 5132
230 3 5132
4090 1 5133
7485 3 5134
9531 1 5134
2796 1 5135
6014 1 5136
8200 5 5138
8321 2 5139
3651 3 5140
9356 4 5141
1685 1 5142
5281 4 5143
1474 5 5144
2910 5 5144
2640 5 5145
8774 3 5145
8851 2 5146
988 3 5146
1606 1 5148
4317 2 5149
8361 3 5150
3580 3 5150
5764 3 5153
2834 4 5154
8825 3 5154
4609 3 5155
3358 4 5155
9950 1 5157
7245 2 5158
7113 2 5158
6047 3 5159
8118 4 5159
7232 4 5160
1207 3 5160
1031 4 5161
2614 3 5161
8342 3 5162
4911 3 5163
767 1 5164
4954 2 5165
277 3 5165
1431 2 5167
8509 1 5167
3710 1 5168
5117 1 5168
3808 1 5169
3543 5 5170
8395 2 5170
3714 2 5172
6830 5 5172
8483 3 5176
2682 1 5177
7808 1 5178
5540 4 5178
8187 5 5181
7124 2 5182
2238 3 5182
4125 1 5183
6472 3 5183
7498 3 5185
1432 1 5185
7072 5 5186
7578 4 5187
9602 2 5188
6202 4 5188
2568 3 5189
542 2 5189
7256 5 5190
572 2 5190
1031 3 5191
9038 4 5192
1239 2 5196
6297 2 5197
8396 3 5198
5298 5 5198
7394 5 5200
8916 4 5200
1948 4 5201
6628 2 5202
1122 5 5204
7621 3 5204
580 5 5206
5749 2 5207
2294 1 5208
7972 5 5208
7423 1 5209
2157 2 5211
6870 5 5211
5438 2 5212
7120 2 5213
7197 4 5215
3903 1 5216
4421 2 5217
5527 1 5218
3639 1 5218
396 1 5220
8504 4 5221
164 5 5221
7765 3 5222
3516 3 5222
435 1 5224
9941 2 5224
8411 3 5225
162 1 5226
6805 3 5226
8688 1 5227
6702 1 5227
1411 2 5230
9680 4 5231
5431 2 5232
9755 3 5233
9419 1 5234
9830 2 5234
6234 3 5238
2588 5 5238
685 2 5239
5312 4 5239
1694 3 5241
3584 3 5241
6566 5 5243
5287 4 5245
8532 1 5245
6071 4 5246
3515 2 5247
3914 1 5248
4409 1 5248
3744 3 5249
6027 2 5249
1764 4 5250
8939 1 5251
4068 2 5252
6731 2 5252
6429 3 5253
4101 4 5253
8119 2 5254
7399 4 5254
8711 1 5255
3213 2 5255
9845 1 5257
2333 4 5257
9831 4 5258
2761 2 5258
252 1 5260
8194 1 5263
742 5 5264
1018 5 5264
1765 2 5265
4916 2 5265
4620 2 5266
1956 3 5267
261 5 5267
8976 3 5268
8676 2 5268
2677 1 5269
9563 4 5271
5554 3 5273
6229 1 5273
1302 4 5274
8631 2 5276
672 3 5276
5753 2 5277
6326 1 5278
623 3 5278
2823 5 5280
7139 2 5282
8019 4 5282
4500 1 5283
4435 2 5284
9758 5 5284
6490 3 5286
49 2 5286
1905 3 5287
350 3 5287
1931 1 5289
877 5 5291
8086 2 5291
98 3 5292
8067 1 5294
8672 4 5294
3881 2 5295
4139 1 5295
805 2 5296
2939 2 5296
6816 5 5297
4280 2 5301
5513 3 5301
24 1 5302
482 3 5302
4473 2 5303
9152 2 5303
7197 3 5304
4346 2 5305
8757 5 5305
5868 2 5306
8595 1 5306
2013 4 5307
8115 2 5308
2269 5 5309
7272 3 5310
7343 5 5310
1828 4 5311
7653 3 5311
7339 1 5312
1243 1 5313
9005 4 5313
6672 5 5315
412 4 5317
6306 1 5318
5805 5 5318
9540 3 5321
1192 3 5321
7554 2 5322
9484 3 5322
3532 5 5323
7353 3 5323
4171 5 5324
2297 3 5324
7120 3 5325
4010 2 5325
650 2 5326
1200 3 5327
9111 3 5327
8710 2 5328
9328 2 5330
8184 3 5331
7720 5 5331
674 4 5335
7414 1 5335
4621 4 5337
6155 5 5340
2191 4 5340
9370 2 5343
8531 2 5343
6698 4 5345
1237 5 5345
4235 1 5348
2143 3 5348
5507 3 5352
5615 3 5355
9219 2 5355
7264 3 5356
6709 1 5356
4720 1 5361
2304 2 5362
6559 5 5362
980 1 5363
7375 5 5364
5897 1 5365
7171 5 5366
3563 2 5366
7105 3 5367
8621 4 5368
3358 4 5368
6095 5 5370
9034 5 5370
7783 2 5372
4719 4 5372
1565 3 5373
4888 2 5373
66 4 5375
8867 3 5375
1369 3 5378
4579 1 5378
9778 4 5379
9970 3 5379
347 1 5380
7159 1 5381
3048 1 5382
5926 3 5382
6219 3 5383
1149 3 5383
3394 1 5384
4415 5 5384
6328 2 5385
6693 2 5386
5032 4 5386
7134 3 5387
472 4 5387
2864 5 5389
2687 5 5389
335 1 5391
8573 5 5392
3905 4 5394
8924 2 5394
4476 1 5395
8421 5 5395
585 1 5396
8027 3 5400
5301 4 5400
4761 4 5402
5620 4 5402
5539 3 5403
7627 3 5404
1237 1 5408
9947 2 5408
4317 4 5409
8487 2 5410
4646 3 5410
8494 5 5411
329 1 5411
5997 2 5413
7249 1 5416
1175 5 5416
3330 1 5418
4680 3 5418
2783 3 5419
1799 2 5421
3349 2 5422
2303 3 5423
5277 5 5424
4386 2 5425
1626 2 5425
185 2 5426
527 3 5427
8299 5 5427
2475 4 5428
5977 3 5429
6971 3 5431
2683 4 5431
1847 4 5432
965 2 5432
3387 1 5433
3209 3 5433
3014 4 5434
3040 1 5436
6857 2 5437
7473 3 5437
6833 1 5440
1727 5 5440
8110 2 5442
3706 1 5442
6458 5 5446
9398 2 5448
4257 5 5449
1196 4 5449
6688 5 5450
6874 3 5450
9891 4 5451
5272 3 5451
4302 5 5457
1578 1 5459
5261 1 5459
863 2 5460
9250 1 5463
9544 4 5463
3106 4 5466
2867 1 5466
7792 2 5468
7865 1 5469
8969 3 5470
5230 4 5471
3773 5 5472
8954 3 5472
660 4 5473
34 1 5475
9989 3 5477
830 3 5478
2347 2 5479
1780 4 5480
4807 2 5480
269 2 5481
4830 1 5481
9702 4 5483
6819 2 5484
6433 2 5485
4849 4 5486
8080 3 5486
7069 2 5487
4409 5 5487
9181 5 5489
6277 4 5490
9701 3 5490
3185 2 5492
8893 2 5494
9587 5 5494
7258 2 5495
9663 3 5497
3534 4 5497
9042 1 5498
9687 5 5498
2773 2 5501
2406 3 5501
7604 1 5502
8134 4 5505
6490 5 5505
542 1 5506
6408 3 5506
8556 4 5509
6577 1 5513
5280 3 5515
9204 4 5517
2229 4 5517
7435 2 5519
9141 2 5521
504 4 5521
9284 1 5522
1657 3 5523
202 1 5524
7024 3 5526
4681 2 5528
2448 1 5529
4803 3 5530
2286 1 5530
7767 5 5531
8833 5 5533
926 2 5533
8656 3 5534
6118 2 5534
306 4 5538
73 4 5539
4308 2 5540
998 1 5540
3215 4 5542
6613 1 5543
8438 2 5544
5985 4 5544
9592 5 5545
5302 1 5546
290 4 5546
2774 3 5547
1771 3 5547
6038 1 5548
6292 5 5549
4200 4 5549
8439 1 5550
753 5 5552
5489 4 5552
4189 4 5553
9444 3 5556
6765 1 5556
8900 3 5558
1426 4 5559
1447 3 5560
9901 3 5560
5182 5 5561
2558 3 5561
7917 5 5563
6456 1 5563
604 4 5564
3772 1 5565
1483 5 5568
86 1 5568
8586 5 5570
7060 3 5570
7480 1 5571
101 3 5572
6504 2 5572
6678 2 5573
45 2 5576
9894 1 5576
6390 2 5579
7246 2 5581
2450 5 5582
3274 4 5583
5375 4 5585
8291 2 5586
477 5 5587
8058 5 5587
1563 2 5590
6287 3 5593
212 5 5593
2380 1 5595
5484 1 5595
7992 5 5596
611 3 5597
4689 1 5598
6270 5 5599
5178 2 5602
181 1 5603
2715 2 5603
1900 3 5604
8195 5 5605
6950 4 5606
4788 3 5608
4850 1 5610
6087 2 5611
9839 5 5612
9272 3 5613
792 1 5615
1322 2 5617
7545 1 5618
712 3 5619
3572 2 5619
2148 5 5620
4716 5 5620
1665 4 5623
7047 3 5623
4771 5 5625
9764 3 5627
3271 2 5627
8679 4 5629
5514 3 5630
9810 1 5632
724 3 5632
363 1 5636
7122 4 5638
2975 5 5639
854 5 5639
589 1 5640
6945 4 5642
4691 4 5642
9554 2 5645
3942 3 5646
3118 1 5646
3280 1 5647
2563 1 5648
6797 5 5649
7537 5 5653
4546 2 5653
3567 4 5654
415 3 5654
3342 2 5655
3755 2 5655
6052 5 5656
2256 2 5656
1335 5 5657
3332 1 5658
3957 4 5658
3819 3 5659
5160 2 5660
7597 4 5661
7076 1 5661
2303 3 5662
2275 5 5662
7913 4 5664
803 1 5667
4069 4 5668
9109 5 5669
3593 2 5669
3830 4 5671
8488 1 5671
19 4 5673
6947 3 5673
7365 4 5674
861 2 5674
7631 4 5675
8666 5 5679
6592 5 5679
1745 5 5681
7663 4 5682
3419 3 5682
1778 1 5684
703 2 5685
7288 4 5685
6991 1 5687
807 1 5688
3506 4 5688
7343 1 5689
7812 4 5690
2278 5 5691
8374 4 5691
3711 5 5692
9951 2 5693
9768 5 5693
8343 5 5694
8634 3 5694
3950 2 5695
8722 5 5700
8465 4 5700
7208 1 5702
9687 1 5702
7382 4 5705
9455 2 5705
8584 5 5706
7236 4 5706
8811 4 5708
4910 3 5709
3590 1 5710
6908 5 5712
6572 4 5712
8828 1 5714
1730 2 5714
9147 5 5715
7946 5 5716
4931 5 5716
9226 5 5717
9998 2 5717
6217 2 5718
4635 2 5718
9329 1 5720
7678 5 5720
8224 2 5721
4396 3 5722
8376 5 5722
8951 1 5723
9916 5 5723
9264 3 5726
7906 2 5726
1001 4 5727
5336 1 5727
6196 3 5729
4916 5 5730
6363 1 5732
8210 5 5732
5205 3 5735
707 2 5737
5985 4 5738
7069 1 5739
1734 2 5740
2908 2 5740
3009 5 5741
6666 2 5741
7982 4 5742
4536 1 5742
3637 2 5743
1829 4 5745
9075 3 5747
7426 2 5747
2930 4 5748
7137 5 5748
2778 1 5749
1712 5 5750
4929 3 5751
5107 1 5753
368 1 5753
5086 4 5754
3715 1 5754
7680 2 5755
6386 5 5755
6320 5 5756
8914 4 5757
480 5 5757
9778 4 5758
6882 3 5758
7716 2 5759
176 3 5759
1870 2 5760
8372 5 5762
599 4 5762
6000 1 5763
2103 3 5767
2212 4 5770
9290 4 5770
3651 4 5771
9481 4 5772
2654 5 5772
9409 5 5773
2669 3 5774
7057 4 5774
9706 2 5775
6704 3 5775
6546 1 5776
359 4 5778
7751 5 5778
4878 5 5780
2701 1 5781
3785 5 5781
7285 1 5783
6660 1 5783
7419 1 5784
6998 2 5787
8132 3 5787
3759 5 5789
3026 5 5791
2497 3 5791
3470 3 5792
1615 3 5793
771 1 5794
5951 2 5795
3142 3 5798
9401 4 5798
9433 3 5799
2797 2 5799
8016 5 5800
3840 2 5801
371 1 5801
2130 5 5802
629 2 5802
8865 1 5803
9006 2 5803
5044 1 5804
304 5 5805
3003 2 5806
5549 1 5806
2601 5 5807
8385 5 5810
55 5 5810
126 5 5811
9516 3 5811
4549 1 5812
9176 1 5813
3828 1 5813
9824 4 5814
8514 5 5814
5304 5 5816
4171 1 5819
3368 4 5819
5423 1 5821
4459 3 5821
9314 2 5823
7714 4 5824
7835 2 5824
6488 4 5825
9197 3 5825
9113 2 5826
7593 3 5827
1196 3 5828
9529 1 5828
5482 2 5829
8942 3 5830
7706 3 5831
1558 5 5831
1798 3 5832
5903 1 5833
408 5 5833
9122 2 5834
4744 4 5835
9838 1 5835
7439 3 5837
5302 2 5838
212 4 5839
5598 3 5839
5783 4 5841
3370 2 5841
2712 3 5842
6492 1 5842
5654 1 5843
8701 3 5845
7179 3 5846
5443 1 5846
1985 2 5847
6422 5 5847
5153 1 5848
3294 2 5848
3461 3 5849
840 2 5851
4310 4 5853
2167 3 5854
9376 5 5855
3006 1 5855
7505 5 5856
2404 3 5856
3418 3 5857
6344 2 5860
1298 4 5861
2002 2 5863
717 5 5864
3341 4 5864
6638 5 5865
387 5 5865
9460 1 5867
1980 3 5867
5542 2 5869
3272 4 5872
1494 2 5873
8880 5 5873
1503 2 5874
6237 2 5875
2282 5 5876
1906 2 5876
8253 2 5882
1319 4 5882
1408 3 5883
1500 4 5884
2784 5 5884
4920 3 5886
4011 1 5886
3196 4 5887
2060 3 5887
6098 3 5888
3915 4 5889
7999 1 5889
4060 3 5890
3661 4 5891
6074 4 5892
913 4 5894
2337 5 5895
3334 3 5896
9220 3 5896
9971 1 5897
631 4 5898
976 3 5898
3826 3 5901
541 4 5904
8253 2 5904
1497 2 5905
3648 4 5905
8921 3 5906
3887 4 5908
6796 1 5910
3237 1 5910
5938 1 5912
7471 4 5912
6575 3 5913
767 1 5913
9072 3 5918
1059 2 5918
9341 2 5919
6585 1 5920
3986 3 5920
5769 2 5921
7812 5 5922
1686 4 5923
5927 4 5925
5443 2 5926
4599 3 5926
7539 4 5927
166 5 5927
4056 4 5930
2850 5 5934
7562 4 5934
60 5 5935
2571 2 5936
119 2 5936
8146 4 5937
622 3 5938
8057 4 5939
4115 1 5940
291 3 5940
1008 5 5941
3642 2 5942
2313 1 5942
4470 5 5943
5155 1 5943
7767 1 5945
1065 2 5946
1100 2 5946
5848 2 5947
5643 3 5948
5771 5 5948
4642 5 5950
8078 1 5951
3786 1 5952
7124 2 5958
9308 2 5958
2275 1 5959
6948 5 5960
8012 4 5962
4814 1 5962
2206 1 5963
6597 1 5964
8480 5 5964
2634 1 5966
4680 3 5966
989 4 5968
3171 4 5968
7091 1 5969
2022 5 5971
5421 5 5971
8009 2 5972
2515 3 5972
190 3 5974
7784 1 5974
3198 5 5977
9902 3 5978
4777 1 5979
2215 3 5979
5916 2 5980
6066 1 5983
3804 2 5984
5532 1 5984
5971 1 5986
6467 1 5989
3190 4 5989
6481 5 5990
4803 2 5991
6452 3 5993
1802 5 5994
4442 2 5994
4113 5 5995
6842 4 5995
1049 3 5997
15 2 5998
7614 3 5999
7559 4 5999
3225 3 6000
6733 2 6000
1618 2 6001
6277 3 6002
1987 5 6004
1834 3 6006
1680 4 6007
9478 1 6008
7750 4 6010
2791 4 6010
1990 4 6012
8639 3 6014
4485 5 6014
3947 5 6017
101 1 6017
6188 2 6018
5889 1 6018
4366 4 6019
995 2 6019
3317 5 6021
4957 3 6022
3283 3 6023
6637 3 6023
1802 5 6024
2834 5 6025
1368 1 6025
543 4 6026
1615 2 6026
2662 1 6027
5623 4 6027
7538 4 6028
9378 1 6029
4073 2 6029
5146 4 6031
4606 1 6032
1109 5 6032
3018 4 6034
8674 1 6034
5121 5 6035
3699 4 6036
4520 2 6036
6325 5 6038
6125 5 6038
9100 2 6039
9987 1 6039
1513 5 6041
8827 2 6042
2475 3 6043
9983 3 6044
2068 2 6045
9494 2 6047
877 3 6047
440 4 6049
5233 1 6050
3729 1 6051
6305 5 6052
8588 3 6053
7542 5 6055
9522 5 6056
4932 2 6056
147 4 6057
8213 2 6057
4726 1 6058
5443 4 6058
249 1 6059
7083 1 6060
613 4 6060
6149 3 6061
2549 4 6062
4459 5 6063
3637 3 6063
8491 4 6064
5164 1 6065
8556 4 6065
1027 3 6068
1493 3 6069
2240 5 6069
294 2 6070
3901 1 6071
2289 2 6072
8723 2 6072
7011 1 6073
2558 4 6073
7007 5 6075
6289 3 6075
6300 2 6076
7183 2 6076
8987 4 6077
2649 5 6077
404 4 6078
2982 4 6079
4110 4 6082
2058 2 6082
229 4 6085
5705 4 6085
7245 1 6086
1353 1 6086
7684 4 6087
5287 4 6089
2064 5 6089
9398 2 6090
4574 1 6092
7079 5 6092
6661 3 6094
1625 1 6096
9846 4 6097
4104 2 6097
1400 5 6098
4477 4 6098
1500 2 6100
758 5 6100
1634 4 6101
2800 3 6101
8694 5 6104
2789 1 6104
2232 5 6106
2488 3 6106
2745 4 6107
1719 3 6107
1208 1 6108
6038 2 6109
4428 2 6109
8321 4 6110
9091 2 6110
2788 4 6111
3533 1 6112
4981 1 6112
217 2 6113
6534 4 6115
8466 4 6115
2750 2 6118
522 4 6118
3023 4 6120
7590 5 6121
2473 2 6123
6061 2 6123
3476 2 6124
760 2 6125
7162 1 6126
4822 1 6126
3022 5 6128
6230 5 6128
201 5 6130
1327 4 6130
8173 3 6131
7494 5 6134
8249 3 6135
4592 1 6135
8381 1 6136
3778 3 6137
3491 2 6138
6616 4 6138
2896 4 6139
2339 2 6141
8564 3 6142
7551 5 6142
1372 2 6145
3069 1 6145
6815 2 6148
9337 3 6148
6634 1 6149
9524 1 6151
1797 5 6152
6743 4 6152
3763 4 6155
8692 3 6157
6118 5 6158
8577 1 6160
3987 5 6160
9833 2 6161
98 1 6161
4329 5 6163
6091 3 6163
9690 1 6164
7514 5 6164
276 5 6165
4029 4 6165
2326 5 6166
131 2 6167
6630 5 6167
4911 5 6169
3266 5 6171
2502 2 6171
1512 3 6177
8228 3 6178
5594 3 6179
8570 2 6179
670 3 6180
5060 3 6181
7688 1 6181
5775 4 6182
6553 5 6182
2281 3 6183
5032 5 6184
5516 4 6184
364 4 6187
2248 2 6189
5374 2 6190
9671 4 6190
1249 1 6191
7220 2 6192
8356 4 6192
646 5 6194
3219 1 6195
9426 3 6195
474 5 6196
9163 5 6196
5705 3 6197
7640 3 6197
2596 2 6200
3982 4 6201
1402 3 6201
2742 5 6203
710 5 6203
6297 5 6204
4854 4 6204
8562 1 6205
8044 5 6205
3612 3 6206
5218 4 6206
8790 5 6207
1937 5 6209
7340 1 6209
3718 5 6210
4197 2 6210
8759 3 6212
5162 4 6212
7520 4 6214
9254 4 6214
4138 5 6215
2292 4 6216
4368 2 6216
7806 2 6217
9492 1 6217
9162 1 6220
4324 4 6220
7617 3 6221
9867 4 6221
1570 1 6224
9008 5 6224
9997 3 6225
808 1 6226
5891 1 6226
2147 3 6227
5526 3 6228
7464 4 6229
9649 4 6232
7535 3 6233
822 2 6233
3611 1 6234
7257 5 6234
2763 2 6236
8243 2 6240
5555 1 6244
4653 4 6244
3608 3 6245
9587 5 6246
4931 5 6246
1452 3 6247
1743 4 6248
6790 5 6249
6452 2 6249
2494 1 6251
6822 5 6251
8782 4 6252
650 1 6252
1224 3 6253
1490 3 6254
3783 2 6255
8354 4 6255
3573 3 6258
7355 4 6258
8668 1 6259
5120 2 6263
289 3 6263
8663 2 6264
4493 5 6267
341 2 6267
4225 4 6268
3368 5 6268
2185 2 6269
4668 3 6269
8804 5 6271
6825 1 6271
9848 5 6272
4221 3 6272
2322 4 6273
8118 4 6274
6302 4 6276
190 1 6276
1454 3 6277
1562 3 6278
3435 1 6279
5670 1 6279
6043 1 6281
8000 2 6281
5829 2 6282
4848 2 6282
2239 1 6283
1009 3 6283
8156 2 6287
2823 2 6287
4553 4 6288
2666 2 6288
4218 4 6289
7877 2 6289
2000 5 6290
4181 3 6291
8077 4 6292
9648 2 6292
1579 5 6293
6199 5 6294
2272 1 6295
5954 3 6297
9502 2 6297
2032 5 6298
7902 3 6299
130 4 6299
9271 1 6300
2383 2 6301
2454 1 6302
833 2 6302
2891 1 6303
4715 1 6303
7604 1 6304
8937 1 6306
6776 3 6307
1749 3 6307
4974 3 6308
9047 2 6308
9043 4 6310
2766 2 6311
6703 3 6311
1262 5 6313
5069 2 6314
942 1 6314
3245 4 6315
1342 5 6315
7321 2 6316
5220 1 6316
6836 5 6317
7023 2 6317
3200 2 6318
3241 3 6319
2370 4 6320
4080 3 6321
1223 3 6322
2949 2 6322
8548 5 6325
4218 1 6326
5278 3 6326
2023 2 6327
8612 1 6327
3490 4 6328
873 1 6328
130 4 6329
5297 1 6329
3472 4 6330
8265 3 6330
2377 4 6331
1568 3 6331
5348 3 6332
1782 2 6333
5279 4 6334
5994 5 6335
3526 1 6335
1973 5 6337
1624 2 6337
8522 3 6340
5900 5 6340
7602 1 6341
2133 1 6342
2976 3 6342
9586 2 6344
262 3 6344
4464 1 6346
7317 1 6346
1709 3 6347
9683 4 6347
3340 3 6348
4980 5 6350
1223 3 6353
7707 2 6354
1443 1 6355
5180 4 6358
9185 5 6359
5242 4 6360
9406 4 6361
9290 1 6361
1320 3 6362
5148 5 6366
8670 1 6367
8500 1 6367
6777 5 6368
713 4 6368
6961 3 6369
5541 5 6369
8331 2 6370
7850 4 6370
4020 5 6371
7349 2 6372
5323 3 6372
1445 3 6373
3667 3 6373
4278 1 6374
7373 2 6374
6390 2 6375
6278 1 6377
2371 2 6378
372 4 6380
6962 5 6382
8911 4 6382
6432 3 6383
866 2 6383
6216 4 6385
4054 3 6386
4706 5 6387
3737 4 6387
4177 5 6388
586 1 6389
4275 3 6389
5165 2 6390
5545 2 6390
7040 3 6391
7654 3 6392
4994 5 6392
4000 4 6394
2133 4 6397
5810 4 6398
8309 5 6398
8089 2 6399
3441 4 6399
419 2 6400
5423 4 6400
2570 4 6401
7377 1 6401
5297 1 6402
4825 2 6403
5109 3 6403
3493 2 6404
4648 5 6404
5901 3 6406
1823 2 6407
7625 4 6407
3409 3 6408
2855 1 6409
9600 2 6409
4274 3 6413
3567 1 6413
384 4 6414
3292 5 6414
4592 2 6415
8714 4 6415
8406 5 6416
3066 5 6416
2163 3 6417
7821 2 6418
4411 3 6419
7209 4 6421
2393 4 6421
3153 2 6422
1756 2 6423
9852 4 6424
4595 4 6425
5404 3 6426
8796 2 6427
4711 3 6427
9880 1 6429
6737 5 6430
2492 5 6430
6618 1 6432
907 5 6434
8998 1 6435
9988 3 6439
5093 5 6439
3946 2 6441
8059 1 6441
5954 3 6443
4891 5 6445
336 5 6446
5238 1 6446
6696 3 6447
6510 2 6448
9574 1 6450
4470 4 6450
4983 2 6452
4514 1 6454
2179 5 6456
9857 5 6457
8298 1 6457
6731 1 6458
3492 4 6458
5665 4 6461
1576 3 6462
3152 4 6464
2088 3 6465
863 1 6465
5566 4 6468
9626 2 6468
1589 4 6469
3103 4 6472
1352 4 6475
1020 4 6475
2395 5 6476
1703 2 6477
4323 1 6477
9926 3 6480
1102 2 6481
569 3 6484
148 2 6484
8669 1 6485
8595 3 6485
9851 1 6486
730 3 6486
9762 5 6487
8447 4 6488
3027 4 6488
5819 3 6490
1211 1 6491
4322 3 6491
37 5 6494
9346 3 6496
4401 2 6497
6385 2 6498
4240 5 6500
3999 1 6501
3065 5 6501
6400 2 6505
8408 2 6505
2608 2 6508
8921 3 6509
38 5 6511
5386 1 6513
5346 3 6513
7255 3 6514
1417 3 6515
3830 1 6515
5642 2 6516
2608 5 6518
1169 1 6518
3006 1 6522
334 1 6525
8316 5 6526
5054 2 6527
3474 1 6527
2210 2 6529
4013 5 6529
599 3 6530
6710 3 6530
5360 5 6531
9536 2 6531
6544 2 6532
9284 4 6533
3642 2 6533
9090 4 6534
4916 5 6534
9705 1 6535
7715 5 6535
3352 2 6536
8317 2 6536
81 5 6537
1272 1 6539
3096 2 6540
1087 3 6543
8985 5 6543
2551 5 6545
3865 3 6546
4575 5 6546
8305 2 6547
7768 1 6548
9576 1 6551
4477 1 6552
6083 5 6553
7859 1 6555
6101 3 6556
1816 4 6557
8245 2 6557
1469 5 6560
4944 1 6561
5839 5 6562
9953 1 6564
7665 5 6564
7840 3 6566
385 5 6568
9267 4 6569
196 4 6570
2263 4 6570
6465 3 6571
4994 3 6571
2485 1 6576
6950 5 6576
5408 5 6578
3057 1 6579
3727 1 6580
3769 3 6580
9019 1 6581
3343 5 6581
5919 4 6583
4762 5 6583
1467 4 6584
2047 1 6584
9910 4 6585
689 2 6586
1611 1 6587
7063 1 6587
8852 2 6588
7703 4 6588
3934 1 6589
1880 4 6590
5855 3 6590
3949 5 6592
6737 3 6592
2825 1 6594
7468 4 6594
5251 2 6595
2947 4 6597
8616 2 6598
6429 5 6599
7714 2 6600
9721 3 6600
9585 4 6601
9767 4 6602
7290 1 6603
9399 4 6605
2251 1 6605
4416 2 6606
524 5 6606
5988 4 6607
2773 5 6608
4879 2 6608
2240 5 6610
1128 5 6610
7044 4 6613
129 5 6616
456 3 6619
9311 5 6619
1271 1 6620
9923 5 6623
7068 2 6624
3011 3 6625
7585 3 6625
5804 1 6627
1143 1 6627
9484 5 6628
2630 5 6628
7478 1 6629
9586 2 6631
409 1 6631
1620 4 6633
8225 2 6634
9653 3 6636
6494 3 6636
1397 2 6639
6606 2 6640
3782 5 6641
8688 1 6642
5295 3 6643
9278 1 6643
113 4 6645
6208 2 6645
3977 1 6646
9270 4 6646
9194 2 6647
8173 2 6649
6580 5 6649
282 2 6650
2037 4 6650
4912 3 6653
5395 2 6653
2173 2 6657
3953 5 6658
5531 4 6658
1605 5 6659
1980 3 6659
4035 5 6660
8551 1 6660
9496 2 6661
5343 3 6661
3854 3 6662
4847 4 6663
6174 1 6664
9217 2 6665
3361 5 6666
9759 1 6667
4755 1 6667
577 2 6669
1715 1 6671
9026 3 6672
5659 4 6674
8619 3 6679
9414 5 6679
6641 3 6680
9981 3 6682
8758 2 6682
5752 3 6684
3831 4 6684
6983 3 6685
3843 1 6686
5268 2 6686
8969 2 6690
356 2 6690
2334 5 6691
5086 1 6691
7515 5 6692
7454 1 6692
416 1 6693
2034 1 6694
1815 5 6694
7161 5 6695
5770 2 6695
9536 5 6697
4962 5 6698
4116 4 6698
131 3 6700
8144 4 6702
1943 4 6704
2180 1 6706
6635 1 6708
7216 4 6710
6273 3 6711
5402 5 6711
5556 4 6714
9274 4 6714
8716 4 6715
1477 2 6715
6646 2 6718
7827 1 6718
8258 2 6720
2554 2 6722
7817 1 6723
4324 2 6724
2409 4 6724
3082 2 6725
8766 4 6725
8146 4 6727
2984 4 6727
5614 5 6729
2282 2 6729
3677 1 6730
5548 5 6730
2023 5 6731
3559 3 6731
5104 2 6732
5407 4 6733
6446 5 6733
2395 1 6734
8243 3 6734
6298 5 6735
319 1 6736
9315 1 6736
9345 2 6737
2615 4 6738
1956 3 6738
9062 1 6739
1848 1 6740
2360 4 6741
7732 3 6741
6994 2 6743
9467 4 6743
274 5 6746
5294 3 6747
1299 1 6748
2641 3 6748
7245 4 6749
5997 2 6751
2286 5 6751
5787 4 6755
5976 1 6755
5425 4 6756
2538 4 6759
1983 3 6759
5747 3 6760
8874 1 6760
2821 2 6762
9316 5 6762
9749 2 6763
8061 1 6763
1957 3 6764
1199 2 6764
2234 5 6765
9620 2 6765
1681 5 6766
7462 1 6767
1443 1 6768
2773 1 6769
9639 5 6769
9887 5 6770
7820 5 6771
3390 3 6772
2261 1 6772
2894 4 6773
6196 2 6773
7915 1 6774
6523 1 6775
9476 3 6776
296 1 6778
4485 3 6778
946 4 6783
7088 3 6783
9838 2 6784
3504 3 6785
5805 2 6785
455 5 6786
5972 3 6787
3434 3 6787
1071 2 6788
37 4 6788
5537 3 6790
3237 5 6791
4171 2 6791
6156 2 6793
5958 5 6794
1893 3 6795
4919 4 6795
2533 1 6797
7991 1 6797
4520 4 6798
4190 5 6798
754 1 6799
9696 2 6799
2773 5 6800
1163 2 6800
8069 5 6801
3808 4 6801
6413 5 6804
1814 1 6804
2606 1 6805
6258 4 6807
9546 2 6807
8474 4 6809
9941 2 6809
6289 1 6810
8137 1 6810
8144 3 6812
3746 5 6814
9860 5 6817
2842 5 6817
9466 4 6819
5241 4 6819
5292 4 6820
9552 4 6820
5887 4 6821
9982 5 6821
2710 1 6822
7727 1 6822
5684 4 6825
152 5 6826
7109 2 6829
4573 4 6830
6652 4 6832
3877 1 6832
9058 1 6834
4845 3 6835
3937 5 6835
8216 4 6839
9815 5 6840
3066 2 6842
9074 1 6843
5338 3 6843
8665 5 6848
4536 3 6848
9153 2 6849
8793 4 6850
1923 4 6851
5910 1 6851
349 3 6853
5616 3 6853
3251 3 6855
8444 4 6856
3773 2 6856
3122 2 6857
513 5 6857
3677 4 6859
4032 1 6861
5848 2 6862
5727 3 6863
377 4 6863
2816 4 6864
33 4 6865
3541 5 6865
8291 4 6866
7000 2 6867
7935 3 6869
5757 3 6869
271 4 6870
4135 1 6872
2551 5 6873
7734 5 6873
7621 2 6874
368 2 6874
1065 2 6875
4453 3 6875
8294 5 6877
5860 3 6877
4513 4 6878
8011 5 6878
2170 1 6879
1961 1 6880
7056 3 6880
5416 2 6881
2619 4 6881
9711 4 6884
5418 4 6884
8324 5 6885
9440 1 6887
2622 5 6888
6826 4 6889
9911 5 6889
9211 2 6891
6655 5 6891
1484 3 6895
6151 3 6897
4845 4 6897
4787 3 6898
9744 3 6899
3103 5 6901
1829 3 6902
5760 4 6904
6527 3 6905
3888 2 6906
3292 1 6906
3030 3 6909
7435 3 6910
3165 4 6911
7935 1 6912
1429 1 6912
6655 1 6914
7654 1 6914
1977 3 6915
564 1 6916
8139 5 6920
5063 3 6921
6549 5 6921
6339 3 6922
5589 2 6922
2113 4 6923
8488 1 6924
8924 4 6926
8136 1 6926
3537 5 6927
4035 5 6928
8558 2 6928
4778 5 6929
8490 5 6930
1850 3 6931
490 4 6932
2427 2 6933
1867 4 6933
9844 4 6934
4774 2 6935
322 4 6935
9502 2 6936
8760 4 6936
9249 1 6937
2497 1 6938
1366 2 6939
9131 4 6940
6043 2 6940
9269 2 6941
3067 4 6942
8274 2 6942
2939 1 6944
3188 3 6944
8024 5 6945
6546 5 6949
5510 4 6949
87 5 6950
1422 3 6951
3911 1 6953
474 1 6953
1403 3 6954
7724 2 6955
1355 2 6955
5573 3 6956
3966 4 6956
3077 5 6957
3999 5 6959
5135 4 6959
5689 5 6960
3736 5 6960
5825 3 6961
1590 3 6961
8177 5 6963
7285 1 6964
1455 3 6965
685 4 6965
9660 5 6967
9421 3 6969
8270 5 6970
1282 4 6970
8710 3 6971
4287 5 6972
1248 3 6973
8783 3 6973
2855 4 6974
4312 5 6975
842 5 6975
7850 1 6978
2812 3 6978
5121 3 6979
7723 1 6979
252 4 6980
820 3 6981
4270 5 6981
3452 1 6982
9193 3 6983
5397 5 6984
7924 1 6987
969 2 6987
912 1 6989
4681 2 6989
9735 3 6990
6703 4 6991
377 4 6992
9508 4 6993
4733 1 6994
9287 2 6994
2878 5 6997
3637 4 6997
992 5 6998
4234 5 6998
6626 4 6999
3545 5 6999
2626 4 7000
8987 1 7001
5574 4 7002
9885 1 7002
8188 3 7006
9836 5 7007
6294 2 7007
4514 1 7011
1411 1 7012
78 3 7012
5200 3 7013
5789 4 7014
5753 5 7014
4047 3 7015
2693 3 7017
5641 4 7019
3440 2 7020
4062 2 7021
6809 1 7024
1936 4 7025
1728 5 7025
2641 1 7026
390 2 7026
9276 3 7028
6726 4 7028
8998 4 7029
5226 4 7029
4847 1 7030
4459 2 7030
7806 3 7031
2652 3 7032
9884 1 7033
9675 3 7034
947 1 7035
6767 5 7036
56 2 7037
9728 3 7037
2433 3 7038
9329 2 7038
2257 4 7039
1778 4 7039
1477 4 7040
4616 1 7041
9185 5 7041
4587 2 7042
6828 2 7042
7762 5 7043
3796 2 7044
2421 1 7045
123 5 7046
3666 1 7049
8957 2 7050
3704 4 7051
2489 2 7052
6580 4 7052
499 5 7053
7950 4 7053
9918 4 7055
7867 4 7057
3673 1 7057
9667 2 7058
7275 3 7058
7653 4 7059
6505 3 7059
2159 1 7060
2063 1 7062
468 2 7062
8632 4 7063
7293 2 7064
2625 2 7067
159 5 7067
8398 1 7069
6471 4 7070
2303 2 7072
1632 2 7072
2483 3 7073
955 4 7073
2743 1 7075
2744 2 7076
2553 5 7079
7627 1 7083
8261 5 7083
9439 4 7086
6340 1 7086
9430 1 7089
466 4 7089
7618 5 7091
8152 3 7091
151 5 7092
2702 5 7093
548 1 7093
8333 1 7095
9229 2 7097
5575 1 7099
6378 2 7099
2460 1 7100
4569 1 7100
4114 1 7101
6307 5 7101
6848 4 7103
2104 1 7104
4136 4 7104
5939 1 7105
9538 3 7106
3547 4 7106
7068 1 7107
9877 5 7107
5086 2 7108
9891 5 7108
4888 3 7109
6737 5 7111
3629 5 7111
4578 5 7112
1559 5 7112
428 4 7113
5251 3 7115
8149 2 7117
999 3 7117
4546 4 7118
6438 2 7119
9738 3 7120
9404 1 7120
8860 3 7122
3824 4 7123
3085 3 7123
1893 5 7127
1252 2 7127
9802 4 7128
9124 4 7128
2334 2 7129
3355 5 7131
352 3 7131
4543 2 7134
8804 5 7134
9824 4 7135
1687 4 7137
1695 4 7137
5895 1 7140
859 4 7140
188 5 7141
7220 2 7142
7184 2 7144
9296 2 7144
4397 1 7145
4339 5 7146
5898 5 7146
7079 2 7147
998 2 7147
6331 2 7148
7845 1 7149
2465 3 7150
8402 4 7150
6671 5 7151
9368 1 7151
5271 2 7153
1251 5 7154
3178 2 7155
1791 3 7156
1788 1 7156
8055 1 7159
1198 4 7160
465 5 7160
7119 1 7164
5661 4 7165
1453 5 7166
9959 2 7167
5651 5 7167
8289 3 7168
110 5 7169
1279 5 7169
3601 4 7170
8611 1 7171
1501 3 7172
5611 2 7172
9590 5 7173
9043 3 7175
7802 2 7176
1641 5 7178
184 4 7179
4359 5 7179
5988 5 7181
3319 5 7181
4227 2 7182
6242 4 7184
8911 3 7185
92 4 7186
6217 4 7187
3003 4 7188
5727 3 7190
8112 5 7192
8820 5 7193
6930 1 7195
1153 1 7195
2726 2 7197
2942 4 7198
5687 5 7199
6018 3 7201
7027 5 7201
2620 5 7202
1051 5 7202
6242 2 7204
4017 2 7205
7073 5 7205
9882 5 7208
2080 2 7208
1606 1 7209
5247 1 7209
696 3 7210
9583 4 7211
1013 4 7211
8965 5 7213
733 2 7213
5869 1 7214
3766 2 7217
2890 1 7218
1132 3 7220
4360 3 7220
7078 3 7221
6853 5 7221
4580 4 7222
2534 3 7222
60 2 7223
6918 2 7227
8997 4 7227
4824 5 7228
1161 4 7229
7499 4 7229
3791 5 7232
9488 5 7233
5105 2 7233
4883 1 7236
5904 3 7238
6836 1 7238
3606 2 7239
3812 3 7241
7025 4 7241
4501 4 7243
5413 4 7243
5771 1 7244
1364 3 7246
4945 1 7246
753 2 7247
5493 1 7249
4201 5 7249
605 4 7250
5304 4 7252
9063 2 7253
953 1 7254
3078 4 7257
2858 3 7258
2211 2 7258
1289 2 7259
628 3 7259
8307 2 7261
1198 4 7261
694 5 7262
1959 5 7263
4371 5 7263
8107 1 7264
2155 4 7264
8500 4 7265
2106 4 7265
7809 3 7266
4487 2 7267
6660 2 7267
9680 1 7268
1103 4 7268
7263 2 7269
1431 3 7269
1019 3 7270
1061 1 7271
1571 4 7271
1109 1 7272
4066 1 7272
6356 3 7273
1635 5 7273
6971 2 7275
9231 3 7276
808 1 7276
2493 4 7277
8758 4 7278
6670 2 7279
5512 5 7280
8029 5 7285
780 5 7287
9389 4 7287
7029 3 7288
5355 2 7290
2650 1 7291
9637 5 7293
9675 3 7293
4483 3 7294
6721 4 7294
9125 5 7295
3 1 7295
6472 2 7296
2300 5 7296
6095 2 7299
2294 2 7301
8650 4 7301
1779 1 7303
5234 1 7303
7292 3 7304
4717 4 7304
1456 1 7307
4443 2 7307
7877 2 7308
7439 5 7308
3541 2 7309
5544 5 7309
8469 1 7311
146 1 7311
4220 3 7312
1403 3 7313
4610 2 7313
9377 4 7317
7326 1 7317
8962 2 7319
6949 4 7320
5531 5 7320
7844 5 7321
5458 4 7322
687 5 7322
5543 4 7324
3949 5 7324
3597 1 7325
7442 1 7325
2515 5 7327
2218 3 7327
343 1 7329
6192 3 7330
8033 3 7331
223 1 7331
8279 1 7332
3399 1 7333
1892 2 7334
7869 1 7334
5901 2 7335
3795 2 7336
6214 2 7336
5465 2 7337
8473 4 7337
8900 1 7339
7949 1 7339
8865 3 7344
3123 4 7346
7761 3 7347
4820 3 7348
5760 3 7348
7849 2 7349
7644 4 7350
2111 5 7351
769 2 7352
6196 2 7353
8695 5 7353
3671 2 7355
7227 2 7356
7149 1 7357
6045 2 7357
1936 1 7359
5828 4 7359
9719 3 7360
4859 4 7362
1586 4 7363
1515 1 7363
5208 5 7364
5992 3 7365
8409 4 7366
1052 2 7366
1042 1 7367
3748 1 7368
7273 2 7368
6174 3 7369
6444 1 7369
3881 5 7371
8459 5 7372
5431 2 7373
4626 1 7373
5819 4 7374
8372 3 7375
8024 4 7376
6328 3 7376
2849 5 7377
1101 4 7377
6700 4 7378
4258 1 7379
6431 5 7380
9157 1 7381
6964 1 7381
282 3 7383
7857 1 7383
7664 2 7384
9341 2 7384
7264 4 7385
1762 2 7385
3896 4 7387
6706 2 7387
4104 5 7389
3432 2 7391
88 2 7392
6299 2 7392
5976 5 7394
5489 4 7395
3857 4 7395
9026 1 7396
5296 1 7396
2617 5 7397
1522 5 7398
7362 1 7399
3719 4 7399
3893 3 7400
6078 5 7401
3744 2 7401
8974 1 7402
9768 3 7404
4061 2 7404
7985 2 7405
9985 3 7407
758 2 7407
48 4 7408
9936 4 7409
8364 3 7410
3436 5 7410
808 4 7411
449 4 7412
108 1 7412
6791 3 7413
1278 5 7413
4776 4 7414
1221 4 7415
1515 2 7417
1131 2 7417
9891 4 7418
4449 1 7419
7354 2 7419
9466 4 7420
7611 3 7420
8384 4 7422
6366 5 7422
2866 1 7423
691 1 7423
1014 5 7425
1267 2 7426
2282 1 7427
9937 5 7428
6366 1 7428
3937 1 7429
9633 3 7429
9580 1 7430
1048 3 7430
5846 4 7431
1017 3 7434
3313 3 7434
3049 1 7435
9087 1 7436
9718 3 7437
5531 2 7437
3354 4 7439
2846 2 7442
7429 4 7442
3074 5 7443
7251 2 7444
2561 2 7445
8432 3 7445
1219 5 7447
3019 3 7447
5915 3 7448
9284 3 7448
2902 2 7450
1461 5 7450
4105 1 7452
4328 5 7453
2583 2 7454
2398 5 7456
6858 3 7456
8643 4 7457
2454 2 7457
4127 4 7458
5583 5 7458
6213 4 7459
7590 5 7460
347 4 7460
9395 3 7461
9666 1 7461
7664 2 7462
4704 1 7462
3100 5 7463
9111 3 7464
1047 4 7465
828 4 7466
2018 5 7467
39 2 7469
1216 3 7471
2477 5 7471
8328 3 7472
1513 2 7474
3493 3 7474
9902 4 7477
6944 2 7478
5599 1 7479
4648 3 7481
9251 5 7482
4880 3 7483
5951 1 7483
1946 4 7484
6214 5 7484
2895 5 7485
3139 4 7485
5212 5 7487
5986 3 7488
6695 2 7488
4105 4 7489
1686 4 7489
7178 1 7492
3058 5 7492
9173 4 7493
4275 2 7493
4546 2 7495
1872 3 7495
3910 2 7496
3853 2 7496
4906 4 7499
6060 4 7500
7520 1 7501
8054 2 7502
3391 3 7502
50 4 7503
6536 1 7505
4990 5 7505
8305 5 7506
1362 3 7507
3869 5 7507
4770 4 7508
9365 2 7508
9630 3 7509
7074 2 7509
6974 5 7511
1781 4 7512
1881 1 7512
7356 3 7513
8340 5 7514
660 4 7516
6162 4 7518
2428 3 7518
7172 1 7519
3257 5 7520
9023 4 7520
9125 2 7522
4932 1 7523
4170 5 7523
3221 4 7524
3531 5 7524
4942 1 7525
9504 5 7528
5934 4 7529
550 1 7530
3201 5 7531
2889 1 7531
4809 4 7532
2844 5 7533
6429 2 7533
1386 1 7535
1021 3 7535
6998 4 7536
857 1 7537
9492 3 7537
5645 2 7538
8553 5 7539
596 5 7539
9707 5 7540
2457 3 7540
8523 2 7541
6202 2 7541
7745 5 7542
5842 4 7543
2527 1 7543
7144 1 7544
9941 5 7544
9339 5 7545
1112 3 7546
3630 5 7548
1569 5 7550
5550 3 7550
5429 4 7551
6956 2 7552
7530 4 7553
9644 3 7554
7933 2 7554
7839 2 7555
4503 4 7555
1748 5 7557
1829 3 7561
3048 2 7561
3320 3 7562
2233 3 7563
38 5 7563
1264 5 7566
2561 5 7567
4606 3 7568
7232 2 7568
924 3 7569
8283 4 7570
9973 5 7571
4151 5 7571
5864 5 7573
7741 5 7574
4463 1 7574
8167 3 7576
6555 3 7577
51 3 7578
1259 5 7579
5475 2 7579
502 1 7580
5732 4 7581
4776 3 7582
4277 4 7584
4791 5 7584
5478 4 7587
7788 5 7587
6400 3 7588
2488 1 7588
4180 1 7589
4352 1 7589
5652 5 7590
1228 1 7593
8263 3 7593
8047 2 7594
6528 2 7595
3236 3 7595
6443 5 7596
6158 3 7597
3161 5 7600
5827 5 7600
4962 3 7601
6414 4 7601
3002 4 7602
8958 1 7603
6337 1 7605
6686 2 7609
6259 3 7609
6518 4 7611
5833 4 7611
351 5 7613
7933 3 7614
897 2 7614
9018 2 7615
7118 5 7615
4849 2 7616
4354 1 7617
5942 1 7617
4327 1 7619
6784 4 7620
6790 5 7620
5105 1 7622
1574 5 7623
1208 3 7623
7370 2 7624
6914 4 7624
6014 2 7625
3107 2 7625
5855 4 7626
8061 2 7626
437 1 7627
4287 3 7628
4426 3 7629
7708 4 7629
9114 5 7631
9379 2 7632
5843 3 7632
4831 3 7634
4073 1 7634
8008 4 7635
3538 4 7635
4796 3 7636
6737 4 7636
9789 4 7638
608 1 7642
2536 3 7643
7433 1 7643
8848 5 7644
3417 5 7645
1404 2 7646
792 3 7646
6813 3 7647
5563 4 7648
9621 4 7648
4989 4 7649
9617 3 7650
7273 5 7650
5493 2 7651
2600 1 7652
3831 1 7652
2137 3 7653
7102 5 7654
885 2 7655
6423 4 7658
639 4 7658
4941 4 7659
9285 2 7660
3598 1 7661
9957 3 7663
2756 5 7663
154 5 7664
5303 2 7664
1035 3 7665
8707 3 7665
3540 3 7667
8426 2 7668
7920 4 7670
9168 1 7671
3305 2 7672
1583 3 7677
2546 5 7677
700 3 7678
6075 1 7679
6242 4 7679
4189 1 7682
9443 3 7683
7834 1 7685
3740 3 7686
136 3 7686
4390 4 7687
6581 1 7687
4004 2 7688
33 2 7689
7226 2 7690
5461 1 7692
5465 3 7693
1587 5 7694
4294 5 7694
2756 5 7695
7118 4 7695
6476 1 7696
9827 5 7696
6665 5 7698
8698 5 7698
9981 3 7699
129 2 7699
4860 5 7701
8508 4 7702
5982 3 7702
3448 4 7703
2086 1 7703
110 1 7704
4146 1 7704
1458 5 7708
1535 5 7709
1557 4 7710
79 1 7710
5068 5 7713
4961 2 7713
5055 2 7714
6765 4 7715
5419 3 7715
8402 1 7717
1882 1 7718
1144 2 7718
9517 2 7720
9553 4 7720
1071 2 7722
3583 5 7722
9495 5 7723
1287 1 7724
6000 1 7724
3152 5 7725
4722 1 7727
3413 1 7729
903 4 7731
472 1 7732
1287 2 7733
7420 1 7734
6969 2 7735
9260 2 7736
6041 5 7736
9285 3 7737
573 3 7737
8241 2 7738
9296 2 7740
8163 2 7740
5077 4 7741
9660 3 7742
6199 2 7742
8534 3 7747
9366 3 7748
8880 2 7748
3581 4 7749
9045 3 7750
7796 1 7751
7673 1 7751
2716 1 7752
554 1 7753
7035 1 7755
1935 2 7757
9160 5 7757
626 4 7761
894 4 7761
9187 5 7764
1934 1 7764
8985 4 7766
5662 5 7766
7855 3 7768
3042 2 7768
9390 3 7770
1146 2 7773
7240 1 7773
824 5 7774
3503 3 7774
5452 1 7777
3537 3 7777
9806 2 7778
3039 2 7779
3176 5 7780
2424 1 7782
6144 2 7782
4146 3 7784
764 4 7784
9572 4 7785
3060 5 7786
3931 5 7787
252 1 7789
6631 4 7789
2612 2 7791
6406 3 7791
2668 1 7793
1621 5 7794
3056 5 7794
8601 1 7796
1934 1 7797
4292 4 7798
1053 2 7799
2077 1 7799
5026 1 7801
2004 5 7802
5644 3 7805
2423 5 7806
4446 1 7806
2420 4 7807
3461 1 7807
9865 4 7810
8003 5 7812
6620 1 7813
1914 4 7813
9917 1 7814
5856 1 7815
6546 5 7816
8605 5 7820
3186 5 7821
1054 4 7825
2670 1 7826
5292 3 7828
14 5 7828
621 5 7829
6161 1 7830
5268 5 7830
2934 3 7834
8535 5 7834
9734 1 7835
8497 4 7835
8657 1 7840
3612 5 7840
5640 5 7841
7223 2 7843
2656 2 7843
9385 4 7844
742 5 7844
1584 1 7846
2098 3 7846
8794 3 7847
8033 1 7847
3147 2 7848
2576 2 7850
3692 2 7850
8556 3 7852
7542 2 7852
6976 1 7853
29 5 7853
8552 1 7854
3711 5 7855
7229 4 7855
5445 4 7856
5221 2 7856
4648 1 7859
4454 2 7859
2813 1 7860
4486 1 7860
6339 5 7865
7226 2 7866
9349 4 7866
4592 2 7867
3430 3 7870
6500 5 7872
5807 2 7872
990 3 7873
3318 4 7876
9855 4 7876
4397 5 7877
6768 2 7877
9333 2 7878
1346 4 7879
5516 1 7882
4698 3 7882
6089 4 7883
9915 1 7883
8000 3 7884
5358 3 7884
4039 2 7885
7284 2 7886
9592 1 7886
6061 4 7890
7202 2 7890
1802 4 7891
7275 2 7891
5576 4 7892
3093 5 7892
6921 5 7893
678 2 7893
8218 1 7894
2188 4 7895
1533 2 7895
8140 4 7897
3799 4 7899
6569 1 7900
3699 3 7901
2462 3 7901
9022 1 7903
4465 2 7903
7353 4 7904
2114 3 7904
187 4 7905
1067 3 7905
5899 2 7906
9511 3 7906
9330 2 7907
2416 5 7907
64 4 7913
5234 4 7914
3839 5 7914
8039 1 7915
6360 3 7915
1624 4 7919
7274 3 7921
6718 5 7921
8309 4 7922
5578 4 7924
8609 4 7924
5391 1 7925
3822 1 7926
3488 1 7927
1550 1 7928
8527 2 7929
5153 4 7931
1999 4 7931
4640 2 7933
4723 2 7934
752 3 7935
6857 5 7935
7450 2 7936
9575 4 7937
31 5 7937
9215 1 7939
7700 5 7939
3350 4 7941
3341 3 7941
9538 4 7942
7587 5 7942
741 4 7944
4017 3 7945
4813 1 7945
5109 3 7946
7111 5 7949
6602 3 7949
3271 1 7951
1749 5 7952
2671 3 7952
651 1 7953
6829 2 7954
5378 2 7955
3563 1 7956
3797 5 7956
8941 3 7957
3150 1 7957
432 3 7958
1723 5 7958
6319 4 7959
6504 2 7960
8505 5 7960
5226 5 7961
3482 2 7962
9977 4 7966
6959 2 7966
7212 4 7967
6290 2 7967
1179 2 7968
3344 3 7971
1203 2 7971
9499 4 7972
6052 4 7974
2004 3 7975
9403 2 7976
7218 2 7976
5917 3 7978
6858 5 7979
4165 1 7979
4960 4 7980
1574 5 7980
1382 2 7981
557 1 7982
3631 3 7985
472 4 7985
7126 1 7986
3213 3 7986
6598 4 7987
8096 3 7987
1860 4 7988
2833 3 7989
1891 4 7990
1597 1 7990
1466 2 7991
8871 4 7991
8847 1 7992
2762 3 7992
8680 5 7993
4833 1 7994
673 5 7996
1097 4 7996
368 1 7997
7284 1 7998
4484 5 8000
2249 3 8001
9006 1 8002
8487 1 8002
4840 4 8003
2944 5 8006
3932 5 8006
8473 1 8008
867 2 8008
6102 5 8009
2205 5 8012
672 1 8016
7322 2 8017
9376 4 8018
5848 1 8018
4690 3 8019
2748 3 8019
425 3 8021
9204 1 8022
6494 3 8026
3398 2 8026
8368 5 8027
3837 4 8028
6012 3 8028
2523 4 8030
6700 5 8030
6756 5 8031
5520 2 8032
5192 2 8033
4988 5 8033
2211 4 8035
8568 3 8036
6437 2 8037
4669 1 8039
8879 5 8041
2945 3 8041
7471 1 8042
7057 2 8043
6455 3 8043
816 1 8045
7565 1 8046
1442 5 8047
7814 3 8048
2269 4 8048
2513 3 8049
379 2 8050
8535 1 8050
2704 5 8051
1455 2 8052
4272 4 8052
295 4 8055
7554 5 8058
1938 2 8060
9243 5 8062
2325 2 8062
9512 4 8063
2952 5 8063
6302 1 8064
5478 5 8065
2037 1 8065
5967 5 8066
5850 1 8067
2337 5 8067
9634 5 8068
64 1 8068
8644 3 8069
9615 1 8070
7229 3 8070
6929 3 8071
6550 4 8072
9493 4 8076
8983 2 8076
7471 4 8077
3083 4 8078
2675 5 8079
9589 5 8079
7370 1 8080
9372 4 8080
790 1 8081
9939 2 8081
2074 2 8083
3793 4 8084
2528 5 8087
9385 5 8087
947 4 8088
4821 1 8088
8525 5 8089
2182 1 8089
1121 5 8092
7045 3 8092
4147 5 8095
1864 3 8095
6577 3 8096
2862 3 8097
9656 1 8100
3105 1 8101
3646 1 8104
5116 4 8104
415 3 8105
3894 3 8107
4421 2 8107
6246 1 8108
4016 2 8109
354 2 8109
1170 3 8111
2459 5 8112
1825 5 8112
8792 3 8113
5300 1 8114
9118 3 8114
3831 1 8115
6856 3 8116
477 1 8117
2310 4 8117
9523 5 8118
6815 1 8119
1918 2 8120
125 2 8121
8142 4 8125
6582 2 8126
6845 4 8126
3261 5 8127
1213 1 8131
79 5 8131
4910 4 8132
5177 5 8132
4895 3 8133
6920 3 8133
4931 1 8134
8242 5 8134
4443 3 8135
3846 5 8135
4927 1 8137
8569 5 8138
7354 5 8138
4541 1 8140
5780 5 8145
8197 4 8145
7922 5 8147
2293 2 8147
995 2 8148
9467 1 8148
6000 4 8153
6405 3 8153
387 2 8154
4772 3 8155
8914 5 8155
7502 5 8156
1886 3 8158
4101 4 8159
9094 3 8159
1673 3 8160
5790 5 8162
8924 1 8165
6476 1 8165
9460 3 8166
7642 5 8166
9603 1 8167
4088 3 8168
3300 3 8168
3910 2 8169
8251 5 8169
9560 4 8170
5091 4 8170
1149 4 8171
5142 3 8171
1324 1 8172
188 4 8172
472 4 8173
9703 1 8174
7051 5 8174
4447 3 8175
3349 5 8176
148 2 8176
1016 3 8180
6067 3 8181
5454 5 8182
382 2 8183
9531 3 8183
173 5 8184
9456 5 8184
9871 3 8185
4335 3 8185
6325 4 8186
6876 3 8186
1374 4 8187
1704 1 8187
5253 3 8190
4439 5 8192
7676 1 8193
2169 1 8193
9850 2 8194
7764 2 8196
8528 3 8196
7019 2 8198
178 2 8199
408 2 8199
3856 5 8200
1474 1 8200
777 3 8203
8582 5 8204
1151 5 8204
2383 2 8205
6562 5 8207
9133 3 8207
3712 5 8208
800 2 8210
1774 5 8210
4529 4 8214
6787 2 8215
7999 4 8215
4215 3 8216
5572 1 8216
7639 2 8217
6571 4 8218
5622 1 8218
613 5 8219
8416 5 8219
9888 2 8220
6864 5 8222
7110 2 8222
5037 3 8223
6175 4 8223
2446 5 8224
5023 2 8224
3768 4 8225
1598 5 8227
7990 1 8227
9716 3 8229
3571 2 8229
5800 1 8231
6902 5 8233
1107 1 8234
1051 5 8234
4754 3 8236
663 2 8237
9205 5 8237
4719 3 8239
5297 3 8240
3369 3 8240
1054 3 8241
8484 1 8241
3774 4 8243
529 4 8245
2232 4 8246
8877 3 8247
9186 2 8247
1838 5 8248
2062 3 8248
7498 3 8250
409 4 8250
101 4 8251
3767 3 8252
4554 5 8253
7031 2 8253
4858 5 8255
4507 2 8256
4449 3 8256
4111 5 8257
7053 2 8258
8769 2 8260
6153 1 8260
6603 5 8261
3337 4 8261
3863 2 8263
936 5 8263
891 4 8264
9752 3 8264
8568 1 8266
955 5 8267
4246 2 8268
7393 5 8269
3978 1 8272
2826 2 8272
113 2 8274
1924 5 8275
8867 5 8275
556 1 8279
612 3 8280
8696 3 8282
7941 1 8282
231 5 8283
1018 5 8284
4663 2 8284
2986 5 8285
6151 2 8285
2229 2 8286
1498 2 8286
3237 3 8287
7967 5 8289
2194 3 8289
8592 3 8290
3967 1 8290
144 5 8291
6766 4 8292
7084 4 8292
162 1 8293
2520 2 8293
8675 1 8294
8876 1 8294
9098 4 8295
9281 2 8295
3292 1 8299
6552 1 8299
5248 4 8300
9111 5 8301
7557 1 8302
7374 4 8302
3411 2 8304
492 4 8305
8938 2 8305
2272 4 8306
8716 4 8310
5673 4 8311
9196 3 8312
3550 5 8313
187 3 8314
9772 3 8314
7885 1 8315
1096 1 8316
8971 1 8318
55 2 8319
5518 5 8319
6311 2 8320
7481 4 8320
9205 1 8324
1014 4 8324
6187 4 8325
2218 3 8326
8428 5 8326
7287 1 8327
2563 2 8327
8501 4 8328
3797 4 8330
1068 5 8331
8241 1 8331
5396 1 8333
9573 1 8333
6804 4 8334
4086 2 8335
5169 1 8336
3164 3 8336
6796 1 8337
1963 4 8338
2049 2 8339
3636 2 8341
4278 1 8341
5868 3 8342
1830 1 8342
5581 5 8344
7702 3 8345
2915 4 8345
9610 1 8346
2698 4 8348
8872 4 8349
1896 3 8351
6278 4 8351
3513 5 8352
1440 2 8352
5787 4 8356
3298 1 8356
6150 3 8357
9835 2 8357
4365 1 8358
3007 5 8358
9910 3 8359
5540 4 8360
7591 1 8361
9085 3 8362
6320 2 8362
7332 3 8363
6812 3 8367
1300 1 8367
6461 1 8368
6061 4 8368
8794 3 8371
5176 3 8371
5362 1 8372
9993 5 8372
3047 5 8376
4083 2 8376
6277 3 8377
1449 5 8377
2232 4 8378
3479 2 8380
5031 5 8380
665 2 8382
3769 2 8382
2538 3 8383
3212 1 8383
9244 1 8384
3490 4 8384
4793 1 8386
5286 4 8388
2915 2 8389
4496 1 8390
7383 4 8391
9782 3 8391
7717 3 8392
9168 5 8393
1804 2 8393
6062 3 8395
7936 2 8396
9141 2 8396
4147 3 8398
5839 1 8401
4163 2 8402
1999 4 8402
1654 1 8403
286 4 8403
8819 1 8405
7236 1 8405
6738 4 8406
8174 3 8407
314 4 8409
9265 1 8409
4466 1 8411
1830 3 8414
1217 3 8416
5102 2 8419
1297 2 8419
4433 3 8420
6853 1 8421
5882 1 8422
9541 4 8424
180 3 8426
5388 1 8426
8647 5 8429
5936 1 8429
7052 5 8431
2253 3 8434
4815 1 8434
2182 5 8435
76 2 8435
8819 5 8436
9855 4 8436
7515 2 8437
3763 3 8437
1380 4 8438
9807 3 8438
7401 4 8439
8678 5 8439
1959 3 8440
6515 1 8440
3848 5 8442
1288 1 8442
6061 3 8443
3069 2 8443
3456 4 8444
5175 4 8444
876 3 8446
4076 5 8447
2837 5 8447
5992 1 8449
9816 2 8449
2664 2 8450
8818 4 8450
4466 3 8453
501 2 8453
4865 1 8454
7187 5 8454
8915 3 8456
9961 5 8458
5880 5 8458
7257 5 8459
1385 3 8460
4941 3 8462
4935 4 8462
3163 2 8463
4400 2 8463
3165 5 8466
6796 5 8467
8371 1 8468
7491 1 8469
8663 5 8469
4717 3 8471
7947 1 8471
8218 3 8473
2736 2 8474
2515 5 8474
7014 4 8475
6003 2 8475
8646 3 8476
8077 3 8477
795 2 8478
1781 3 8478
2196 3 8479
5311 1 8479
5361 2 8480
3454 4 8481
6430 1 8481
5622 1 8484
5971 2 8485
1120 3 8486
9634 1 8487
500 2 8487
8650 3 8489
5897 3 8490
7348 1 8491
1006 2 8491
5746 1 8493
6975 2 8494
4963 1 8497
4075 4 8498
5986 5 8499
6829 4 8500
6753 1 8500
8860 2 8501
9203 5 8501
5272 4 8503
7716 1 8503
6548 4 8504
3136 5 8504
2761 3 8506
9863 4 8506
5614 3 8508
7192 3 8508
2739 4 8509
4250 5 8510
570 5 8511
5533 2 8511
5280 4 8513
6020 4 8513
4194 1 8515
6570 4 8515
869 3 8516
1686 3 8517
329 5 8518
2740 3 8518
3815 1 8521
6078 3 8523
7147 1 8527
1420 1 8528
6336 3 8529
8594 5 8529
8108 5 8530
4660 5 8531
9027 1 8532
7345 2 8533
5063 1 8536
9522 2 8537
2865 5 8539
4876 4 8539
2083 1 8540
6812 3 8540
911 5 8541
5682 1 8541
980 5 8542
9717 4 8542
9393 4 8543
9147 1 8544
8224 5 8547
1836 4 8547
7880 5 8554
725 3 8556
4384 2 8556
8382 3 8557
4921 1 8557
1165 1 8558
9559 1 8559
4415 3 8559
7114 2 8561
6131 3 8562
371 1 8562
3871 1 8564
6772 4 8565
6542 5 8565
2081 4 8566
5277 5 8566
1424 3 8570
3870 2 8570
9083 2 8572
4844 2 8572
1680 4 8573
9790 1 8576
2824 2 8576
2998 3 8577
2801 5 8577
7357 1 8579
5833 4 8580
2572 5 8580
9557 1 8583
8240 5 8583
5504 4 8584
7656 4 8584
1475 5 8585
4882 2 8585
479 3 8586
447 3 8586
5730 3 8588
6669 5 8588
1933 1 8589
9605 3 8591
2124 3 8592
6118 4 8595
9983 4 8595
4959 2 8596
7468 5 8598
8927 1 8602
6361 4 8604
6108 2 8604
7057 2 8605
8799 4 8606
3366 2 8608
900 2 8608
2919 2 8609
8300 1 8610
1032 5 8610
1295 3 8611
1540 3 8613
7793 1 8614
5180 3 8615
6522 5 8616
4569 4 8617
4945 2 8617
5753 1 8618
5294 1 8619
8241 4 8619
1824 2 8621
5101 2 8623
6421 1 8623
9945 5 8626
5825 4 8626
8764 3 8627
4353 4 8627
5696 5 8628
7845 5 8628
973 4 8630
4839 3 8631
1148 1 8632
9977 2 8632
6842 1 8633
773 4 8634
8775 3 8635
2964 3 8639
5400 1 8639
8512 3 8640
6051 4 8640
615 5 8641
105 2 8642
53 3 8642
6315 3 8643
9559 2 8644
672 2 8644
8125 1 8647
8666 2 8647
5203 4 8649
6733 1 8649
6763 3 8651
936 4 8651
5316 1 8652
7907 5 8656
571 1 8658
2555 2 8658
5640 1 8661
7823 5 8663
1479 3 8664
8194 3 8667
7736 4 8667
3084 5 8668
3626 1 8668
216 5 8669
1827 2 8669
4712 4 8670
9622 1 8670
4070 1 8671
9209 2 8672
2531 1 8673
2460 5 8674
3311 2 8675
4847 4 8675
5371 3 8677
8418 5 8678
9211 3 8678
1523 4 8679
7532 1 8680
5302 5 8680
6031 5 8681
9356 5 8682
4880 2 8682
948 3 8683
6354 3 8685
4183 1 8685
3074 1 8686
7030 2 8687
1514 3 8687
14 2 8688
2852 1 8690
8137 3 8690
3267 5 8691
551 5 8691
3369 4 8692
2563 3 8695
2415 5 8698
2152 5 8698
7571 3 8701
4764 3 8701
4227 1 8702
7053 1 8704
3028 4 8704
6822 1 8705
1660 5 8706
2231 2 8706
7039 2 8707
4801 4 8707
5896 1 8713
7674 2 8714
3300 3 8714
7897 3 8715
7690 5 8716
2405 3 8716
4168 3 8718
9837 4 8720
3978 5 8721
9994 3 8724
4136 2 8725
8965 3 8727
7102 3 8730
8986 2 8731
6474 2 8733
4661 1 8733
3461 5 8734
5939 4 8735
1266 2 8738
1364 1 8738
6360 1 8740
5748 3 8740
4277 3 8742
507 3 8743
9575 2 8748
1580 4 8749
4590 2 8749
729 4 8750
8391 5 8750
7895 2 8752
3818 2 8754
703 3 8755
7087 4 8757
4841 1 8757
4004 4 8758
8287 2 8758
7704 4 8759
6481 1 8760
1935 1 8761
9324 2 8762
5680 5 8762
2652 2 8763
1926 4 8763
8593 1 8764
9138 3 8764
7497 2 8765
6038 5 8766
43 4 8767
4178 5 8767
5999 1 8770
5548 5 8771
2273 2 8771
1235 4 8772
4146 1 8772
3104 3 8774
8149 3 8774
7074 2 8775
551 3 8776
9903 1 8776
2411 4 8777
4082 4 8779
889 2 8779
2480 1 8780
9910 1 8781
9530 4 8781
6777 3 8783
1529 5 8784
4080 3 8784
8865 3 8785
764 4 8785
7137 5 8786
276 1 8787
7353 4 8788
9648 4 8788
5682 1 8789
9592 4 8790
726 3 8791
2835 2 8791
9420 1 8792
882 1 8793
5894 5 8794
1196 5 8796
4830 4 8796
5719 2 8797
6433 5 8797
2937 3 8798
4371 4 8798
9671 1 8799
9937 4 8801
2430 1 8802
2334 1 8802
6797 2 8803
5497 5 8804
6979 4 8805
4729 5 8805
5757 5 8806
8663 2 8806
5520 1 8813
9580 1 8813
9280 4 8815
3549 5 8815
9102 2 8816
8644 4 8816
8422 5 8820
3438 3 8822
6786 2 8823
3794 4 8823
2179 4 8824
8248 3 8825
7581 2 8825
9931 3 8829
1041 2 8830
6694 2 8832
2279 3 8833
2268 4 8834
1037 5 8835
5471 3 8835
3780 4 8836
9626 2 8837
6839 5 8838
4809 1 8840
3684 1 8840
292 2 8844
7159 5 8844
9655 5 8845
7322 3 8845
7272 5 8846
7113 5 8846
4670 2 8847
3097 3 8847
438 2 8848
3999 5 8850
9421 5 8852
3608 2 8852
4060 3 8853
2019 3 8853
7292 1 8854
1088 3 8854
1465 4 8855
6200 4 8856
6684 2 8856
2591 4 8857
819 1 8857
4415 3 8858
1362 3 8862
4814 3 8862
9884 5 8865
7885 1 8867
2334 1 8868
5643 5 8869
5232 5 8870
2069 3 8872
4318 3 8872
5254 2 8873
6087 4 8873
8486 3 8874
2634 4 8874
3207 2 8875
1772 4 8875
956 2 8876
8363 4 8876
4767 3 8877
1948 5 8877
3906 2 8881
5917 2 8882
1590 5 8882
42 3 8883
1 3 8885
842 4 8885
7713 4 8887
8367 5 8888
5828 1 8888
8412 3 8889
2161 2 8890
7765 4 8890
2134 4 8891
1448 2 8891
1028 4 8893
7251 4 8894
5133 2 8896
4377 3 8896
6899 4 8897
1645 3 8897
1727 1 8898
9108 3 8900
1384 1 8900
7393 2 8901
3800 5 8901
4388 1 8903
4999 3 8903
6929 3 8904
9082 3 8905
688 2 8905
8132 2 8906
4966 5 8907
7922 5 8907
6220 5 8908
9185 4 8910
9187 1 8910
574 4 8912
578 4 8912
7717 4 8914
3764 5 8915
6947 1 8915
5516 5 8916
5966 3 8916
9108 5 8917
9988 1 8917
1669 4 8918
3686 1 8920
1988 4 8922
7714 4 8922
8034 4 8923
1152 2 8924
5141 5 8924
6396 3 8925
6622 1 8925
5321 5 8926
7330 5 8926
3418 3 8927
3996 5 8928
9765 5 8930
3311 3 8931
4577 1 8931
266 2 8932
890 1 8932
4165 1 8933
8707 4 8934
4458 1 8934
6809 1 8935
4513 5 8936
3206 2 8938
5510 5 8941
4039 2 8942
5663 2 8942
9035 1 8943
7318 1 8943
3700 1 8945
3404 2 8946
5385 5 8948
9539 3 8949
9285 1 8950
5527 1 8950
6634 5 8951
4089 5 8954
291 1 8954
7758 3 8955
5994 4 8955
9822 3 8957
1893 5 8957
1574 4 8958
9742 5 8958
5447 2 8959
6160 2 8959
5059 4 8960
7277 4 8961
6802 2 8961
8051 2 8962
7919 5 8963
5222 2 8967
6737 3 8967
5107 4 8969
8854 3 8969
9986 1 8970
6958 3 8970
9151 2 8971
9324 5 8971
2306 5 8973
8344 4 8973
346 5 8976
7799 1 8976
4770 1 8977
5331 5 8977
5489 1 8978
8034 2 8978
7422 3 8980
3003 5 8982
9601 3 8983
8161 4 8984
2669 1 8984
8496 1 8985
7325 1 8986
4613 3 8987
8662 4 8987
426 5 8988
9491 3 8989
2419 2 8990
1348 5 8990
8349 2 8991
5949 4 8995
5953 1 8995
2534 2 8996
2312 4 8996
2236 4 8997
9479 3 9001
5052 5 9001
4 5 9002
2944 4 9003
4394 1 9004
2203 3 9004
1453 2 9005
9560 5 9006
7865 4 9006
6237 5 9007
7173 4 9007
4961 1 9009
2267 1 9009
590 1 9011
334 5 9011
1064 5 9013
3734 5 9013
8745 5 9014
7384 3 9014
7075 3 9015
6605 4 9015
707 3 9019
3913 4 9019
8080 3 9020
2823 1 9021
9521 5 9021
3239 4 9022
8074 1 9023
46 5 9024
9058 4 9025
1619 4 9025
4110 2 9026
7971 1 9027
8763 4 9027
393 4 9029
2181 1 9029
2955 3 9030
9558 1 9030
3327 1 9031
1168 2 9031
1705 4 9032
9810 2 9034
381 5 9036
4525 5 9038
3309 5 9039
954 1 9039
7371 4 9040
3970 3 9040
6891 1 9042
111 4 9043
2919 4 9043
4552 3 9044
4511 2 9044
505 3 9045
6570 4 9046
4116 4 9047
8871 3 9048
8157 5 9049
9219 2 9050
27 4 9050
3241 4 9051
742 2 9052
3824 5 9053
6847 3 9053
6498 5 9056
6972 3 9057
6595 1 9057
2956 4 9058
7553 3 9058
8630 4 9059
8561 4 9059
1819 5 9060
1214 2 9061
2348 5 9062
3985 2 9063
3142 4 9063
2625 3 9065
4489 2 9065
130 3 9066
3703 2 9069
4988 1 9071
7151 1 9072
399 1 9073
3823 3 9073
8540 2 9074
3326 5 9075
3613 3 9075
9736 3 9077
2940 1 9077
4980 4 9079
675 5 9080
5616 3 9082
8247 2 9082
3851 3 9083
1966 4 9084
882 4 9087
4974 5 9087
7527 4 9089
2204 1 9091
7721 5 9091
2681 4 9092
3406 1 9093
2748 5 9094
7811 3 9094
6816 4 9095
4792 2 9096
4047 5 9096
4203 1 9098
6750 2 9098
7566 4 9100
48 2 9100
2014 3 9102
4148 2 9102
695 1 9104
3405 4 9105
1829 1 9105
7814 4 9107
6348 3 9110
1984 2 9112
7583 1 9112
6831 1 9114
8157 3 9115
59 4 9115
9546 2 9116
6567 5 9117
3336 1 9117
5505 3 9119
4446 2 9119
4122 4 9121
682 4 9121
1776 2 9124
6821 2 9124
3080 2 9125
253 1 9125
8159 5 9126
1435 5 9126
526 2 9127
722 1 9127
2002 3 9128
8825 4 9128
1495 4 9129
2785 2 9131
8070 4 9131
4977 4 9132
2744 3 9134
4703 4 9135
5579 5 9135
1179 5 9136
6736 4 9137
141 3 9137
9751 5 9138
8499 2 9141
4119 1 9141
2963 1 9142
2112 2 9143
4279 3 9145
2527 4 9146
37 2 9148
6610 2 9149
8161 3 9149
3112 2 9151
3344 1 9152
5822 1 9154
3191 1 9155
7436 1 9155
2050 3 9156
2396 2 9156
331 5 9157
4969 3 9157
6696 5 9160
1302 4 9160
117 2 9161
8108 3 9162
7030 3 9163
4893 3 9163
9009 2 9164
6734 5 9164
6492 3 9165
1696 3 9166
1818 5 9166
7764 3 9167
491 4 9168
8363 3 9169
2994 4 9170
8728 5 9170
407 2 9172
3475 5 9175
6240 3 9175
3949 4 9176
9262 4 9179
6216 5 9179
814 4 9180
3389 2 9181
8167 4 9181
6132 3 9182
7957 2 9185
7941 2 9187
7805 2 9187
5099 5 9188
4341 3 9190
8101 3 9191
2151 3 9191
7435 1 9192
6136 3 9193
1256 4 9193
8517 2 9194
7743 3 9194
2470 1 9195
7442 4 9196
1616 2 9199
7680 4 9199
55 1 9200
7472 5 9203
5208 3 9203
7082 5 9205
6200 2 9205
9069 3 9206
4734 4 9208
2543 5 9208
2849 3 9209
9630 3 9209
7820 3 9210
7925 3 9210
8761 4 9212
100 5 9213
9230 4 9215
739 1 9216
7576 4 9217
556 1 9219
2678 3 9219
2603 2 9220
1832 4 9221
9830 1 9221
7622 4 9223
9741 1 9223
1347 4 9224
2650 3 9226
86 3 9227
8514 3 9227
9885 1 9228
1525 5 9229
5784 2 9230
9466 1 9230
6103 2 9232
1466 2 9233
2563 5 9234
3761 4 9236
4828 1 9236
3896 4 9237
5976 3 9238
960 5 9238
8947 1 9239
4200 4 9240
9917 2 9241
3028 2 9242
8219 4 9243
2172 2 9246
6697 3 9246
9356 4 9248
7672 4 9249
7192 5 9251
8264 5 9253
3906 2 9253
9829 5 9254
7081 3 9257
7253 4 9258
4961 3 9259
2084 2 9259
3532 1 9260
8775 4 9261
1992 1 9264
768 3 9265
3366 4 9266
9719 2 9267
9520 2 9267
2073 1 9268
5392 5 9269
9199 3 9270
7809 3 9272
4894 3 9273
2326 2 9273
2910 1 9276
817 2 9277
4422 5 9279
9660 1 9282
8699 3 9282
327 3 9283
4890 3 9283
9823 4 9287
4046 4 9287
7487 5 9288
7323 2 9290
8990 2 9290
8474 1 9291
5697 3 9292
3544 5 9293
5819 5 9293
6754 4 9295
1717 2 9296
8221 3 9297
9980 3 9297
5052 5 9298
9586 1 9300
9624 1 9302
432 5 9303
1853 5 9304
3122 2 9304
3296 1 9305
6524 3 9306
8555 1 9307
9770 5 9308
7484 2 9310
5365 2 9311
1180 3 9311
8057 1 9312
7886 3 9312
7753 3 9313
9247 4 9314
264 1 9314
94 3 9317
544 4 9320
4244 5 9320
8622 2 9321
9065 4 9322
7823 2 9322
6709 5 9324
2075 5 9324
1957 4 9325
6668 4 9328
11 4 9328
9292 2 9330
8768 1 9330
7214 4 9331
8695 5 9332
5126 2 9333
482 1 9334
9800 4 9334
4927 4 9335
3625 3 9336
290 5 9336
515 2 9337
4720 5 9339
8223 4 9340
8899 2 9340
5360 2 9341
9172 1 9341
4266 5 9344
7199 4 9344
1410 4 9345
2779 4 9346
2566 4 9346
6047 4 9347
2584 4 9348
6254 2 9350
3369 4 9351
8863 4 9351
4047 2 9352
9070 5 9352
1897 2 9354
4356 5 9354
3841 5 9357
4602 1 9357
9289 3 9358
7174 4 9358
6115 2 9359
7056 4 9359
2543 4 9360
8587 1 9361
2915 4 9363
5773 2 9364
9235 5 9364
2979 4 9366
9220 1 9367
554 3 9368
9160 4 9368
103 5 9369
5198 5 9369
4073 1 9370
80 3 9370
5281 5 9371
981 2 9371
7809 2 9373
1973 3 9373
1914 4 9374
4871 2 9375
2121 1 9376
7810 4 9377
6462 3 9378
2730 4 9378
1617 4 9379
4100 1 9379
9774 3 9380
7438 2 9380
8923 5 9382
3709 5 9382
9602 1 9384
6299 2 9384
3313 5 9386
8106 4 9386
6513 1 9388
2288 3 9388
1883 4 9389
3196 5 9389
7330 3 9390
1215 5 9390
5296 1 9391
6850 3 9392
643 4 9393
1828 4 9395
7460 4 9395
8316 3 9396
9047 5 9396
2565 5 9397
9167 4 9397
1224 5 9399
8188 3 9400
2248 1 9401
1568 2 9403
196 3 9403
125 5 9404
3565 1 9404
4527 4 9405
5785 2 9406
7349 5 9408
3530 3 9408
4905 2 9409
9053 3 9410
6163 2 9410
7315 5 9412
4107 3 9412
8329 2 9415
754 3 9415
9469 4 9416
4786 1 9421
9446 2 9422
9457 5 9422
7953 2 9423
4284 1 9427
1497 5 9427
8619 2 9429
2517 5 9429
2154 4 9430
6774 2 9431
6783 3 9431
8040 2 9435
6701 3 9436
3364 1 9436
388 2 9437
1106 4 9438
1520 3 9438
395 2 9440
5882 2 9441
6560 1 9442
5460 5 9442
8943 2 9444
5276 5 9447
5038 5 9447
4936 3 9448
2847 4 9448
5953 2 9449
5401 1 9451
316 2 9453
4352 2 9454
4992 3 9454
6177 5 9457
403 4 9458
9534 5 9459
3704 5 9459
6071 3 9461
4966 2 9462
8333 5 9462
1416 2 9463
4704 3 9463
6632 3 9466
3170 2 9466
2067 2 9467
5687 2 9468
3974 1 9469
4738 3 9471
6764 1 9472
7069 2 9472
1891 1 9473
435 5 9475
6185 4 9476
6870 1 9476
1408 2 9478
7633 5 9479
1883 4 9482
7709 3 9482
3917 2 9483
2715 4 9483
3157 3 9484
7114 3 9485
4645 3 9485
8209 4 9486
9490 2 9486
1294 3 9488
9481 3 9491
2558 3 9491
4607 4 9493
2852 4 9495
8773 4 9495
1034 5 9496
3092 3 9497
7789 1 9500
1072 2 9500
9856 2 9501
2189 5 9501
7406 2 9503
1106 1 9503
8808 4 9505
158 1 9505
3746 3 9506
8321 4 9506
101 1 9509
3311 5 9510
1024 1 9510
2335 4 9513
4495 1 9513
5551 4 9514
9224 2 9514
4631 5 9515
2515 2 9517
2851 5 9518
5377 1 9518
2217 2 9519
4936 2 9519
4743 4 9521
3606 2 9521
298 3 9523
9920 3 9524
933 1 9524
4561 5 9525
9855 5 9525
1990 4 9526
5624 2 9528
9342 4 9529
9378 2 9529
5220 4 9532
1072 5 9532
7769 2 9533
3439 3 9533
972 4 9535
7845 5 9536
9412 2 9536
7672 4 9537
8054 5 9537
7182 3 9538
7811 5 9538
2159 4 9539
1101 1 9539
2098 1 9540
1544 1 9541
2529 1 9541
2388 4 9542
4850 1 9544
2366 4 9545
6023 3 9547
6109 2 9548
2661 2 9549
2347 2 9551
6583 2 9551
803 4 9553
3274 3 9554
8762 1 9554
2196 2 9555
3809 2 9556
6772 2 9556
8843 1 9557
5863 3 9557
4486 5 9558
9284 2 9558
9292 2 9562
9187 4 9563
1985 1 9563
8358 5 9566
9539 3 9566
2051 4 9568
8049 4 9568
8369 5 9569
3784 5 9569
1034 1 9571
9853 1 9571
2013 2 9573
2172 4 9573
3654 1 9574
3602 3 9574
3975 1 9575
9126 4 9576
6739 2 9576
5564 2 9577
1141 1 9577
4620 3 9578
9247 4 9578
2199 3 9582
3284 4 9582
4218 1 9584
2112 2 9585
9421 5 9585
6890 4 9586
110 2 9587
9453 1 9587
4686 4 9589
6431 5 9590
7289 1 9591
6609 2 9592
7576 1 9592
3450 1 9595
5568 5 9595
7742 4 9597
1628 5 9597
5023 5 9598
5961 3 9599
2576 2 9599
2412 5 9600
6978 1 9600
2227 3 9601
4022 2 9601
8172 4 9602
7859 2 9603
9441 5 9603
4183 1 9606
2712 4 9607
5934 2 9607
5174 1 9610
3433 2 9611
6277 5 9612
1815 2 9612
6567 3 9613
487 1 9614
3541 5 9614
9811 2 9615
3004 1 9616
2 5 9618
5321 1 9618
2539 5 9621
9794 3 9625
1077 5 9627
682 1 9627
4789 3 9628
8862 3 9629
8874 2 9630
9066 4 9630
1111 2 9631
9902 4 9632
174 5 9633
7379 5 9633
8916 4 9634
5455 1 9635
9897 3 9638
2436 4 9640
9741 3 9641
4537 5 9641
1532 2 9643
7667 3 9644
5202 5 9644
4599 1 9647
5205 2 9649
4464 5 9650
6987 4 9652
2921 2 9653
4978 4 9654
7028 5 9656
1451 2 9658
9180 2 9658
7972 1 9659
9207 5 9660
6911 1 9660
5082 2 9661
9311 3 9662
6121 5 9663
3783 2 9663
5756 4 9664
7996 4 9664
7322 5 9665
2752 1 9665
6694 1 9666
4791 4 9666
5613 2 9667
8522 4 9669
2002 4 9669
3736 4 9672
3663 3 9673
8296 4 9673
2661 5 9674
5895 2 9674
384 2 9675
8622 3 9676
400 4 9677
9959 3 9677
3797 1 9678
1119 1 9680
7034 4 9682
7829 3 9682
4169 1 9685
7744 3 9685
6980 4 9686
9636 1 9686
1429 3 9687
8460 2 9687
7966 5 9688
6861 5 9689
8973 5 9690
4265 1 9691
8683 2 9691
2975 3 9692
3287 2 9693
441 2 9693
7148 1 9694
6187 4 9694
1781 5 9695
2120 2 9695
8836 5 9696
3002 2 9697
8759 4 9698
1928 3 9701
5168 1 9701
6741 3 9702
5243 1 9704
3241 4 9705
9677 1 9705
108 3 9706
7218 3 9706
9682 5 9707
5749 4 9707
8739 2 9708
8949 2 9709
4339 5 9709
8531 2 9710
3647 2 9713
693 5 9714
1034 5 9714
8547 1 9715
3245 3 9717
4325 4 9717
8602 5 9718
7390 4 9718
5908 2 9719
6106 4 9720
3630 4 9720
6079 5 9722
1943 1 9724
8894 2 9725
1530 2 9726
6771 4 9726
6121 1 9729
8540 5 9729
1543 5 9731
4493 4 9731
1734 3 9733
7131 2 9733
9029 4 9734
2717 3 9734
4668 3 9736
1946 5 9739
7873 4 9742
573 4 9744
5635 1 9744
9126 2 9746
8194 1 9749
4742 2 9749
181 4 9750
4354 2 9750
650 4 9753
9167 2 9755
1805 1 9755
3469 3 9756
3920 1 9756
9298 3 9758
2205 4 9758
7500 2 9759
8833 1 9761
671 3 9761
2676 5 9762
6851 5 9762
2661 3 9763
2021 1 9763
6528 4 9765
507 4 9767
9588 2 9767
6634 3 9768
7963 2 9768
2963 3 9770
5181 2 9771
2592 3 9771
562 4 9772
9917 5 9773
8021 5 9774
5647 3 9775
6229 2 9777
4925 2 9778
9129 3 9781
5888 1 9782
375 1 9782
1224 4 9784
4713 4 9786
6440 1 9787
9643 5 9788
1511 1 9788
155 2 9789
107 2 9789
9453 5 9791
2530 1 9792
3935 1 9793
898 5 9794
8895 1 9794
7562 2 9795
1769 3 9795
3070 1 9798
8666 1 9799
8376 4 9801
4620 3 9801
6756 3 9802
8723 2 9803
1431 5 9804
6096 4 9804
2599 1 9805
7618 5 9805
6768 5 9807
6518 1 9807
5862 5 9808
260 4 9808
3832 4 9809
6042 1 9810
9317 2 9812
341 4 9814
3265 5 9814
3728 1 9815
4476 4 9816
9139 4 9817
8916 5 9820
2836 1 9821
6574 3 9822
5646 2 9822
6669 1 9823
7422 4 9824
5229 3 9824
8200 2 9825
743 5 9825
6137 1 9826
7696 1 9826
8099 5 9827
2730 1 9827
9631 2 9830
2586 2 9831
2565 3 9832
8560 5 9835
9063 5 9837
9850 2 9839
5879 1 9839
3559 2 9841
9705 4 9841
7828 1 9844
9980 3 9844
4532 5 9845
1280 1 9848
5777 2 9850
9244 5 9852
9840 5 9852
395 3 9855
6070 1 9855
7519 4 9856
4889 2 9856
3730 3 9857
1381 3 9860
3961 3 9861
1809 3 9862
8338 4 9864
159 2 9865
4392 5 9866
6053 4 9866
4177 2 9867
4880 3 9867
868 5 9868
3080 5 9869
2654 2 9871
5490 2 9872
6567 4 9873
6818 4 9873
1204 2 9874
9878 3 9874
2132 5 9875
4826 5 9877
777 1 9877
7409 1 9878
7994 1 9880
5921 5 9881
7443 3 9884
778 2 9884
4667 2 9885
5962 4 9885
3094 4 9886
8090 4 9886
5588 3 9887
8299 3 9888
3706 3 9891
607 2 9891
5030 3 9893
6892 3 9893
7988 2 9896
8004 3 9897
1436 1 9901
3593 4 9904
3207 3 9905
8371 3 9906
3018 1 9908
6576 4 9908
4501 4 9910
3606 3 9910
6269 2 9911
3539 3 9914
4747 3 9914
276 4 9915
675 1 9915
496 1 9917
3122 2 9918
2837 1 9918
8973 1 9919
6479 3 9920
1713 5 9922
4298 5 9922
5605 5 9923
6512 3 9923
7837 3 9924
3789 5 9924
3286 2 9925
5007 5 9926
6522 3 9926
4895 4 9927
652 2 9927
8482 4 9934
9905 3 9936
2144 4 9936
681 1 9937
5190 2 9938
1746 2 9938
9322 1 9939
1987 4 9940
3657 1 9942
8590 5 9944
2468 2 9944
7602 2 9946
8472 2 9946
2193 1 9948
2573 5 9948
4628 5 9953
9899 3 9953
205 4 9954
463 3 9954
2303 2 9956
9211 3 9957
401 2 9957
3092 3 9958
3106 4 9959
416 2 9960
17 1 9960
7399 1 9961
1300 4 9964
3507 4 9964
5233 5 9965
7854 2 9965
6332 5 9967
1582 2 9967
3792 4 9969
8812 5 9971
2908 2 9972
9699 1 9972
1236 3 9973
309 2 9976
5380 3 9976
4039 1 9978
7825 3 9978
492 2 9979
4807 1 9980
630 4 9980
7213 5 9984
5474 2 9984
5758 3 9985
8551 3 9985
8915 2 9986
1673 3 9987
7441 5 9989
4412 3 9990
3413 5 9990
2203 1 9991
4527 1 9992
2697 4 9992
874 2 9993
3987 4 9999
3852 1 10002
2060 3 10002
3543 3 10003
5164 3 10005
7614 3 10005
5995 2 10007
422 1 10007
8881 5 10008
1203 4 10008
6071 3 10009
7359 1 10009
6964 1 10010
1973 3 10013
5525 4 10013
7658 3 10014
3507 2 10014
4538 1 10015
1365 5 10016
5678 4 10017
362 2 10017
1827 2 10021
1887 4 10021
597 3 10022
6904 2 10023
4707 1 10024
719 4 10024
9058 1 10025
927 5 10026
1226 4 10027
4148 1 10031
9195 4 10032
8301 1 10033
5308 4 10034
2958 2 10035
8339 1 10038
8176 4 10039
540 2 10039
1222 2 10040
7731 4 10040
2251 2 10042
9854 1 10044
7260 2 10044
8542 1 10045
9703 1 10045
1874 4 10049
9195 1 10052
5428 5 10053
5564 3 10053
814 5 10054
124 2 10054
5973 3 10055
2109 3 10056
8329 1 10056
8829 2 10057
8075 3 10059
2438 5 10060
8009 4 10062
7239 3 10064
7391 3 10064
8540 4 10065
7924 2 10065
9700 3 10066
6151 1 10067
2253 2 10068
9971 1 10068
648 5 10069
6318 2 10070
8179 4 10071
861 4 10071
1682 3 10075
7475 1 10075
7969 1 10076
3479 1 10077
9957 4 10078
1751 5 10078
4813 2 10079
3364 2 10080
317 1 10081
5740 4 10081
8544 4 10082
1036 3 10082
89 5 10083
2437 1 10083
1036 4 10087
4789 1 10090
5463 2 10091
4109 2 10093
9623 5 10094
6905 4 10095
1694 1 10097
6303 4 10097
5232 4 10098
8231 4 10102
4857 2 10103
6925 2 10104
6400 4 10107
4699 1 10109
3614 2 10110
6839 4 10111
7877 3 10114
2510 2 10114
7761 3 10117
393 1 10118
5122 1 10118
2595 5 10120
9389 4 10120
9716 3 10122
1177 3 10122
952 4 10124
8135 2 10124
3796 4 10125
1564 3 10128
8632 3 10128
5859 4 10129
5571 5 10129
8779 4 10130
9862 3 10131
1141 3 10132
2829 1 10132
1759 1 10133
7239 1 10133
7001 2 10134
2099 4 10134
3810 5 10136
4209 1 10136
4914 3 10138
5901 3 10138
2356 2 10139
4839 5 10142
2446 1 10142
7063 5 10143
8746 1 10144
6480 2 10146
669 4 10146
1482 5 10147
3391 1 10148
7369 2 10149
7689 1 10150
9542 4 10150
5490 3 10151
6719 5 10151
95 2 10154
8904 4 10155
6561 3 10156
3638 3 10156
1498 5 10157
7598 3 10157
405 1 10160
8254 2 10160
1348 4 10162
8980 2 10164
6807 1 10167
6875 5 10173
8290 2 10175
9546 2 10176
5602 2 10177
9350 2 10177
9354 2 10180
6131 4 10180
5383 5 10181
7284 5 10181
3392 2 10182
1661 5 10183
5815 2 10185
4050 5 10185
2489 1 10186
5381 2 10186
6231 4 10188
4355 4 10189
9114 1 10189
6439 5 10192
8166 3 10192
1965 3 10193
7596 3 10193
3642 5 10194
8311 2 10195
6004 5 10195
1251 1 10197
3253 3 10198
3276 1 10198
7433 1 10199
5307 4 10199
9496 3 10203
1847 1 10203
134 1 10205
2499 1 10206
3108 2 10207
4066 2 10208
783 2 10209
6273 5 10209
8423 5 10210
1391 4 10210
2827 4 10211
7000 3 10213
2887 3 10214
3566 1 10214
90 3 10215
4714 1 10215
4345 4 10216
5679 2 10216
8382 3 10217
568 2 10218
7275 5 10218
6149 5 10219
1434 4 10221
1306 4 10221
1908 2 10226
6429 4 10227
4050 1 10227
8592 1 10228
2665 4 10228
638 3 10230
3073 4 10230
2724 5 10233
6145 2 10234
7663 1 10234
6874 1 10235
8092 4 10235
8117 1 10236
5926 3 10236
2446 4 10237
7395 1 10237
6450 5 10238
9113 4 10239
3441 1 10240
3073 5 10242
9867 5 10243
1763 4 10244
725 5 10245
9636 2 10246
3700 3 10246
5850 1 10247
7851 3 10248
3602 3 10250
2155 5 10251
8065 5 10251
5872 5 10252
3883 3 10252
7893 1 10253
3743 1 10255
1913 1 10255
359 2 10256
8577 5 10257
6689 3 10257
708 1 10260
7619 1 10260
600 3 10262
2830 2 10267
6339 5 10268
4309 3 10269
8724 1 10270
9709 4 10272
7553 2 10272
7595 5 10273
8061 3 10275
7773 2 10275
9478 5 10276
8768 4 10279
1290 4 10280
5802 5 10280
1073 4 10281
6223 3 10281
9251 1 10283
8054 3 10283
2123 3 10284
4355 3 10284
243 4 10285
285 1 10285
4274 2 10286
9537 4 10286
5826 3 10287
8796 2 10287
7377 4 10288
2446 4 10288
1293 4 10289
513 1 10289
4162 4 10291
727 4 10292
2091 2 10293
6832 4 10293
8026 2 10294
3840 2 10295
7892 2 10295
8208 5 10296
2408 5 10297
6465 2 10299
3582 1 10299
3816 1 10300
7488 3 10300
8570 2 10301
7212 4 10301
5286 2 10303
8269 2 10303
3360 3 10304
7475 4 10306
9414 2 10307
8837 5 10307
9019 3 10308
6673 2 10309
4439 4 10310
1898 5 10313
6081 1 10313
8658 2 10315
1096 4 10315
3082 2 10316
3259 2 10316
5229 1 10317
2675 2 10317
2324 1 10319
7074 5 10319
9754 5 10320
7667 5 10322
9330 1 10323
7164 4 10323
5089 4 10324
2793 5 10324
6420 1 10325
9572 4 10326
2117 4 10327
574 5 10328
3223 5 10330
8600 4 10332
109 2 10332
1044 1 10333
6374 5 10334
2513 3 10335
5042 5 10336
140 2 10336
8206 5 10338
6813 3 10340
330 5 10340
9329 4 10341
3681 1 10341
921 1 10342
133 1 10342
1552 4 10343
3540 4 10346
2886 2 10349
6315 3 10350
3649 2 10350
3553 4 10351
1494 1 10352
772 2 10353
1820 3 10354
7971 2 10356
10 5 10356
2373 4 10357
1923 5 10357
1698 3 10358
8925 2 10359
3879 2 10363
8106 1 10363
6458 3 10364
1820 3 10365
9680 1 10366
3437 4 10366
26 5 10367
8190 5 10367
7069 5 10369
921 4 10370
6974 1 10371
1224 1 10371
2481 1 10372
6902 3 10372
8573 5 10376
3303 1 10376
3113 2 10377
7016 4 10377
2596 5 10378
3341 3 10378
9230 2 10380
7963 4 10380
8634 4 10381
9052 3 10381
9464 1 10382
2862 3 10383
7926 4 10385
973 3 10385
5340 1 10387
6420 2 10387
5983 2 10388
5858 5 10388
3855 2 10389
8598 5 10389
7726 4 10390
1463 1 10392
2197 4 10392
8887 1 10395
8275 4 10397
5276 4 10397
6036 4 10398
9012 5 10398
4918 4 10400
1092 1 10400
9239 2 10402
6798 1 10402
6185 5 10404
892 4 10404
1024 2 10405
1482 1 10405
2098 4 10407
1082 2 10407
2479 5 10408
5301 3 10409
2306 2 10409
6262 5 10413
5879 5 10414
5448 3 10415
8940 5 10416
8516 3 10416
8547 3 10417
8811 2 10418
27 1 10419
568 2 10420
5223 4 10420
236 5 10421
658 1 10422
2662 3 10422
7452 3 10425
5521 1 10425
7396 1 10426
7283 3 10427
5910 2 10428
1443 5 10429
6178 2 10431
353 2 10431
8278 4 10432
1844 3 10433
9920 4 10434
4970 3 10435
6159 4 10435
65 2 10436
2839 5 10436
7819 2 10438
4707 2 10439
225 3 10442
6685 4 10442
7766 2 10443
5710 5 10443
6501 2 10445
5293 3 10445
8868 2 10446
8664 5 10446
4955 1 10447
692 2 10447
5428 4 10450
1344 1 10450
8846 2 10451
1266 5 10451
2966 2 10453
4798 3 10453
6911 5 10454
974 5 10454
9242 1 10455
169 1 10456
936 1 10456
6339 5 10457
1357 3 10457
879 4 10461
4695 2 10462
647 4 10463
9502 5 10463
9459 3 10466
1119 3 10466
2274 5 10467
3477 4 10467
7207 5 10470
3921 3 10470
5356 1 10472
3346 3 10473
9170 1 10473
2179 3 10474
5707 5 10475
2885 3 10476
7839 2 10478
9986 2 10478
9583 3 10479
2407 3 10481
3464 2 10482
1892 3 10483
27 1 10483
6369 4 10485
3735 1 10486
5225 4 10488
3763 2 10490
4200 5 10490
5206 4 10491
3279 5 10492
9588 4 10492
3411 2 10493
433 1 10493
2892 3 10494
8937 5 10496
595 5 10496
6236 5 10497
974 3 10497
934 3 10498
2875 1 10498
4003 3 10500
9153 4 10501
5924 5 10501
112 5 10503
7736 4 10503
8339 1 10504
1601 5 10504
6925 1 10505
6365 3 10506
5083 2 10507
6387 4 10507
420 2 10508
1926 4 10509
4347 1 10509
182 5 10510
1653 5 10511
8244 2 10513
9509 3 10514
5276 1 10514
4277 2 10516
3398 5 10517
4600 1 10517
5570 1 10518
2701 1 10518
3221 5 10519
5612 1 10519
443 4 10520
3543 3 10520
6452 1 10521
9999 4 10521
7062 2 10522
5890 4 10522
1748 5 10523
8935 2 10523
1113 2 10524
308 2 10525
9636 1 10526
8864 3 10528
3484 1 10529
8597 1 10529
2241 3 10532
8317 4 10535
7396 5 10537
5253 3 10537
7290 4 10539
4884 1 10539
5311 3 10541
5851 3 10541
1412 1 10544
290 3 10546
411 1 10546
6720 4 10547
9733 5 10547
9785 5 10549
8149 2 10550
4240 2 10550
2200 1 10551
4067 3 10553
4864 4 10556
4402 1 10557
9850 3 10557
6033 2 10559
6015 5 10561
195 5 10562
8231 2 10562
9747 4 10563
4621 5 10563
1314 4 10564
5742 1 10566
508 4 10566
6512 5 10567
4702 1 10568
3346 3 10568
2421 2 10569
2811 3 10569
4226 5 10571
223 1 10572
9050 3 10572
6781 3 10573
96 5 10574
2699 1 10574
3538 5 10576
7557 5 10577
9009 5 10577
7587 2 10578
9735 3 10578
8590 3 10579
5023 2 10579
5937 1 10582
4728 4 10584
8101 2 10584
3672 2 10586
4932 2 10586
9304 2 10588
2752 1 10589
3495 5 10591
8805 1 10591
222 4 10592
3915 2 10592
7275 1 10593
9103 4 10594
8232 1 10595
3584 4 10596
7847 5 10596
6016 5 10597
188 2 10598
1399 4 10599
5545 5 10600
6947 4 10602
4770 4 10604
1579 3 10605
9831 3 10605
4427 1 10606
284 3 10607
3830 5 10608
7527 1 10610
4021 1 10610
1915 5 10611
525 5 10612
672 2 10612
80 4 10613
9987 4 10613
7860 1 10616
2001 5 10617
507 1 10617
1901 5 10618
5687 5 10618
1861 5 10620
2738 4 10620
5686 4 10622
8745 2 10622
679 5 10623
3352 4 10624
3760 2 10625
6661 2 10625
4982 5 10627
1364 4 10628
9642 1 10628
2598 1 10629
2244 5 10632
5335 5 10632
4446 2 10633
4261 3 10634
4462 4 10634
8425 1 10636
1846 2 10637
2232 1 10638
8513 2 10639
2496 5 10639
5163 1 10642
5513 4 10642
4878 1 10644
3987 2 10644
6658 1 10645
6775 4 10647
3950 2 10650
9839 3 10650
5446 1 10651
3121 4 10652
9548 5 10654
1225 1 10654
5706 1 10655
2371 2 10655
3978 2 10657
5522 3 10658
5809 5 10658
6057 5 10659
9807 3 10661
3745 2 10661
7074 5 10663
2136 1 10663
4154 4 10665
9909 5 10666
3044 4 10667
1545 2 10667
8970 4 10669
5577 1 10677
3295 5 10678
1697 3 10678
1857 2 10679
8526 3 10680
6020 2 10680
8730 3 10681
1686 1 10681
862 4 10682
9513 3 10682
4552 3 10683
6753 1 10683
4589 5 10684
2515 4 10684
593 3 10687
8199 4 10688
5328 5 10691
5081 3 10692
3592 1 10692
5765 1 10694
3336 1 10694
8279 3 10695
6196 5 10696
2607 3 10696
416 1 10697
346 5 10697
4534 1 10698
3186 4 10699
525 4 10700
6250 3 10701
7663 3 10702
3491 5 10705
17 3 10705
1775 3 10707
7082 5 10709
8552 4 10709
3589 4 10710
5059 5 10710
714 5 10711
8735 3 10711
9098 2 10712
3923 3 10712
3420 2 10714
2360 3 10717
3508 5 10717
7828 5 10718
4382 5 10719
8185 4 10719
1122 2 10721
9926 5 10723
4720 4 10723
585 5 10724
900 2 10724
9649 2 10725
4822 4 10726
313 5 10726
6879 4 10728
3207 3 10728
6952 3 10730
6427 5 10730
8651 1 10731
6203 5 10731
3038 3 10733
2869 5 10737
1561 2 10737
8254 2 10738
2069 3 10738
8656 2 10739
5107 4 10740
9017 4 10741
1351 1 10742
5542 4 10742
7018 3 10744
3030 3 10745
1253 5 10749
3724 2 10749
98 2 10750
5585 1 10750
8594 5 10751
4782 1 10751
1416 3 10752
5227 2 10752
7337 4 10754
3572 2 10756
1119 3 10756
6312 2 10759
3065 2 10759
4482 5 10762
9963 2 10764
2240 5 10764
6837 2 10765
3529 4 10765
3020 2 10766
6367 5 10767
5943 2 10770
6370 3 10771
6255 5 10771
5559 2 10772
7799 5 10773
6308 4 10773
7881 5 10778
3719 3 10779
8320 4 10779
5997 4 10780
4203 2 10780
4921 5 10781
6770 3 10782
2696 4 10782
5842 2 10785
9209 4 10785
1620 5 10786
1395 2 10788
9038 3 10788
5118 3 10789
714 3 10790
5444 4 10790
738 5 10791
1755 2 10792
4258 1 10795
8148 3 10797
3112 2 10799
5705 3 10800
2578 2 10803
1688 1 10803
6151 1 10804
9626 5 10805
6595 5 10806
5275 4 10809
9914 3 10809
7826 1 10810
3469 1 10812
509 1 10812
8344 5 10813
2596 5 10815
300 5 10815
5830 4 10817
168 2 10817
1379 3 10818
9876 5 10818
8132 4 10819
2610 4 10819
3022 2 10820
5884 1 10820
7370 2 10827
9567 3 10827
2899 3 10828
9023 2 10829
9166 1 10829
980 4 10830
3473 2 10830
2312 3 10832
7584 4 10832
5637 1 10833
8979 1 10834
9055 4 10835
791 5 10836
2555 5 10837
421 3 10839
984 3 10839
4074 5 10840
7947 1 10841
1718 3 10841
5967 2 10844
2462 1 10845
2867 2 10847
3076 4 10847
3086 5 10848
3330 1 10848
5626 1 10849
229 3 10852
24 3 10853
4931 2 10854
1074 1 10854
7236 5 10856
6457 1 10857
7728 4 10859
7804 5 10859
9293 4 10860
3855 1 10861
2253 3 10862
7967 5 10862
9800 2 10863
6334 5 10863
6600 2 10865
7225 2 10865
3153 2 10869
6039 5 10871
1612 2 10871
6620 3 10872
9166 3 10872
1530 1 10873
9539 3 10873
1447 2 10874
9719 4 10875
9537 2 10876
1922 3 10877
8279 2 10878
9342 5 10879
3482 5 10881
4241 2 10881
6180 3 10883
1983 3 10887
7727 1 10888
5326 3 10888
3389 4 10889
3927 4 10889
3160 5 10891
4243 1 10892
3278 5 10893
9707 1 10893
5629 2 10894
7484 1 10896
421 1 10896
9649 2 10898
3491 2 10899
8762 3 10900
7458 1 10901
9958 2 10902
3178 4 10903
9900 3 10903
6913 2 10905
8327 4 10906
639 3 10909
3161 1 10910
6412 1 10912
4113 4 10913
5296 3 10914
2080 3 10914
7762 5 10915
3073 3 10915
3847 3 10917
6011 3 10917
973 3 10919
1646 4 10920
1787 2 10920
892 2 10921
7553 1 10921
2540 2 10923
5532 3 10924
1234 1 10924
1785 3 10925
7796 3 10925
5971 3 10926
1987 2 10926
461 2 10927
8197 5 10928
8324 2 10929
1313 1 10929
5253 3 10930
7357 4 10932
6778 4 10932
5897 5 10933
1178 2 10934
9435 3 10935
4469 2 10937
3298 5 10938
6726 2 10939
901 5 10939
9134 4 10940
7840 2 10942
5114 4 10943
68 1 10943
3110 5 10944
6577 2 10944
4486 4 10945
1330 4 10946
163 1 10947
7715 3 10948
119 2 10948
9253 3 10949
3191 1 10950
6864 4 10954
9542 5 10956
4328 2 10956
3714 1 10958
5926 2 10958
5743 5 10960
7890 4 10963
7118 3 10963
516 2 10964
3856 2 10966
3288 5 10967
508 5 10967
5827 3 10968
2296 5 10968
3044 3 10969
4504 2 10971
5866 1 10971
2074 1 10972
718 2 10972
3556 4 10973
378 1 10973
7443 2 10974
644 1 10975
9219 2 10976
9058 4 10977
4110 3 10978
149 3 10978
8458 2 10980
5620 4 10980
5018 1 10981
3809 1 10981
7601 2 10983
2148 2 10985
3355 4 10985
3485 1 10986
4 1 10986
6890 1 10987
1422 4 10988
4465 5 10988
1453 3 10989
6151 2 10990
2782 3 10990
8710 5 10991
2063 5 10991
9165 2 10992
790 3 10993
7875 3 10994
1005 3 10994
4727 3 10996
9807 2 10999
9705 4 11000
5981 1 11000
7798 4 11001
4081 4 11002
2449 3 11002
6882 1 11003
2744 4 11003
7076 4 11004
8994 3 11004
7679 4 11005
5407 1 11005
3860 3 11006
8580 3 11006
1706 4 11008
7592 4 11008
8919 4 11009
8806 2 11010
2015 2 11010
3925 5 11011
2596 5 11012
8605 5 11012
3054 1 11013
4965 1 11013
2186 4 11014
6998 1 11014
3643 5 11015
4611 2 11017
574 2 11018
7639 3 11018
3003 5 11019
1401 2 11020
4471 4 11020
2198 1 11023
5292 3 11024
1693 1 11026
7575 5 11026
4632 3 11027
6027 5 11027
7085 2 11028
9103 4 11029
7707 1 11030
6617 2 11030
1509 5 11032
1345 4 11032
1318 3 11034
479 3 11035
6766 1 11036
6387 4 11036
2902 1 11037
405 5 11039
1816 4 11039
4969 1 11041
3960 5 11041
6315 1 11043
5540 1 11043
9073 5 11044
2203 3 11046
6620 5 11046
9054 3 11047
8000 3 11048
7272 5 11048
5911 1 11049
3352 2 11050
9627 5 11050
7840 4 11052
6571 4 11052
891 1 11053
4521 3 11053
4041 1 11054
2805 1 11054
9483 5 11055
2227 3 11056
7747 4 11056
535 1 11057
7311 4 11057
9925 1 11058
6533 1 11058
5124 3 11059
9512 3 11060
4416 1 11060
9950 2 11062
6143 5 11063
7470 3 11064
7189 4 11064
7165 3 11065
1334 2 11067
3159 5 11067
85 3 11069
9499 1 11070
9697 4 11070
413 5 11072
3399 3 11072
6953 3 11073
8625 3 11073
3628 4 11074
7554 5 11075
1101 5 11075
4630 5 11077
3387 1 11077
2593 3 11078
8028 5 11079
7970 3 11082
9944 2 11083
1236 4 11087
3472 3 11089
6097 1 11091
3268 4 11092
8851 3 11092
3368 3 11094
9732 5 11095
8733 1 11096
313 3 11096
8590 4 11098
3176 4 11098
1158 1 11100
5511 3 11101
2447 4 11101
2964 2 11104
1330 4 11104
8333 4 11105
6558 5 11105
5544 2 11106
5589 5 11107
9017 4 11107
7838 1 11108
4873 5 11111
2455 3 11111
9539 2 11113
9689 1 11115
5534 3 11116
3614 2 11117
9476 2 11119
4976 2 11119
6938 2 11120
8285 4 11121
9593 5 11122
130 4 11122
8333 3 11123
6747 1 11123
8248 3 11124
476 4 11126
1235 3 11127
1812 5 11127
4901 2 11128
3885 2 11128
4553 3 11129
3515 3 11129
3158 5 11131
4943 5 11131
3794 1 11133
1953 2 11133
337 4 11134
2179 1 11134
3656 2 11136
1203 3 11136
4276 4 11137
1557 5 11137
4852 5 11138
4976 4 11139
2416 4 11141
2606 5 11142
1523 5 11143
9647 1 11143
8893 1 11144
3889 5 11145
7252 3 11146
3744 2 11147
1595 2 11147
2973 2 11149
5175 1 11150
6111 1 11150
8657 3 11151
5056 1 11151
3378 2 11152
4328 2 11152
4435 2 11153
8916 4 11154
1595 4 11155
7953 4 11155
6062 4 11156
4037 3 11157
6254 3 11158
1325 5 11158
7961 5 11159
1452 5 11161
2301 4 11162
6454 4 11162
6394 5 11163
5809 3 11163
6291 4 11164
6383 2 11164
3949 4 11165
332 4 11166
7349 2 11167
7167 5 11168
9241 4 11168
9386 4 11170
3710 5 11170
7926 4 11171
526 5 11171
496 2 11174
554 5 11174
8432 3 11175
1562 1 11175
153 2 11176
6369 5 11176
9107 3 11177
5995 1 11181
5599 2 11181
3754 4 11182
6615 4 11182
6870 1 11183
9258 2 11183
2654 3 11184
6084 4 11185
4215 1 11185
7344 2 11187
9002 4 11187
7350 3 11188
1111 4 11189
5562 4 11190
6553 1 11192
9373 1 11192
6409 5 11193
1108 3 11193
1336 2 11194
154 1 11194
4639 5 11195
2792 1 11196
4227 4 11196
2853 2 11197
8544 5 11198
9813 5 11198
2367 3 11199
7402 4 11199
9080 2 11202
5530 2 11204
2987 2 11205
8176 4 11206
1138 1 11208
2283 3 11209
5885 2 11209
5722 1 11210
5356 5 11210
2155 4 11212
1190 3 11212
2560 2 11213
8408 3 11214
4362 5 11214
6943 3 11215
5811 4 11215
8694 4 11216
7739 5 11216
6108 3 11217
8330 5 11217
2093 1 11220
4503 3 11220
5836 5 11222
5315 4 11222
2889 4 11223
2341 3 11223
1685 3 11225
3775 1 11226
1805 3 11227
4088 5 11228
876 2 11229
4303 2 11229
4043 4 11230
2207 5 11230
8464 4 11231
1559 3 11231
1631 3 11232
5936 5 11232
9012 5 11233
1679 5 11234
169 3 11235
8628 5 11235
2400 3 11236
5698 4 11236
2345 4 11239
9960 5 11240
6789 5 11240
2949 3 11241
5647 1 11242
7323 3 11242
6683 1 11243
6750 5 11243
517 3 11244
758 5 11245
2390 3 11246
3905 2 11246
4189 4 11247
1554 5 11247
193 1 11248
1609 3 11252
64 5 11252
4948 3 11254
4702 5 11254
843 4 11257
1375 2 11257
5788 3 11260
243 3 11260
9724 3 11261
656 5 11261
4799 1 11263
4080 4 11263
8436 1 11264
5521 3 11266
6793 4 11266
4503 4 11267
9113 4 11268
4584 5 11272
4331 3 11273
3539 4 11273
2837 3 11274
8688 2 11275
6094 1 11276
4884 5 11277
3018 1 11277
6448 4 11278
4465 2 11279
3297 1 11281
1348 4 11281
9640 2 11283
6150 3 11285
746 2 11285
5719 4 11286
7954 2 11287
3240 5 11290
9079 3 11291
1223 1 11292
2674 1 11293
6626 5 11293
4821 1 11296
3759 5 11297
3649 4 11297
2005 2 11299
3684 4 11300
3170 4 11303
4794 5 11303
7742 5 11304
1148 2 11304
3303 1 11306
233 2 11306
5173 4 11307
5618 3 11307
8180 5 11308
8388 3 11308
1807 2 11309
1539 1 11309
6563 4 11312
8897 3 11313
7655 2 11313
1360 1 11314
45 4 11315
1679 2 11316
3123 1 11316
6667 2 11317
6132 5 11319
4481 1 11319
5593 5 11320
7003 1 11322
475 1 11322
888 1 11325
2474 2 11326
6648 2 11326
4506 2 11327
1031 5 11330
3562 2 11330
2602 1 11331
3699 1 11332
4468 5 11333
3891 5 11333
4146 1 11334
2767 2 11334
7512 4 11335
7312 2 11336
8441 5 11337
632 4 11337
5330 4 11341
9523 5 11341
6662 1 11342
6922 2 11343
8433 3 11343
228 1 11344
1026 3 11348
4910 2 11349
9790 1 11349
2955 2 11350
2802 4 11351
944 2 11351
946 4 11355
6646 4 11356
8530 1 11356
4986 3 11358
2357 3 11358
4370 1 11359
6467 5 11360
8973 4 11362
2037 1 11363
5399 2 11363
8604 4 11365
6467 4 11365
2543 5 11368
8967 1 11369
28 5 11370
1436 1 11370
4929 4 11371
9491 5 11371
1974 1 11372
4241 1 11372
6212 3 11375
9366 1 11375
9379 1 11376
3257 3 11377
1765 1 11377
3829 3 11378
1746 2 11379
2837 2 11379
7153 3 11380
2012 1 11381
1509 5 11381
677 5 11383
2947 2 11384
595 1 11384
8967 1 11385
8807 5 11385
3549 3 11386
6053 2 11386
4239 3 11387
1236 2 11388
8792 4 11389
5902 2 11389
958 4 11390
7004 3 11392
6130 2 11392
2187 2 11394
7844 1 11395
2849 4 11395
9332 1 11397
9089 1 11397
9556 5 11398
3191 5 11401
7787 2 11401
5264 3 11402
1173 3 11403
969 4 11404
2661 3 11404
5092 1 11405
901 4 11406
558 2 11406
3155 1 11408
4981 4 11410
2854 1 11413
2663 4 11414
2221 2 11414
6648 5 11416
7108 2 11416
2535 3 11417
582 5 11419
6618 5 11419
2647 3 11420
9673 4 11420
7157 1 11422
3275 3 11422
5278 4 11424
8803 1 11425
4614 1 11426
8225 5 11427
1668 2 11427
7142 1 11429
4097 5 11429
1075 1 11430
4125 1 11433
6477 5 11434
761 2 11435
4832 2 11436
9014 3 11440
9293 5 11441
4886 3 11442
1830 5 11442
4032 3 11443
2156 2 11443
7324 4 11444
7311 1 11444
8874 1 11446
5503 4 11447
6298 4 11448
8941 3 11449
1423 1 11449
2519 3 11450
7146 4 11451
797 1 11454
6280 2 11454
1746 5 11456
3180 1 11457
2240 1 11458
8264 2 11458
6973 4 11459
1501 4 11460
2161 3 11460
8929 5 11462
1847 1 11463
4513 4 11463
536 5 11465
2871 2 11465
4965 5 11467
6032 3 11467
2459 4 11469
118 3 11469
5366 4 11470
5790 3 11470
3983 5 11471
390 2 11471
764 2 11472
9622 1 11473
6962 5 11473
1322 4 11474
966 3 11474
3878 5 11475
696 2 11475
9600 2 11476
5118 3 11476
4859 4 11477
6372 4 11480
2959 5 11480
554 3 11481
3229 1 11482
1727 2 11482
6395 4 11483
779 2 11484
9421 2 11485
1031 3 11486
9544 2 11486
706 4 11488
5151 5 11489
2053 4 11490
623 1 11490
8176 4 11491
8006 2 11491
4729 5 11494
7273 1 11494
6728 4 11495
7988 5 11495
7070 5 11496
9151 4 11496
7805 2 11497
7566 5 11498
1153 5 11498
8405 4 11499
4434 1 11499
5808 2 11502
4464 2 11503
1548 3 11503
7941 3 11504
3346 5 11505
2623 4 11505
9645 4 11506
2012 1 11506
3400 4 11509
7656 1 11510
6357 4 11512
4804 2 11513
4390 4 11514
2726 2 11514
6946 1 11517
3559 3 11517
495 5 11518
6228 5 11518
1440 1 11519
275 4 11520
5726 3 11521
6620 1 11525
6269 5 11525
9521 4 11528
8411 5 11529
6772 5 11531
1724 2 11531
8673 1 11533
3007 5 11533
7799 3 11536
7586 4 11539
6444 1 11539
5126 2 11540
7658 4 11541
3843 4 11542
1461 3 11542
6638 3 11543
232 2 11543
7171 2 11545
8319 1 11545
3300 1 11546
9239 4 11546
586 4 11547
1726 2 11547
4172 2 11548
6002 1 11548
7494 2 11549
5466 2 11549
2988 1 11551
4740 2 11552
3981 5 11552
1544 3 11553
502 4 11553
8819 1 11554
1020 4 11555
7372 2 11555
8586 5 11556
7057 5 11557
4117 3 11557
6607 2 11558
4900 1 11559
7836 3 11559
539 5 11560
6741 5 11562
6590 1 11565
7305 4 11566
9902 4 11566
3375 5 11567
6195 5 11567
3932 4 11568
156 3 11570
2689 4 11570
177 3 11571
6450 3 11571
5200 2 11572
9250 4 11572
7776 5 11575
9423 4 11576
7881 2 11576
3525 4 11578
22 2 11578
8921 1 11581
7933 5 11581
1487 1 11585
4999 4 11585
6462 4 11586
6895 2 11587
8316 3 11587
9415 5 11588
4671 1 11588
496 2 11589
2165 2 11589
3778 1 11591
5646 3 11591
8906 3 11595
3815 4 11596
7875 5 11596
4916 5 11598
4559 3 11598
9830 3 11600
1469 1 11600
8938 4 11601
4129 3 11601
5678 3 11602
6080 3 11604
1307 1 11604
6748 4 11606
1025 1 11607
4671 4 11608
9371 5 11609
6689 3 11611
5291 5 11611
9050 5 11612
688 5 11616
915 5 11616
8186 5 11617
8684 1 11617
4646 1 11618
4506 5 11618
607 1 11621
9658 5 11622
8832 2 11623
2927 5 11624
3787 2 11625
7320 2 11625
9376 3 11626
6870 4 11628
9625 3 11629
808 2 11631
274 5 11631
7220 3 11633
5967 2 11634
6304 2 11635
4906 2 11635
6204 2 11637
8183 2 11637
5486 5 11639
2212 5 11640
3997 2 11640
4713 1 11641
4283 3 11641
8279 4 11642
8397 3 11643
570 3 11644
856 1 11645
4258 2 11645
3899 3 11646
7888 4 11646
1698 2 11647
7520 1 11651
4192 3 11652
4873 5 11653
6442 4 11653
9966 3 11654
3446 4 11654
2682 4 11656
7061 5 11657
4470 3 11657
9656 4 11658
4797 3 11658
5347 5 11661
9879 3 11662
5316 5 11662
9636 4 11663
7405 3 11665
6848 1 11665
681 3 11667
698 4 11667
5366 2 11668
7312 2 11668
8006 4 11669
6719 3 11670
2816 2 11670
3614 4 11672
9028 2 11673
1081 2 11674
993 4 11674
6402 3 11675
2993 3 11676
3750 3 11676
5844 3 11677
4069 2 11677
1864 4 11679
3470 1 11679
4620 4 11680
8602 5 11680
8379 4 11681
1970 4 11683
1434 1 11683
973 3 11684
892 4 11685
4071 4 11685
2723 1 11686
3255 4 11686
5067 1 11687
3575 2 11688
1125 4 11690
7633 3 11691
2111 5 11691
4975 2 11692
4625 5 11695
3041 3 11695
4937 3 11698
4144 5 11698
800 4 11699
3547 5 11699
8875 3 11700
8 5 11700
6323 4 11704
4144 4 11704
730 3 11706
6677 2 11706
5076 3 11707
1630 1 11707
4071 5 11708
4047 1 11708
101 4 11709
3227 1 11711
5264 4 11712
5241 3 11713
6589 1 11714
9858 5 11715
5846 2 11715
1089 2 11718
9394 1 11720
1334 4 11722
8462 1 11723
6879 2 11724
6813 2 11724
6936 5 11726
2294 4 11726
9897 2 11727
9718 1 11730
9267 2 11735
7017 5 11736
1658 2 11736
2795 4 11738
6918 4 11739
2743 1 11739
4078 3 11741
3782 4 11741
3130 3 11747
1981 3 11747
8351 3 11748
8742 4 11748
993 3 11749
8460 4 11751
9889 2 11751
6633 2 11752
8702 5 11752
79 1 11754
2275 2 11754
1212 2 11755
143 3 11755
3101 2 11756
5035 3 11756
9988 3 11760
8524 5 11760
5900 5 11763
7483 3 11763
9714 1 11764
5156 5 11764
428 3 11766
4444 4 11766
2364 5 11767
9722 1 11767
4885 1 11768
4902 2 11769
6000 5 11770
7675 4 11772
1251 2 11773
6696 3 11773
8475 5 11775
611 3 11775
8976 5 11776
9096 2 11776
537 1 11777
9390 1 11777
52 2 11779
2166 1 11781
5685 2 11781
7332 4 11782
5708 5 11784
3145 1 11785
5106 2 11785
1042 1 11786
471 3 11788
5311 3 11788
1859 1 11790
2879 4 11791
973 4 11791
8546 5 11793
7943 5 11794
2050 1 11795
1008 2 11796
730 1 11796
1787 2 11797
9180 5 11799
2571 3 11799
9890 2 11800
5794 3 11801
8393 3 11801
2141 4 11802
602 3 11802
9288 4 11803
769 1 11804
3836 2 11806
701 1 11807
731 4 11807
4520 3 11809
2277 5 11810
5247 2 11810
955 5 11811
9640 3 11811
1782 3 11812
4322 1 11812
1533 4 11813
469 2 11813
5917 1 11814
4135 5 11814
6315 1 11815
4154 5 11815
6734 2 11816
2378 1 11817
5578 3 11818
6055 4 11822
153 3 11822
4466 2 11824
9797 2 11825
5038 1 11825
8797 5 11826
1501 1 11828
9531 5 11828
9829 5 11829
6354 5 11829
7688 5 11830
6518 2 11831
5165 4 11833
2036 1 11833
3985 5 11835
6414 2 11835
5023 1 11836
1017 3 11838
8980 2 11839
2408 3 11839
7298 3 11841
7149 2 11843
7191 3 11845
4826 1 11845
9832 3 11846
5061 4 11846
8929 3 11848
6495 2 11851
235 2 11851
482 4 11853
6995 3 11855
77 2 11858
4946 1 11859
8194 3 11859
5721 2 11860
282 2 11861
671 3 11861
4227 3 11862
9027 4 11862
4950 2 11863
2541 5 11865
8041 5 11866
3842 5 11867
6503 2 11869
3491 4 11869
1211 5 11870
4488 1 11870
7919 5 11871
9860 3 11873
3693 4 11874
983 4 11874
5935 4 11875
3340 3 11875
7811 3 11879
1292 1 11879
4410 3 11881
7811 4 11882
5344 2 11882
2828 2 11883
1421 5 11885
5013 2 11885
9212 2 11886
339 4 11886
3180 3 11888
4313 1 11890
3932 4 11894
8547 4 11895
5554 3 11896
1816 4 11897
5345 2 11898
3049 4 11898
2758 3 11899
7053 1 11900
1730 5 11900
4931 4 11901
302 5 11901
1573 3 11903
2169 1 11905
3003 5 11905
6815 3 11906
5456 4 11907
7063 4 11907
7724 2 11908
5129 3 11910
2798 3 11910
8602 2 11913
6473 4 11913
4539 4 11914
6947 3 11915
7656 4 11915
8146 4 11916
6719 1 11917
147 5 11918
4776 1 11918
6294 5 11920
2627 2 11921
1052 3 11922
7462 3 11922
2305 3 11924
4603 4 11925
1739 3 11925
1628 5 11926
3407 4 11927
5712 1 11928
2110 2 11928
6548 1 11929
2573 1 11929
3783 4 11930
5496 3 11930
7416 3 11931
3834 5 11931
9748 4 11932
7911 1 11932
6121 1 11934
441 2 11935
9572 1 11935
9009 3 11937
6738 2 11938
6854 5 11938
5495 2 11939
3488 3 11939
4733 2 11941
9793 3 11942
7984 4 11943
9081 4 11944
9515 2 11945
8813 1 11945
4097 1 11947
6878 2 11947
2525 4 11948
2422 5 11948
7107 4 11949
6045 3 11949
4211 1 11950
3362 1 11952
8725 3 11955
647 5 11956
437 2 11957
7173 2 11957
3137 2 11960
2179 5 11962
7950 1 11964
8008 5 11964
8729 3 11965
1850 2 11965
5327 1 11966
7741 2 11968
7484 4 11969
8826 5 11971
7405 4 11972
7416 2 11972
7630 1 11973
5462 4 11974
8732 1 11975
9295 2 11976
5611 5 11977
7097 1 11978
9297 3 11979
6067 1 11981
1639 4 11981
3156 4 11983
3055 2 11983
6316 5 11984
3149 2 11986
5308 2 11986
1348 2 11987
342 2 11987
5135 5 11988
6445 1 11988
4121 1 11989
3286 2 11989
1935 1 11991
6265 2 11991
9961 5 11993
5819 5 11995
7388 1 11995
7618 2 11997
1169 4 11997
3018 1 11999
4061 1 12001
608 5 12003
2178 1 12005
6247 5 12006
8935 1 12007
4593 1 12009
940 4 12011
8165 2 12012
1983 2 12012
1747 2 12013
3125 2 12013
5651 5 12015
6693 2 12015
3693 3 12018
1354 5 12018
7827 3 12019
2787 1 12019
9842 1 12020
1499 2 12020
363 3 12021
4593 5 12021
964 2 12022
7381 5 12022
6615 3 12023
8061 4 12023
5712 4 12026
9557 4 12027
8730 5 12027
6626 4 12028
94 4 12029
8793 3 12029
2971 2 12030
2839 2 12030
7748 3 12032
9990 3 12032
8886 5 12033
2150 2 12035
3081 4 12036
8975 3 12036
791 2 12038
9188 4 12039
7515 4 12043
3241 1 12044
6521 2 12045
1902 3 12049
2881 3 12050
4449 1 12051
7746 1 12052
8281 3 12052
7017 4 12053
402 3 12053
2290 2 12054
4826 1 12054
3686 3 12055
7424 1 12055
2942 3 12058
2665 3 12060
6638 5 12061
6345 2 12062
1236 3 12062
7208 3 12063
6289 4 12063
9040 1 12065
8812 4 12065
4867 3 12066
9583 2 12067
9892 2 12068
7255 3 12068
7713 3 12069
5949 2 12069
4525 2 12070
32 2 12070
1711 1 12072
3486 4 12072
4477 1 12074
7616 3 12074
1027 4 12075
9171 1 12075
2354 2 12077
5394 4 12078
5715 2 12079
8687 5 12082
984 2 12083
2869 3 12086
8540 3 12086
4801 4 12087
9956 2 12088
4213 2 12088
9728 3 12089
1934 5 12089
6154 1 12090
1292 4 12090
4189 2 12093
5880 5 12095
7324 5 12098
6407 4 12099
7924 3 12100
4513 3 12101
9968 3 12101
7785 2 12102
2772 2 12103
5738 4 12107
3647 1 12107
144 3 12109
2043 2 12110
7311 4 12112
1191 1 12112
2350 5 12114
5941 4 12115
7926 2 12115
6426 2 12117
2516 5 12117
5444 1 12123
3916 4 12125
4674 1 12125
919 5 12127
9545 5 12127
5070 4 12128
2545 3 12128
8712 4 12129
4894 5 12129
1260 5 12131
9356 4 12132
1895 4 12134
9502 2 12134
6897 2 12135
8603 5 12137
8777 3 12137
8007 4 12139
9493 1 12140
1079 4 12141
5296 3 12141
6768 4 12143
2554 5 12143
3267 2 12145
228 5 12146
3354 5 12146
7137 4 12148
8880 4 12148
281 1 12149
5610 3 12151
4052 3 12151
8139 4 12152
7511 3 12154
934 3 12155
5834 3 12157
6141 4 12157
6223 5 12158
430 4 12158
2734 3 12159
3218 3 12160
3472 5 12161
4290 2 12162
3387 2 12163
1084 2 12163
1553 2 12164
2024 3 12168
5522 5 12170
3988 4 12171
9937 4 12171
3161 4 12172
2618 2 12173
6233 5 12173
4423 3 12176
1751 2 12182
6567 5 12183
3258 5 12184
4802 5 12184
8692 3 12185
9819 3 12186
9436 5 12186
7154 4 12188
7308 3 12189
4209 3 12189
5911 4 12192
6652 3 12193
6489 4 12194
6968 5 12195
513 5 12195
4577 2 12196
2410 2 12196
6869 1 12197
4377 4 12198
4482 2 12200
6079 2 12200
5967 2 12201
9044 4 12201
8383 2 12202
4329 5 12203
9478 5 12205
8392 3 12206
2246 5 12206
3962 2 12207
9197 4 12208
2009 1 12209
3337 3 12210
1978 1 12210
3692 1 12212
4955 1 12214
3411 2 12216
7372 3 12217
1015 3 12218
4062 3 12219
7841 5 12219
4558 5 12220
8339 2 12221
616 4 12221
411 2 12222
2594 3 12222
4853 1 12224
5713 3 12226
3438 3 12227
7858 3 12227
2699 2 12228
9224 5 12228
294 4 12229
8566 2 12230
3794 4 12230
9076 2 12231
6157 4 12232
20 3 12232
5524 5 12233
6362 4 12233
3722 3 12234
1216 2 12235
145 3 12238
1334 3 12238
5079 2 12239
5267 5 12243
4870 5 12244
7933 3 12245
2638 2 12245
8386 3 12246
3593 3 12246
8143 3 12247
6761 3 12247
35 3 12248
4172 3 12250
9354 2 12252
3613 3 12252
4551 3 12253
41 1 12253
2782 4 12255
2602 5 12257
8940 1 12257
7980 2 12259
1520 5 12260
8703 2 12260
8176 4 12261
8299 1 12264
2608 3 12264
2991 2 12265
3727 3 12265
3390 3 12266
2197 3 12266
6405 4 12268
7406 3 12269
7170 2 12269
2704 5 12270
1305 1 12273
4783 2 12273
1146 3 12276
8661 1 12276
5573 5 12277
2883 1 12280
6517 2 12281
3030 3 12282
2452 1 12284
4945 4 12285
8930 5 12285
5491 5 12287
6661 2 12288
7354 4 12289
1800 2 12290
7730 1 12290
8073 3 12293
7078 2 12294
3788 5 12295
2949 4 12295
4102 2 12296
545 2 12298
9650 4 12299
5445 4 12302
5812 2 12303
6707 4 12304
7440 3 12305
6054 1 12305
8803 5 12306
9202 3 12306
4770 4 12307
6508 5 12307
4503 1 12311
1018 2 12312
4412 5 12312
811 1 12313
498 3 12315
7876 5 12316
6949 2 12319
559 3 12323
3226 1 12323
6702 2 12324
2151 2 12325
5655 2 12326
5819 4 12326
5717 4 12327
2099 2 12327
3333 3 12328
8561 1 12330
8529 2 12331
1122 2 12331
1254 1 12333
8325 1 12333
560 3 12338
7739 3 12339
1073 3 12340
933 5 12342
1902 3 12342
6502 4 12343
1643 3 12343
5186 4 12344
5712 2 12344
3706 4 12345
758 1 12347
389 3 12348
133 4 12349
6679 3 12349
1807 3 12350
300 3 12350
4627 5 12352
5426 1 12352
4065 1 12357
9374 1 12358
7728 4 12359
1279 5 12359
7692 4 12360
2631 3 12364
4084 4 12364
862 1 12367
4838 4 12368
1812 1 12368
1366 4 12369
1012 5 12369
6381 2 12370
9036 5 12372
6331 5 12373
8569 2 12374
6663 3 12374
3656 1 12375
4180 4 12375
1450 5 12376
8458 5 12376
4607 3 12377
338 1 12378
9425 5 12379
1147 4 12380
6466 3 12381
1079 3 12382
1324 3 12384
4995 5 12385
2691 4 12386
8318 5 12386
8116 2 12388
2985 5 12389
6818 3 12389
3193 4 12391
3022 3 12394
5937 1 12395
8844 2 12395
4292 5 12396
155 5 12397
1458 2 12397
4013 4 12398
5292 5 12399
9861 3 12399
5599 1 12400
2492 2 12400
959 5 12403
7253 3 12404
782 1 12406
3423 4 12408
5242 4 12408
4358 5 12409
4449 1 12409
7050 3 12410
7328 5 12410
7064 5 12411
2199 2 12411
3659 3 12413
439 4 12413
9956 2 12417
1488 1 12417
8024 3 12418
5263 5 12418
5039 5 12419
6881 3 12419
2722 1 12420
2611 2 12421
9060 1 12423
6804 5 12426
2704 3 12427
2043 5 12427
4046 2 12428
6953 1 12428
1451 3 12429
2492 2 12430
2352 3 12430
7411 5 12432
6976 4 12432
9422 5 12433
6002 4 12433
8157 5 12435
7303 4 12435
9720 4 12436
6833 5 12436
5730 1 12437
2073 1 12437
2186 1 12439
802 2 12439
6118 1 12440
1816 3 12441
6202 3 12445
974 5 12445
653 2 12446
6989 3 12446
1616 4 12447
8540 1 12448
6615 2 12449
4769 1 12449
9497 3 12450
5550 5 12452
6047 3 12454
4827 1 12454
6762 1 12455
5758 4 12457
9984 4 12459
4847 3 12459
7280 4 12462
8360 5 12462
920 2 12463
470 4 12464
5630 2 12464
3358 3 12465
9295 5 12465
253 1 12469
1934 1 12470
9922 2 12470
8103 2 12473
848 3 12474
8113 3 12475
4967 3 12477
4425 1 12477
9285 5 12478
2726 3 12478
1027 4 12480
5348 5 12482
2827 2 12482
279 3 12484
9461 2 12486
9442 5 12486
8426 5 12487
6669 4 12487
5409 2 12488
2349 3 12488
5379 2 12491
2661 3 12494
3767 2 12495
1391 1 12495
8097 1 12498
4472 5 12499
9373 4 12501
106 4 12503
2143 3 12503
6075 4 12504
6649 4 12505
2866 3 12505
1432 1 12507
5494 1 12508
4014 5 12511
1225 5 12512
5783 5 12512
7779 3 12513
2384 1 12514
2973 3 12514
2537 5 12515
7726 2 12516
6507 4 12520
3334 3 12520
8667 3 12522
5284 5 12523
4295 2 12525
8807 4 12525
3326 4 12526
2334 4 12526
3873 5 12527
6843 1 12527
5810 3 12528
6252 1 12528
8057 3 12529
4520 1 12531
5787 1 12532
5048 5 12533
1610 5 12533
2996 3 12534
1600 5 12534
3761 3 12535
9904 3 12535
5790 4 12536
6482 5 12536
5446 2 12538
2713 3 12538
6208 4 12539
930 2 12539
8353 5 12540
7667 1 12540
2808 4 12541
4652 5 12541
441 2 12542
1065 3 12543
2414 3 12543
6719 1 12545
7901 1 12545
5101 3 12546
1557 5 12547
3077 4 12548
6293 2 12548
9710 1 12549
7906 4 12549
6387 1 12550
382 1 12553
9502 2 12553
6453 4 12554
5333 2 12557
7527 2 12557
1393 4 12558
7402 3 12558
2217 3 12559
9983 4 12560
2156 5 12561
1143 4 12561
6535 2 12563
2097 3 12563
2956 3 12564
5116 2 12564
7915 2 12566
4009 4 12566
7200 4 12567
8249 2 12567
9416 5 12570
8163 2 12570
3900 2 12571
9547 1 12571
9476 5 12572
7600 4 12572
9433 5 12573
8228 3 12573
5960 1 12576
4075 4 12576
6760 5 12577
3809 2 12579
9780 1 12579
2788 2 12581
7034 2 12583
7594 2 12583
5906 5 12584
218 3 12586
5822 5 12587
8467 4 12589
4384 1 12592
2771 2 12594
4105 5 12594
7555 3 12597
2586 4 12598
9350 1 12598
8095 2 12599
9170 3 12601
7056 5 12603
2753 5 12604
369 3 12604
1672 1 12605
9121 2 12607
2209 2 12607
8791 3 12608
3653 4 12609
7243 5 12609
6496 1 12610
1711 3 12611
6306 1 12612
5135 2 12613
5187 4 12614
2736 1 12616
9631 2 12616
9631 1 12617
5162 5 12618
8756 4 12618
6382 1 12619
3762 1 12620
3923 1 12620
6158 3 12622
6567 5 12622
2231 5 12623
5604 2 12624
2767 3 12625
6492 1 12626
9754 5 12627
5894 1 12628
5138 1 12628
7950 5 12631
1873 5 12632
5300 4 12632
2775 1 12633
5114 2 12633
6164 3 12634
9023 4 12634
3826 1 12636
7703 4 12636
5258 1 12637
8925 4 12637
4080 4 12641
5779 3 12641
7596 4 12642
8052 3 12642
232 5 12643
2159 4 12643
5068 2 12645
7010 2 12647
83 3 12647
4629 4 12649
905 3 12649
7038 3 12651
8291 5 12651
5434 4 12652
8232 1 12652
5543 3 12654
1596 4 12654
730 3 12657
6916 3 12658
7898 1 12658
6903 4 12659
6753 2 12660
1058 1 12660
9154 3 12661
4310 3 12661
5234 5 12662
5371 4 12662
9561 1 12667
7323 4 12670
8534 3 12671
1558 1 12673
9447 4 12674
6837 1 12675
2181 4 12675
1429 5 12677
3575 5 12679
2067 1 12680
8772 5 12680
2776 3 12681
7727 3 12682
4926 5 12684
1918 3 12685
432 2 12685
9739 4 12686
4630 5 12686
8599 3 12688
957 1 12688
8684 2 12689
82 5 12689
5025 3 12691
187 2 12694
2976 2 12695
544 5 12696
468 3 12696
9904 1 12697
6667 1 12697
8288 1 12699
6335 3 12700
7455 1 12701
2970 5 12701
2309 5 12703
1464 2 12703
784 4 12704
245 4 12705
4142 4 12707
3021 4 12708
1085 1 12708
5 5 12709
676 1 12712
2665 5 12713
6948 1 12713
9714 3 12721
9003 3 12723
6821 3 12723
5581 5 12726
1614 4 12727
8970 1 12728
1100 4 12728
4261 2 12729
1424 4 12732
1781 3 12733
7043 4 12733
6499 3 12737
290 5 12737
1206 5 12738
6014 5 12739
3218 4 12740
7498 5 12740
3911 3 12741
9816 3 12741
685 2 12742
4946 5 12744
4866 2 12744
2566 2 12745
8571 4 12745
5698 1 12746
3288 2 12746
4847 5 12749
9904 3 12750
2132 4 12751
7991 5 12752
7905 4 12756
8873 2 12756
5318 4 12757
6349 5 12757
2495 4 12758
8882 5 12759
6662 4 12759
4387 5 12760
2112 1 12761
4771 3 12763
8310 1 12763
3333 5 12766
2446 1 12767
4597 5 12767
4757 4 12768
8140 4 12768
1419 5 12769
8661 4 12770
9214 4 12771
869 2 12773
1400 1 12773
4764 2 12774
5933 1 12775
1023 3 12775
7119 2 12776
2039 3 12779
6975 4 12780
3745 3 12780
1140 2 12781
4216 5 12781
2914 5 12784
3636 4 12784
4062 5 12785
6448 5 12786
9342 3 12787
4008 1 12787
3698 4 12788
2616 1 12789
9362 1 12789
4793 2 12790
8440 4 12791
5231 2 12792
6490 4 12792
6336 5 12793
6783 1 12794
410 4 12796
8846 1 12796
988 5 12797
6278 4 12797
4570 2 12799
8972 5 12800
648 4 12800
525 1 12801
5771 2 12802
5367 4 12804
9228 3 12804
3874 4 12806
2327 4 12807
8898 3 12808
3118 2 12809
5367 5 12810
7038 1 12811
9651 3 12813
4920 1 12814
149 1 12815
2794 4 12816
7231 2 12817
8184 2 12818
6627 1 12820
3552 5 12820
9577 1 12821
745 3 12821
1244 3 12822
7912 1 12822
8520 5 12823
70 5 12823
6265 5 12826
3695 2 12828
2010 4 12828
8187 3 12829
4 2 12829
6674 2 12830
5661 3 12830
7722 5 12833
8233 2 12833
1164 5 12834
2930 3 12837
830 1 12837
8181 4 12839
6361 3 12842
7518 4 12842
3431 3 12843
1966 5 12844
4177 5 12845
2652 5 12846
6728 4 12846
6019 3 12847
9927 1 12847
3921 3 12848
479 4 12850
3198 5 12851
8100 2 12851
7818 3 12852
8789 3 12854
5650 3 12854
7369 1 12857
4842 3 12858
447 3 12860
9391 1 12860
4868 4 12861
9410 1 12861
9741 2 12862
2160 5 12863
3295 5 12863
6642 2 12864
5375 2 12864
2024 2 12866
7499 3 12866
319 5 12867
4350 2 12867
6097 3 12868
9017 2 12868
2519 3 12869
7449 4 12870
9423 5 12871
6863 4 12871
940 3 12873
8348 4 12873
7925 5 12874
7616 5 12874
3235 4 12875
9394 2 12875
4822 4 12876
4493 5 12876
4150 5 12877
1130 3 12877
1602 3 12879
1974 1 12880
2792 1 12880
5631 1 12882
6852 5 12883
6678 3 12883
4486 5 12884
381 5 12884
4729 3 12885
2162 1 12885
7321 3 12886
4085 1 12887
3342 2 12887
8411 1 12888
386 3 12888
7604 3 12889
54 5 12890
8328 2 12891
3918 2 12891
9580 1 12892
1136 5 12893
7469 4 12893
966 5 12894
7025 2 12894
2134 5 12897
1288 2 12898
7405 5 12899
9240 4 12899
1820 4 12901
2746 5 12901
1347 1 12902
8863 4 12903
4713 5 12903
3932 4 12904
4622 1 12904
4003 3 12905
1057 5 12906
7614 4 12906
2804 3 12907
8807 5 12908
3208 4 12910
9023 3 12910
4489 3 12911
9932 3 12912
4768 2 12912
8881 2 12913
6354 4 12914
558 5 12914
7371 5 12915
7592 1 12917
3218 3 12918
7958 2 12919
8153 3 12920
4986 5 12921
9516 2 12922
6819 3 12922
7204 2 12926
7777 4 12927
3467 2 12929
4768 1 12929
8292 2 12930
4039 2 12930
963 2 12932
5633 1 12932
731 4 12934
6039 4 12936
3607 2 12936
2497 4 12937
7662 4 12938
9220 1 12939
7192 3 12939
7868 4 12941
3648 5 12941
2764 5 12944
8966 3 12944
8140 3 12945
3511 1 12945
7535 3 12946
8358 3 12947
551 1 12947
2898 3 12948
3919 4 12948
6519 1 12949
798 2 12953
8835 5 12953
138 1 12954
2571 2 12954
1455 3 12955
433 5 12955
2140 4 12957
3433 5 12957
4971 3 12959
8044 3 12962
9362 4 12964
4330 5 12965
4749 2 12967
2206 1 12968
895 5 12968
6703 2 12971
8767 1 12971
649 3 12972
6189 1 12972
613 4 12974
7681 1 12974
8931 3 12975
5505 5 12976
8549 5 12976
687 4 12978
2402 3 12978
6765 3 12979
6828 2 12979
4079 5 12980
615 4 12980
8417 3 12981
5026 3 12981
9536 4 12982
9643 4 12983
3573 1 12986
4215 1 12986
1198 4 12989
4711 2 12989
5772 1 12990
6822 4 12990
1805 3 12993
1031 1 12993
6960 1 12994
1861 3 12994
6484 1 12995
5864 2 12996
4225 1 12996
2756 2 12998
6011 3 12998
9391 5 12999
6827 2 12999
3902 3 13000
1306 1 13001
593 1 13001
1392 1 13003
2842 5 13004
9474 5 13004
5930 1 13005
3760 5 13009
207 5 13010
2926 5 13011
8635 2 13012
7823 1 13013
7744 4 13015
9482 1 13016
9397 1 13016
8631 4 13017
5267 3 13018
7213 3 13018
5677 2 13019
9874 5 13019
1528 1 13020
7718 4 13020
7101 3 13021
8190 4 13021
3044 2 13022
4430 4 13023
2080 5 13023
5496 4 13024
8354 5 13025
998 5 13025
2303 1 13026
5903 4 13027
4276 5 13029
9850 3 13032
5518 5 13033
8616 2 13033
3281 3 13035
2150 4 13036
865 3 13037
6429 4 13038
585 5 13038
320 2 13039
9410 1 13039
1914 4 13041
9818 3 13043
2708 3 13044
1595 3 13045
4851 2 13046
1073 1 13047
5648 4 13047
2515 3 13048
6651 5 13050
5431 5 13052
2547 1 13052
6779 1 13053
9060 5 13053
6858 1 13054
1235 2 13054
7713 5 13057
9227 5 13057
6628 1 13059
7067 4 13059
5979 4 13060
1091 4 13060
8084 4 13062
5340 4 13062
2558 1 13066
2910 5 13066
7548 4 13067
5189 4 13067
466 4 13068
5603 3 13068
8422 3 13070
2595 2 13070
1585 2 13072
6278 1 13072
2786 3 13073
9874 2 13074
6701 1 13076
3501 5 13077
9035 2 13078
882 2 13078
4900 2 13079
1146 1 13079
9690 5 13081
252 4 13084
2026 1 13085
1117 4 13086
2822 3 13087
5552 2 13087
4008 4 13088
52 5 13089
1197 2 13089
659 1 13091
6617 5 13092
430 5 13095
5685 3 13095
5012 5 13098
327 2 13098
5282 3 13099
9611 2 13101
8192 1 13101
7323 5 13102
3658 2 13102
521 5 13103
2389 5 13105
2634 2 13106
1309 1 13107
7479 2 13108
8424 3 13108
9453 2 13112
5216 4 13114
3235 2 13114
6576 1 13115
1066 4 13117
9965 4 13117
273 1 13118
2549 2 13119
2913 5 13119
545 1 13120
7305 1 13121
8737 1 13121
884 2 13123
1520 2 13126
3782 2 13126
3274 5 13127
7024 5 13128
6397 4 13129
2682 3 13130
4829 3 13130
5742 5 13132
8076 1 13132
646 2 13133
1129 1 13136
3306 1 13136
4866 5 13137
371 3 13138
1779 4 13138
1883 3 13142
6095 1 13142
3280 3 13143
6072 2 13144
5106 1 13147
7435 5 13147
1004 3 13148
8176 3 13148
8583 2 13151
8768 4 13152
1760 2 13152
5354 5 13153
6371 1 13156
1273 3 13156
6774 5 13157
4044 3 13158
2338 3 13159
1677 2 13159
8335 2 13160
7579 3 13160
4617 3 13161
2881 5 13162
1164 5 13163
3073 1 13164
5978 1 13165
7978 5 13165
1262 4 13166
4065 1 13167
8464 5 13168
6155 5 13168
7487 3 13169
3919 3 13169
2779 5 13172
9557 5 13172
6777 1 13173
5707 2 13174
7911 3 13174
3220 2 13178
191 2 13180
7690 2 13180
5356 4 13181
4494 1 13182
7621 1 13183
5554 5 13184
7858 5 13184
7131 3 13186
270 1 13186
2526 1 13187
8295 5 13187
5231 1 13188
7242 3 13188
2129 4 13190
2418 3 13190
4709 4 13191
5198 3 13192
6113 5 13192
7900 2 13195
6591 5 13197
3100 1 13197
3841 1 13199
4283 4 13206
7185 4 13207
8582 1 13208
5022 2 13209
9627 3 13209
7999 1 13211
2508 1 13214
3666 3 13214
3080 1 13215
8477 1 13216
2028 1 13216
7184 2 13217
1628 4 13217
1514 5 13218
1325 3 13224
885 1 13224
2647 4 13226
7501 3 13227
1754 1 13227
6522 1 13229
7732 4 13229
8082 2 13230
527 1 13231
8758 3 13231
652 3 13232
5714 5 13233
6496 3 13233
3447 3 13234
6449 1 13234
9795 1 13236
8128 2 13236
3949 5 13237
1522 3 13237
3037 3 13238
7540 3 13243
8564 5 13244
330 4 13245
327 2 13246
7347 3 13246
8816 5 13247
5236 2 13247
1138 4 13248
660 5 13248
1130 3 13249
984 3 13249
1808 5 13252
4304 5 13252
4816 1 13254
8106 1 13255
2074 2 13255
3624 2 13256
694 1 13256
6254 5 13260
4801 3 13260
4356 3 13263
349 4 13265
6763 2 13265
4000 3 13267
7098 4 13268
539 4 13268
3692 1 13270
498 4 13272
2052 3 13272
3356 1 13274
8293 2 13275
8214 3 13276
4419 3 13276
9462 3 13277
6626 3 13277
8440 2 13278
6158 5 13279
8657 3 13280
331 2 13281
1553 1 13283
8397 5 13283
492 2 13284
7192 2 13286
18 5 13286
4491 5 13287
8805 3 13287
2633 2 13289
6436 4 13289
7106 2 13290
2808 4 13291
7637 1 13292
934 5 13293
5921 2 13293
9778 2 13294
1197 3 13295
3137 3 13295
2230 1 13296
3338 4 13297
2009 4 13298
7217 2 13298
9508 2 13300
3451 1 13301
7910 2 13301
5690 3 13302
6134 5 13302
686 5 13303
4666 1 13304
7393 1 13305
3453 2 13305
762 2 13306
8282 2 13306
7335 1 13308
3081 2 13309
4629 1 13309
2527 5 13310
7959 3 13310
3717 2 13311
6253 3 13313
2610 2 13317
2968 5 13317
366 2 13318
6316 2 13318
6002 1 13323
1202 1 13324
2060 4 13325
5267 1 13326
4442 1 13327
4060 3 13328
8519 2 13331
9226 3 13331
2885 2 13334
229 2 13334
5789 2 13335
4257 5 13338
9166 3 13339
2346 2 13339
3009 2 13340
9593 4 13341
6484 2 13341
5193 2 13343
4707 4 13349
5986 4 13349
8470 3 13351
8879 5 13352
9151 3 13352
2548 1 13353
5389 5 13354
2379 2 13354
6332 3 13355
7136 4 13355
8927 3 13358
9627 5 13359
5434 2 13359
1108 3 13361
7206 3 13361
5365 1 13362
7304 1 13362
1065 5 13363
840 4 13363
8139 1 13364
4480 2 13365
1386 4 13365
2109 3 13366
3178 2 13368
5464 2 13368
9267 5 13369
3277 1 13370
10 2 13370
5885 4 13371
5957 5 13371
3763 4 13372
9321 1 13373
7209 5 13374
8452 5 13374
3220 4 13375
5280 1 13375
7457 1 13376
3643 5 13376
8437 2 13377
2279 3 13377
976 2 13379
4669 3 13380
772 3 13380
4019 4 13381
7514 5 13381
631 1 13383
2305 1 13383
6645 2 13384
5623 1 13384
8970 2 13385
6512 4 13387
4930 2 13387
8202 5 13388
7715 5 13388
1078 4 13389
9139 1 13389
4131 5 13390
1189 3 13391
8753 2 13392
312 2 13392
2688 5 13393
3341 1 13393
6095 5 13394
8875 5 13394
704 1 13396
7777 4 13399
9348 5 13402
1674 2 13403
7712 5 13403
4210 2 13404
7 1 13404
78 2 13405
3734 4 13405
2672 5 13406
1964 5 13407
9572 4 13409
1051 5 13410
9870 5 13412
8569 2 13413
1139 3 13413
6682 5 13414
3144 3 13416
3156 1 13418
1256 4 13418
7645 1 13419
5622 4 13420
6092 2 13422
7727 5 13422
4420 2 13423
6863 5 13426
380 5 13427
8413 4 13429
6528 4 13430
2434 3 13432
5191 5 13432
7119 5 13434
6155 1 13435
777 5 13436
8114 4 13438
7576 1 13439
5494 3 13439
5487 4 13440
7719 1 13440
6402 3 13441
8829 1 13443
9498 2 13444
9364 1 13444
4390 2 13445
3489 5 13445
3319 1 13446
5368 3 13447
9465 1 13448
6037 2 13448
7785 2 13450
9393 1 13451
9456 2 13451
9171 5 13458
7623 5 13460
5770 1 13461
5439 4 13463
8327 5 13464
5088 3 13464
150 1 13466
2381 1 13467
8039 5 13467
209 1 13468
1493 3 13468
671 3 13470
2820 2 13473
452 5 13473
2572 2 13474
2426 3 13476
1251 1 13477
9353 4 13477
5174 3 13478
5262 2 13478
3063 2 13479
7847 2 13479
4514 3 13480
275 5 13480
3791 4 13481
6192 4 13482
7579 3 13483
1451 5 13483
6383 2 13484
9316 1 13484
8316 2 13485
756 1 13486
561 2 13486
2262 2 13488
1137 5 13490
1678 4 13491
7599 4 13493
8154 4 13495
187 3 13495
4424 1 13498
383 1 13498
8481 2 13500
9167 3 13501
965 4 13502
5467 1 13504
5675 5 13506
1671 2 13506
6417 2 13508
3162 3 13509
2808 4 13510
2400 1 13510
2441 1 13512
2288 4 13512
6003 4 13513
8652 5 13514
3305 5 13516
2550 3 13516
4373 1 13518
2826 4 13519
2223 5 13519
3862 5 13520
2056 3 13522
4347 1 13522
5577 3 13523
6446 1 13523
3336 2 13524
3183 2 13528
5578 4 13529
3231 2 13530
9663 4 13530
5885 2 13531
4342 2 13532
6537 5 13532
9102 3 13533
5790 2 13533
9654 1 13534
4855 2 13535
9334 3 13536
9247 5 13536
4325 5 13539
5154 3 13540
7741 2 13540
5231 5 13541
4614 1 13541
5626 4 13544
3257 5 13546
9735 5 13547
5522 1 13547
1250 4 13548
9037 5 13549
346 4 13549
2761 2 13551
7985 1 13551
4594 2 13553
9984 4 13554
9613 3 13556
2504 2 13558
8857 3 13559
7994 5 13559
5782 4 13560
9764 3 13560
4419 4 13561
8490 5 13561
2748 5 13562
898 5 13562
6858 3 13563
411 2 13563
2192 5 13564
9176 4 13564
658 3 13566
6915 3 13566
758 1 13569
1362 4 13569
4212 1 13571
2720 4 13571
707 2 13572
26 4 13574
6735 5 13574
2966 3 13575
2767 4 13576
7023 3 13576
5102 1 13577
3351 3 13577
6083 2 13578
4358 3 13580
5897 4 13581
3370 1 13581
5602 2 13584
4827 2 13585
3505 2 13585
3405 5 13586
6163 1 13586
8116 5 13587
939 3 13588
2702 3 13588
3737 2 13590
7322 4 13590
6433 3 13591
7675 2 13595
8433 4 13595
645 4 13596
8359 5 13596
7225 4 13597
3948 5 13597
491 2 13598
3836 1 13600
7430 3 13601
2677 1 13602
7646 1 13604
3097 1 13604
5614 5 13606
7808 2 13606
2516 3 13607
8242 3 13608
624 4 13611
7648 5 13611
4223 2 13612
2712 2 13613
6288 1 13613
4654 5 13617
803 2 13618
629 4 13618
26 5 13619
2615 5 13619
5333 5 13621
4260 5 13621
914 3 13622
1789 5 13622
1337 4 13623
6078 3 13623
8076 3 13624
1959 2 13625
1905 4 13625
1558 4 13627
5932 3 13628
6687 3 13628
2713 2 13630
7554 2 13633
4001 3 13633
6932 5 13634
1160 2 13634
3240 3 13635
4839 1 13636
2202 1 13636
5297 3 13638
9309 2 13640
3651 2 13641
3456 3 13644
8709 4 13644
7011 4 13645
3222 4 13647
1548 3 13647
3882 5 13648
1270 5 13648
4483 2 13649
8291 1 13651
2233 5 13654
2174 2 13655
4596 2 13655
4963 5 13656
7806 3 13657
7097 5 13658
4767 1 13658
3784 2 13659
6492 3 13661
3060 3 13661
8185 1 13662
2706 5 13663
4647 2 13664
5358 3 13664
2300 5 13665
3783 3 13665
2237 3 13666
8805 5 13666
4493 2 13667
3008 3 13667
477 4 13668
9260 5 13671
904 3 13672
3312 1 13673
8872 4 13673
6414 1 13676
6662 4 13677
7657 1 13677
89 5 13678
8892 5 13678
9102 4 13679
8429 4 13679
5850 2 13680
6135 4 13680
8448 4 13681
7901 5 13683
8378 4 13685
452 3 13686
6958 5 13686
8331 3 13687
9897 3 13687
3408 4 13688
2768 1 13688
5487 3 13689
4615 1 13689
5987 1 13690
2294 1 13692
7148 2 13692
7122 4 13694
6433 1 13695
9362 2 13695
2454 2 13698
2595 1 13699
181 2 13701
7452 4 13703
3599 2 13706
6926 1 13708
1036 2 13708
9338 2 13709
5109 3 13710
9304 2 13710
128 2 13712
4226 2 13713
4834 4 13715
9052 1 13715
1380 5 13716
9666 1 13719
3613 1 13720
3897 3 13720
8111 5 13721
5392 3 13721
5937 2 13722
2619 5 13722
8690 2 13723
1738 3 13726
5417 2 13726
4221 5 13727
2445 3 13727
9707 5 13728
1143 1 13729
2946 4 13729
5006 3 13731
3045 1 13732
5677 3 13732
2595 3 13733
5757 1 13733
9198 3 13734
3001 5 13734
8515 5 13735
6351 1 13735
9226 3 13736
3556 1 13736
4742 4 13737
5620 2 13737
8116 1 13738
6320 4 13738
2494 2 13739
6386 5 13742
5727 2 13743
8067 5 13743
952 4 13744
1281 4 13744
5287 4 13745
787 4 13746
5168 3 13746
5980 3 13748
6268 5 13752
1608 5 13753
9036 4 13753
1141 4 13754
6924 3 13754
8682 5 13755
8898 3 13755
480 3 13756
431 1 13758
2728 4 13759
871 3 13759
6982 2 13762
4922 4 13762
2509 4 13764
8223 4 13765
6972 5 13766
8910 2 13767
6736 1 13768
401 5 13771
1606 1 13772
1122 4 13773
825 3 13773
8855 2 13776
1457 1 13778
3086 4 13780
1070 1 13780
88 5 13782
6197 4 13785
5064 1 13785
7562 5 13791
1650 3 13792
6479 2 13794
2050 5 13794
2418 5 13795
2354 2 13795
5431 3 13796
8087 5 13796
7262 5 13797
4445 1 13797
6803 5 13798
3524 1 13799
3305 3 13800
3216 5 13800
5169 3 13801
4966 4 13801
1950 3 13802
7944 3 13803
6762 2 13803
6777 5 13805
2906 2 13805
229 5 13807
319 3 13811
2713 1 13812
1215 1 13813
5198 3 13814
6676 1 13814
2564 3 13815
2177 5 13815
4476 5 13816
6420 4 13816
9484 4 13818
3485 2 13819
7090 1 13821
5226 4 13822
6345 4 13822
1387 1 13823
4662 5 13824
547 4 13824
3210 4 13825
9887 2 13826
4097 4 13829
9493 1 13830
590 4 13830
6006 1 13831
8834 5 13831
7367 5 13832
1204 2 13834
8316 1 13838
6657 2 13841
194 1 13843
9787 5 13843
9842 3 13845
6392 2 13845
8823 5 13846
4487 4 13846
6997 4 13847
8936 5 13848
1517 4 13850
8998 2 13850
3682 1 13851
5319 4 13852
6675 4 13856
8241 1 13856
1490 3 13858
9603 4 13860
1924 5 13861
2837 2 13861
7898 5 13862
9007 4 13862
8135 4 13863
1592 5 13863
2146 4 13866
1828 3 13866
6399 4 13867
5536 1 13867
7766 3 13869
6810 5 13869
2605 1 13870
31 3 13870
8353 1 13871
1803 4 13872
8385 3 13872
8816 3 13873
8729 4 13875
6348 4 13876
7264 4 13876
3831 5 13877
2267 5 13877
9380 1 13879
238 2 13880
9750 1 13880
728 3 13881
2758 3 13881
2688 5 13882
3484 3 13882
5678 5 13885
3408 3 13887
9226 5 13889
4086 2 13889
1652 3 13890
4455 5 13891
2628 4 13891
4975 3 13892
6498 4 13892
840 5 13893
4146 3 13893
6397 1 13894
7695 1 13894
9669 3 13895
2231 2 13895
2489 2 13896
862 4 13897
2269 4 13897
7937 3 13898
1467 2 13900
3814 1 13901
1012 5 13902
3473 5 13902
7196 4 13903
5506 3 13903
527 4 13904
7020 5 13904
8713 1 13905
6778 1 13906
1208 5 13906
4218 4 13908
1647 5 13910
2777 2 13910
18 5 13911
3504 2 13912
3823 1 13914
2282 3 13916
760 2 13916
4693 5 13920
949 4 13924
1042 3 13924
8490 4 13927
1893 5 13929
120 4 13929
5010 3 13930
7101 5 13932
9280 5 13932
7018 4 13933
2816 5 13933
4777 3 13934
1159 1 13935
4403 3 13937
1386 1 13937
8796 2 13938
9774 2 13939
7143 1 13939
2289 2 13941
4580 4 13941
9761 2 13942
9115 3 13942
8509 1 13943
6580 2 13943
6291 3 13945
7605 1 13946
7148 2 13946
319 4 13947
6600 3 13947
7295 2 13948
9940 4 13948
4349 4 13949
8204 4 13950
37 2 13950
1598 4 13953
9836 2 13954
1510 5 13954
9209 1 13955
849 5 13955
54 2 13956
274 5 13956
6043 4 13957
6979 2 13957
6853 2 13958
2752 1 13958
6654 3 13959
7642 3 13960
4672 4 13960
8093 5 13961
394 2 13962
9229 4 13963
5705 4 13963
8560 1 13965
9325 4 13967
5427 2 13967
8986 4 13969
5418 5 13969
9539 5 13970
4118 4 13970
4850 5 13972
8085 2 13974
8723 5 13975
1960 5 13976
2799 5 13976
3742 2 13977
413 1 13977
8292 3 13980
5662 1 13981
6906 3 13982
4142 2 13983
8680 5 13983
279 1 13984
3674 4 13984
4560 4 13985
8700 5 13986
2985 2 13986
3213 5 13988
3224 5 13988
4806 1 13992
7547 3 13997
2686 3 13997
6468 1 13999
6759 1 13999
8052 1 14000
5599 2 14000
6531 1 14001
2512 2 14002
8337 2 14002
7666 5 14003
7113 3 14004
3602 4 14004
289 3 14006
1252 1 14006
984 1 14008
9294 4 14014
409 4 14015
1225 5 14017
7934 5 14017
1802 5 14019
15 4 14019
3821 4 14020
2397 1 14021
3397 4 14021
5101 3 14024
3836 4 14025
4248 2 14025
8761 5 14026
7987 2 14027
8338 3 14027
7753 4 14029
8365 5 14030
2032 5 14030
2384 4 14031
3469 5 14031
6198 1 14033
157 4 14036
6459 1 14037
9222 4 14037
9734 1 14038
4600 3 14038
1628 3 14040
531 1 14041
8983 4 14042
4258 1 14043
8932 4 14044
2880 2 14045
8729 2 14045
9456 3 14048
9173 4 14048
6029 1 14049
5523 4 14049
8101 2 14051
8139 1 14059
871 5 14059
1593 2 14060
5742 2 14060
7024 3 14061
6319 4 14061
7008 1 14063
7640 5 14063
1736 1 14064
6496 5 14067
2064 3 14068
7684 4 14069
952 3 14070
6926 5 14070
1680 1 14073
2211 2 14073
5952 5 14074
6103 4 14074
8322 5 14076
1490 5 14078
2589 4 14078
6014 4 14079
2386 3 14080
583 5 14081
8182 2 14081
8696 3 14082
2470 5 14083
5305 2 14083
8741 2 14084
6265 5 14084
404 1 14085
848 1 14085
4404 5 14086
8513 2 14087
5247 1 14087
816 3 14090
8038 5 14090
5882 5 14091
445 4 14092
4064 4 14093
5548 3 14093
932 4 14094
4609 4 14094
1164 5 14095
5666 2 14096
9620 2 14096
6054 2 14097
746 4 14098
5197 2 14101
2761 2 14101
9462 3 14103
480 2 14104
6589 1 14105
8142 3 14105
7504 3 14107
5219 5 14107
6730 4 14108
2337 3 14108
9681 5 14112
2883 3 14112
2102 1 14113
3480 3 14113
4383 4 14118
2956 4 14119
6991 5 14120
709 1 14120
9833 5 14121
1945 2 14123
356 4 14123
3986 5 14124
8798 5 14125
8119 3 14125
3955 1 14126
1607 3 14126
6762 3 14127
7024 5 14128
8711 2 14128
1604 1 14130
9876 4 14130
9080 1 14132
5424 2 14132
9901 3 14134
3796 3 14134
5447 1 14136
5660 5 14140
6215 3 14142
2059 4 14142
5591 2 14143
3682 4 14144
6257 5 14145
2657 4 14146
5683 4 14147
2315 2 14147
8536 2 14148
7729 2 14148
609 5 14153
1465 3 14153
3219 3 14154
711 1 14157
254 1 14157
3381 5 14158
2711 5 14158
5888 1 14159
3580 4 14159
6682 1 14160
2907 2 14160
2216 2 14161
3125 5 14162
8444 1 14162
284 5 14163
3716 2 14164
5810 5 14164
3994 3 14165
1564 3 14165
2796 2 14167
2742 1 14168
6734 3 14168
7870 2 14169
9790 5 14169
5151 4 14170
9768 2 14170
3375 4 14171
4831 5 14171
3180 1 14172
7328 3 14173
2832 2 14174
9655 2 14174
5949 5 14175
4696 1 14176
4942 4 14177
6817 5 14177
7491 5 14178
7463 1 14179
6006 2 14180
3544 1 14180
3561 5 14181
5716 4 14182
5593 3 14182
8832 3 14183
6445 3 14183
9831 1 14184
9348 1 14184
4445 2 14186
7016 5 14186
7269 3 14187
5712 4 14188
3890 3 14189
8269 5 14192
1197 2 14195
1952 3 14196
8852 5 14197
1956 3 14198
4124 4 14199
5431 3 14199
1163 4 14200
997 5 14200
4955 3 14202
1625 5 14203
4101 4 14203
4332 3 14204
576 4 14205
3262 3 14206
7100 3 14207
9303 2 14208
3733 2 14210
4993 5 14211
83 5 14211
836 5 14213
8315 4 14214
6279 1 14214
3920 2 14215
1632 2 14218
3068 4 14219
2094 5 14220
6437 4 14220
8557 4 14223
6581 2 14224
4333 4 14226
8619 1 14227
1689 1 14227
2489 4 14228
8788 4 14230
3807 2 14230
9488 1 14231
8603 3 14231
369 1 14232
4542 4 14232
1748 2 14233
7141 4 14234
5455 4 14235
8634 4 14236
1800 5 14236
1833 3 14237
4385 3 14237
7397 1 14238
4991 2 14239
5202 2 14239
300 5 14240
9880 2 14240
5013 3 14242
4354 4 14244
1419 3 14244
1624 5 14247
8006 5 14250
7558 5 14254
8357 4 14254
9971 4 14255
2358 5 14255
719 2 14256
7838 3 14257
9476 4 14258
7044 3 14258
5073 1 14259
5293 1 14260
3203 5 14260
8832 2 14261
4258 4 14262
3423 4 14269
3707 2 14269
6294 3 14274
8948 2 14278
9875 3 14279
1784 3 14279
9952 4 14282
4273 3 14283
1278 1 14285
8929 2 14285
9745 2 14286
1279 3 14289
4618 3 14289
7373 2 14290
8520 4 14290
5611 4 14291
5885 1 14291
5899 2 14295
7682 1 14295
9460 1 14296
8072 3 14296
4304 3 14297
4685 4 14298
4721 1 14299
1940 4 14299
6182 4 14301
7586 2 14301
6568 4 14302
8894 4 14303
7979 3 14306
4674 2 14307
4601 3 14307
189 5 14309
7840 2 14309
4043 5 14310
9376 3 14312
3582 5 14312
9167 3 14313
2109 3 14314
1768 1 14314
1604 3 14315
5184 3 14315
2397 4 14316
5370 3 14316
2017 2 14317
3052 3 14317
6360 4 14318
1277 3 14318
4171 1 14320
3746 2 14320
5817 5 14321
2090 2 14322
7080 4 14322
5356 3 14323
2755 2 14323
337 3 14324
9593 1 14324
2148 4 14325
4072 5 14325
8896 2 14327
50 1 14327
5578 4 14329
896 3 14330
355 1 14330
8543 1 14332
7229 3 14332
2706 2 14333
2449 4 14333
9676 5 14334
7728 4 14334
5572 5 14337
2158 2 14338
3958 4 14339
6516 2 14339
8971 4 14341
1449 5 14341
3655 3 14342
1741 2 14344
1122 2 14344
2372 1 14345
127 3 14346
8525 1 14347
2524 1 14347
3017 2 14350
9768 2 14351
6505 5 14352
2568 5 14352
8525 3 14353
32 1 14353
3429 1 14354
2974 2 14354
8059 5 14355
5187 1 14356
5764 3 14357
9464 5 14359
6301 4 14360
8261 4 14360
433 3 14361
9505 5 14362
2383 5 14363
2657 4 14363
2027 3 14367
6447 4 14369
215 1 14369
2685 4 14370
588 4 14370
5323 4 14371
554 1 14371
2795 5 14373
8115 5 14373
138 4 14374
9385 5 14375
2696 3 14377
8329 3 14377
1323 2 14378
7534 3 14378
6761 3 14380
8016 3 14380
5224 3 14381
2928 5 14381
200 5 14382
3476 4 14385
7586 1 14385
7720 1 14386
6917 2 14389
888 4 14389
2420 2 14391
4086 3 14391
5533 4 14392
2419 2 14392
2968 5 14393
3548 1 14394
9872 4 14395
7210 1 14395
8569 1 14396
5828 1 14398
9387 4 14398
6593 2 14402
7918 4 14406
8951 2 14406
7867 4 14407
4422 3 14407
5047 5 14409
2131 4 14410
1807 3 14412
7232 5 14413
3658 2 14413
9229 2 14415
6286 1 14415
8174 4 14416
9609 5 14416
4164 3 14419
5826 3 14419
6238 4 14422
8838 4 14422
3413 2 14423
415 5 14424
1927 4 14424
1028 4 14425
4277 3 14427
3390 5 14428
4618 5 14428
805 3 14430
9939 5 14431
1946 2 14431
842 1 14432
1503 4 14432
1868 4 14435
6112 2 14436
8916 2 14437
9868 1 14438
233 4 14438
8395 1 14440
2080 3 14440
1026 3 14441
9176 3 14441
2875 5 14442
4296 4 14442
8120 1 14443
273 2 14444
709 1 14444
796 5 14445
6123 1 14446
6589 5 14447
4492 1 14447
6089 5 14450
2826 3 14450
5128 1 14451
3760 4 14451
163 1 14453
6808 3 14453
1 3 14457
4934 2 14457
4861 3 14458
4396 1 14458
3549 5 14459
2384 2 14462
7185 1 14462
5891 2 14463
627 5 14467
6315 4 14467
6012 5 14468
2532 4 14470
2561 3 14470
8282 4 14472
2643 2 14473
2696 5 14475
3833 4 14475
7742 2 14477
3194 1 14478
9671 4 14479
3089 5 14479
4105 2 14481
5473 3 14481
4200 3 14483
8350 3 14485
9660 1 14486
3165 3 14487
6378 4 14488
6277 4 14488
9176 1 14489
4737 4 14490
9284 1 14490
9773 1 14491
5354 4 14491
7560 3 14493
7455 5 14494
4145 1 14494
7625 1 14495
1158 5 14495
3638 4 14496
4562 5 14496
5836 2 14499
5887 2 14502
504 4 14502
2255 2 14503
3759 3 14503
7311 5 14504
4983 3 14505
686 2 14505
4732 5 14506
875 3 14506
9541 4 14508
4412 5 14509
3885 2 14510
3287 5 14512
7777 2 14513
9587 2 14514
303 4 14515
4800 3 14515
1650 4 14516
3680 1 14519
2291 2 14521
7642 4 14522
4071 4 14522
7371 1 14523
7747 2 14523
5849 5 14524
6498 4 14526
1756 2 14526
8846 5 14527
2015 1 14527
5651 1 14528
7666 5 14529
57 5 14530
5157 5 14530
4849 2 14532
1032 5 14534
1110 2 14537
2199 2 14538
3512 3 14538
5987 2 14539
6616 1 14539
8932 2 14543
7326 4 14543
3864 2 14544
3299 5 14546
145 3 14548
6912 2 14550
2423 4 14550
2169 5 14551
5185 5 14551
5082 2 14553
2154 2 14554
7022 3 14555
5131 3 14555
3512 4 14556
7387 4 14557
2229 1 14557
7123 4 14559
7764 5 14560
4984 3 14561
8483 3 14562
954 2 14562
602 2 14564
5436 1 14564
8624 4 14566
4026 2 14566
6815 3 14567
2231 3 14567
5739 2 14568
3523 2 14568
1423 3 14569
2132 3 14569
4611 2 14570
7782 3 14570
9013 5 14572
5302 4 14572
2977 2 14573
5339 3 14575
5879 1 14577
9439 4 14578
459 4 14578
8709 1 14579
7700 1 14581
1723 1 14582
6836 3 14583
5870 3 14583
7455 4 14584
6019 5 14587
3286 3 14587
8624 5 14591
3307 1 14592
3985 2 14593
3076 5 14594
406 1 14595
4970 2 14596
1752 3 14597
7640 5 14598
3745 4 14599
4324 3 14599
691 5 14600
4145 3 14601
9879 1 14601
532 1 14602
4708 4 14603
9670 1 14603
618 2 14604
2127 2 14604
1949 4 14605
9831 3 14605
3171 1 14606
3255 3 14606
7451 5 14607
6936 1 14607
2316 5 14608
3569 3 14609
5524 2 14612
963 4 14612
8008 3 14613
9134 1 14613
7407 2 14614
7626 4 14615
6145 3 14617
9678 3 14619
766 2 14619
6489 5 14620
472 5 14621
5445 5 14622
3578 4 14623
394 1 14624
4650 5 14626
645 5 14626
7548 3 14628
513 3 14628
1597 5 14629
5458 5 14629
3085 3 14630
7833 4 14630
8057 3 14632
207 4 14632
7655 4 14633
3340 1 14633
297 1 14634
5655 5 14634
9373 3 14635
4943 3 14635
2743 2 14636
8464 3 14639
8592 5 14639
7557 1 14640
4131 1 14640
2886 4 14641
5280 4 14641
8760 5 14642
3254 5 14643
6012 2 14644
4936 1 14648
7563 5 14648
4967 2 14649
4979 1 14649
5210 4 14650
6493 3 14650
4896 1 14651
5969 3 14653
4085 2 14654
8518 4 14656
9384 1 14657
7663 4 14659
1758 4 14660
9682 1 14660
3945 5 14661
3664 2 14662
3808 5 14662
6370 4 14663
6388 4 14663
4651 2 14664
7634 5 14665
7522 5 14669
5843 2 14669
9687 3 14670
310 1 14671
7947 1 14672
3535 4 14673
3726 3 14673
5980 3 14675
8715 1 14675
2340 4 14676
94 5 14676
2748 2 14677
3173 4 14677
3192 4 14679
5148 4 14681
5291 4 14681
9186 5 14682
8991 5 14685
5583 5 14685
4256 3 14686
1549 2 14686
7233 2 14687
7803 2 14688
4977 2 14688
4313 5 14691
3727 4 14692
7717 4 14697
1781 1 14697
4429 5 14698
2972 5 14699
6213 5 14700
3300 3 14700
8856 4 14701
8292 1 14703
848 3 14705
633 5 14705
319 2 14706
2796 3 14706
9309 4 14707
3611 4 14707
7645 5 14708
3527 1 14709
4249 2 14710
9150 1 14711
471 4 14711
677 2 14713
6283 3 14713
1772 5 14714
9448 1 14714
8484 3 14716
3468 5 14717
2608 2 14719
1858 5 14719
6562 4 14720
7209 4 14720
6911 3 14721
1087 5 14721
9627 2 14723
390 3 14723
6435 4 14724
3255 4 14725
6884 3 14726
38 1 14726
4115 2 14729
5486 5 14729
7770 1 14730
8035 4 14732
5523 5 14733
4120 3 14733
9836 2 14735
8730 2 14738
3895 3 14739
1733 3 14740
1767 3 14740
3405 5 14741
4960 5 14741
6772 5 14742
4080 3 14742
168 4 14743
9835 1 14743
5491 3 14744
4011 4 14744
1675 5 14745
2867 1 14745
4909 3 14746
7015 4 14746
1659 2 14748
6671 4 14748
1175 1 14749
3298 1 14750
8525 5 14750
6412 3 14751
5310 3 14754
6403 3 14754
6873 4 14756
7658 4 14756
2645 5 14759
7094 1 14759
2175 4 14760
1471 1 14760
6161 4 14761
9432 4 14761
6492 2 14763
8679 2 14765
5059 2 14765
6016 1 14767
4327 5 14768
1345 4 14769
741 5 14770
5917 2 14770
133 5 14771
1963 4 14771
8499 3 14772
8900 2 14773
8058 4 14773
4369 4 14774
2036 5 14774
2647 1 14775
5507 3 14775
9281 5 14776
3364 3 14777
5959 4 14779
1902 3 14779
3686 5 14781
2241 3 14781
5145 2 14787
953 2 14788
5587 4 14788
143 5 14789
9392 2 14791
127 1 14797
1882 2 14797
4215 5 14798
5743 5 14799
4088 1 14799
4409 3 14800
981 4 14802
8736 4 14803
6756 5 14804
8012 1 14804
4319 2 14805
6662 1 14805
5075 5 14807
5458 4 14808
7652 3 14810
937 5 14811
1958 5 14811
5323 1 14814
5806 3 14814
6251 2 14815
1978 4 14815
7789 2 14816
1837 5 14816
2538 5 14822
9176 3 14822
2310 1 14824
6259 4 14825
5329 4 14826
9025 2 14826
4111 2 14827
2640 5 14828
7955 2 14828
4816 5 14829
8240 2 14829
8673 5 14830
7794 4 14831
9925 1 14831
4962 2 14832
8595 2 14832
8088 2 14834
5256 3 14834
2334 5 14835
5753 2 14836
5227 5 14837
4562 5 14841
2547 3 14841
1301 3 14842
8677 3 14843
6634 4 14843
7679 4 14844
3286 3 14845
3910 4 14845
6798 1 14846
9075 3 14846
565 2 14848
1857 2 14850
2245 3 14851
3516 4 14851
5379 1 14852
4237 3 14855
9077 2 14856
9399 5 14856
8866 1 14857
2652 4 14858
8401 4 14859
1592 5 14861
8644 1 14861
9152 1 14863
9136 5 14863
8679 4 14864
1597 2 14864
5383 3 14865
3105 1 14865
2379 3 14866
1629 3 14867
2369 5 14867
9812 2 14868
6949 2 14869
7873 4 14869
7939 5 14871
2984 1 14872
7129 3 14872
9449 5 14873
192 3 14873
9108 5 14875
749 5 14876
2170 2 14878
1654 2 14879
1577 1 14880
9851 2 14881
8915 2 14881
801 5 14883
6120 1 14884
8069 3 14884
4788 4 14885
511 5 14885
9538 5 14887
1589 3 14890
709 4 14891
7871 5 14892
2393 5 14892
9832 1 14893
228 3 14897
1873 2 14899
8614 1 14900
9262 1 14900
4777 5 14901
9827 4 14905
3405 3 14906
3538 1 14907
9027 4 14908
4392 1 14908
9867 2 14909
1741 2 14910
3171 1 14912
2695 5 14912
5079 4 14913
8460 4 14913
8411 4 14914
7260 4 14917
5654 4 14919
9940 2 14921
5482 2 14924
302 2 14924
7390 3 14925
5452 5 14925
4508 4 14927
5769 2 14930
4715 4 14931
3835 1 14931
9792 5 14932
982 5 14932
3473 1 14933
1228 4 14934
7303 4 14934
3043 5 14935
208 4 14935
7129 2 14936
1741 3 14936
3418 3 14937
2775 5 14939
6922 4 14940
8330 2 14940
8951 3 14943
8864 3 14945
4050 5 14945
489 2 14946
9590 3 14947
2686 3 14949
8571 4 14949
8185 2 14950
4229 1 14950
4549 1 14951
5187 1 14951
7260 2 14952
5959 1 14954
9363 3 14954
704 1 14956
9802 1 14957
386 3 14959
7381 3 14959
6709 1 14961
3337 1 14961
1702 2 14962
5743 3 14962
255 2 14963
2033 4 14963
7675 1 14964
3385 3 14967
9925 2 14967
1513 5 14968
6451 4 14972
2162 4 14973
5452 2 14974
662 2 14976
1965 4 14976
4291 5 14977
518 5 14977
1007 4 14981
3157 4 14982
8125 1 14982
8432 1 14984
7024 2 14984
3576 3 14987
682 4 14987
2198 5 14988
9914 4 14988
8205 5 14989
1616 4 14990
8691 3 14990
3968 5 14992
8484 1 14994
8751 2 14996
93 1 14996
6678 1 14997
662 5 14998
1072 5 15000
3845 2 15002
7720 5 15003
3 4 15004
3437 5 15005
6726 4 15005
3059 3 15007
9585 5 15008
1477 5 15009
2341 3 15011
1258 2 15011
6106 3 15012
5093 3 15012
5603 4 15013
4389 3 15013
9491 4 15015
6023 5 15015
4547 4 15016
5044 5 15016
3533 4 15017
5953 2 15018
9032 3 15019
3250 5 15020
4648 3 15020
399 2 15021
6496 4 15022
1624 4 15022
9352 3 15024
4601 1 15026
1807 4 15026
4489 1 15031
6360 4 15031
99 5 15032
3929 4 15035
8707 4 15036
4624 3 15038
6780 5 15038
1177 3 15039
1701 2 15039
881 5 15041
4720 4 15041
8623 4 15042
5808 5 15042
7930 5 15043
6694 4 15045
9447 4 15045
6173 5 15047
2851 3 15048
2199 4 15048
4373 3 15049
6388 5 15049
7586 1 15050
79 3 15050
3619 5 15053
6215 1 15053
8465 2 15054
690 5 15055
3411 5 15056
7905 2 15056
2533 5 15057
4322 3 15058
2057 1 15058
9031 1 15060
1519 5 15060
6497 5 15061
7023 4 15063
489 5 15063
9171 5 15064
9614 2 15068
7782 1 15068
4998 1 15069
1570 2 15069
1946 1 15071
4540 1 15072
7741 2 15073
9815 5 15077
192 5 15077
2459 4 15078
3877 3 15079
7919 1 15079
8659 4 15081
6361 5 15081
8932 5 15082
1703 3 15084
6539 5 15084
7685 5 15086
1659 1 15087
9353 1 15087
1661 5 15090
8338 2 15091
7771 3 15092
9563 4 15096
2294 1 15096
9160 3 15097
1464 2 15098
5826 4 15098
9350 2 15099
820 5 15099
3985 3 15100
2527 1 15101
5049 3 15102
7970 5 15102
5032 1 15103
3353 4 15105
3672 1 15106
8780 4 15106
5132 4 15107
337 5 15109
652 3 15109
6032 1 15110
7404 5 15111
6109 4 15111
1573 3 15112
6135 3 15112
7686 1 15114
14 4 15116
1999 1 15117
9394 1 15117
7462 2 15118
6056 3 15119
8818 2 15120
7204 1 15121
3242 1 15121
6841 2 15122
2288 1 15125
6424 2 15126
1901 1 15126
7280 2 15127
2848 2 15127
560 2 15128
4848 5 15128
8319 2 15129
472 3 15129
6400 1 15130
5375 3 15131
1664 4 15131
2640 4 15133
3014 5 15134
2161 3 15134
4250 5 15135
8974 4 15135
4241 1 15136
776 1 15136
3083 4 15137
5489 1 15137
4973 4 15140
8812 3 15141
6430 3 15142
6494 4 15142
8033 2 15143
4247 2 15147
6780 5 15147
1189 1 15148
1037 2 15149
6980 5 15149
4310 1 15150
971 3 15152
9913 3 15153
8178 1 15155
8650 4 15157
6047 5 15157
302 2 15159
3904 3 15159
3877 1 15160
6673 1 15160
2356 5 15163
7608 4 15166
7446 3 15168
8044 3 15169
9226 3 15171
9061 5 15172
4835 1 15173
2743 1 15173
7821 5 15174
5115 2 15178
3060 1 15179
6217 3 15179
2393 5 15180
4694 4 15184
671 1 15184
940 2 15185
7359 1 15185
7668 1 15187
3443 4 15187
2631 5 15189
1974 2 15191
7607 3 15192
5162 2 15193
2995 4 15193
7390 5 15194
1102 1 15195
1779 4 15195
4669 5 15196
8237 2 15196
9056 5 15198
2163 3 15199
8308 3 15200
916 5 15200
7184 5 15202
5277 2 15203
822 5 15204
1778 5 15204
3578 4 15209
8018 1 15210
9989 3 15213
9740 5 15214
336 5 15215
3780 4 15215
8289 3 15216
6659 5 15218
1334 5 15218
283 2 15220
5648 4 15221
5915 1 15221
8619 1 15222
1179 4 15222
3302 3 15223
8802 5 15223
5536 1 15224
1699 5 15225
3059 3 15226
7065 2 15226
8380 2 15227
6378 2 15227
7675 3 15229
4187 4 15229
719 3 15230
9702 2 15230
5955 2 15234
6306 4 15234
2508 2 15237
5716 1 15237
7637 2 15241
4680 5 15249
593 4 15250
826 5 15250
6069 4 15251
7157 1 15251
2919 5 15253
7105 1 15255
488 2 15256
233 4 15256
767 3 15257
6810 3 15260
5868 4 15263
1623 2 15264
7807 2 15268
9682 2 15268
2251 5 15269
5999 4 15272
2709 2 15273
9573 3 15273
7484 3 15274
2770 5 15274
2481 4 15276
7940 3 15276
5726 1 15277
9750 2 15277
6084 5 15278
3318 4 15278
8210 2 15279
1885 5 15279
3994 3 15280
2023 4 15281
4499 2 15281
8570 5 15282
6377 2 15283
8162 2 15284
3763 4 15285
4576 5 15285
4970 2 15286
36 5 15286
409 3 15287
9751 5 15287
1057 4 15288
194 2 15289
4639 5 15289
1122 2 15292
2738 1 15292
9828 1 15293
7428 4 15293
7985 5 15294
2652 2 15297
6416 4 15298
5229 1 15298
3294 1 15299
5922 4 15300
9658 3 15300
6582 2 15301
2834 3 15303
1402 3 15304
9525 4 15304
921 5 15305
3810 5 15305
7539 3 15306
1615 1 15308
7911 5 15308
3760 4 15309
4446 5 15309
7821 2 15311
7514 1 15311
8007 3 15312
2845 1 15313
24 1 15313
4582 5 15314
8399 3 15314
655 3 15315
7362 5 15316
3410 3 15316
8022 3 15317
1289 3 15317
1172 5 15318
7879 1 15319
4400 1 15320
1573 3 15320
89 5 15322
4911 4 15324
546 3 15324
4705 3 15325
8293 2 15325
3616 5 15327
360 2 15331
2750 5 15332
7940 4 15334
9238 3 15336
7037 3 15336
473 4 15337
6178 5 15338
8933 3 15339
2239 3 15340
1597 3 15340
8572 4 15341
2621 3 15343
467 3 15343
5793 2 15347
6304 1 15347
8073 5 15348
9091 3 15349
2863 1 15350
1918 1 15352
7692 3 15353
7112 2 15353
2854 3 15354
1811 5 15356
1272 3 15356
9829 3 15360
7720 5 15361
4222 5 15363
6682 2 15364
5986 4 15365
8328 3 15365
1162 2 15367
7053 3 15367
5289 4 15370
6129 2 15371
6414 3 15371
3459 1 15373
1528 3 15374
651 2 15377
184 4 15379
5216 2 15379
5683 5 15380
4448 4 15380
4742 2 15381
1326 1 15381
7264 4 15382
6160 2 15383
6537 3 15385
9816 1 15385
4092 2 15387
962 1 15387
2386 5 15390
1335 3 15391
4210 3 15392
3580 2 15395
1978 2 15395
5754 5 15396
6254 4 15396
1451 2 15397
8588 3 15400
352 5 15402
973 3 15402
4973 1 15403
8508 4 15404
5840 5 15410
2815 1 15410
9776 4 15412
3528 5 15413
4238 5 15415
9619 3 15415
1538 2 15416
3755 2 15417
970 3 15417
4477 4 15418
8598 5 15419
6953 4 15420
464 5 15420
4229 1 15421
2251 1 15422
2517 1 15422
9060 1 15423
1789 3 15428
6706 4 15429
2467 2 15430
1966 5 15430
3052 5 15431
3579 1 15431
7420 2 15432
7208 1 15432
8835 5 15433
9943 2 15435
1541 2 15435
5372 3 15436
7596 1 15444
5829 4 15444
6068 5 15445
9379 2 15445
546 4 15446
8405 1 15448
8920 5 15448
6463 4 15450
3212 4 15450
2802 5 15451
3631 2 15452
2599 5 15452
3125 5 15453
8766 4 15453
6678 4 15455
3392 3 15456
967 3 15457
5152 3 15457
4835 2 15458
7844 1 15458
4088 1 15461
8623 3 15461
6687 5 15462
6197 1 15463
788 4 15463
8529 2 15464
733 1 15464
3239 5 15466
8005 1 15467
4878 3 15470
2477 4 15471
5255 4 15473
4609 3 15476
6865 4 15476
4705 3 15479
8144 4 15480
1896 4 15481
1834 3 15481
7325 2 15482
4643 5 15484
6745 1 15484
7294 4 15487
523 4 15487
8622 4 15488
2241 4 15488
8459 1 15489
5975 5 15489
5512 1 15490
9268 2 15490
2529 5 15492
5521 5 15492
7119 5 15493
5914 1 15494
7015 3 15495
9820 3 15496
5744 1 15496
3245 4 15497
3615 2 15497
3758 1 15499
6069 1 15502
3536 2 15502
8595 4 15503
3690 1 15503
7021 4 15506
6816 4 15506
7807 4 15508
9026 4 15509
5981 5 15509
5623 5 15510
5177 2 15511
8866 1 15511
7212 4 15512
1610 2 15512
7687 3 15513
4038 1 15513
7128 3 15514
5813 1 15516
9462 5 15517
5540 2 15517
1468 1 15520
5584 4 15520
4274 5 15521
3605 5 15523
8472 2 15525
6621 3 15526
8490 5 15527
3481 5 15530
8012 3 15531
787 1 15531
3595 4 15532
735 1 15533
9200 2 15534
9061 4 15534
1091 4 15535
6678 3 15537
5606 5 15537
6408 1 15540
4904 5 15541
4835 3 15542
9762 5 15543
3431 3 15544
674 3 15548
568 3 15548
4090 1 15550
800 2 15552
219 5 15552
5798 2 15554
5036 1 15554
990 3 15556
5875 5 15556
7375 5 15557
3817 1 15558
3476 4 15558
4860 3 15560
6405 4 15561
7364 2 15561
7941 4 15562
5614 1 15562
2660 4 15563
4231 1 15564
9746 1 15564
6613 2 15565
9275 5 15566
2441 1 15567
6558 4 15568
7342 3 15569
508 1 15571
2140 5 15572
3665 1 15572
1814 4 15573
8241 1 15574
9786 2 15574
2274 1 15575
8620 5 15577
413 4 15582
3214 3 15585
7813 4 15587
1733 1 15588
579 5 15588
6844 4 15589
8895 4 15590
6751 3 15590
6920 1 15591
4202 1 15591
3056 1 15592
4807 2 15592
926 3 15593
5922 5 15593
9778 1 15594
9564 3 15594
7011 5 15595
548 4 15596
2981 1 15599
8247 3 15599
5642 4 15600
7335 4 15600
4720 5 15601
7554 1 15603
2434 3 15603
8178 5 15604
4388 5 15605
3495 2 15606
621 5 15606
4604 3 15607
2513 3 15608
6541 3 15608
1830 5 15609
6681 2 15609
5731 2 15610
838 2 15610
8825 2 15611
5047 2 15613
1382 2 15613
3006 4 15614
9646 1 15614
3568 5 15615
8848 5 15616
9504 5 15616
5009 5 15617
4380 3 15617
5923 3 15618
7882 3 15618
1914 3 15619
7128 1 15621
9244 5 15621
2446 2 15622
8651 3 15622
3417 5 15623
1913 3 15625
3713 1 15625
8114 1 15627
1826 1 15630
5261 2 15630
7065 3 15631
1844 2 15633
1407 1 15633
3508 5 15634
3647 3 15634
4204 4 15635
6056 3 15637
121 3 15638
4442 2 15641
5197 4 15642
1177 3 15642
2010 2 15645
5827 4 15645
704 4 15646
7068 4 15646
2387 3 15648
560 5 15649
4288 2 15652
2578 5 15652
9458 3 15654
8336 1 15656
7516 2 15658
1937 2 15658
3164 1 15659
1491 4 15659
9579 5 15661
4015 5 15661
6681 3 15664
4585 3 15665
9121 2 15665
6935 1 15667
3277 4 15668
2945 3 15669
4935 4 15669
3648 4 15672
4895 2 15673
8533 4 15674
6276 2 15677
7214 1 15678
4042 4 15678
2693 3 15680
5940 4 15681
1742 5 15682
2321 4 15684
4133 2 15686
8477 5 15688
1379 2 15689
752 1 15689
712 4 15691
9542 1 15691
1109 5 15692
2914 4 15694
4010 4 15694
7533 4 15695
1518 1 15696
7403 3 15696
9643 4 15697
5889 5 15701
8568 4 15705
3233 4 15705
893 5 15707
5668 4 15708
8351 3 15708
6805 5 15709
6145 2 15710
9357 2 15710
7217 1 15711
7843 2 15713
7706 1 15714
8526 4 15715
6830 5 15715
8391 2 15716
1328 1 15716
1294 4 15719
6481 3 15719
1822 1 15720
9928 5 15720
2690 1 15721
9234 2 15722
11 1 15722
9655 1 15723
4517 2 15723
4236 4 15724
1512 1 15724
54 1 15725
9424 1 15727
2595 5 15727
486 1 15728
2997 1 15730
7164 3 15732
6297 3 15734
6376 3 15734
3162 3 15735
3555 2 15735
385 1 15737
149 3 15738
4123 5 15738
2532 4 15739
9169 4 15739
3171 3 15741
4063 2 15741
6259 4 15742
2913 4 15743
765 2 15743
2445 1 15744
2705 4 15744
2105 3 15745
7941 2 15746
1580 5 15747
2318 3 15747
9747 3 15748
7625 2 15749
6254 5 15749
8644 4 15751
3966 1 15751
5782 2 15752
4822 4 15753
8757 1 15754
4762 2 15754
274 4 15755
9866 4 15755
9788 2 15756
9032 5 15757
9901 3 15757
8657 4 15759
1305 3 15761
547 5 15762
5312 5 15765
2866 3 15769
995 5 15770
5640 2 15770
3635 3 15771
1606 4 15771
6370 2 15774
8477 5 15777
3005 4 15778
1367 4 15778
3988 2 15779
664 5 15779
9440 4 15780
7509 1 15782
7122 5 15784
1336 5 15784
9348 1 15785
7413 1 15785
5143 5 15786
3906 2 15786
6035 1 15787
4098 4 15788
2511 3 15790
3733 1 15790
5357 4 15791
5149 4 15791
2442 1 15792
6383 5 15792
3445 2 15793
2965 5 15793
8181 4 15794
1043 2 15794
9942 1 15795
5467 1 15795
4492 2 15796
5174 5 15796
1164 4 15797
2029 2 15797
9781 5 15798
4763 3 15800
3363 5 15800
1470 5 15801
3755 5 15801
4174 1 15802
6234 1 15803
8597 2 15803
2750 4 15804
8753 1 15804
1537 3 15805
5720 3 15805
1515 2 15807
4073 5 15808
5274 1 15809
9595 1 15809
4188 2 15811
2649 4 15812
2117 3 15812
8235 4 15813
9999 4 15814
2177 2 15814
5660 4 15817
1988 1 15817
1295 5 15818
6415 2 15818
770 1 15819
6397 1 15819
9042 2 15820
3185 4 15822
5802 3 15823
8565 2 15828
6302 3 15831
8284 2 15831
1980 2 15833
319 1 15834
8134 4 15835
6777 1 15838
3727 1 15839
5836 3 15840
9036 4 15840
9796 2 15842
6873 1 15842
5851 4 15843
782 2 15844
6616 2 15845
8285 5 15845
9097 1 15846
5726 4 15846
8493 5 15847
7857 4 15848
5377 3 15850
158 2 15857
9845 3 15857
5911 3 15859
9865 3 15860
3816 4 15860
3316 5 15861
9375 4 15861
3372 1 15864
722 5 15866
5124 2 15868
4330 4 15868
2602 4 15869
3444 2 15870
8264 1 15870
8647 1 15871
3919 2 15872
8753 4 15872
475 4 15873
3960 3 15875
8074 4 15876
9402 3 15876
5322 3 15877
7140 5 15879
629 2 15881
9637 1 15881
3714 5 15883
2973 5 15883
427 2 15885
5513 5 15885
6280 3 15890
904 3 15890
8209 3 15891
3053 1 15891
1016 4 15892
8183 1 15892
7007 4 15893
8200 1 15893
11 4 15895
9447 3 15896
5297 5 15897
5035 1 15898
3587 2 15898
4876 4 15899
1914 2 15900
5566 5 15900
340 4 15901
6717 3 15901
7969 5 15902
2759 4 15905
1774 5 15905
6576 5 15906
7613 1 15909
1635 5 15909
4118 3 15910
666 5 15910
8539 4 15911
6063 4 15911
2659 5 15913
5975 5 15913
1797 5 15914
1555 1 15915
680 3 15916
9324 3 15916
6378 2 15917
1414 5 15917
104 2 15919
2935 5 15919
5335 3 15922
7067 5 15922
9510 5 15927
520 1 15929
3760 3 15929
4236 1 15930
8406 1 15930
1342 5 15931
3003 1 15931
2136 5 15932
7568 5 15933
3258 2 15934
7880 1 15939
4658 2 15940
2659 4 15941
8874 2 15941
3181 5 15942
1348 1 15942
2260 3 15943
9464 3 15946
8505 4 15948
8382 4 15950
5381 4 15950
2036 2 15951
2952 3 15951
7224 2 15953
304 5 15953
1773 2 15954
7476 5 15955
2006 5 15959
5853 5 15960
4619 3 15962
9119 2 15963
4008 2 15964
5685 4 15964
4747 4 15965
8139 3 15965
4433 3 15968
7443 3 15969
117 3 15971
7480 4 15971
5609 2 15972
8794 4 15974
7682 1 15977
9068 4 15977
5032 2 15980
9376 2 15980
506 3 15981
8732 1 15983
7629 5 15983
1816 1 15985
8747 1 15986
2870 2 15986
4952 4 15987
7381 5 15988
1462 1 15989
6019 2 15989
9623 1 15990
3231 2 15990
8173 5 15991
3085 2 15991
7635 1 15992
5657 2 15993
4435 5 15993
3451 1 15994
8499 1 15995
5432 5 15996
3167 5 15996
7900 1 15998
2978 2 16000
1515 3 16003
2502 4 16003
9004 4 16004
511 5 16004
9257 4 16005
9100 3 16006
9383 3 16006
5955 1 16007
4678 5 16009
2747 4 16009
381 3 16011
7219 5 16011
6701 1 16012
1280 5 16013
902 5 16013
6357 1 16014
5206 2 16015
9356 4 16016
2550 3 16016
2726 1 16018
3330 5 16018
5984 1 16021
8168 5 16022
1465 2 16023
470 2 16023
642 2 16024
4257 2 16024
4356 2 16025
971 5 16026
8711 4 16027
3355 4 16027
4041 2 16028
7038 2 16029
2879 3 16030
9006 1 16030
5758 5 16032
2059 1 16032
8562 1 16034
2414 3 16035
3458 4 16036
4391 4 16038
8148 2 16040
6285 1 16041
6673 5 16042
4664 3 16042
4571 4 16044
7486 3 16045
5587 3 16045
1638 5 16049
4692 5 16049
8593 1 16051
6036 5 16051
1292 4 16052
3416 4 16052
9261 1 16053
3810 5 16055
1223 3 16055
685 5 16056
4812 5 16056
6157 2 16057
4447 1 16058
1569 5 16058
6986 1 16059
2726 5 16059
2283 5 16060
4408 4 16061
828 3 16062
7708 5 16064
9052 2 16064
5309 2 16065
3774 3 16066
8550 4 16067
1379 4 16069
323 5 16072
1847 2 16073
1070 4 16073
2906 4 16074
7969 1 16074
3435 2 16075
4706 2 16075
4282 5 16076
9230 1 16077
120 2 16079
6618 2 16080
2158 3 16080
4580 4 16081
5967 3 16082
6708 1 16083
1881 5 16083
2079 1 16084
1762 2 16085
536 5 16085
8785 1 16086
1375 1 16088
4544 3 16089
5018 3 16089
1485 1 16090
6074 5 16091
9957 3 16092
4843 1 16093
9298 3 16094
3117 1 16094
1648 1 16096
23 3 16096
4190 5 16097
6785 4 16097
5794 4 16099
9732 4 16099
2918 4 16100
3074 1 16100
321 1 16101
1652 3 16102
3751 4 16102
2723 3 16103
447 4 16104
8590 1 16106
6667 4 16107
1605 3 16108
1388 3 16109
7941 5 16109
3821 4 16110
3760 2 16110
6993 5 16111
1328 5 16111
4807 3 16113
218 5 16114
5251 4 16115
624 1 16117
7254 5 16118
3801 5 16118
4831 2 16119
7812 5 16125
9781 5 16126
4302 3 16126
4517 5 16129
1722 5 16129
2145 3 16130
9195 4 16133
4517 5 16133
840 4 16134
4279 1 16135
6882 2 16136
3788 5 16137
3109 5 16137
3633 1 16141
3383 5 16144
4167 3 16145
2727 4 16146
1945 5 16146
4803 1 16147
1875 1 16147
6442 5 16148
3592 3 16148
5142 3 16149
3154 4 16149
2773 1 16150
1789 4 16151
5791 4 16151
2206 1 16153
9261 2 16153
5701 2 16155
976 2 16156
1556 2 16156
6060 4 16157
2240 5 16157
6169 5 16158
7111 3 16159
9192 5 16161
1887 4 16162
1152 1 16163
825 2 16163
6337 4 16164
8167 5 16164
1921 2 16165
9198 1 16166
2749 3 16166
9634 4 16169
7944 1 16171
5566 4 16172
7261 4 16172
3853 4 16173
1255 1 16173
3583 3 16174
168 3 16175
1958 3 16175
6882 1 16177
6763 1 16178
5005 4 16178
8513 3 16179
3657 1 16179
5023 2 16181
4848 3 16181
7033 5 16183
6014 4 16184
4129 5 16185
9713 3 16185
5207 5 16186
5013 1 16187
7931 5 16188
2524 3 16189
4 2 16190
7881 3 16190
7654 4 16193
984 1 16193
3643 1 16194
886 2 16197
6287 3 16197
1580 5 16198
5502 5 16200
6214 1 16200
9827 3 16201
5887 4 16202
2519 1 16203
4045 3 16203
1848 4 16204
2497 4 16204
9662 2 16205
6176 1 16206
2717 2 16208
619 1 16212
2600 4 16213
8682 4 16214
5598 4 16214
8670 4 16215
9385 3 16216
7739 1 16216
481 5 16219
4459 2 16220
3260 2 16220
5173 5 16222
1258 2 16223
9193 3 16225
9326 1 16225
2124 3 16226
2791 4 16226
4044 1 16227
6918 2 16227
98 5 16228
1142 5 16228
8664 1 16229
4272 1 16231
8616 1 16232
8452 2 16232
8348 3 16234
8087 1 16234
3592 3 16235
3231 2 16237
7017 1 16237
4566 2 16238
5046 4 16239
9737 3 16240
4683 1 16240
2221 1 16243
4995 1 16245
9266 1 16245
6944 2 16247
4345 2 16248
9440 2 16249
1811 5 16250
2950 4 16252
866 3 16252
9468 4 16254
8287 1 16255
9150 2 16259
6159 1 16260
4374 3 16261
1770 5 16263
757 4 16263
8249 5 16264
3068 2 16267
5930 4 16267
8689 2 16268
8918 1 16270
1 2 16270
8149 2 16272
1667 4 16272
7006 1 16273
1765 5 16273
3664 3 16274
1617 2 16274
4131 2 16276
1387 2 16276
5138 2 16278
8858 2 16279
2662 5 16280
5882 5 16280
6485 2 16281
7769 3 16282
4899 1 16282
9978 2 16283
7451 5 16284
4541 3 16286
809 1 16287
8611 5 16287
1063 5 16288
9657 3 16289
1322 2 16290
3370 5 16292
379 4 16293
80 1 16293
5398 2 16296
1940 2 16297
7537 2 16298
1937 1 16298
7696 3 16299
9554 2 16300
6236 4 16300
4794 1 16302
7174 2 16303
1407 4 16305
5574 4 16305
6406 5 16306
6322 2 16307
7948 2 16307
2366 2 16308
3856 2 16308
5626 4 16310
1749 1 16314
2054 1 16314
8727 4 16316
3762 2 16316
9683 3 16317
3232 1 16319
5281 1 16319
9835 1 16320
6579 3 16323
5857 4 16325
7978 4 16325
8838 4 16328
6461 2 16329
1861 4 16329
5616 2 16330
6597 4 16331
25 1 16331
8280 4 16332
3345 5 16332
1426 1 16335
7058 3 16337
8161 2 16338
2478 2 16338
6529 4 16339
9535 5 16339
4253 3 16343
9330 4 16343
5256 4 16345
5569 4 16346
2398 2 16346
4031 5 16350
167 4 16351
9116 2 16352
8217 4 16354
8112 3 16354
2217 5 16357
8544 5 16357
8329 4 16358
9770 2 16362
9898 4 16363
6641 3 16363
5649 1 16365
2404 4 16366
2813 2 16366
7764 2 16367
7299 1 16368
2673 2 16368
7697 3 16369
9697 3 16372
4520 3 16373
9701 2 16378
8105 3 16378
8399 5 16380
3449 4 16380
8571 2 16381
7287 3 16383
6909 2 16383
8288 3 16387
3453 5 16387
3279 2 16388
5343 1 16388
3839 1 16392
6513 1 16393
6497 4 16394
5937 1 16395
2738 4 16395
1450 5 16397
4214 1 16397
1838 5 16399
8510 5 16399
6262 4 16402
9244 2 16405
5217 1 16406
549 2 16406
1917 3 16407
8877 2 16408
7084 3 16408
7964 2 16409
8680 3 16409
2076 3 16412
7383 5 16412
7258 2 16413
7143 2 16413
4626 3 16414
1193 5 16414
7827 2 16415
151 3 16416
7996 3 16417
1307 5 16417
803 3 16419
9236 5 16420
6908 3 16421
8277 5 16421
4090 1 16422
2411 5 16423
9887 5 16424
6872 1 16424
142 3 16426
4024 3 16426
5179 3 16427
602 2 16428
4152 3 16428
2179 1 16430
1457 5 16431
9194 2 16432
6322 4 16433
6864 4 16433
3296 5 16436
9657 5 16437
9078 5 16440
6201 2 16441
2323 1 16441
2432 1 16442
7556 4 16443
6135 1 16443
9541 3 16444
3694 4 16444
368 3 16445
2640 2 16445
7058 1 16446
5137 2 16448
1499 1 16448
1935 5 16449
5550 5 16449
4672 4 16451
3407 1 16451
1328 4 16452
1308 1 16454
9790 3 16454
3751 1 16455
2707 4 16456
7228 2 16456
3501 3 16457
1798 3 16457
2479 1 16458
3979 4 16460
8938 5 16460
416 2 16461
6583 1 16461
1684 1 16462
1320 5 16462
5724 5 16467
1531 1 16469
3389 3 16471
8105 2 16472
7171 1 16472
9722 2 16473
2743 4 16474
2758 2 16474
2752 1 16475
3722 5 16476
1527 4 16476
2346 2 16477
9562 2 16477
8733 5 16480
398 1 16481
3498 4 16482
2091 4 16483
817 2 16483
9154 3 16484
7493 4 16484
4616 4 16487
5844 2 16487
2930 3 16489
6744 3 16489
4398 4 16490
2789 1 16490
3131 4 16491
3847 5 16491
8599 5 16492
564 1 16492
6416 2 16493
5274 2 16494
9069 1 16496
2238 4 16497
5363 4 16500
8593 4 16500
8196 2 16501
4690 3 16502
4022 2 16503
5750 5 16504
1906 3 16504
5622 2 16505
3850 2 16506
9271 5 16506
9572 2 16507
2299 3 16507
4334 2 16508
2554 3 16509
9025 4 16509
8169 4 16510
2966 5 16510
2366 2 16513
3084 3 16513
4765 3 16515
3117 2 16516
6839 5 16516
6938 5 16517
202 4 16517
5827 5 16518
9748 1 16518
1841 2 16519
7185 4 16520
8668 5 16520
5875 3 16521
5423 4 16522
3321 2 16524
9918 3 16524
6453 3 16526
5043 2 16527
3589 4 16528
82 1 16529
6017 4 16530
4891 1 16531
4051 3 16532
2903 4 16534
4767 2 16535
7141 4 16535
9481 3 16536
3867 1 16537
5957 5 16537
9367 4 16540
4556 1 16540
6152 4 16541
2744 2 16541
6273 4 16543
2677 5 16544
7084 1 16545
3017 1 16546
5980 5 16546
3549 2 16548
2752 3 16549
8914 2 16549
7798 5 16550
7595 3 16552
622 2 16553
7407 4 16553
7529 4 16554
8668 1 16554
3810 4 16556
9577 5 16557
769 2 16558
7922 5 16558
6558 3 16559
4830 2 16560
5208 5 16564
381 2 16564
8546 1 16565
254 3 16565
4438 5 16566
2928 2 16566
8071 3 16567
4158 4 16569
6360 2 16570
8691 1 16571
9120 1 16571
9739 2 16572
9776 5 16573
9470 1 16574
8481 3 16575
4072 5 16575
9369 5 16577
2217 4 16577
3293 4 16578
7213 2 16578
3393 5 16579
9920 2 16580
2830 2 16581
8671 4 16581
176 2 16582
7732 5 16582
2353 5 16583
7526 5 16584
9831 1 16584
9257 2 16585
1752 3 16585
1710 5 16586
2465 3 16590
1877 5 16590
427 2 16592
2648 1 16593
4877 1 16594
8602 3 16594
8392 1 16595
6222 5 16597
1288 4 16600
4947 3 16600
8771 5 16602
6873 4 16603
8658 2 16603
307 4 16605
7723 4 16606
6838 1 16608
9101 3 16612
1330 3 16612
278 2 16613
278 5 16613
6860 3 16614
5282 5 16615
4920 1 16616
9572 4 16616
3901 2 16618
2539 4 16619
5527 1 16619
8461 1 16621
6578 3 16622
6997 3 16623
8188 4 16623
8289 5 16626
5863 3 16626
7428 2 16628
8850 5 16628
5034 4 16630
9110 5 16630
8287 5 16631
8902 3 16632
4639 5 16632
3059 2 16634
5566 1 16634
3678 5 16635
5197 2 16636
2145 5 16637
955 2 16638
6513 4 16638
1237 3 16639
7258 4 16641
1200 4 16641
286 5 16642
1669 2 16642
628 2 16643
7005 1 16643
6684 2 16644
665 2 16644
4470 1 16647
9907 3 16647
7979 2 16648
5059 5 16649
8559 1 16649
5178 3 16651
1628 3 16652
1622 5 16653
8625 2 16655
1879 5 16655
2830 4 16657
210 5 16658
7044 2 16658
2163 2 16659
7863 2 16660
8974 3 16661
2688 2 16661
3720 3 16662
3969 4 16663
6994 5 16663
4482 1 16667
1935 2 16667
1987 3 16668
2742 4 16668
4129 2 16669
5537 3 16670
8544 3 16673
2642 1 16673
5818 5 16675
5400 4 16675
374 3 16676
5567 2 16676
3436 5 16678
7359 3 16679
8466 5 16681
1354 4 16681
1944 2 16682
992 4 16683
807 1 16684
909 1 16686
9381 5 16686
4747 2 16687
4529 2 16688
9962 4 16690
5785 1 16690
7574 1 16691
3497 4 16691
8111 1 16692
3577 5 16693
3446 2 16693
8175 4 16694
2883 5 16694
8489 2 16696
2799 2 16696
3101 2 16698
2759 2 16699
2811 1 16700
3686 2 16702
4686 2 16703
2825 4 16703
9019 1 16704
924 1 16704
9033 5 16705
4656 5 16707
7287 3 16707
8088 4 16710
832 5 16711
8590 2 16711
2628 5 16712
9363 5 16712
8845 1 16714
9334 1 16717
3217 3 16717
6075 3 16719
5764 4 16719
3154 3 16720
724 5 16724
9245 5 16724
7533 5 16726
325 3 16728
9342 4 16728
584 1 16729
7987 1 16730
7900 1 16730
4829 4 16731
5503 4 16733
5647 3 16733
878 1 16738
8088 3 16739
1300 4 16741
7211 5 16742
6556 1 16742
2876 2 16743
6435 4 16744
4212 2 16744
6870 1 16745
1833 3 16745
5666 2 16748
1576 2 16748
6535 5 16749
66 1 16752
256 1 16752
6690 5 16753
4268 2 16753
9995 3 16754
1891 1 16756
6581 3 16759
6502 5 16759
7961 5 16760
8162 1 16760
40 2 16761
4653 4 16765
9326 4 16766
3686 5 16767
4818 5 16768
1008 1 16768
7421 2 16769
6633 3 16769
393 5 16770
9137 2 16770
3895 4 16771
6878 2 16771
3228 5 16773
9007 2 16778
8786 2 16778
2543 3 16779
4065 1 16779
7510 3 16780
2134 5 16780
9905 3 16783
3472 1 16783
421 4 16784
1266 4 16786
5933 5 16786
159 5 16788
1102 2 16789
3888 3 16789
5819 4 16790
9299 3 16790
847 5 16791
3289 4 16792
8703 5 16792
7554 3 16793
6900 3 16793
872 5 16794
2662 4 16795
7393 1 16795
9188 3 16796
5875 5 16796
5587 5 16797
8141 3 16797
1203 5 16799
559 5 16799
1076 2 16800
8344 1 16802
9916 3 16803
1108 1 16803
1965 2 16804
7193 1 16804
1375 3 16806
5219 3 16806
6069 3 16807
2656 3 16808
6549 2 16808
9001 4 16809
4406 5 16809
6535 5 16811
9688 3 16812
4101 3 16812
8916 5 16817
6889 1 16817
4140 4 16818
2857 2 16820
2281 5 16820
9078 2 16822
6466 4 16823
4334 3 16823
1871 1 16824
982 4 16825
2146 3 16825
3035 5 16827
1089 3 16828
1238 5 16828
1924 4 16829
9052 5 16829
6078 5 16833
9419 1 16833
3852 1 16834
4752 5 16837
2101 2 16837
4153 2 16841
7281 2 16842
6687 3 16842
3227 2 16843
6543 1 16844
3525 2 16848
9960 3 16852
2856 5 16853
8257 2 16855
7348 4 16855
2674 3 16857
138 1 16857
4128 4 16859
6437 4 16860
5379 5 16860
3673 3 16861
6532 5 16861
1248 3 16863
5218 5 16864
8214 3 16865
1215 1 16866
9855 1 16867
9133 3 16868
726 4 16869
5559 1 16870
1735 3 16871
5029 1 16871
3701 4 16872
1222 4 16872
5428 5 16873
7897 5 16873
6081 1 16874
3635 1 16875
8812 2 16875
6802 5 16876
9860 1 16876
8853 2 16878
5842 1 16880
2865 4 16881
5263 4 16881
7608 2 16882
2042 5 16883
5429 3 16885
8735 2 16888
7102 1 16888
5434 4 16889
5427 1 16890
8061 4 16891
2617 4 16891
30 5 16892
7453 3 16892
575 3 16893
7465 5 16894
6192 2 16894
6934 1 16896
2997 1 16896
8285 1 16897
6050 4 16898
2592 1 16898
7805 1 16899
9299 4 16899
9142 3 16900
4512 3 16902
2457 5 16903
8856 5 16905
3415 1 16905
2999 5 16907
6520 1 16908
2221 3 16908
9941 2 16910
2670 5 16910
7059 4 16911
3930 4 16916
7536 2 16916
1239 3 16917
1841 1 16917
5392 4 16919
2594 2 16919
7864 4 16920
7458 5 16920
330 1 16921
2005 2 16922
6430 3 16922
581 5 16923
1009 3 16923
3196 2 16924
2103 3 16924
7013 5 16928
4287 3 16929
5279 2 16930
8852 2 16930
9039 5 16932
3260 3 16932
8760 5 16936
5533 4 16936
5012 5 16938
9723 2 16938
9901 1 16939
7723 2 16941
9779 3 16941
8509 1 16942
5752 2 16943
9310 5 16945
5939 4 16945
1341 4 16946
5736 2 16947
1317 5 16947
2807 2 16948
3134 4 16948
1604 3 16949
1331 5 16950
5015 3 16951
6822 4 16951
2591 1 16952
2172 3 16952
957 2 16953
3738 3 16954
7980 4 16957
9842 4 16957
6845 5 16958
545 4 16959
9717 4 16960
3219 2 16961
498 1 16961
4407 5 16964
1018 3 16965
5573 3 16966
2814 4 16966
156 2 16967
476 3 16972
5449 3 16972
8349 3 16973
1950 1 16973
8271 2 16974
1061 2 16976
6321 4 16977
5090 1 16978
3744 1 16979
9481 3 16980
3975 2 16980
3701 1 16981
252 2 16981
3621 2 16982
8511 2 16983
6903 2 16984
2966 3 16984
2133 1 16985
9726 2 16985
2076 1 16986
8677 3 16987
9932 3 16988
5483 3 16991
5198 4 16991
2879 2 16993
4011 3 16994
2564 3 16996
6985 2 16997
7436 1 16997
5872 3 16999
5271 1 17001
9613 2 17003
3283 1 17003
2348 2 17004
5374 2 17005
2125 5 17006
2745 1 17006
5927 4 17007
3754 5 17007
458 1 17008
4941 1 17009
6020 4 17011
6834 4 17011
3074 5 17012
2362 4 17012
6354 1 17013
6206 5 17014
1225 2 17014
4743 2 17015
1030 3 17015
6792 3 17016
7433 1 17016
963 3 17017
2351 2 17018
7138 1 17018
1944 4 17019
3802 4 17020
4563 4 17021
4691 1 17021
1245 4 17022
4660 5 17025
6044 5 17026
1949 2 17028
9813 2 17030
5445 4 17031
241 4 17032
9549 2 17033
4366 2 17033
92 4 17034
3589 5 17035
70 4 17035
9381 5 17036
4998 3 17036
8726 4 17037
8864 3 17037
6433 3 17039
3660 4 17039
9021 3 17040
7085 5 17043
3477 3 17043
1872 3 17044
1985 1 17044
6506 4 17045
4537 1 17045
4769 2 17046
2943 5 17046
1225 2 17047
6356 1 17051
4305 3 17051
886 4 17054
6521 4 17054
3963 5 17055
8270 2 17056
7928 3 17058
694 2 17059
3230 1 17059
3662 5 17060
6740 4 17060
987 5 17061
1447 2 17061
8809 3 17063
8661 5 17063
46 5 17064
8892 4 17064
188 4 17065
7649 1 17065
5912 5 17066
4141 3 17066
3567 2 17067
1527 2 17067
5433 5 17068
8925 5 17069
8206 5 17070
963 3 17072
5034 3 17072
3054 2 17075
9706 5 17076
3065 4 17077
1280 1 17077
7313 1 17079
6268 4 17080
5808 5 17081
3651 3 17081
3961 4 17082
8079 5 17083
9094 4 17084
7138 1 17084
899 5 17085
5548 1 17087
8899 5 17087
1543 3 17088
8229 3 17089
9864 4 17089
4732 1 17090
7507 1 17090
3623 5 17091
4962 4 17092
8804 3 17092
3852 1 17093
843 1 17094
8220 2 17094
96 4 17095
2738 3 17095
723 2 17097
5468 5 17097
2642 3 17098
9559 3 17098
81 2 17100
1574 1 17100
9289 3 17101
6100 4 17102
2145 5 17104
2484 3 17104
2083 3 17106
1105 1 17108
2755 1 17109
7932 3 17109
5216 4 17110
2800 5 17111
2781 2 17111
1572 3 17112
2471 4 17112
2541 3 17113
8242 1 17113
6430 2 17115
2811 2 17115
4824 2 17116
6382 2 17116
5512 3 17118
8120 2 17118
643 5 17119
6199 4 17120
9507 4 17120
7409 1 17121
7077 2 17121
7245 5 17122
9156 4 17123
4410 5 17124
2554 3 17125
9374 2 17125
5519 4 17126
3854 3 17127
9247 4 17128
6259 2 17128
8010 4 17129
1121 1 17129
3698 1 17130
2614 1 17130
6569 2 17131
3219 3 17134
3560 5 17134
8157 4 17135
6166 4 17135
8869 2 17136
1420 5 17136
9297 2 17137
9725 5 17138
6383 5 17138
5245 3 17139
9554 1 17140
7142 4 17140
6434 3 17141
4548 4 17141
798 3 17142
9879 5 17142
3926 3 17143
6855 3 17145
9941 2 17145
7118 4 17146
3187 3 17146
1108 4 17147
892 1 17147
416 3 17148
6266 2 17151
6047 4 17153
2376 3 17154
654 3 17156
1445 3 17157
6456 2 17161
2112 2 17161
635 1 17162
8712 3 17162
5881 2 17163
68 1 17164
1287 1 17166
9429 1 17166
3453 5 17168
3750 2 17169
5593 5 17169
4167 1 17170
54 2 17171
4108 2 17171
2244 5 17172
2455 1 17174
3841 2 17174
2419 5 17176
1203 5 17177
4994 1 17177
8827 5 17179
7483 2 17179
8462 3 17180
5422 5 17180
1248 3 17182
2662 3 17182
6986 5 17183
9686 3 17184
5265 3 17185
3571 3 17185
9 4 17190
297 3 17191
9189 5 17192
6425 1 17193
9531 2 17194
7668 2 17195
1277 4 17198
671 3 17198
3582 5 17204
3591 3 17204
8265 4 17206
7608 5 17207
4766 5 17207
5319 4 17208
5714 5 17209
2250 4 17210
7478 1 17210
7408 1 17211
4202 5 17211
7024 3 17213
9588 1 17213
9740 4 17217
7100 3 17217
9565 5 17218
9063 1 17218
4287 2 17220
8932 5 17222
8389 4 17222
8620 2 17223
4343 3 17223
6469 3 17224
4905 5 17224
2262 1 17225
6528 1 17229
3118 1 17229
5291 4 17231
393 4 17231
9169 4 17232
5143 2 17233
9301 5 17233
8097 5 17234
7879 3 17234
9117 2 17235
2894 5 17236
8923 2 17237
2946 1 17237
8984 1 17240
7322 3 17244
1548 3 17245
3051 2 17247
6748 3 17247
7933 4 17248
1384 5 17248
3286 1 17250
4580 1 17250
282 2 17251
8338 4 17251
3301 2 17252
4901 2 17253
4325 4 17256
6581 1 17257
1407 2 17260
4488 4 17260
1496 2 17262
3415 1 17263
3540 4 17263
101 1 17265
4453 4 17265
6399 1 17266
1942 5 17266
6790 2 17267
2163 2 17267
7282 4 17268
1189 4 17269
3901 5 17269
6457 4 17270
6456 3 17270
7187 1 17271
3503 5 17271
2120 5 17273
2125 1 17275
5700 2 17275
6922 1 17276
3692 5 17276
2200 1 17279
3530 2 17279
1694 5 17281
4582 2 17282
7269 1 17282
7270 1 17283
9484 1 17283
7433 1 17284
5414 2 17285
5621 2 17285
6579 5 17286
7144 5 17287
3391 1 17288
9563 4 17288
3912 2 17290
8598 4 17291
6762 2 17293
767 4 17294
924 3 17294
8510 2 17295
5272 3 17295
443 5 17296
2015 2 17297
5279 5 17298
6293 2 17298
4133 2 17299
5662 4 17300
6974 1 17301
7299 1 17301
2524 2 17302
3020 2 17302
740 3 17304
5403 3 17305
6497 2 17305
612 3 17306
5847 4 17307
6702 5 17308
4801 3 17308
2366 5 17309
6055 4 17309
2548 2 17312
9498 1 17312
9589 5 17313
8671 4 17314
1885 3 17315
3243 1 17318
1897 3 17318
2422 2 17319
8521 3 17320
6018 5 17321
1914 4 17321
6784 2 17322
2982 1 17322
4403 1 17325
1132 5 17326
608 3 17326
7408 2 17328
4752 1 17328
1040 2 17329
3681 2 17333
6425 5 17333
9040 2 17334
6233 4 17334
1799 1 17335
3849 4 17335
5765 4 17337
5303 1 17337
8864 3 17338
5617 3 17338
7296 1 17340
6332 3 17340
4569 1 17341
4532 5 17343
3305 4 17344
8393 4 17346
4643 4 17346
9714 2 17347
6578 2 17348
6601 5 17348
7168 5 17349
5565 1 17353
5957 1 17353
9495 2 17355
3250 4 17356
9009 4 17356
2787 3 17357
6230 1 17357
8990 1 17358
2132 4 17358
1120 4 17359
9074 2 17359
7429 4 17360
3205 2 17364
1783 4 17365
3696 5 17368
9290 5 17368
2029 1 17371
3118 1 17372
9089 2 17373
1255 2 17373
8956 4 17374
166 3 17374
4017 2 17375
5736 3 17375
422 3 17376
4185 5 17376
9678 1 17377
8568 3 17379
1140 3 17381
1919 5 17381
2365 3 17383
928 4 17383
5800 4 17385
3818 3 17385
9710 2 17386
3526 1 17387
8532 1 17388
8333 2 17388
566 1 17389
1143 1 17390
6716 2 17390
188 3 17392
1025 5 17392
5292 3 17393
8676 3 17394
5225 5 17394
4750 5 17398
4630 2 17399
9248 3 17400
8535 3 17400
5536 1 17404
5275 1 17405
7194 2 17405
9028 5 17407
8688 3 17408
9021 4 17408
1628 3 17409
5506 1 17410
2350 2 17410
8505 2 17411
9927 3 17412
7168 4 17412
4000 1 17414
5847 2 17415
4993 2 17415
4978 4 17418
5230 1 17420
1799 5 17420
8119 1 17421
7797 2 17421
9262 1 17422
9982 2 17423
8085 4 17423
4642 4 17424
8883 1 17424
642 1 17427
5314 5 17428
8810 4 17428
6184 4 17429
6011 1 17429
1074 1 17431
9591 1 17431
352 2 17433
2651 2 17434
9733 5 17435
9687 2 17436
4868 2 17436
588 2 17437
5216 3 17438
2420 3 17439
7256 2 17439
9405 3 17441
47 5 17442
3207 5 17442
1954 4 17443
352 4 17443
7424 2 17444
9969 3 17444
7141 3 17445
2832 3 17445
9756 5 17446
2471 2 17447
5286 1 17447
4213 3 17449
6340 5 17450
3667 3 17451
1498 2 17452
234 2 17452
8647 2 17453
6103 5 17453
2935 1 17454
351 5 17455
2046 4 17455
219 2 17456
2624 1 17456
5560 1 17457
831 4 17457
4128 4 17458
3372 1 17459
8325 1 17459
3861 2 17460
1788 4 17460
695 1 17461
8051 4 17461
6800 2 17462
9726 2 17462
121 4 17463
8658 1 17463
9854 2 17464
7272 2 17466
2478 1 17469
7503 1 17469
7478 1 17471
4234 3 17471
5382 1 17472
352 1 17473
8849 2 17475
2862 5 17475
8649 5 17476
6670 2 17476
4397 3 17477
7798 4 17477
5317 4 17478
9744 3 17478
6763 2 17479
7296 5 17479
5864 3 17481
9839 4 17481
9592 2 17482
6364 2 17482
3014 2 17483
6846 2 17483
3600 4 17484
5054 5 17484
9861 5 17485
8403 1 17485
3838 4 17486
6727 5 17487
3090 4 17487
8864 4 17488
3493 3 17488
2924 5 17490
5383 1 17490
3917 2 17491
1861 2 17491
7032 4 17492
1113 3 17493
334 5 17493
7757 1 17494
9291 4 17494
812 2 17496
8244 5 17496
3179 2 17497
5989 3 17500
6329 4 17501
6252 4 17501
5372 1 17502
6446 1 17502
2658 2 17505
9214 5 17505
7463 3 17507
8318 3 17509
906 1 17509
9869 1 17510
8410 4 17511
6443 1 17511
7805 1 17512
3969 5 17513
4856 5 17514
6245 5 17515
7660 3 17515
864 4 17517
5836 3 17518
131 5 17518
7005 2 17519
9347 4 17520
138 5 17520
7380 5 17522
9610 5 17523
6435 5 17525
8097 4 17528
5400 5 17528
2452 3 17529
3389 3 17529
6248 4 17531
3271 4 17531
5226 3 17532
534 2 17532
3154 1 17535
24 2 17536
3792 5 17536
7571 3 17537
5474 5 17539
9481 4 17540
4993 3 17543
7743 5 17544
3073 2 17544
9443 4 17545
6878 5 17546
2912 3 17546
3179 3 17547
8361 1 17548
7114 2 17548
1264 4 17549
244 1 17549
5386 2 17551
3438 2 17554
2186 5 17554
765 5 17557
4517 4 17558
5935 3 17558
3710 4 17559
9360 5 17559
7796 2 17562
6570 2 17563
4425 1 17563
5894 3 17565
8265 2 17565
9426 2 17567
9929 5 17567
366 1 17568
7150 4 17571
1183 1 17574
7751 2 17577
9327 4 17579
6921 3 17579
8697 4 17580
465 1 17580
3298 5 17581
4314 1 17582
629 5 17582
5613 2 17583
7830 4 17587
4298 5 17587
4304 2 17588
9344 3 17589
393 4 17594
3370 3 17594
6488 3 17595
2260 2 17595
1823 1 17600
6402 4 17601
6286 2 17604
7586 5 17605
7454 3 17605
2707 4 17607
6279 5 17609
7539 5 17611
6909 2 17611
7523 5 17613
8733 2 17613
8988 4 17614
3811 2 17617
2144 4 17618
7362 2 17618
2058 3 17619
4341 1 17620
1173 4 17620
7898 1 17621
599 2 17624
9269 4 17625
3325 2 17625
3432 5 17626
4175 2 17628
4952 2 17630
2518 3 17631
4015 1 17631
1273 3 17632
1610 3 17632
5394 3 17633
1871 2 17633
4439 1 17635
8733 5 17635
341 2 17636
3773 1 17639
6873 2 17640
1259 3 17642
5360 5 17643
6272 3 17643
2313 5 17644
4941 5 17645
7084 3 17645
6573 1 17647
533 1 17647
1388 1 17648
2448 2 17648
4426 3 17650
7045 4 17652
5120 5 17653
4702 4 17655
151 2 17655
4107 3 17658
8972 3 17658
6964 1 17660
353 1 17661
5153 1 17661
4635 3 17663
9236 1 17663
4716 3 17665
2021 3 17667
2190 5 17668
617 4 17673
8405 1 17673
700 2 17674
4496 4 17674
8557 2 17676
3536 1 17678
4356 4 17678
7711 1 17679
8632 3 17679
2552 3 17680
831 3 17680
2547 4 17682
4423 2 17683
5714 5 17684
4965 3 17684
7412 2 17685
5845 5 17686
6781 4 17686
5372 1 17688
4974 2 17689
6428 3 17690
8658 5 17692
8454 4 17692
2824 4 17693
5018 1 17693
5588 5 17694
6234 2 17695
4632 4 17696
3878 1 17696
8674 1 17697
2783 3 17697
9047 4 17700
6117 2 17700
7555 2 17701
4062 1 17702
4428 5 17702
3362 2 17703
5764 1 17703
6822 3 17705
4218 3 17705
7700 1 17709
3982 2 17714
2882 5 17716
7948 4 17718
4517 4 17720
5795 1 17721
264 4 17721
8890 4 17722
3309 2 17722
3477 3 17726
4380 4 17726
3235 2 17727
2052 3 17727
523 4 17729
9952 5 17729
6183 5 17730
4265 4 17730
9439 5 17731
3956 2 17732
5526 2 17733
1969 4 17733
1486 3 17734
1255 3 17734
1473 5 17735
8728 5 17735
8943 1 17736
4491 1 17739
5095 2 17739
2193 4 17740
388 3 17740
4054 2 17742
7714 1 17743
3959 2 17744
6291 1 17745
8569 5 17745
7513 2 17748
6414 4 17748
2857 2 17749
9079 4 17749
9166 5 17750
202 3 17750
7469 5 17755
7421 1 17756
912 4 17757
3759 4 17758
9663 5 17758
2891 5 17762
8262 4 17765
6074 3 17766
9214 1 17767
5359 4 17767
8109 1 17769
2375 5 17769
3050 5 17770
4145 3 17770
1579 3 17771
8584 2 17771
2836 1 17772
566 3 17772
8626 2 17774
7463 5 17776
7055 4 17777
4147 2 17777
8169 1 17779
5298 1 17779
9753 1 17780
8272 4 17781
9515 2 17781
2834 5 17782
6747 1 17782
3655 3 17784
2226 2 17784
8905 2 17787
9000 1 17788
1871 2 17788
733 4 17789
5395 1 17790
105 2 17791
9283 5 17792
12 1 17792
7488 3 17795
5661 1 17797
5402 5 17797
4329 5 17798
1888 5 17798
69 4 17799
3531 2 17799
711 2 17802
2314 3 17805
2835 1 17805
4797 4 17806
8199 3 17808
2534 2 17814
7753 5 17814
9708 5 17815
3696 4 17816
9311 1 17816
6848 3 17817
5450 2 17817
2265 2 17818
372 1 17818
2657 2 17819
727 5 17819
1987 3 17821
2829 2 17821
3108 3 17823
5274 1 17823
8872 4 17824
965 5 17825
5875 4 17826
7201 2 17830
2242 1 17831
5208 1 17831
1794 3 17833
9274 1 17833
1970 5 17835
4797 1 17836
1411 2 17838
3457 4 17841
1142 4 17841
8138 3 17842
1541 5 17843
3047 2 17843
9421 2 17845
7630 1 17846
2613 1 17847
8007 2 17847
1417 5 17848
7721 4 17848
8576 3 17849
9014 2 17849
2805 5 17851
8686 1 17852
2766 1 17855
1730 3 17855
761 4 17856
3246 3 17858
9777 1 17861
1429 4 17862
2866 5 17862
5826 4 17863
7737 1 17863
5786 4 17864
6436 4 17864
4260 3 17866
7148 4 17866
5085 5 17868
1768 1 17869
4107 3 17869
1160 4 17872
3897 1 17874
3257 3 17875
6861 1 17876
3199 5 17878
7114 1 17878
1477 3 17880
4902 3 17883
9672 5 17883
873 2 17884
894 5 17885
5 3 17887
1309 4 17888
5282 5 17888
4878 5 17889
2061 1 17889
2456 5 17890
9136 5 17893
7195 2 17893
6156 5 17894
1552 5 17894
6143 2 17895
9881 4 17896
2712 5 17897
260 1 17898
21 3 17900
4725 3 17900
4159 3 17901
7074 5 17903
3657 4 17903
4242 3 17904
3098 2 17904
3889 1 17905
5077 2 17909
2797 1 17910
8980 3 17910
8085 1 17911
7197 2 17911
6647 5 17912
187 3 17913
437 4 17915
9400 4 17916
6758 3 17916
8324 4 17917
6882 1 17918
1944 4 17918
5733 1 17919
361 1 17921
6618 5 17921
1425 2 17923
7008 5 17923
3828 3 17924
3311 5 17924
5826 2 17925
3258 5 17925
3097 5 17926
4565 4 17926
2488 4 17927
5120 2 17927
435 3 17928
6155 1 17929
4454 3 17929
7610 3 17931
7089 2 17931
1402 5 17932
8519 3 17933
9998 4 17935
6654 1 17935
3675 2 17936
7595 5 17938
4471 5 17938
3135 1 17939
3897 1 17939
2470 2 17941
5314 3 17942
4595 1 17945
7124 4 17945
8805 5 17948
9474 2 17948
764 4 17951
2527 3 17951
4488 5 17952
1468 4 17952
3219 4 17953
5195 4 17953
1409 1 17955
4805 5 17957
6594 5 17957
7956 1 17958
1397 2 17958
2141 2 17959
6177 1 17959
3470 5 17960
3093 3 17960
2017 2 17963
4757 4 17964
5111 1 17964
1088 3 17965
2494 1 17966
2402 1 17967
3025 1 17968
2171 4 17968
6673 4 17970
1943 1 17970
638 5 17972
7833 2 17972
7659 5 17973
5178 5 17973
3913 1 17974
6436 4 17974
9413 2 17975
4956 1 17976
2884 1 17977
9086 2 17977
622 1 17978
2880 4 17979
7635 3 17980
9039 1 17980
7495 2 17983
9391 5 17983
4851 5 17984
1254 1 17987
1055 5 17988
9164 3 17990
90 2 17991
7281 1 17992
2592 5 17992
8494 3 17993
8425 3 17994
8974 2 17997
9132 1 17998
6234 2 17998
1081 2 17999
6668 3 18002
8286 3 18003
7350 1 18004
1846 3 18004
5743 1 18007
2312 4 18008
7015 4 18009
9179 1 18010
9920 2 18011
4290 4 18013
2719 4 18013
9770 2 18014
3695 4 18014
4304 5 18015
628 1 18015
168 4 18017
2169 4 18017
1459 2 18019
8809 2 18019
5247 4 18020
9243 2 18021
9494 4 18021
5132 4 18022
228 1 18022
8191 3 18023
6877 5 18023
4612 3 18024
2086 4 18024
2321 5 18025
6630 4 18025
8093 2 18027
6919 3 18029
2893 3 18032
4030 2 18033
4682 4 18033
6595 1 18034
2029 4 18034
836 2 18037
6529 1 18037
4315 4 18038
8124 4 18038
9330 2 18040
444 4 18041
3620 4 18041
6443 3 18042
8333 5 18049
4456 2 18049
7049 5 18052
6203 3 18053
585 5 18054
6276 1 18054
4699 4 18056
9162 1 18056
2687 3 18057
9754 1 18058
5989 3 18058
5256 3 18059
3083 4 18059
7079 5 18060
7040 3 18060
6360 1 18061
4194 5 18061
3297 1 18062
8920 2 18062
470 1 18064
462 2 18066
4256 4 18066
9161 2 18068
5528 2 18069
8123 3 18070
9690 3 18070
1569 1 18071
6969 5 18072
3968 3 18072
6791 2 18074
1559 3 18075
1378 5 18076
8331 3 18076
5092 5 18077
7339 1 18080
7465 5 18082
3250 4 18087
843 5 18087
441 3 18089
9485 1 18089
6853 4 18091
3255 5 18091
6646 4 18092
8496 4 18093
944 5 18094
9556 5 18095
9546 4 18096
7546 1 18096
573 5 18097
3981 5 18098
8156 2 18098
2505 1 18099
8384 2 18099
2484 5 18101
3523 3 18101
5078 1 18104
3535 1 18104
1078 3 18105
3374 2 18105
4814 3 18106
2878 5 18106
2407 3 18108
8803 2 18108
802 3 18109
4501 2 18109
6287 3 18110
9715 4 18111
1089 5 18111
1491 3 18112
3346 4 18113
3503 2 18114
4316 1 18116
2525 1 18116
156 3 18117
2464 1 18117
8390 3 18120
3274 4 18122
6800 5 18124
8433 3 18124
826 1 18126
381 2 18126
845 4 18127
6004 5 18129
4524 4 18131
8616 3 18131
607 5 18132
9799 2 18132
8338 2 18133
8803 2 18133
7652 5 18134
9936 3 18134
6826 5 18136
6291 2 18138
4749 1 18140
3778 3 18140
4972 5 18141
9098 2 18141
5532 2 18142
9853 4 18143
2623 3 18145
9188 4 18145
3773 3 18146
4852 5 18146
9753 2 18147
3261 3 18150
1703 1 18150
3162 4 18152
8678 4 18153
6086 3 18154
1927 3 18155
8159 4 18156
3260 2 18159
2008 5 18159
5579 4 18160
1861 1 18161
6171 3 18165
8678 5 18168
9587 3 18168
6681 1 18170
544 1 18170
5507 5 18171
5396 5 18172
9725 4 18175
9184 1 18176
1522 4 18176
4052 3 18180
70 5 18180
9661 3 18182
9271 1 18184
5838 5 18185
4747 3 18185
5398 1 18186
8555 2 18188
2863 1 18188
4828 5 18191
9430 4 18192
7816 3 18192
4594 3 18193
1323 3 18194
8939 2 18194
7568 2 18197
9695 1 18197
4032 5 18199
8884 5 18199
2180 2 18200
1902 2 18200
3229 4 18203
2733 4 18203
8546 1 18204
3667 1 18204
4699 2 18205
3856 1 18207
4549 1 18209
9847 5 18209
9213 2 18210
6857 3 18212
244 2 18212
7244 1 18213
6540 3 18214
7094 3 18214
4347 5 18215
2972 5 18215
3593 2 18218
8801 3 18219
1465 3 18221
2565 5 18221
8663 5 18223
3913 1 18223
947 4 18224
437 4 18225
8363 5 18226
4715 3 18226
3646 1 18228
5022 2 18228
6623 2 18229
7145 5 18229
977 1 18230
9932 1 18231
5545 2 18235
5110 1 18236
7923 2 18236
4132 4 18237
4077 4 18237
5613 1 18238
6786 5 18239
6037 4 18239
8908 1 18240
1167 2 18240
4569 3 18243
2504 4 18243
671 2 18244
1747 3 18244
6242 4 18245
2554 4 18246
126 5 18247
3635 5 18247
9070 5 18249
6555 2 18250
5462 4 18250
4050 4 18252
6917 4 18252
6165 4 18254
328 3 18255
2680 4 18255
8001 2 18257
9092 2 18257
8262 1 18259
8236 5 18259
9384 4 18261
5885 3 18262
9909 5 18263
5062 4 18265
7954 3 18265
5195 4 18266
3551 3 18266
3155 2 18267
3134 3 18268
1439 2 18268
6742 4 18269
6212 5 18270
3052 4 18271
7417 1 18272
2389 4 18272
260 1 18273
7465 5 18273
7802 4 18274
2092 1 18274
8673 1 18275
7890 3 18276
3628 3 18276
4514 2 18277
5498 5 18282
8216 2 18285
8806 1 18285
994 5 18286
2216 4 18288
3248 2 18288
4581 4 18290
4248 2 18290
8892 4 18291
9706 2 18291
7589 4 18292
8457 1 18293
7880 4 18296
8700 4 18296
5477 2 18297
3596 2 18297
4884 5 18299
1011 2 18300
1663 1 18300
7607 5 18301
6932 1 18301
497 3 18302
3427 5 18302
1797 1 18304
3090 4 18305
8810 3 18307
3349 2 18307
9322 5 18308
6731 4 18308
1504 4 18311
2744 5 18312
1561 3 18313
4920 3 18313
3345 2 18316
1883 2 18317
6021 2 18317
1573 3 18318
2210 5 18318
7228 3 18319
8014 5 18319
4609 3 18320
7234 1 18323
8561 4 18324
87 4 18324
5521 1 18325
7090 5 18326
2634 1 18326
678 2 18328
9242 2 18329
9832 4 18329
4808 3 18330
7748 2 18331
1091 3 18332
3315 5 18332
2421 5 18333
9342 3 18333
8323 4 18336
6361 2 18336
587 4 18337
2378 5 18337
6780 5 18338
729 5 18338
6169 2 18339
2407 3 18339
5075 4 18340
3895 3 18340
1944 5 18341
1342 1 18341
9238 1 18343
216 5 18344
5277 4 18344
9459 5 18347
6469 4 18347
9100 5 18348
8161 3 18351
2050 3 18352
9014 1 18353
8787 3 18353
2353 4 18354
4885 2 18355
181 4 18355
8111 3 18356
3934 4 18357
453 5 18357
7711 1 18358
8860 4 18359
5272 4 18359
9604 4 18360
3081 2 18362
3352 1 18363
4818 1 18366
685 5 18368
2860 4 18369
4281 2 18369
9099 1 18370
1505 5 18370
3180 3 18371
1523 5 18371
3482 4 18372
8810 4 18372
1314 2 18374
2464 2 18375
858 3 18376
9439 3 18377
5074 4 18378
9860 3 18378
3793 5 18379
9754 1 18380
8376 5 18380
979 1 18382
9853 3 18383
3614 5 18384
4121 1 18386
4971 5 18387
2960 5 18389
8893 4 18389
2543 1 18390
6108 2 18390
3284 4 18396
9243 1 18397
5917 2 18397
463 3 18398
265 4 18399
2259 5 18401
6254 1 18401
9832 1 18403
6136 1 18403
7554 3 18406
6167 2 18407
3049 3 18407
2770 1 18409
5680 3 18410
4881 3 18410
3216 3 18412
2711 5 18412
8868 4 18414
6392 2 18414
4484 1 18418
5084 2 18419
5643 3 18420
2930 1 18422
1642 1 18424
6086 4 18425
8427 1 18427
6000 3 18427
4163 1 18428
5857 3 18430
6805 5 18430
2557 3 18432
6795 2 18432
8736 2 18433
4461 2 18433
7230 1 18435
3237 5 18436
3181 4 18436
2250 2 18438
8656 2 18438
6576 2 18441
7384 3 18441
2821 5 18442
4648 1 18443
8230 5 18443
2011 4 18444
2593 5 18445
1299 4 18445
9370 1 18449
4926 2 18453
9106 1 18454
4478 3 18454
6777 2 18455
6775 1 18456
8726 3 18456
3896 4 18458
2576 5 18458
6504 1 18459
3289 2 18459
2820 2 18461
8817 4 18461
9867 3 18462
2175 3 18463
2277 1 18463
8846 2 18465
9329 3 18466
9297 3 18468
1405 1 18468
7320 4 18469
823 1 18469
744 4 18473
1872 2 18476
645 3 18476
1215 3 18477
257 5 18478
6775 2 18479
8622 3 18480
6246 2 18483
4843 2 18484
2736 4 18486
4173 2 18486
3205 1 18487
8269 1 18488
8448 4 18488
802 3 18491
1462 1 18493
9683 1 18493
369 5 18494
2169 2 18495
7450 5 18495
9551 2 18496
3716 2 18503
1293 4 18503
869 3 18505
7448 5 18506
9581 5 18506
5287 2 18508
4140 2 18511
3033 5 18514
4424 1 18514
8468 2 18515
7228 5 18516
7582 3 18517
2905 2 18518
3966 1 18522
8621 3 18522
8575 1 18523
9129 3 18525
7355 1 18525
3369 1 18526
4583 1 18527
3491 3 18528
2171 5 18530
5260 2 18530
249 5 18533
5476 4 18533
8399 2 18535
2979 1 18535
4969 2 18536
3364 3 18536
3363 1 18538
685 1 18539
3517 1 18541
8538 1 18541
5123 4 18543
3008 3 18544
2071 1 18545
8439 5 18545
9248 1 18546
3386 2 18548
901 2 18548
2250 5 18549
3766 4 18549
5029 5 18550
5973 1 18550
674 1 18551
9521 2 18552
8864 2 18552
6502 3 18555
9191 1 18556
8488 5 18556
4283 3 18557
6419 3 18557
241 5 18558
6561 2 18561
4086 4 18561
750 3 18562
4739 4 18562
703 4 18564
4346 2 18564
6973 5 18565
451 1 18565
382 2 18566
2953 2 18569
2012 5 18569
1332 4 18570
6705 2 18570
9314 4 18571
3301 3 18571
2811 2 18572
1452 3 18573
9215 3 18575
8531 2 18575
1497 3 18576
9670 5 18576
728 4 18577
9877 4 18577
3071 4 18581
434 3 18584
3151 1 18586
3679 2 18588
272 5 18588
4087 4 18590
4198 1 18590
5724 2 18592
4887 5 18594
6495 3 18595
90 2 18598
5037 2 18599
9311 3 18600
6203 2 18601
3268 3 18601
6558 4 18602
7917 5 18602
9999 5 18603
4730 1 18605
6864 5 18605
3910 1 18606
6115 5 18607
1014 2 18609
3283 1 18609
5010 3 18610
3712 3 18611
7653 5 18611
94 5 18612
105 1 18613
2394 5 18614
1982 1 18615
9234 1 18615
7989 2 18616
8770 2 18616
280 1 18617
9658 5 18617
6783 1 18619
1892 2 18619
5876 1 18621
9383 3 18622
3904 1 18623
8373 4 18623
4071 1 18624
4299 4 18625
3917 5 18625
5309 2 18627
9965 3 18628
1781 1 18629
3389 2 18630
5380 1 18631
9289 1 18632
1590 3 18632
2650 4 18633
6328 1 18633
3433 2 18634
6889 5 18635
8170 3 18635
9923 1 18639
759 1 18639
575 3 18640
1186 1 18641
8623 1 18641
9628 5 18644
6361 4 18646
1568 3 18646
8285 4 18647
9334 2 18648
2860 4 18649
6917 2 18649
84 3 18650
4914 2 18650
6668 1 18651
2021 5 18651
5742 2 18652
4073 3 18652
5552 4 18653
2485 4 18653
5198 1 18655
2398 1 18656
7635 1 18657
6138 2 18657
3702 1 18658
1205 3 18660
9077 2 18660
3742 1 18661
761 2 18661
7133 5 18662
5985 2 18665
5660 4 18665
3912 4 18666
1590 3 18667
1770 2 18668
6958 3 18668
7997 3 18669
8260 2 18670
8521 1 18670
5637 3 18671
4442 3 18673
3340 1 18673
5523 2 18674
2161 5 18676
4562 2 18676
5852 3 18677
4070 4 18679
1343 5 18679
6174 3 18680
7698 4 18682
2439 1 18683
9748 4 18683
1352 3 18686
7219 4 18687
8752 3 18687
1554 5 18688
1981 3 18689
9529 1 18689
3582 5 18691
5049 2 18692
1828 3 18692
953 2 18694
5407 2 18695
5596 4 18696
9158 2 18696
200 2 18697
8636 1 18697
2674 3 18699
7529 4 18699
6839 4 18700
7072 3 18701
1622 1 18703
4552 1 18704
3172 5 18704
7432 1 18705
9542 2 18706
9624 4 18707
8655 2 18708
1699 2 18709
1733 1 18709
9842 4 18712
5353 1 18712
5383 3 18714
6630 2 18714
5509 1 18715
2101 2 18715
6981 2 18716
8268 4 18717
4114 3 18717
8762 2 18718
2944 4 18718
8093 5 18719
7318 3 18720
1872 5 18720
9385 5 18721
9776 2 18722
109 3 18722
3441 2 18723
4201 4 18724
7249 5 18724
3622 4 18725
4789 2 18728
3380 2 18728
4278 5 18730
2923 5 18730
3240 5 18733
2882 1 18733
1362 5 18734
756 5 18734
6894 4 18736
7034 4 18736
8715 5 18740
4231 1 18740
7357 2 18741
7569 4 18741
8194 2 18743
910 2 18745
1952 5 18745
8026 1 18746
2556 1 18748
3606 2 18748
1781 3 18753
2936 4 18753
1811 5 18754
2579 1 18754
7320 4 18755
7930 3 18756
7549 1 18756
6846 1 18757
5128 3 18758
1439 3 18759
4929 3 18760
9871 4 18760
9046 5 18761
2155 2 18761
6089 5 18765
3287 2 18765
4588 4 18767
4752 2 18767
8785 1 18768
5373 2 18769
7479 3 18771
6203 1 18771
1102 3 18773
6491 1 18774
8672 3 18774
1743 1 18776
2556 5 18777
8524 1 18777
2977 1 18778
8926 5 18779
6345 1 18780
1587 5 18781
1737 2 18781
2063 1 18782
1526 3 18783
7827 3 18783
544 1 18784
3070 3 18784
3046 1 18785
4009 4 18785
3813 3 18787
1097 1 18787
9500 5 18789
2924 1 18790
8959 3 18790
9633 3 18791
4465 1 18791
2728 2 18792
7746 4 18793
7487 2 18793
5624 2 18794
1164 3 18795
6943 1 18796
6674 1 18797
9337 1 18797
7813 3 18798
3181 4 18798
5907 2 18799
7525 1 18800
295 3 18800
2866 5 18801
5688 4 18802
8165 1 18803
6991 5 18803
4859 4 18804
9575 3 18804
2556 4 18805
2926 3 18806
3431 2 18807
644 3 18807
5535 1 18808
8023 2 18808
5416 2 18809
4473 4 18810
9643 5 18810
2201 3 18811
7258 2 18811
8636 1 18812
35 1 18813
2855 1 18813
5082 5 18814
7433 2 18815
8690 2 18816
1545 5 18816
9138 5 18818
9280 2 18819
2783 1 18820
586 2 18820
8701 4 18821
210 1 18822
3747 1 18823
257 1 18824
7949 3 18824
8302 4 18825
4083 1 18826
1285 4 18826
2258 5 18827
5035 4 18829
5322 2 18830
8483 1 18830
1182 2 18831
439 3 18831
6418 5 18832
2670 4 18832
9597 5 18833
3964 2 18833
3287 1 18840
1376 2 18842
9318 4 18842
4797 4 18843
6499 5 18844
8312 4 18844
9512 3 18846
6498 1 18849
3193 3 18850
5271 3 18850
1985 1 18852
4049 5 18852
6159 4 18853
590 1 18853
3690 5 18854
2392 3 18854
8776 3 18856
4831 1 18856
7844 1 18859
3050 4 18860
1784 3 18861
163 3 18864
8755 5 18864
485 5 18865
565 1 18865
4734 3 18866
7090 5 18866
4256 4 18867
6523 3 18868
2587 5 18869
8515 1 18869
1111 4 18870
7538 4 18870
3840 3 18872
3756 5 18872
221 4 18875
513 4 18875
5514 3 18876
3085 5 18878
334 3 18879
6915 2 18880
3637 3 18880
7422 4 18882
8662 3 18883
2948 4 18884
3939 3 18885
7422 1 18885
9664 5 18886
895 1 18887
5425 5 18888
9535 3 18892
481 5 18892
6469 1 18893
8482 3 18893
4981 4 18896
7103 4 18897
4125 5 18900
5149 5 18901
5860 2 18901
4638 2 18902
4229 2 18908
7227 1 18910
7723 4 18911
9117 2 18911
8719 2 18912
3756 2 18912
7392 2 18913
5426 2 18913
6969 4 18914
9211 4 18915
4404 2 18918
9034 4 18918
393 4 18919
3154 1 18919
2628 5 18920
9701 4 18920
565 1 18921
5188 5 18923
3133 1 18926
1482 2 18926
1600 2 18927
3606 2 18927
3216 3 18929
1825 1 18930
8928 4 18931
7971 2 18933
6733 2 18934
6592 1 18934
2133 4 18935
1161 4 18935
9505 3 18936
8357 5 18937
6599 4 18937
6822 5 18939
3174 3 18943
929 1 18943
333 1 18944
8650 5 18945
2260 1 18946
4602 4 18947
2854 2 18947
3012 1 18948
4457 1 18951
5209 2 18952
7942 1 18953
459 4 18953
106 4 18954
5452 3 18955
5463 4 18955
7952 4 18956
8934 4 18959
7010 3 18959
7573 5 18961
4997 5 18962
7419 3 18964
6841 3 18964
5657 2 18968
7241 1 18969
7184 4 18971
4526 2 18971
5380 1 18973
935 2 18974
1492 4 18974
7212 3 18975
5427 4 18977
3827 3 18979
438 4 18979
8429 2 18980
1517 2 18980
1827 2 18982
5359 2 18982
6089 1 18983
1558 1 18986
1423 4 18986
3186 3 18987
4164 4 18987
4842 2 18988
4426 1 18988
1182 5 18989
8627 1 18990
9719 3 18990
6508 3 18991
9329 4 18991
1959 3 18992
6053 5 18992
6298 2 18993
130 4 18994
5153 1 18994
9214 4 18996
8559 1 18996
3779 2 19001
6946 1 19002
3803 1 19004
7573 5 19004
7439 3 19005
273 3 19005
7930 5 19006
2232 4 19007
5959 2 19008
7384 2 19008
2565 5 19011
8090 5 19011
6767 1 19012
3245 5 19014
1203 2 19015
3003 2 19015
5753 4 19016
1989 3 19016
4485 2 19017
1791 2 19018
2576 2 19018
3908 3 19019
6248 3 19019
9113 4 19020
3780 3 19025
6793 5 19026
3854 5 19029
1800 1 19029
7391 4 19030
4135 3 19031
1552 3 19031
3938 5 19032
2868 1 19032
8565 3 19033
5305 4 19033
3726 2 19034
1047 3 19034
7610 4 19035
5826 2 19037
6111 4 19038
7451 1 19038
1551 5 19039
9540 3 19041
1236 5 19041
4351 5 19042
9951 5 19044
7437 2 19044
1853 5 19045
3111 3 19046
3226 3 19047
1265 5 19047
3638 1 19048
8324 3 19049
5053 4 19049
7685 3 19051
3130 2 19051
2381 2 19052
8698 3 19052
4189 3 19053
8830 3 19053
8494 5 19054
5587 4 19057
52 2 19058
127 4 19059
813 2 19061
7489 1 19061
2096 5 19062
5279 5 19063
295 1 19063
7069 5 19064
2576 3 19064
6932 2 19065
9604 3 19065
3409 4 19066
4913 2 19067
9257 3 19067
6409 4 19069
6775 1 19069
2938 1 19070
1298 4 19071
3783 4 19071
6129 1 19072
1604 3 19072
3561 2 19073
3458 2 19074
6176 3 19074
5766 1 19076
4557 3 19076
3253 1 19077
1661 5 19080
369 3 19080
156 4 19083
3346 3 19085
4544 2 19085
4620 5 19086
6653 1 19087
1830 4 19087
3032 4 19089
7769 5 19089
6502 4 19090
6001 1 19091
9379 3 19092
7843 4 19095
3713 2 19096
8742 3 19097
755 1 19098
3459 1 19100
1623 5 19100
7076 1 19101
2318 5 19102
1043 5 19104
7472 4 19104
9418 2 19105
715 3 19106
1506 5 19106
1235 2 19110
6167 5 19111
3800 1 19112
6360 1 19112
6321 3 19115
4677 2 19116
5660 1 19116
4663 3 19120
925 4 19120
7058 5 19121
8670 2 19122
5363 2 19122
9961 5 19124
3373 2 19124
4165 5 19128
3208 4 19128
6544 5 19129
5207 2 19129
9574 3 19130
1566 2 19132
2731 1 19134
1523 2 19137
7184 3 19138
9186 2 19138
4554 5 19139
5121 4 19139
6556 5 19140
254 4 19141
5293 3 19141
9824 3 19142
2813 5 19142
9280 1 19143
3246 1 19143
6802 3 19146
9923 3 19146
1378 2 19148
5 1 19148
3944 2 19149
8362 5 19149
8137 1 19151
3467 5 19153
8471 3 19157
5037 1 19159
8125 3 19159
2642 1 19160
761 1 19161
9389 4 19162
1342 3 19162
6445 3 19167
1747 4 19167
6576 5 19168
3035 2 19168
3737 1 19170
665 1 19170
5980 1 19171
5027 2 19171
9607 2 19172
6631 5 19173
7028 3 19174
5170 4 19174
6467 2 19175
7663 3 19176
9508 5 19176
1676 2 19177
7491 1 19178
123 2 19178
9834 2 19179
1852 1 19180
7528 2 19181
9577 5 19183
1553 4 19184
3750 5 19184
4055 1 19186
2272 2 19186
1813 2 19188
1973 2 19189
7635 1 19189
1615 5 19190
9951 2 19190
1022 4 19191
5666 2 19195
9093 4 19195
4680 5 19196
77 4 19196
5410 3 19200
5438 2 19204
6507 1 19204
3765 5 19205
5890 2 19205
8744 4 19206
2236 5 19207
9522 4 19207
3420 4 19210
3759 3 19210
3072 2 19211
6474 4 19212
4583 2 19213
1373 5 19214
2693 4 19214
9535 2 19215
4486 3 19217
9357 1 19218
2365 1 19218
541 5 19219
7557 1 19219
9048 4 19220
7963 3 19221
8847 4 19221
7781 1 19224
4903 5 19224
9218 4 19225
8118 1 19227
2443 5 19227
9324 3 19228
312 3 19228
7130 4 19229
1012 1 19231
5989 3 19234
7052 4 19234
8766 5 19235
8594 1 19237
6194 4 19237
6157 1 19238
7481 4 19238
8411 1 19239
7278 4 19240
7707 4 19241
4642 3 19242
2189 2 19243
4958 2 19243
5485 1 19245
6525 2 19246
9328 3 19247
5469 4 19247
4189 5 19248
1777 4 19248
8505 4 19249
2725 3 19251
613 1 19251
8150 5 19253
9163 2 19253
1848 2 19254
9504 3 19255
2002 3 19255
8454 1 19257
1908 5 19257
6770 1 19258
57 2 19258
2609 2 19259
1806 3 19259
907 3 19260
2791 3 19260
6524 2 19262
3655 4 19262
8636 4 19263
2106 4 19264
3246 1 19264
7654 3 19267
1171 3 19267
7088 2 19268
8449 5 19271
7955 2 19271
3346 3 19274
2946 2 19274
108 1 19275
949 3 19276
8014 1 19277
489 5 19277
9189 1 19279
4279 1 19279
7185 3 19281
3604 1 19284
8806 4 19284
4213 2 19285
6805 4 19287
5096 2 19287
6669 1 19288
4616 5 19288
2009 2 19290
9553 1 19291
1740 5 19292
8488 3 19293
1169 4 19293
5128 2 19298
1316 5 19298
2721 4 19301
1423 2 19301
2649 3 19304
3928 1 19306
3214 5 19306
9871 1 19307
4741 5 19308
1249 2 19308
2490 2 19309
1606 2 19309
5675 4 19310
3442 2 19310
5768 3 19312
4939 1 19312
6391 1 19314
1426 2 19314
3250 3 19315
2074 2 19316
9532 2 19316
9881 1 19317
663 2 19319
6476 3 19319
6992 3 19320
6416 3 19320
2397 1 19321
1215 1 19322
3844 2 19322
4174 5 19323
7915 2 19325
9885 1 19326
3526 4 19327
5877 4 19327
361 1 19328
4133 2 19329
3950 1 19330
2675 5 19330
5179 3 19331
994 1 19331
3940 4 19333
5814 4 19333
5716 1 19334
8720 3 19334
8836 2 19336
5330 1 19336
2346 1 19337
9386 1 19339
4031 5 19339
1022 3 19340
8206 3 19340
8704 2 19341
6717 1 19341
4684 3 19342
9937 4 19343
3808 2 19344
5965 5 19345
1160 1 19346
7857 2 19347
5649 3 19349
5060 4 19349
3228 1 19350
8702 5 19351
6044 5 19351
2937 4 19352
4171 1 19353
7128 3 19357
1445 3 19357
4375 5 19358
3353 3 19358
8278 1 19359
7969 5 19359
6161 3 19360
3260 5 19360
176 1 19363
1098 1 19363
5998 4 19364
5304 5 19365
3114 1 19367
9104 5 19371
9938 5 19373
5373 3 19373
9621 4 19376
835 2 19376
5451 2 19378
9614 5 19378
4142 3 19379
7079 1 19380
2306 3 19381
9040 3 19383
837 4 19383
9727 3 19384
8946 4 19384
4663 5 19385
5382 3 19385
5411 3 19386
3760 2 19386
3388 4 19387
2743 4 19389
8426 3 19389
5249 3 19390
2260 2 19390
4703 1 19392
2459 4 19393
4044 3 19393
7176 2 19394
9296 1 19395
3133 3 19395
3313 1 19396
1559 4 19396
7640 1 19398
2103 3 19398
6951 4 19400
179 1 19400
5504 3 19401
7990 4 19402
2788 2 19403
9222 1 19404
9172 2 19404
6997 4 19407
5976 2 19407
1178 1 19409
7056 4 19410
3866 4 19410
2724 1 19411
7291 3 19412
6038 1 19414
4658 1 19414
1056 5 19416
9056 5 19417
4027 4 19419
7994 5 19420
7826 4 19423
5476 1 19424
9948 4 19424
5583 4 19425
1384 3 19425
7691 5 19426
519 5 19428
6544 3 19429
1212 4 19429
434 4 19430
1148 1 19431
5977 3 19431
8915 3 19432
5263 5 19434
1287 1 19435
1367 1 19435
4096 4 19436
6025 4 19438
569 3 19439
1222 5 19439
7464 1 19440
2040 5 19441
5425 4 19441
1180 3 19442
564 5 19442
9569 4 19443
1431 5 19443
7812 3 19445
5034 2 19446
9602 4 19446
2675 3 19448
9449 3 19448
6131 1 19449
6760 1 19449
6411 2 19451
7015 3 19452
1665 1 19453
3580 1 19454
3434 3 19455
117 3 19458
9316 4 19458
9570 1 19460
8163 4 19460
2279 2 19463
5604 4 19463
7461 5 19464
1796 3 19466
829 3 19466
9485 1 19467
2922 2 19468
3987 4 19468
8965 1 19469
8939 1 19470
4444 3 19472
611 1 19472
1686 1 19475
7711 3 19475
6881 4 19476
6902 1 19476
5216 5 19479
9424 1 19479
7357 3 19480
2672 5 19480
995 5 19481
9228 4 19482
2136 4 19482
1198 1 19487
2 2 19489
8645 1 19490
1725 4 19491
2581 4 19493
3272 3 19495
1867 4 19496
7267 5 19496
5684 4 19497
4753 3 19499
1782 1 19500
4754 2 19500
4540 5 19501
3914 3 19501
2780 5 19505
8550 1 19505
9996 4 19506
8080 1 19506
9494 3 19507
817 4 19507
3410 4 19508
9489 3 19510
9477 3 19511
6461 1 19511
83 2 19512
7370 3 19512
7655 4 19513
2775 4 19514
6096 2 19514
7253 1 19515
5153 4 19517
8578 3 19517
3428 3 19518
1765 4 19519
9503 2 19520
4986 1 19521
2269 4 19521
6116 3 19522
1681 5 19523
1747 4 19523
5756 2 19524
9514 5 19524
7011 5 19525
2487 5 19525
6861 3 19528
435 4 19528
4860 2 19529
9473 5 19529
9493 2 19530
4410 1 19531
3335 2 19531
5088 2 19532
1590 3 19532
8232 3 19534
8079 4 19534
8124 1 19535
3649 1 19536
4849 3 19538
6930 4 19539
650 4 19539
6029 3 19540
9442 1 19540
5952 4 19541
982 2 19541
1156 2 19543
4542 5 19543
990 1 19544
3579 5 19544
1421 1 19545
2139 5 19546
7601 2 19546
522 2 19547
7802 1 19548
5120 2 19548
8423 2 19549
7333 2 19555
954 5 19555
7946 3 19556
7134 4 19558
5729 4 19559
2316 3 19559
1605 5 19560
846 3 19561
9523 4 19561
192 5 19562
9436 2 19564
2414 2 19564
4877 2 19568
4981 2 19568
8787 5 19569
2754 1 19569
8717 4 19570
1874 1 19570
3055 5 19571
4839 2 19572
8134 1 19572
8326 4 19574
1804 5 19575
4845 2 19575
1951 3 19578
8306 2 19579
9599 3 19579
1947 4 19580
6626 2 19581
7881 2 19581
9785 1 19582
4031 4 19583
4834 2 19584
8381 1 19586
1582 5 19587
8202 2 19588
407 1 19589
7045 5 19589
8865 5 19590
308 4 19590
7472 1 19591
6170 3 19593
188 1 19594
3342 5 19594
3753 3 19595
9562 2 19595
1297 4 19596
6166 4 19599
5989 5 19599
4438 5 19600
8799 1 19600
3333 3 19603
8574 5 19603
790 1 19604
5342 1 19605
9925 1 19605
1786 2 19606
2271 1 19607
7935 1 19607
716 5 19611
9288 5 19612
2029 3 19614
4383 3 19617
1874 2 19618
5350 4 19618
861 3 19621
1570 5 19623
1878 3 19624
9172 5 19626
3782 2 19626
180 5 19628
2190 1 19628
6592 2 19633
1292 1 19634
2322 3 19634
7258 1 19635
8765 1 19635
127 5 19636
6164 5 19637
1454 3 19637
9986 3 19638
1392 2 19640
2699 5 19640
5809 4 19642
3873 5 19643
7683 5 19643
7002 2 19644
6244 1 19645
9875 4 19647
7498 3 19647
7204 2 19648
5069 1 19648
7612 1 19649
7104 3 19652
5090 5 19654
8895 4 19654
6332 2 19655
7622 4 19657
4302 4 19657
3259 4 19659
9621 4 19659
705 3 19660
9648 3 19660
4767 3 19662
5490 2 19664
6353 2 19665
1745 1 19665
9180 2 19666
1891 3 19666
1439 4 19667
4299 1 19669
601 3 19669
8469 5 19670
7624 4 19670
8940 2 19674
298 4 19674
6772 5 19676
8934 3 19676
679 2 19678
4984 1 19679
6123 2 19681
659 4 19681
5660 2 19682
7323 4 19682
8901 1 19684
8440 5 19685
7844 4 19685
2778 3 19686
8833 3 19688
4429 2 19688
6449 4 19689
2027 2 19692
8220 5 19694
4726 5 19695
1865 4 19697
9474 2 19699
6578 3 19700
256 3 19701
9569 4 19704
8307 5 19709
5883 4 19709
4073 2 19710
6753 5 19711
7194 1 19712
7782 5 19714
9364 2 19714
2749 1 19716
803 2 19717
1156 5 19718
8476 2 19718
2741 5 19719
6337 5 19720
4878 2 19720
9735 1 19721
6356 1 19721
1053 5 19723
6899 4 19724
7195 1 19724
3330 2 19725
1485 4 19726
642 1 19726
2503 2 19729
6488 1 19730
3067 2 19730
8626 2 19731
5870 5 19732
4147 1 19733
5358 1 19733
1876 1 19734
8976 2 19735
531 4 19735
5670 2 19736
1668 4 19739
7064 5 19739
7957 1 19740
2649 1 19741
4846 4 19743
6931 2 19744
4218 1 19744
893 5 19748
5163 3 19748
4191 1 19749
1190 4 19750
1556 2 19751
1502 1 19751
7384 3 19753
7423 5 19753
3130 3 19754
5956 1 19755
2516 2 19756
2658 5 19757
5083 5 19759
2872 1 19760
8269 5 19761
1813 4 19762
4445 5 19762
1398 5 19763
4383 1 19763
8123 2 19764
2842 4 19764
4229 3 19768
7138 2 19768
3211 4 19769
8490 1 19770
9814 2 19771
5918 3 19774
8015 4 19774
5627 4 19775
8021 3 19778
6136 1 19779
4489 3 19779
3101 2 19781
8626 2 19781
8547 3 19783
2737 3 19784
4251 1 19784
1242 3 19785
155 1 19786
615 4 19788
7760 3 19789
9662 4 19790
5722 3 19791
8201 5 19791
8212 5 19792
7436 2 19793
2588 1 19793
9833 3 19797
1059 5 19800
4976 5 19801
3052 2 19803
6428 4 19803
9147 2 19804
9339 1 19805
3217 1 19807
694 4 19808
1211 2 19808
1765 2 19809
6342 5 19811
9525 3 19811
3682 2 19813
498 5 19813
2174 3 19814
8487 5 19814
6155 1 19815
4164 3 19815
7848 5 19816
5048 4 19818
3262 4 19819
8756 3 19821
4816 1 19821
1240 4 19824
5397 5 19825
8373 5 19825
6030 1 19826
1411 5 19826
5814 2 19827
6302 4 19829
1019 4 19829
1564 3 19830
3794 3 19830
7420 2 19831
7702 1 19832
7086 3 19834
3991 1 19834
7990 1 19835
4720 5 19835
7676 2 19837
5046 3 19838
638 5 19838
5108 5 19839
9664 1 19840
3422 1 19841
3171 3 19841
8298 2 19842
286 4 19842
5854 5 19844
3468 1 19845
3716 5 19846
1856 3 19846
1736 4 19847
137 5 19849
3647 2 19849
3850 2 19851
1653 4 19853
6832 3 19853
4 2 19856
7182 3 19856
2310 1 19857
7373 3 19860
9317 2 19860
1509 1 19863
6064 2 19863
8937 3 19864
1845 5 19864
3260 3 19866
1829 3 19866
5737 4 19869
9467 4 19871
887 3 19873
7450 4 19873
5152 4 19875
8963 4 19876
3681 5 19876
1680 1 19877
2584 3 19879
3406 2 19880
6826 3 19880
9362 2 19882
8317 4 19882
3994 1 19885
860 4 19887
8957 3 19887
6129 1 19888
4518 2 19888
4086 3 19892
9964 2 19893
1830 1 19893
2478 5 19894
2586 3 19895
3049 2 19895
7058 3 19897
1171 5 19897
7884 3 19899
6379 1 19899
5608 1 19900
9984 2 19901
6664 3 19903
2735 3 19903
8339 1 19904
3424 2 19905
3514 4 19905
1068 1 19907
5965 1 19908
6053 5 19909
7741 4 19909
5927 4 19912
3124 3 19912
2577 4 19913
4771 2 19914
3764 1 19914
8983 4 19915
2286 4 19915
4261 4 19916
5091 5 19917
1717 1 19917
6962 1 19919
4068 5 19922
1317 3 19925
3773 1 19925
4209 4 19927
9406 3 19927
7272 2 19928
8783 1 19928
8727 4 19930
9662 3 19930
2195 3 19931
6098 1 19931
2784 1 19933
63 2 19933
7500 5 19934
2600 5 19935
4409 5 19936
5275 1 19937
2023 4 19938
3057 2 19938
5083 1 19939
6163 2 19939
9936 1 19940
7535 2 19940
8634 5 19942
6825 1 19942
790 5 19943
587 3 19944
3616 3 19945
4800 3 19946
2330 1 19948
5613 3 19950
9529 3 19952
2352 3 19953
6338 3 19953
5081 2 19954
243 1 19955
1664 5 19955
7115 4 19956
5593 3 19957
9496 4 19959
5068 1 19959
9586 5 19960
9633 1 19960
1773 4 19961
9782 2 19962
4303 3 19963
4813 2 19965
2727 3 19965
2448 3 19966
2713 4 19967
925 3 19967
4636 4 19970
4939 2 19970
5850 2 19972
3589 4 19972
46 4 19973
759 2 19973
2104 1 19974
8920 2 19975
1990 1 19975
7131 5 19976
5067 1 19979
837 4 19980
1323 5 19982
5111 1 19983
9927 5 19984
3211 1 19984
8173 2 19985
268 4 19985
4769 4 19986
2432 2 19987
3510 2 19989
6019 1 19989
6289 3 19990
723 5 19993
2306 4 19993
5266 2 19996
8397 4 19997
9734 3 19998
1635 3 19998
1921 3 19999
2910 4 20000
3693 4 20002
2936 4 20005
749 4 20005
2086 1 20007
5261 4 20007
7900 5 20009
3992 4 20012
4973 2 20014
173 5 20015
9245 1 20015
42 1 20019
1706 5 20020
2046 1 20021
5545 2 20022
803 1 20023
7002 2 20024
2461 3 20024
7751 2 20025
3135 4 20026
6998 3 20026
6440 1 20028
7860 1 20032
782 2 20032
9682 5 20034
1209 1 20034
2598 5 20037
5099 2 20037
6655 2 20040
7714 5 20041
3292 4 20042
1113 3 20042
6668 5 20044
8433 2 20045
8222 1 20047
5498 4 20048
6145 1 20048
5682 2 20049
6072 3 20050
3469 5 20051
8405 3 20051
2445 5 20052
2134 2 20053
493 4 20053
496 5 20054
438 1 20054
3295 4 20055
1935 1 20055
8522 2 20058
3922 5 20058
5783 3 20059
387 5 20060
3147 2 20062
1930 2 20063
4241 2 20064
1345 4 20066
1557 5 20066
2114 3 20067
9918 2 20067
5100 2 20068
3014 3 20069
7362 4 20070
4064 5 20071
2826 1 20071
6898 3 20073
2178 3 20075
9072 4 20075
7326 1 20076
4861 1 20077
9660 1 20078
6454 2 20081
4045 3 20081
6572 3 20082
1723 3 20082
4765 4 20084
3155 2 20084
5859 5 20085
3092 3 20085
65 4 20086
3076 1 20086
375 4 20087
8999 2 20088
1416 1 20088
9131 1 20090
3731 1 20092
4059 2 20092
45 5 20094
4312 5 20095
3950 2 20096
7092 5 20098
3573 5 20098
9377 1 20099
1980 5 20100
331 2 20101
1596 4 20101
6190 2 20102
2603 4 20102
7082 2 20103
6914 4 20104
8038 4 20104
3749 4 20105
6814 3 20105
2622 5 20106
9446 2 20106
7315 2 20107
5666 1 20108
6766 3 20109
487 1 20110
4442 2 20110
4122 1 20111
8581 5 20111
7959 1 20114
166 4 20114
736 1 20115
8201 1 20115
8102 2 20116
345 3 20120
7443 2 20121
4044 4 20122
1688 4 20122
7412 2 20124
1783 2 20124
2794 5 20125
5398 3 20127
4 5 20127
2831 5 20128
6050 4 20129
7364 3 20130
5355 4 20130
5403 3 20131
2328 4 20131
9723 4 20132
3425 2 20133
7226 3 20133
8076 5 20134
9238 4 20134
5680 1 20136
3086 5 20136
203 3 20137
5512 5 20138
2308 1 20140
2960 1 20140
2160 1 20141
2535 2 20142
2238 5 20143
1294 2 20145
1621 3 20145
3578 1 20146
4513 4 20148
3054 3 20148
7464 2 20149
5501 2 20151
5574 4 20151
8247 1 20152
9321 4 20153
4844 1 20154
7692 1 20154
3128 5 20155
8008 5 20156
9511 2 20156
3241 1 20157
4616 5 20158
8040 4 20159
2322 2 20159
9884 3 20160
951 2 20161
8769 3 20162
7878 2 20163
7075 2 20163
9064 1 20164
7251 2 20164
562 3 20166
6808 5 20166
4091 3 20167
62 3 20167
7356 5 20169
9992 3 20169
6305 5 20170
1159 1 20171
4124 3 20172
2877 3 20174
9806 3 20174
5313 3 20175
9367 3 20175
7517 1 20176
1194 5 20177
8693 1 20177
7117 1 20178
9836 3 20178
3301 3 20179
1407 3 20179
5459 4 20180
1414 3 20185
7465 5 20185
9272 3 20186
4930 2 20186
5028 1 20187
123 3 20188
5150 5 20188
5192 1 20190
2064 5 20190
2871 4 20191
1580 3 20191
5030 2 20193
3148 4 20194
8814 2 20195
1586 4 20195
9051 1 20196
6026 3 20196
4119 4 20197
1369 1 20197
1023 5 20200
2604 5 20200
7046 1 20201
8446 5 20202
8054 3 20204
3091 5 20204
5750 1 20205
8067 1 20205
2686 5 20206
5775 1 20206
3456 3 20207
567 1 20207
1289 5 20208
7856 5 20209
3355 3 20209
2842 2 20210
2346 2 20212
7802 5 20214
8869 4 20214
5964 1 20215
3377 3 20216
2410 4 20216
5171 4 20217
4707 3 20218
2862 3 20219
8008 3 20220
9476 5 20220
6554 2 20221
7368 5 20224
1932 3 20224
8096 5 20226
3393 3 20229
201 2 20229
7759 4 20230
7677 2 20230
6833 3 20233
201 3 20235
7761 3 20236
3043 3 20237
4789 3 20237
2971 4 20238
7750 1 20238
81 5 20242
1082 3 20244
5658 1 20244
8245 2 20246
2496 4 20247
9270 1 20247
9457 3 20248
6455 5 20250
7988 2 20251
6489 2 20251
9755 3 20252
4016 4 20252
6263 1 20253
8402 3 20256
7235 2 20257
1253 1 20257
7316 4 20258
2041 1 20258
322 2 20260
6117 5 20260
1405 1 20261
7071 3 20261
7287 5 20262
6322 1 20263
1562 2 20264
5870 1 20264
4176 5 20265
7903 3 20266
5243 5 20267
1594 1 20267
4472 3 20270
2134 3 20270
9615 2 20271
6603 2 20272
7623 4 20272
2218 5 20273
4580 3 20274
6378 3 20274
4104 2 20277
4765 3 20278
8632 3 20280
2183 3 20282
2461 3 20284
3510 5 20285
5455 1 20287
4904 3 20288
7878 1 20289
4491 5 20290
2837 3 20290
6856 2 20291
1669 3 20292
5226 5 20293
3949 1 20293
7791 2 20294
6257 3 20294
1055 2 20295
313 3 20300
9088 3 20300
985 3 20302
8781 5 20302
1922 1 20303
5296 1 20305
6516 4 20305
5874 3 20306
9700 2 20306
7550 5 20308
9513 5 20309
5592 2 20309
3177 3 20310
3929 1 20310
8082 4 20312
958 1 20312
6184 4 20313
400 5 20313
5341 5 20317
4136 2 20320
3205 4 20322
2780 5 20324
4794 2 20325
5576 3 20325
7602 5 20326
4868 3 20327
3835 1 20327
6027 5 20330
8470 4 20330
7524 2 20332
2379 4 20332
2215 3 20333
3996 3 20334
5284 5 20335
9878 5 20337
2949 5 20338
4328 4 20338
9964 1 20341
1372 1 20341
1083 3 20342
698 4 20343
7466 1 20345
1277 5 20345
3103 3 20349
9785 5 20349
7659 3 20350
6568 4 20350
1550 2 20351
2602 1 20351
7360 5 20353
6529 5 20353
84 2 20354
6166 2 20354
3308 3 20355
5403 5 20356
8254 2 20356
7667 1 20357
4056 3 20357
1244 2 20361
7341 2 20361
3096 5 20362
7670 5 20362
4695 2 20364
5558 4 20365
6796 2 20366
4530 4 20369
9086 5 20370
256 4 20370
7011 3 20371
7289 4 20371
6619 5 20373
3605 2 20374
8420 5 20374
1315 5 20376
5265 2 20377
5983 2 20377
7826 4 20378
413 2 20380
241 4 20382
7990 1 20382
7571 3 20383
1171 5 20384
4609 5 20384
9869 5 20385
1359 1 20386
8332 5 20389
3254 5 20391
2003 3 20391
4729 1 20394
9914 5 20395
7878 4 20395
4760 3 20396
3895 5 20397
1704 4 20398
6177 4 20399
2318 3 20400
5228 5 20400
1013 4 20401
5679 4 20401
4118 3 20405
109 3 20405
428 1 20407
5447 2 20407
6259 3 20408
8932 2 20408
4317 4 20410
249 3 20411
2679 5 20411
8736 5 20412
5770 5 20412
547 5 20413
6719 4 20415
2272 1 20415
2815 1 20417
3716 3 20418
8849 5 20418
8166 2 20420
8121 4 20422
4777 3 20424
8264 4 20424
2794 5 20425
1343 5 20426
7354 5 20428
9127 1 20429
1830 2 20429
4628 1 20430
52 3 20430
7484 3 20431
7753 1 20432
9763 1 20432
7555 1 20433
7645 1 20433
8820 2 20434
3882 2 20434
272 5 20436
317 4 20437
4562 5 20438
747 3 20438
2390 3 20439
714 1 20440
4740 4 20441
698 5 20444
3360 2 20446
2760 3 20446
4124 3 20448
7492 5 20448
3511 5 20449
7781 4 20449
3183 5 20450
4101 2 20450
9090 4 20451
5421 4 20452
467 1 20452
9883 4 20453
6887 1 20453
8731 4 20454
9596 2 20454
3016 3 20455
7447 2 20455
4093 1 20456
4514 3 20456
4535 1 20457
6752 4 20457
4202 2 20460
3587 1 20461
1666 1 20462
7441 5 20462
6590 3 20464
8102 2 20464
4507 1 20467
8145 1 20467
4189 5 20468
9012 3 20468
6456 1 20469
7448 4 20469
5676 2 20470
6824 2 20470
2032 1 20471
5875 4 20473
2548 4 20474
8839 4 20475
9263 4 20475
2681 1 20477
1129 1 20479
1672 3 20479
8202 5 20480
3149 3 20480
4162 1 20481
8284 4 20482
9268 3 20483
6269 5 20485
7697 5 20487
9275 5 20488
948 4 20489
7217 1 20489
362 1 20491
6371 5 20493
6872 1 20493
4669 4 20494
1374 2 20495
4056 2 20495
4288 5 20496
2886 4 20496
7072 5 20498
8477 1 20498
9047 1 20499
481 2 20499
2613 3 20500
3049 1 20501
7313 4 20501
7019 1 20503
3981 5 20503
3713 2 20507
2604 4 20507
4883 5 20508
9297 4 20508
798 5 20509
1935 3 20509
7336 2 20511
670 4 20511
874 3 20514
3450 1 20514
9784 1 20515
8817 3 20517
5532 5 20518
372 3 20519
5211 4 20520
8951 2 20520
5776 4 20521
6747 4 20522
8359 5 20523
3012 4 20523
3933 4 20526
4067 3 20527
8632 1 20527
3507 1 20528
8045 2 20529
1993 3 20529
9686 2 20530
4140 3 20530
5217 1 20531
2679 3 20532
726 3 20532
766 3 20533
7615 1 20534
8683 3 20534
737 1 20536
1557 5 20537
9401 1 20537
7410 4 20538
5247 2 20538
6950 1 20540
1028 3 20540
3434 2 20541
2840 3 20542
4311 2 20542
4471 5 20543
3712 5 20544
5897 5 20544
9080 4 20546
9705 1 20546
8681 1 20547
9285 3 20547
1327 5 20548
9158 4 20549
3389 4 20549
4633 2 20552
368 5 20552
3460 3 20556
5656 2 20557
1429 3 20559
1777 3 20559
8826 2 20560
614 5 20560
7878 3 20561
5977 4 20561
7548 2 20562
9428 4 20562
6734 1 20563
3819 2 20564
7165 2 20565
7709 1 20565
6460 3 20568
9963 1 20569
8278 5 20569
1308 4 20570
2005 3 20571
6149 5 20575
2962 2 20577
8712 1 20579
4018 1 20579
6091 4 20580
2729 3 20581
727 2 20581
891 3 20583
8899 4 20584
6912 2 20586
9359 2 20587
6218 2 20589
8834 4 20591
756 5 20592
5559 5 20594
1809 5 20594
9088 4 20596
9320 4 20596
3145 4 20597
1679 5 20599
5254 5 20600
7824 1 20601
3483 4 20603
796 1 20604
7197 4 20606
4859 1 20607
9310 3 20608
4308 2 20608
4532 1 20609
4257 1 20614
9234 5 20614
8837 2 20616
4616 4 20617
7367 5 20620
7634 4 20620
7981 4 20621
9052 3 20623
7634 2 20624
9968 1 20624
3026 1 20625
640 3 20626
3459 4 20626
1794 5 20628
7878 1 20628
4593 2 20629
6818 2 20629
1181 4 20630
1447 3 20630
7061 4 20633
6388 4 20635
4360 4 20635
2590 4 20637
118 5 20641
9377 1 20642
6655 3 20643
2201 5 20643
4728 1 20644
3158 2 20645
8923 5 20646
661 1 20648
1329 1 20648
3174 4 20649
9162 1 20649
1308 2 20650
1243 4 20652
3257 2 20652
2995 1 20654
8369 1 20654
6183 1 20656
7192 2 20656
1584 1 20657
9807 3 20659
8424 1 20659
1310 1 20660
4421 5 20661
8235 1 20662
2290 5 20662
8352 4 20663
6096 2 20663
5812 1 20665
7907 4 20666
9716 4 20667
2717 2 20668
8789 3 20671
3175 3 20671
6922 1 20673
2964 3 20676
2414 4 20676
7618 1 20677
6707 2 20677
3866 5 20678
5323 5 20678
942 5 20679
919 2 20679
1729 3 20680
5100 2 20681
7305 4 20682
1748 2 20683
5388 1 20683
4442 5 20685
8081 5 20685
4433 2 20686
8214 4 20687
6473 4 20688
6109 5 20688
1107 5 20689
3308 3 20689
6647 1 20690
9045 5 20690
9712 2 20694
6932 1 20695
8163 4 20695
1028 1 20698
1033 4 20698
6351 5 20703
641 3 20703
4069 5 20704
6301 3 20705
671 4 20705
9152 4 20706
4327 1 20706
1574 2 20707
661 5 20708
939 1 20708
4224 3 20709
9829 2 20711
780 5 20712
700 2 20713
2040 3 20713
1493 2 20715
817 3 20715
5763 5 20716
9059 3 20716
506 4 20717
334 3 20721
4163 2 20722
2418 2 20722
9222 4 20723
2561 4 20723
3408 3 20729
5383 4 20730
2401 2 20731
2260 1 20733
2731 2 20735
5996 3 20737
875 5 20737
4272 4 20740
9173 4 20740
4102 4 20742
8366 1 20743
7347 4 20743
7872 5 20744
5143 4 20744
3368 3 20745
954 3 20745
4498 4 20746
7102 3 20747
7648 1 20750
8428 1 20753
9177 3 20753
61 1 20756
7917 4 20757
335 3 20758
4075 3 20758
1472 3 20760
4220 2 20760
2467 3 20761
7987 2 20762
977 5 20762
9636 3 20765
6423 3 20765
9013 4 20766
47 1 20766
288 2 20768
9739 2 20768
9232 4 20770
5712 1 20770
1570 4 20771
8895 4 20771
4699 2 20772
8771 2 20773
9418 4 20773
2186 3 20774
4391 5 20774
5043 3 20775
6778 1 20776
4187 4 20778
8814 4 20778
4954 3 20781
4942 4 20782
8262 2 20784
3598 2 20784
6785 2 20786
4538 1 20787
2547 4 20787
8814 2 20788
2982 2 20788
5223 4 20790
5604 2 20793
2323 3 20793
5583 2 20794
4500 3 20797
5346 1 20798
2975 2 20799
7765 5 20799
7732 3 20800
2600 2 20801
6627 5 20802
5616 4 20803
6591 1 20804
5081 4 20805
364 1 20808
6050 1 20808
627 1 20809
4270 5 20809
976 5 20811
5429 2 20813
9621 1 20813
5338 3 20814
1055 5 20816
9848 4 20816
7940 4 20818
3022 4 20819
5181 5 20822
3898 4 20823
4868 1 20824
6201 4 20824
9892 4 20825
4170 4 20825
8089 4 20826
9439 3 20826
8808 3 20827
8487 5 20828
2147 5 20829
8235 2 20829
7417 5 20834
2013 5 20836
3371 5 20840
5310 5 20840
198 3 20843
841 4 20846
9712 1 20846
9489 5 20847
7380 4 20848
6365 4 20852
7183 1 20853
5864 5 20855
4725 3 20857
8067 5 20859
1904 1 20860
5215 2 20862
1403 1 20862
7902 3 20863
2238 5 20866
2340 3 20866
6397 2 20869
4446 3 20871
8181 4 20872
1528 5 20873
9252 5 20873
5544 3 20874
9591 3 20874
6598 5 20876
3555 3 20877
9237 2 20877
4012 2 20878
6611 2 20878
4136 5 20879
312 3 20879
5159 2 20880
3842 3 20881
515 2 20881
6932 2 20883
4561 1 20883
8717 5 20884
7449 2 20884
5562 5 20888
2358 1 20890
8335 4 20893
6646 3 20894
6184 3 20894
7844 3 20895
5435 2 20895
9410 2 20902
1017 3 20905
5242 3 20905
2147 2 20906
2730 3 20909
6189 5 20910
5484 3 20910
1172 5 20911
9581 5 20915
9541 4 20917
4295 2 20917
2394 2 20918
663 3 20919
3175 3 20919
4961 1 20921
2602 5 20922
5549 1 20922
774 1 20923
7023 2 20925
9716 2 20925
1667 3 20926
8772 1 20926
6230 3 20928
7062 4 20928
5131 4 20930
235 1 20931
8976 4 20931
7033 3 20933
1869 2 20933
701 1 20935
1113 4 20935
122 2 20936
8870 5 20936
7865 4 20937
283 3 20937
3560 4 20939
9021 3 20939
5320 2 20942
1302 3 20943
1502 2 20943
4747 3 20944
3067 5 20944
146 5 20945
8918 5 20946
6098 2 20947
3209 5 20948
7930 4 20950
2259 5 20951
5356 4 20952
4290 2 20952
4858 5 20954
8251 4 20954
6917 3 20956
6235 5 20956
2444 3 20961
2197 2 20961
3321 5 20963
9134 5 20965
9748 3 20968
1835 3 20968
6588 3 20969
8972 2 20969
7415 3 20971
4949 2 20971
8973 3 20973
8083 5 20974
4148 2 20976
625 2 20976
5115 3 20977
226 5 20977
152 2 20979
2055 1 20980
7971 4 20983
4561 2 20983
5692 5 20984
7036 2 20984
9967 4 20985
1813 1 20987
613 5 20987
5728 5 20988
8292 3 20988
1521 4 20989
6314 4 20990
4162 4 20990
9137 1 20991
5566 1 20991
5530 5 20992
1523 4 20993
4002 1 20995
5963 1 20998
3218 1 20999
5577 5 20999
1416 4 21001
6605 4 21001
8040 2 21002
4969 3 21003
3220 5 21004
1611 4 21006
518 3 21008
4385 2 21008
4757 3 21009
5915 3 21009
3593 5 21010
8217 5 21012
7858 1 21012
1204 3 21013
4129 3 21015
5367 2 21016
5854 4 21017
7980 2 21018
7824 3 21019
6414 2 21021
9515 1 21021
3489 4 21022
1940 3 21023
7028 4 21023
7032 1 21024
5880 3 21024
934 1 21026
3064 5 21028
4252 1 21028
2959 2 21031
6372 1 21032
5635 4 21032
1889 2 21033
2714 1 21034
6916 5 21035
1486 4 21035
6328 3 21036
625 5 21037
7428 1 21037
3745 2 21039
2773 3 21040
1385 3 21041
4766 2 21041
9707 3 21045
4547 3 21046
1207 2 21046
5883 2 21047
5739 4 21047
6749 1 21048
6098 5 21049
486 5 21051
9685 1 21053
7170 1 21053
1887 5 21054
8423 4 21054
9513 5 21055
1474 3 21055
4941 2 21057
5047 1 21059
2248 1 21061
7390 2 21061
4070 3 21062
1201 1 21063
1230 2 21064
6775 1 21065
641 3 21065
2487 3 21066
6074 5 21068
3843 3 21068
1653 3 21069
582 1 21070
2652 3 21071
9619 4 21071
3084 4 21072
8200 3 21073
3171 1 21075
7192 1 21075
2503 1 21077
4572 1 21079
1985 1 21080
770 1 21080
5952 5 21081
777 4 21081
122 5 21082
5457 1 21082
753 4 21083
5058 2 21084
1191 4 21087
3196 2 21087
9334 2 21088
215 4 21089
6944 1 21090
5448 5 21090
9259 4 21092
7333 4 21092
5958 4 21093
8467 1 21094
9880 2 21094
3005 1 21095
5573 5 21096
3394 5 21097
1178 4 21097
3046 4 21098
9153 4 21098
326 4 21099
7278 2 21100
5118 1 21100
6592 2 21101
4463 3 21101
7706 3 21102
7097 1 21102
108 5 21103
138 3 21103
6721 1 21104
6384 5 21105
3921 3 21105
5092 4 21106
4739 1 21106
3767 5 21107
5071 5 21108
6957 3 21111
5153 5 21111
6104 5 21112
3708 4 21114
4771 3 21115
708 3 21115
73 2 21117
2219 5 21117
4216 3 21118
5599 2 21119
7712 1 21120
9508 5 21120
2150 4 21121
178 3 21121
1316 3 21123
208 2 21123
8951 4 21124
2184 3 21125
8008 2 21127
3405 2 21127
9530 1 21128
3677 5 21128
6042 1 21129
8448 1 21129
8455 4 21130
1151 4 21130
3221 2 21131
2021 5 21131
5518 3 21132
3197 4 21133
1665 2 21135
9167 4 21135
3016 5 21136
5423 1 21136
5172 1 21137
3102 3 21139
2500 2 21139
6515 3 21142
4055 5 21142
670 2 21143
517 3 21144
7250 1 21145
2804 5 21145
6001 5 21146
6013 1 21149
6435 5 21149
8397 1 21151
859 2 21151
1314 4 21152
8737 5 21152
8130 5 21153
5618 2 21154
1390 2 21154
8407 3 21155
313 5 21157
3335 1 21159
841 2 21160
2964 4 21160
8814 4 21161
4109 1 21163
4087 3 21165
1048 2 21166
305 4 21166
5206 4 21169
6778 3 21172
8327 4 21173
475 3 21173
6672 4 21175
1002 3 21175
7188 3 21176
7668 5 21176
1614 2 21178
5362 4 21180
8946 1 21182
3512 3 21184
4659 4 21185
8026 1 21186
2577 3 21187
1925 5 21188
9692 5 21189
9841 2 21190
6993 1 21191
6685 5 21194
5553 3 21195
9249 2 21199
3996 2 21199
93 3 21200
2767 2 21201
2867 2 21202
8720 4 21202
7500 4 21203
1004 2 21204
7023 4 21206
5329 2 21206
6726 3 21209
1958 1 21210
9579 2 21210
7549 1 21212
2768 5 21213
668 1 21213
8368 1 21215
6571 2 21215
5309 1 21216
3261 1 21216
2041 5 21217
1518 1 21218
6261 4 21220
3798 2 21220
8982 4 21222
5033 5 21225
7857 3 21230
8334 3 21231
9645 2 21231
4646 3 21232
7264 1 21233
466 2 21234
25 5 21235
762 3 21236
4809 5 21236
1523 4 21238
9844 3 21238
5548 2 21240
9870 1 21241
7307 4 21242
1029 5 21242
4362 1 21243
328 4 21245
2082 5 21245
5372 2 21246
2344 5 21246
2320 5 21248
4347 5 21248
6762 2 21249
1426 4 21249
8955 2 21250
5702 1 21252
2806 5 21252
1922 5 21253
1215 5 21253
7963 3 21254
5906 3 21254
113 4 21255
8816 3 21257
5518 2 21257
9454 2 21258
5539 1 21259
9769 4 21259
7375 3 21260
5508 2 21260
1238 1 21261
7461 3 21261
5541 1 21262
5715 2 21264
4965 1 21265
6081 5 21267
9035 5 21268
6873 1 21268
4273 1 21269
9310 5 21269
2287 1 21270
9137 5 21271
4648 1 21272
9644 3 21273
7908 3 21273
9286 5 21277
4400 1 21277
1170 2 21278
2059 1 21278
3951 3 21279
311 2 21280
9900 4 21280
6426 4 21281
1267 4 21281
9964 2 21282
1539 1 21282
8135 3 21283
2086 5 21284
4556 4 21285
8109 2 21286
2998 5 21290
3127 1 21290
9904 4 21291
606 2 21294
2623 1 21294
9229 1 21295
1653 2 21297
8119 4 21298
559 4 21298
3605 1 21299
8623 2 21300
6404 1 21301
361 4 21303
1887 1 21305
6398 2 21306
2378 4 21306
9355 2 21308
5642 4 21308
1191 3 21309
5160 4 21309
2429 5 21310
4997 5 21311
5112 4 21312
7986 4 21313
2362 1 21316
4630 5 21317
5983 3 21317
4590 2 21318
3258 2 21318
5540 4 21319
4566 4 21321
3120 2 21321
1055 1 21322
7948 3 21322
4280 3 21323
244 2 21325
1093 5 21326
2289 4 21327
1579 5 21330
7066 3 21330
8131 5 21331
7210 2 21331
1869 3 21333
3399 2 21335
6935 5 21335
6774 3 21336
8101 3 21336
2504 2 21337
6094 4 21338
4630 3 21340
4084 4 21340
6586 4 21341
5206 1 21341
2250 3 21342
6645 4 21342
2673 4 21343
3615 1 21343
931 3 21344
2598 3 21344
1027 5 21345
9958 3 21346
8911 3 21346
5077 3 21349
254 5 21349
2055 3 21350
9275 1 21352
8152 3 21354
3903 1 21354
2999 2 21355
807 4 21355
4052 3 21356
9267 5 21358
5040 5 21358
7947 4 21359
2718 2 21361
5126 1 21362
5378 3 21362
536 2 21363
2593 4 21363
2979 5 21364
4347 5 21365
9736 1 21366
4698 5 21368
8145 1 21369
2808 1 21370
8172 2 21371
7263 1 21371
2573 2 21373
3089 3 21373
4128 3 21374
7783 5 21375
1428 5 21375
9198 4 21376
7934 4 21377
3974 3 21377
6037 4 21378
3392 2 21379
600 4 21381
2017 1 21381
232 4 21383
4892 1 21383
9461 2 21385
6271 3 21385
6037 4 21386
4049 5 21387
2946 2 21389
5412 4 21389
1835 1 21390
7267 3 21390
5067 5 21391
601 5 21391
9404 4 21394
9981 4 21394
3780 5 21396
5469 4 21399
5655 2 21400
6570 3 21400
4621 2 21402
660 2 21402
5564 4 21404
5598 2 21406
9548 4 21409
4827 2 21411
6558 5 21412
58 1 21414
7119 1 21414
579 2 21416
8953 2 21418
8224 1 21420
3484 3 21420
8617 5 21422
3876 3 21423
2287 2 21424
4113 1 21424
7382 2 21425
4029 5 21425
3707 3 21426
2513 2 21426
7452 2 21428
5441 1 21429
2552 5 21429
6109 2 21430
331 3 21430
2310 2 21431
1656 5 21431
740 5 21432
8876 2 21432
6790 3 21433
2703 2 21433
8794 4 21434
3738 5 21434
7255 1 21436
6823 1 21437
288 3 21439
6081 4 21439
9281 1 21440
2157 3 21440
3415 4 21442
713 1 21442
8074 4 21443
6879 5 21444
2642 5 21444
8744 2 21445
6436 5 21445
4345 1 21446
8967 3 21446
2872 4 21447
2762 4 21447
3139 2 21449
3955 4 21450
7684 1 21452
7226 4 21452
4588 4 21454
4163 3 21454
1668 1 21456
9362 1 21456
6509 5 21457
7552 5 21458
51 1 21458
5276 4 21459
8875 3 21459
6404 4 21461
9141 1 21461
4273 2 21462
2400 3 21462
56 5 21463
207 2 21464
4998 3 21465
6169 2 21465
9273 4 21466
9867 1 21467
8865 5 21469
5673 5 21470
7568 5 21470
4315 1 21471
7847 3 21476
7947 5 21476
7394 5 21477
9074 3 21477
2065 1 21479
2897 2 21481
6738 1 21481
7672 3 21482
5680 4 21483
8663 5 21484
8528 1 21485
1750 1 21485
7046 4 21487
3540 2 21487
9080 5 21488
6808 2 21488
6137 4 21489
5781 5 21490
8586 4 21490
6668 1 21491
5730 5 21494
2100 3 21494
9331 2 21497
6636 4 21498
5303 1 21498
1778 3 21499
2084 2 21500
9227 2 21500
9621 3 21501
3274 1 21501
2901 4 21503
814 1 21503
8672 1 21504
5698 3 21506
9694 3 21506
7052 1 21508
892 4 21508
9297 5 21510
6142 3 21510
6108 4 21511
1885 1 21511
5838 1 21513
321 1 21514
5156 3 21514
205 2 21517
8790 5 21517
4230 4 21520
7801 2 21522
344 1 21522
9195 2 21523
4855 4 21524
2615 1 21524
2991 4 21526
9815 1 21527
9447 3 21527
2660 1 21528
128 1 21530
6540 2 21530
3008 4 21531
3054 1 21532
3907 1 21532
9799 1 21533
8032 1 21533
2307 3 21535
4958 5 21539
5012 1 21540
5897 4 21540
9841 5 21541
352 3 21541
5198 4 21542
6712 2 21544
2555 5 21545
3593 3 21545
7523 1 21547
3279 3 21547
8437 2 21549
3384 5 21549
8220 5 21552
6566 3 21552
260 3 21553
8081 3 21553
5515 1 21555
3011 2 21555
4038 2 21556
4626 3 21557
8970 5 21559
1019 5 21559
6910 5 21560
2777 1 21560
8878 5 21561
5847 2 21564
4594 2 21564
778 1 21566
3510 4 21568
8664 5 21570
9588 3 21570
7345 2 21571
9158 2 21571
416 2 21572
3903 2 21573
6167 1 21574
6711 5 21577
8223 5 21579
1635 4 21582
4359 5 21583
179 4 21587
196 3 21588
8309 3 21589
8726 3 21591
9349 5 21592
4066 5 21593
9307 3 21595
6662 1 21595
7776 3 21596
2367 4 21596
5934 1 21598
3205 2 21598
6299 5 21600
8651 1 21600
2299 1 21601
8309 3 21601
118 5 21602
6630 3 21602
4484 2 21603
859 5 21605
1045 4 21605
5269 4 21608
7001 2 21608
7820 2 21611
1515 3 21612
2235 2 21613
2112 5 21614
8603 4 21614
3150 2 21615
3618 4 21618
8955 4 21618
7522 4 21619
1487 2 21619
4741 1 21620
175 3 21622
546 5 21622
4074 1 21623
1588 4 21624
4589 2 21624
4929 4 21625
1106 3 21625
3464 3 21628
7911 5 21628
7419 3 21629
3483 4 21629
8884 2 21630
1061 5 21631
6645 1 21634
4649 5 21634
6355 4 21637
9505 5 21637
9473 3 21638
2581 5 21638
4909 5 21639
1604 5 21640
3996 1 21640
1054 2 21641
144 4 21641
3824 3 21642
6911 2 21642
7321 3 21643
2976 4 21643
3065 1 21646
3186 4 21647
7059 4 21648
3581 4 21649
9691 4 21650
2383 4 21650
5351 2 21651
3230 2 21651
1156 1 21655
2926 1 21655
328 5 21656
9398 3 21656
4867 4 21657
6741 3 21657
327 4 21658
3525 3 21659
7513 5 21660
1934 1 21660
2076 5 21661
5435 1 21661
5304 5 21665
4261 4 21665
2151 2 21666
3284 2 21668
5335 1 21668
3140 1 21669
8975 1 21671
8363 4 21673
4266 2 21674
2232 5 21674
7783 4 21675
3173 3 21675
7568 1 21676
2404 2 21678
7797 4 21679
8998 2 21680
6341 4 21680
2268 4 21682
9 2 21682
5678 5 21683
8849 4 21684
2584 2 21685
7103 3 21686
8895 2 21688
9077 3 21691
2484 5 21691
2173 2 21692
7040 2 21694
5683 3 21694
6433 3 21695
2014 3 21697
4691 3 21697
5455 5 21698
500 3 21699
4451 2 21699
2633 4 21700
4854 4 21700
9163 3 21702
1128 1 21703
4127 3 21703
2539 4 21704
1484 2 21704
5763 2 21705
8049 3 21705
2299 1 21707
7912 5 21707
1931 2 21709
940 2 21710
2102 3 21710
1188 4 21711
4033 4 21713
8987 2 21715
2976 2 21716
1329 1 21716
3623 5 21717
5438 1 21717
9505 3 21719
6929 4 21721
8274 5 21722
780 2 21723
4601 5 21723
6211 2 21724
4293 5 21724
1680 1 21725
4291 4 21728
596 5 21728
6600 3 21730
3907 1 21732
6665 3 21733
5774 4 21733
1507 2 21735
9772 1 21736
1805 4 21737
6560 4 21741
1943 1 21741
7752 5 21743
6765 2 21743
7161 2 21744
8671 4 21745
8367 2 21745
8795 2 21746
6880 4 21746
5792 2 21747
274 2 21747
8390 5 21748
1372 2 21749
1848 2 21750
8011 4 21750
8310 3 21751
6429 4 21751
9344 2 21752
5224 4 21752
4333 2 21755
8387 3 21755
2897 4 21756
8058 1 21756
8132 4 21757
5124 1 21757
4946 3 21761
4956 1 21762
9986 3 21762
7526 2 21764
6690 3 21764
1653 1 21766
767 3 21767
9557 5 21768
7844 4 21769
1124 2 21770
2366 2 21773
8881 4 21776
9290 3 21776
1838 5 21777
9941 4 21777
2546 1 21778
6790 3 21779
1573 3 21779
6983 5 21782
9086 2 21782
1568 4 21784
4119 4 21785
9726 1 21785
6957 2 21786
3817 4 21787
6069 1 21787
4155 5 21790
6236 1 21791
7269 3 21792
8203 4 21792
6517 1 21793
277 4 21795
2209 1 21795
6829 3 21796
6877 5 21796
4496 4 21797
5747 2 21797
3790 5 21798
5536 4 21799
5503 3 21799
2127 4 21800
507 5 21800
1030 3 21802
7977 3 21803
5781 2 21804
6190 3 21806
3826 3 21806
5522 3 21807
4564 2 21808
6254 4 21809
942 4 21809
69 1 21810
8225 5 21810
9964 5 21811
6400 2 21814
5522 2 21814
4551 2 21815
3019 4 21816
9665 2 21817
7919 3 21817
384 5 21818
4709 1 21818
3318 1 21819
8019 3 21819
2558 1 21820
8125 5 21821
588 4 21821
9863 1 21826
6902 3 21828
7301 3 21828
5969 5 21830
4669 5 21833
3579 4 21835
4003 4 21837
442 1 21838
4419 1 21838
4204 4 21839
2053 4 21839
1148 4 21842
463 3 21842
2533 1 21843
6255 1 21845
5035 3 21845
5801 5 21846
5988 2 21847
4887 1 21848
6633 1 21848
4045 5 21849
5451 4 21849
2206 4 21850
7696 2 21850
8438 1 21851
2070 1 21852
5708 2 21853
8265 4 21854
5127 5 21854
9166 4 21855
1916 5 21857
8934 3 21859
7959 5 21862
7298 3 21863
8688 1 21863
2940 4 21865
8053 3 21866
9768 1 21866
8665 2 21867
5241 5 21868
7973 1 21869
7832 4 21870
4561 4 21870
1743 5 21871
4134 5 21871
4454 3 21872
8494 2 21873
5865 5 21873
8273 1 21874
5475 1 21875
9028 4 21876
5421 4 21877
437 1 21877
6038 5 21879
1640 2 21880
6500 2 21881
2810 1 21882
280 5 21883
9069 2 21883
3039 5 21884
2025 2 21884
4175 3 21886
1157 3 21886
5352 1 21887
6082 2 21891
1840 4 21891
1408 5 21895
3078 3 21895
5292 1 21896
1684 5 21897
6599 3 21897
8756 5 21898
7527 5 21898
6417 3 21899
7701 1 21899
8311 4 21900
4490 5 21900
4516 4 21901
3397 4 21901
3016 4 21903
843 2 21904
8372 2 21906
4592 1 21907
295 2 21907
9567 5 21908
6197 1 21910
6758 3 21911
1868 3 21911
2188 2 21913
3712 1 21913
5414 2 21917
696 4 21920
7978 5 21920
3857 4 21922
1187 4 21923
5005 2 21923
4263 4 21926
6186 1 21926
4976 5 21927
6213 4 21927
1372 2 21930
2167 5 21932
4298 3 21933
9199 5 21933
4151 3 21934
2258 2 21935
9435 3 21935
780 4 21936
7305 2 21938
7055 3 21939
93 5 21939
8724 1 21940
6459 5 21940
8598 5 21942
2378 2 21943
1095 4 21948
1694 5 21948
2316 5 21950
416 4 21950
4829 3 21951
1934 2 21952
4327 2 21953
3504 2 21954
7172 3 21954
1889 2 21959
5169 2 21959
2882 5 21960
6320 4 21960
5255 4 21962
2230 2 21964
8135 3 21966
2636 5 21967
3171 5 21967
2980 5 21971
7150 1 21971
9041 1 21972
703 1 21973
615 1 21975
6127 5 21975
2143 5 21977
9402 3 21977
9500 2 21978
6144 1 21978
1442 2 21979
5522 3 21980
4409 3 21981
2439 2 21982
7373 5 21983
9583 1 21984
5651 1 21984
6540 1 21986
9411 5 21987
3384 4 21987
3948 2 21989
2349 4 21989
3657 4 21995
3404 3 21995
484 3 21996
756 1 21997
5097 1 21997
2141 1 21998
1161 3 21998
2980 4 21999
3430 3 22000
8573 5 22000
7029 4 22001
620 1 22001
7471 4 22003
4374 1 22004
2825 5 22007
2866 4 22008
8927 4 22008
5916 2 22009
1215 3 22009
6134 1 22011
7056 4 22011
9679 1 22013
4803 2 22014
8378 2 22014
3799 5 22015
9534 1 22016
6346 1 22016
2067 3 22017
7266 3 22017
7834 5 22021
9250 1 22022
2594 3 22022
2097 2 22023
3159 3 22024
9380 2 22026
7340 3 22026
4282 3 22027
13 4 22031
4153 2 22032
2568 3 22033
7403 1 22035
8039 2 22037
268 4 22038
4115 1 22038
9334 2 22042
5927 1 22045
2358 4 22045
1795 4 22047
1309 3 22048
7197 5 22048
7876 4 22049
2733 3 22050
4704 3 22052
8919 3 22054
6320 3 22054
6971 3 22059
6304 3 22059
852 3 22061
737 3 22061
1680 3 22062
5851 3 22062
3287 4 22063
9958 3 22064
9277 4 22065
2331 5 22066
7012 4 22067
3306 3 22067
8264 1 22068
9462 4 22069
933 3 22069
3864 1 22072
6269 5 22074
3312 2 22075
537 4 22076
2643 5 22077
6186 5 22078
3222 5 22080
1257 1 22081
7590 3 22081
5902 4 22082
5634 3 22084
8213 4 22084
5540 4 22085
2713 2 22085
8742 4 22088
5548 1 22089
6142 4 22089
8477 5 22091
2371 5 22093
7170 3 22094
782 2 22094
7580 5 22096
9353 5 22097
1746 4 22097
4730 4 22099
7358 4 22099
9932 2 22101
5726 1 22101
3004 2 22103
2867 1 22106
7028 4 22107
1363 1 22111
4385 1 22111
4608 4 22112
3924 1 22113
6303 1 22115
4781 1 22115
5689 3 22116
7008 5 22116
295 5 22117
9171 4 22119
1790 5 22119
7008 1 22120
954 5 22122
4089 2 22123
6070 2 22125
4295 2 22126
2001 4 22126
6900 4 22129
727 1 22131
2800 5 22137
2422 1 22137
9919 2 22138
7723 2 22138
518 3 22139
3437 5 22139
4312 1 22146
1778 5 22146
1581 1 22147
3505 5 22147
9508 1 22148
1374 5 22149
2415 5 22150
9433 2 22153
7602 4 22155
6764 5 22155
8050 3 22156
7314 3 22156
6865 2 22157
8303 2 22157
9677 4 22158
3721 4 22158
4699 3 22160
6199 2 22161
6384 2 22162
5293 3 22162
6356 2 22163
6363 1 22163
6097 1 22164
9548 1 22164
9178 4 22165
7123 4 22165
4928 1 22167
8930 2 22169
2572 1 22170
4136 4 22170
8499 1 22171
873 5 22171
9672 3 22172
171 3 22172
415 4 22173
1906 1 22173
7072 5 22174
1778 2 22175
4266 3 22175
9609 1 22177
680 5 22177
9236 2 22178
4552 4 22180
1645 1 22180
9281 4 22181
9544 5 22181
5155 5 22182
741 2 22182
4522 1 22183
8703 1 22185
4850 5 22185
1809 2 22186
7518 4 22186
9906 2 22189
3420 3 22189
1614 2 22191
70 1 22191
9663 3 22194
7560 5 22194
2916 3 22195
9137 4 22197
1570 2 22199
2833 1 22200
5410 5 22200
4659 2 22201
521 5 22201
6757 2 22202
2700 1 22203
7128 4 22203
2843 3 22204
8455 1 22204
7949 5 22205
9963 4 22205
3341 5 22206
6198 4 22206
7439 3 22207
7683 2 22207
3673 3 22208
1991 2 22208
5325 2 22210
3052 4 22210
8380 3 22211
203 5 22211
1708 5 22212
427 2 22212
3320 5 22214
2396 4 22214
4261 1 22215
2453 2 22215
7958 1 22218
2969 3 22218
6004 3 22219
1888 5 22221
9591 4 22221
3739 4 22223
7830 5 22223
3994 3 22224
7440 4 22225
5819 4 22226
2068 1 22229
1915 1 22231
3436 4 22233
5838 4 22233
5966 5 22234
2650 5 22234
8576 5 22235
2613 1 22235
3707 5 22236
6349 2 22237
4075 2 22238
7277 1 22239
6703 4 22239
6174 5 22240
7102 4 22240
6265 4 22242
8826 2 22243
2683 4 22243
411 5 22244
6897 4 22244
5730 3 22247
8782 5 22247
532 5 22248
5491 1 22250
4637 4 22250
2440 3 22251
8034 2 22252
856 2 22252
9986 4 22253
7775 4 22254
2199 4 22254
2558 4 22255
2829 3 22256
6884 2 22258
8311 2 22258
8309 2 22260
5677 1 22261
3859 4 22262
31 1 22262
4101 1 22263
5225 2 22263
3134 4 22268
4194 1 22270
4255 2 22270
8038 3 22272
7860 1 22272
5902 2 22273
2513 1 22273
3555 3 22274
7745 4 22274
6734 3 22275
4678 5 22275
5608 4 22277
2786 5 22279
7244 5 22283
2085 3 22284
7783 1 22284
5870 2 22286
5398 3 22286
9797 2 22287
4237 4 22287
928 2 22288
5278 2 22289
6340 2 22289
1721 2 22291
9266 4 22291
8667 1 22293
3365 2 22294
6555 3 22294
3801 2 22295
7098 3 22295
7772 3 22296
6365 5 22297
4897 3 22297
7677 1 22298
3882 5 22298
7738 5 22299
7022 5 22302
7657 4 22304
8436 1 22305
5163 5 22307
7856 3 22307
1754 2 22308
5932 5 22310
7206 5 22311
6050 4 22311
9430 2 22313
3958 2 22316
9532 2 22316
5616 5 22317
1071 1 22319
9887 1 22319
5924 3 22320
5027 4 22321
8262 2 22321
2791 1 22322
1639 5 22325
4264 2 22326
7068 4 22327
8285 5 22327
4987 4 22331
2267 1 22332
4402 3 22332
8566 5 22334
630 5 22334
3690 3 22336
2600 4 22336
2862 2 22337
9219 2 22337
2943 1 22338
2296 4 22339
4684 3 22340
7445 5 22340
4698 2 22342
2116 5 22342
5477 3 22343
389 1 22346
1312 4 22346
1029 5 22347
3388 3 22347
4355 5 22348
2149 3 22348
1477 3 22351
6315 2 22351
9601 4 22353
2635 3 22353
7096 2 22354
3156 1 22354
1 1 22355
2599 5 22356
9096 2 22357
6403 3 22359
7144 2 22359
8390 2 22360
3000 2 22361
8061 2 22366
3575 2 22367
3493 3 22367
5452 1 22373
7269 2 22373
9027 1 22377
8883 5 22379
2450 4 22379
7276 5 22382
1494 2 22383
3623 1 22384
3596 5 22384
1941 2 22385
4412 2 22388
4954 2 22388
9378 2 22391
8032 4 22391
1122 1 22392
966 1 22392
401 3 22393
678 4 22393
4145 1 22394
5337 3 22394
7293 3 22395
5629 2 22396
2956 5 22396
4552 1 22397
8014 1 22399
8792 2 22399
2976 2 22403
9918 4 22405
8499 5 22405
4084 1 22406
4600 5 22406
1712 1 22407
8958 2 22407
8703 1 22408
3622 1 22410
2782 2 22411
2121 4 22412
7536 5 22412
5470 1 22413
9229 3 22416
1596 4 22418
4534 5 22418
6196 3 22419
6916 3 22419
7123 4 22420
8082 3 22421
7305 2 22422
5193 4 22424
7708 1 22425
2763 4 22426
2809 2 22426
6320 1 22427
7714 1 22427
4692 5 22428
2007 1 22430
1387 2 22430
8233 2 22431
3089 3 22434
1246 3 22434
6507 1 22436
3862 5 22437
2372 3 22438
7457 4 22438
3261 1 22440
7749 3 22441
3833 3 22441
6896 5 22442
2635 5 22443
388 2 22445
8147 1 22445
5742 4 22447
6535 1 22447
4939 4 22448
9106 4 22450
3221 1 22450
2993 1 22452
3751 3 22453
6755 1 22454
4167 5 22455
3777 2 22457
8367 5 22459
5707 5 22459
5438 3 22460
3340 5 22460
3338 5 22461
8914 3 22461
4244 2 22465
290 4 22465
737 5 22466
4436 1 22466
3471 3 22467
9972 3 22470
6864 1 22470
5202 5 22471
8972 1 22472
2890 4 22473
796 4 22473
1989 4 22474
3905 1 22474
7588 5 22475
1154 2 22475
452 2 22476
5480 4 22477
858 3 22479
2755 1 22480
7217 2 22483
474 4 22486
8074 1 22486
9925 2 22487
8931 2 22487
703 5 22489
307 1 22493
7236 2 22496
104 4 22496
3277 2 22498
7147 2 22499
5654 2 22500
2729 5 22500
6687 2 22501
8505 4 22501
7536 3 22502
2088 2 22503
3874 5 22503
6502 2 22504
7017 4 22504
4302 2 22505
6767 4 22505
5614 3 22506
9546 3 22506
3592 2 22507
752 5 22508
4890 5 22508
431 5 22512
4128 2 22512
9253 3 22513
4715 3 22513
9888 5 22514
22 1 22514
2649 1 22517
6705 3 22518
6988 3 22519
3056 3 22519
4040 3 22520
7056 1 22521
575 2 22522
6472 2 22522
4926 2 22523
4922 5 22527
6069 3 22527
2169 5 22528
7855 3 22529
6326 1 22529
4317 5 22530
4825 4 22530
9876 5 22531
6701 1 22531
6490 2 22532
459 2 22533
8765 1 22535
6848 4 22536
1445 5 22536
1962 2 22538
7439 5 22538
3525 1 22539
2196 4 22539
5174 2 22541
5728 3 22542
142 2 22542
2607 5 22544
2641 4 22545
9753 1 22546
1348 2 22546
4164 3 22549
1247 5 22549
1952 5 22550
385 1 22550
1375 4 22551
3843 5 22551
2988 3 22552
2465 3 22553
301 3 22554
8838 1 22556
9295 3 22557
67 4 22559
9444 4 22560
7656 2 22561
9890 3 22561
2928 5 22564
7269 2 22564
6397 5 22565
4440 2 22566
8133 4 22566
2789 5 22567
6025 1 22570
9674 2 22571
3234 2 22572
5839 2 22575
1757 3 22575
5435 4 22576
8589 2 22577
8335 1 22577
4237 3 22578
8244 4 22580
487 1 22582
8698 2 22583
8413 4 22584
1749 1 22584
3305 3 22585
3619 1 22586
9647 5 22586
7435 5 22587
257 1 22589
564 3 22589
465 1 22590
2768 2 22593
6671 1 22595
4921 3 22596
8557 1 22596
98 5 22597
2703 1 22600
2244 3 22600
5082 3 22601
539 1 22601
5853 1 22602
7190 1 22602
4047 2 22603
9185 3 22603
4469 3 22604
8272 2 22604
8066 2 22607
3865 4 22608
1290 5 22608
103 3 22609
6880 5 22609
7106 1 22610
742 5 22610
8432 1 22613
9545 4 22613
4136 1 22614
4212 3 22614
2124 1 22615
8848 5 22616
5459 2 22617
5866 5 22618
2966 4 22618
2734 5 22619
5910 5 22619
2934 5 22620
4371 4 22621
9771 4 22621
7188 5 22623
5612 2 22623
3999 1 22624
8277 1 22625
3324 1 22626
5367 4 22627
3217 2 22629
6142 5 22631
6284 2 22633
2575 1 22633
1781 2 22634
8392 1 22635
6115 5 22635
953 5 22636
3469 5 22638
6529 4 22639
4315 1 22641
1230 5 22641
8005 4 22642
109 3 22642
8968 5 22643
8917 5 22644
4551 3 22645
9110 3 22646
1581 4 22646
8222 4 22647
9607 5 22648
9303 2 22649
2811 5 22649
5202 5 22651
7573 2 22651
1239 4 22653
7645 1 22654
8671 2 22658
7652 5 22659
8323 5 22661
1183 5 22661
384 4 22662
8651 3 22664
7868 1 22664
5421 5 22665
4163 4 22669
5863 4 22669
1868 3 22671
4830 5 22672
6696 2 22673
6857 3 22673
8645 1 22676
5539 2 22678
3647 3 22678
9981 2 22679
7316 2 22680
4569 1 22681
3274 5 22682
283 2 22682
5187 1 22683
2574 1 22683
2317 3 22684
6427 1 22686
5631 5 22689
6352 5 22689
8948 2 22690
4341 3 22691
9162 2 22695
8573 5 22695
7081 5 22696
8110 1 22696
295 4 22698
7304 1 22698
1931 3 22699
1570 2 22700
6017 1 22703
3999 5 22705
9045 1 22707
7354 4 22707
5280 1 22708
6872 4 22710
998 1 22710
8197 1 22712
5687 3 22712
6640 2 22713
1704 2 22714
3184 4 22716
590 5 22716
6597 5 22717
4431 4 22718
9044 2 22719
519 2 22720
9302 1 22721
4982 2 22722
9470 1 22724
3572 2 22725
1406 5 22726
7122 1 22726
2837 2 22727
5306 4 22728
9290 5 22728
3212 1 22729
5266 5 22729
4561 4 22730
7945 5 22732
1514 4 22732
3585 5 22733
964 1 22735
5349 1 22735
9442 4 22736
8933 4 22736
1063 1 22737
174 3 22737
1376 1 22738
8655 3 22738
3281 5 22739
6540 5 22740
2674 4 22740
8003 4 22742
8064 3 22742
5397 4 22745
3391 2 22746
6095 1 22748
5833 5 22748
4865 2 22749
7696 2 22750
9437 4 22750
449 4 22751
1994 1 22752
3935 3 22753
5468 3 22753
6860 4 22754
8303 1 22755
7880 1 22755
4807 5 22756
3640 4 22757
7167 4 22759
1638 1 22759
185 2 22760
5383 2 22760
7894 1 22763
6158 2 22766
4676 2 22767
9908 2 22767
3515 2 22768
7208 1 22768
6344 1 22769
8291 4 22769
8486 1 22771
164 2 22771
3833 2 22772
8542 1 22783
4503 2 22783
6656 3 22785
2641 3 22788
9187 1 22789
2151 2 22789
9182 5 22790
6542 3 22790
8043 5 22792
4718 4 22793
9734 3 22794
1409 1 22795
9096 1 22795
3132 3 22796
7515 5 22796
7016 5 22797
8116 1 22797
6502 1 22799
4994 1 22800
8204 1 22800
4711 4 22802
9244 5 22802
1154 1 22806
996 4 22806
9652 1 22807
229 1 22807
7132 2 22808
8854 3 22808
9111 3 22809
2035 5 22810
4521 3 22811
804 3 22811
4378 2 22812
650 5 22812
2316 1 22813
9669 4 22814
1828 2 22818
5482 2 22818
8183 5 22819
4668 5 22819
2179 5 22822
9188 3 22823
4101 2 22823
2124 1 22824
1246 2 22826
9384 3 22827
3129 5 22827
1235 3 22828
5440 4 22828
2943 2 22829
9472 1 22830
5335 1 22831
3728 5 22831
2910 5 22832
1069 4 22833
7576 2 22833
4123 1 22834
985 5 22834
8443 5 22836
6468 2 22836
2204 1 22838
2036 4 22838
3063 5 22839
5301 3 22839
2060 5 22842
4042 5 22842
566 2 22844
3318 3 22844
3727 5 22845
8941 4 22845
565 3 22846
6161 1 22846
1982 1 22848
9143 4 22849
534 5 22849
4338 2 22850
9107 2 22850
3086 5 22851
3568 4 22853
1051 1 22853
7721 3 22854
6207 1 22855
2117 2 22857
1989 2 22857
160 1 22858
5294 5 22858
1629 1 22859
22 5 22860
1630 3 22862
4752 2 22862
6899 1 22863
9826 1 22863
2269 1 22865
2019 2 22866
8308 3 22866
1137 3 22868
4635 4 22868
574 4 22869
6773 5 22869
8813 3 22870
1533 5 22870
337 3 22871
5401 3 22871
7968 3 22872
7163 4 22873
4830 2 22874
1157 5 22875
3548 1 22875
7648 5 22876
9126 3 22877
4081 1 22878
4536 1 22878
339 5 22879
7376 4 22879
3733 3 22880
1658 1 22882
5920 2 22884
3263 1 22886
72 1 22887
164 2 22887
760 2 22888
2885 3 22893
9404 2 22894
9599 5 22894
1688 2 22895
9266 2 22897
6066 1 22897
9679 3 22899
7608 1 22902
8561 1 22905
7888 1 22905
5182 3 22909
1993 2 22909
5382 2 22910
2094 3 22911
7277 3 22913
6809 5 22913
318 5 22914
993 2 22914
5125 1 22915
5056 2 22917
273 2 22917
3430 4 22918
5780 3 22919
3307 4 22919
9825 3 22920
2741 1 22920
6209 5 22921
3090 5 22922
1921 3 22923
2823 1 22924
2759 2 22925
7977 4 22926
8893 2 22926
1105 1 22927
9335 1 22929
8686 2 22930
6289 4 22930
3284 2 22931
8036 3 22932
2380 5 22933
6900 5 22933
1209 2 22935
3470 1 22935
9067 1 22939
7252 3 22940
2428 5 22941
353 2 22941
6098 4 22942
1580 2 22943
5285 1 22943
3434 5 22945
4826 4 22946
3073 1 22946
1618 3 22947
6802 3 22947
1960 5 22948
2951 1 22948
8228 4 22949
7285 3 22950
8575 2 22952
560 2 22952
5287 1 22953
7466 1 22953
9516 5 22954
6644 5 22954
2719 3 22956
7862 1 22957
1408 2 22959
3769 5 22959
7624 4 22960
5984 1 22960
9888 4 22964
5614 4 22965
4800 4 22966
1999 5 22968
6606 3 22970
7795 2 22970
1536 4 22971
4271 1 22971
6691 3 22972
4319 4 22974
3855 4 22974
9604 1 22976
1321 2 22976
927 4 22978
9425 1 22979
3467 3 22979
9925 1 22980
1206 3 22980
2929 3 22981
777 1 22982
7540 3 22982
6123 1 22984
3716 3 22984
7948 4 22988
972 4 22988
8885 1 22990
9836 3 22992
7795 1 22995
2304 5 22997
6400 4 22997
8259 2 22998
9450 5 22999
310 3 22999
822 3 23002
6866 3 23003
7276 3 23003
6760 4 23004
4868 2 23004
9357 1 23005
7891 1 23007
9575 2 23008
5738 5 23010
1258 4 23012
2780 1 23012
1229 2 23014
1930 4 23015
2612 3 23019
440 4 23019
4764 3 23020
1565 4 23020
4789 5 23021
7346 4 23024
2968 1 23025
4968 4 23026
2050 2 23026
8482 2 23027
9783 4 23027
6506 3 23028
4046 2 23029
4390 3 23030
3610 3 23032
1721 1 23032
9599 1 23033
3391 4 23034
3351 3 23035
6585 3 23035
18 4 23036
1998 5 23036
9076 2 23038
5905 1 23039
1516 3 23040
5681 2 23040
1849 5 23041
2084 5 23042
8179 3 23042
3558 5 23043
8562 4 23045
3547 4 23046
4072 1 23047
2852 4 23048
2473 3 23050
4411 2 23051
2096 3 23051
4658 1 23052
4662 5 23054
2787 3 23055
2355 5 23055
3623 3 23056
3671 4 23056
5361 2 23058
9788 1 23058
9297 5 23059
6666 4 23059
2692 2 23060
3206 2 23060
1562 3 23062
1695 5 23062
2677 4 23063
2037 3 23063
1911 2 23064
9081 1 23065
2261 2 23067
7181 5 23067
1423 1 23071
3497 5 23071
6682 5 23072
4908 2 23072
789 5 23074
3468 2 23075
62 1 23075
1615 3 23077
4294 1 23078
6916 2 23078
4449 1 23081
8876 3 23082
4624 4 23083
9286 2 23083
8952 3 23084
1414 1 23089
5764 5 23090
7367 4 23090
4519 1 23091
3388 5 23091
2230 3 23092
1488 4 23092
5263 2 23094
2350 5 23094
5493 3 23096
3480 1 23096
8031 2 23097
4394 4 23098
7248 1 23098
5188 5 23099
3487 5 23099
1047 4 23102
6977 2 23103
9557 5 23103
924 2 23104
9752 5 23107
9016 4 23110
368 5 23110
7588 5 23112
9426 3 23112
7423 5 23115
6897 2 23116
8299 2 23118
6763 1 23118
9710 3 23119
5523 3 23120
9039 1 23121
3382 4 23122
61 1 23123
2074 2 23123
6378 5 23126
4504 2 23126
4360 1 23127
7138 1 23127
277 5 23128
233 4 23129
1065 4 23129
762 2 23131
6681 5 23132
132 5 23132
5828 1 23133
6527 4 23133
4401 1 23134
8439 4 23134
9559 5 23136
124 3 23139
7906 1 23139
2992 2 23140
3737 5 23142
4848 5 23142
1457 1 23143
2907 3 23144
3807 1 23147
3573 5 23147
3134 5 23148
5822 1 23150
1040 4 23150
8777 4 23152
7972 3 23152
9487 1 23156
5891 4 23157
7047 2 23157
4711 2 23158
7197 2 23159
5568 2 23159
6611 1 23161
7015 4 23162
6745 2 23163
164 1 23169
3823 3 23169
4664 2 23174
1247 3 23174
9536 4 23176
7222 1 23176
6555 2 23177
7006 3 23182
6707 4 23182
8831 3 23183
6053 3 23184
8486 1 23186
2526 4 23186
963 1 23187
8562 3 23188
3314 4 23188
3789 3 23189
2958 1 23193
849 3 23194
9305 5 23194
7059 4 23196
4016 2 23196
9895 2 23197
8562 4 23200
8891 5 23201
4724 3 23202
2134 2 23202
3941 3 23203
9529 1 23204
9651 4 23205
3804 5 23208
4799 3 23208
4756 2 23211
6761 5 23213
9531 3 23213
822 1 23214
7552 2 23215
6782 5 23218
159 4 23218
7341 5 23219
2671 3 23220
8559 5 23224
1684 5 23224
1496 2 23225
5342 1 23225
8575 2 23229
5258 4 23230
3924 3 23230
9094 5 23231
7151 3 23233
308 5 23233
6045 2 23234
7666 5 23235
9726 4 23235
460 1 23236
1695 2 23236
3056 1 23237
427 3 23239
3831 2 23239
8607 4 23240
7980 2 23244
3078 1 23244
2491 5 23245
1102 3 23246
96 1 23248
7164 2 23249
407 3 23249
1006 4 23250
5569 4 23252
6692 4 23253
3220 1 23254
1549 4 23254
6645 2 23256
7990 3 23256
3379 5 23257
7406 3 23261
6046 3 23261
5834 2 23263
3134 4 23263
7608 4 23264
7795 4 23265
6157 1 23265
3601 2 23267
8600 4 23267
4789 3 23269
6283 2 23269
5646 3 23271
5869 2 23275
3557 4 23275
4239 5 23276
7490 5 23277
4451 2 23277
3876 5 23279
6453 2 23280
7798 4 23280
5301 2 23281
5451 4 23281
8311 3 23283
8709 3 23283
5962 1 23284
7482 2 23284
3659 3 23286
8024 1 23287
3270 2 23287
7495 2 23289
7022 5 23289
2302 5 23290
2631 1 23291
993 1 23291
6976 4 23293
7740 4 23293
7570 1 23294
7383 3 23294
8720 1 23295
5256 1 23295
7696 5 23297
8761 4 23297
8331 3 23298
4754 5 23299
2123 2 23300
9893 5 23300
948 3 23301
6291 5 23301
5128 3 23302
4632 4 23302
1660 5 23305
418 2 23305
2170 3 23306
9734 2 23306
5149 5 23310
2334 1 23311
3426 1 23311
1480 5 23315
3744 3 23316
6862 4 23316
1328 2 23318
1165 3 23318
3438 5 23321
8162 1 23321
9460 1 23322
6844 2 23323
7187 3 23324
70 5 23325
1989 4 23326
1772 3 23327
4893 2 23327
5314 2 23328
724 4 23328
6624 2 23329
3943 3 23331
7906 3 23331
16 5 23332
6413 1 23333
4781 3 23336
7416 2 23339
6385 2 23340
1594 5 23340
3082 1 23341
8006 5 23341
6191 2 23343
2555 3 23344
1507 2 23344
7327 3 23345
9832 2 23346
6485 5 23349
7366 3 23349
2105 1 23350
1071 4 23350
9530 4 23351
1960 3 23351
3893 3 23352
7942 4 23353
8670 4 23356
1975 2 23356
9864 3 23358
886 5 23358
8169 4 23359
9647 4 23360
2045 5 23360
3151 1 23361
3352 4 23364
6185 2 23364
8324 2 23365
5713 2 23365
8422 1 23367
2040 3 23368
4070 5 23368
2220 3 23369
5248 2 23369
3492 1 23371
1352 2 23371
995 3 23372
2962 4 23373
5040 3 23373
4963 3 23374
1269 5 23375
8864 5 23375
9041 3 23376
914 4 23377
8149 5 23377
6952 3 23378
6235 3 23379
6047 3 23380
5820 3 23382
7844 4 23382
8185 3 23385
5374 3 23385
6387 5 23386
4484 3 23387
6102 5 23387
5354 4 23392
2172 3 23393
9198 1 23393
9859 3 23394
2571 5 23395
9191 1 23395
9512 5 23397
6253 5 23398
1474 4 23398
465 1 23399
4424 3 23400
2036 3 23401
8339 5 23403
7459 1 23403
9984 5 23404
730 1 23405
2001 2 23405
4010 4 23406
4929 2 23407
2774 2 23407
6803 3 23411
7756 3 23413
5535 3 23413
2249 5 23414
5973 3 23415
7956 1 23416
8943 5 23418
3514 4 23419
563 2 23419
9622 4 23420
6334 4 23420
3457 5 23423
3859 5 23424
1785 4 23425
6494 2 23425
8028 2 23427
7760 2 23428
8498 5 23431
7422 2 23432
7418 4 23432
9192 4 23434
7353 5 23434
4314 4 23435
6356 4 23435
2979 5 23436
3128 5 23436
3754 5 23438
8945 3 23439
1421 4 23441
7552 4 23441
954 2 23443
8181 5 23443
18 1 23444
228 3 23445
5400 2 23446
4541 1 23447
3884 5 23450
4492 4 23452
916 4 23453
1763 5 23454
4989 3 23457
1113 4 23457
4102 3 23458
626 4 23458
9102 3 23459
2663 4 23459
7523 3 23460
4111 2 23461
5526 2 23462
4803 2 23463
7413 2 23463
9036 2 23464
189 1 23466
1062 2 23466
6362 1 23470
8373 5 23471
2775 5 23471
933 1 23472
4711 3 23473
9574 2 23473
3346 2 23477
46 1 23477
6391 2 23478
272 5 23478
9518 5 23479
9567 2 23479
4519 5 23481
8058 4 23481
7557 1 23483
8601 1 23483
3339 1 23484
4769 1 23484
8612 1 23485
6057 1 23486
5372 3 23487
6168 4 23487
457 1 23488
2967 1 23489
9532 1 23490
3770 4 23490
8926 1 23491
4496 5 23492
4997 3 23492
9508 2 23494
8142 3 23494
1576 5 23496
8947 5 23496
6181 2 23497
9719 3 23498
2923 4 23499
8242 4 23499
946 2 23501
195 5 23501
4269 1 23502
8539 5 23502
7902 3 23503
3540 4 23505
9516 5 23505
3637 1 23507
4049 5 23507
8355 4 23509
4201 1 23509
9563 1 23511
2710 3 23512
3868 2 23512
6974 2 23513
6168 5 23513
5103 2 23514
1158 5 23514
9955 4 23516
6819 2 23518
5355 3 23519
2619 2 23519
8778 3 23521
7092 2 23521
5938 5 23522
1617 2 23522
9830 5 23523
5426 5 23524
5361 1 23524
7147 5 23527
7034 4 23527
9421 3 23529
1771 1 23531
60 5 23532
4168 4 23533
1733 4 23533
9407 4 23534
6119 3 23537
3322 2 23537
3764 3 23539
2011 5 23540
321 5 23541
9702 1 23542
4434 4 23544
9188 2 23545
8989 2 23546
9555 1 23547
5237 2 23549
8516 2 23551
1255 5 23552
2289 2 23553
4154 2 23555
8703 1 23555
1080 2 23557
8018 4 23558
1851 2 23558
5310 1 23559
4105 4 23560
7248 5 23560
4168 2 23561
4999 2 23561
8010 3 23569
8934 5 23569
9136 3 23570
3778 5 23571
5944 3 23572
8831 2 23572
4404 5 23575
8119 2 23581
5256 3 23581
8829 4 23583
5580 1 23583
7607 3 23584
5867 4 23585
3646 3 23585
8251 5 23586
2177 3 23588
7008 2 23589
1449 5 23590
163 3 23590
2189 5 23591
3836 3 23591
150 1 23592
8980 4 23593
9240 3 23593
6505 2 23594
5984 2 23595
3050 2 23598
919 3 23598
1440 4 23600
6263 2 23602
19 4 23602
4017 3 23603
5525 3 23604
8226 5 23604
5471 4 23606
2985 3 23607
9268 1 23607
9833 5 23609
8578 5 23609
6377 3 23610
780 1 23610
2738 1 23611
8185 3 23611
6424 1 23612
2132 1 23612
6525 1 23613
1785 2 23613
748 5 23615
9331 3 23615
9816 5 23616
2699 3 23617
3713 2 23617
8066 1 23618
1172 3 23619
3748 5 23619
6758 1 23621
664 2 23622
3465 3 23624
4521 2 23624
9333 4 23625
344 2 23625
4748 3 23626
8282 3 23628
3936 4 23628
7794 3 23630
7761 4 23632
788 5 23633
3990 2 23634
1844 2 23638
2202 2 23638
8158 5 23639
1986 2 23640
3128 2 23640
8069 1 23641
8174 2 23641
8852 5 23642
4762 4 23643
4937 3 23644
1431 4 23644
1164 1 23645
7887 2 23647
9133 2 23647
5216 5 23648
9840 2 23648
4088 4 23649
4662 3 23650
261 1 23650
4573 5 23651
5697 3 23652
7660 3 23656
1368 1 23656
5666 2 23658
5093 3 23662
2360 5 23662
3682 3 23663
1934 3 23664
2961 5 23664
5353 1 23665
6037 2 23667
9733 4 23667
9863 5 23668
4314 2 23668
8173 1 23669
7156 5 23670
7155 2 23670
611 3 23674
6012 5 23674
5355 3 23675
7649 2 23675
2104 1 23676
8810 5 23677
5915 3 23677
5564 4 23680
7108 4 23681
1653 3 23683
4751 4 23683
9543 1 23684
9603 2 23684
6493 2 23686
6492 3 23686
4261 3 23687
8685 3 23687
1081 1 23688
5866 1 23689
12 1 23689
969 2 23690
8936 5 23690
3660 4 23692
9886 3 23692
2749 3 23694
7480 4 23694
4643 3 23696
2010 4 23696
6423 5 23697
4730 4 23698
4401 2 23699
7421 3 23700
4118 3 23700
8792 2 23701
1618 5 23702
4602 2 23704
742 1 23705
3548 4 23705
9197 2 23706
4382 4 23707
1081 1 23708
3925 4 23708
1371 4 23709
659 2 23709
5969 5 23710
2606 1 23712
9363 1 23712
9145 1 23713
6258 5 23714
4692 3 23715
4195 2 23715
4052 5 23717
7859 5 23718
8137 1 23718
5994 4 23719
545 4 23719
3932 1 23721
1872 1 23721
6162 3 23722
8894 5 23723
2254 2 23723
8822 1 23724
9824 5 23729
2596 5 23729
3372 3 23731
5843 3 23731
353 2 23732
8489 5 23733
5332 5 23733
2166 3 23734
5916 5 23736
4325 4 23737
1303 1 23737
2809 1 23738
8584 1 23738
1693 2 23743
2748 5 23745
1720 1 23745
1655 5 23746
331 4 23747
9807 3 23748
1640 2 23749
8557 3 23749
3888 4 23750
6124 3 23750
3948 1 23751
4645 3 23755
7911 2 23755
4050 4 23756
9613 4 23758
5323 2 23758
9353 5 23759
5660 1 23760
2551 3 23760
2582 3 23761
8083 1 23761
410 2 23762
2760 3 23762
1766 1 23763
8362 1 23763
628 1 23766
4631 5 23766
4414 5 23767
4963 3 23768
8618 4 23768
468 4 23769
4873 3 23769
6823 4 23771
3424 4 23771
3673 4 23772
1805 1 23772
6111 1 23773
4864 3 23774
8915 5 23776
5132 1 23776
1143 4 23777
8437 5 23777
3457 3 23779
6439 4 23781
9196 2 23781
92 3 23782
9959 5 23782
4919 5 23784
7930 4 23788
3085 3 23788
2251 2 23792
9862 2 23793
5565 3 23793
5205 3 23794
4464 3 23795
4102 1 23795
6693 1 23796
6476 2 23796
2222 4 23797
2898 2 23797
9785 2 23798
4596 2 23798
4089 1 23799
7913 3 23800
3748 1 23800
2819 1 23801
6536 2 23802
9262 4 23802
7487 4 23807
8282 5 23807
9601 3 23808
5870 5 23808
7611 5 23809
2193 1 23810
4318 2 23814
8912 1 23814
4723 5 23816
333 2 23817
201 4 23817
5058 5 23818
9771 1 23821
8183 3 23821
5566 2 23822
68 4 23824
278 1 23824
659 5 23826
493 2 23829
8325 1 23829
6342 5 23830
5619 3 23830
4991 3 23831
7445 2 23831
4870 5 23832
1038 4 23833
9916 2 23834
3760 3 23837
4995 3 23840
4 3 23840
6721 2 23841
6337 1 23843
7876 4 23843
5251 1 23845
1737 5 23845
8275 5 23846
1153 1 23847
1081 2 23848
1272 5 23850
3437 1 23850
3426 3 23853
2692 4 23853
2917 5 23854
6711 2 23855
6363 3 23857
3397 1 23859
5640 2 23865
1607 2 23866
5764 5 23866
203 5 23868
5907 4 23869
2236 4 23870
2634 4 23870
516 3 23871
3482 2 23871
7368 5 23872
4658 2 23873
233 3 23873
125 2 23875
2307 4 23876
2088 5 23877
7507 5 23877
2902 3 23878
7707 1 23879
9538 5 23882
7437 2 23882
6298 5 23884
634 5 23885
6536 1 23886
5659 5 23888
7080 5 23889
7318 4 23890
5331 1 23891
3549 1 23892
2542 2 23892
5758 5 23895
8962 2 23896
5164 3 23897
2104 3 23897
1061 3 23899
6904 5 23900
1189 4 23900
3700 1 23901
522 3 23901
9772 4 23902
8901 2 23902
1289 3 23903
7749 3 23904
3887 4 23904
8927 1 23906
8071 5 23907
5904 5 23907
7914 4 23908
5582 2 23909
8662 5 23911
7474 4 23911
3229 4 23912
6514 5 23913
13 4 23914
8841 4 23915
7328 4 23917
8645 3 23918
8889 4 23921
1396 4 23921
5288 2 23922
2267 5 23922
5214 3 23923
1542 4 23924
5747 4 23924
6748 5 23925
4537 5 23926
4450 2 23926
5461 1 23928
2239 3 23928
7217 4 23933
8200 5 23934
5041 4 23936
9557 3 23938
6711 4 23941
597 1 23941
5177 2 23942
5468 4 23942
4632 3 23943
8216 2 23944
72 5 23946
6107 4 23947
5637 5 23947
8720 3 23948
2557 3 23949
7528 5 23949
8665 3 23950
4676 1 23950
5833 2 23951
3802 5 23952
1487 1 23955
7903 4 23958
4296 5 23958
7642 3 23959
5586 1 23962
2166 2 23965
9834 4 23965
4416 2 23966
7341 2 23966
7660 5 23967
877 2 23967
6235 2 23968
660 5 23969
7604 4 23970
864 5 23970
8171 1 23971
5030 1 23972
8991 1 23972
4183 3 23973
6522 4 23974
4481 1 23974
5012 4 23975
4415 5 23976
8767 4 23976
895 3 23977
2909 2 23979
474 1 23980
9434 4 23986
2951 4 23986
179 4 23987
9882 3 23987
4048 1 23988
8503 3 23988
3365 2 23990
8119 5 23990
4219 1 23991
9974 1 23991
5629 5 23992
8551 5 23996
2100 4 23998
6190 1 23999
6005 5 24000
5019 2 24001
5662 4 24001
6895 5 24002
6010 1 24002
7624 2 24003
9692 4 24003
2515 3 24004
3994 3 24004
3720 1 24005
3904 2 24005
64 2 24006
7080 4 24007
3872 4 24007
8010 2 24008
4562 4 24011
4833 4 24011
7876 4 24012
2504 3 24013
8921 2 24013
8074 2 24017
3748 4 24019
4927 2 24019
339 1 24020
3973 5 24020
8924 2 24022
1178 1 24023
5353 4 24023
8163 2 24024
6376 3 24028
7752 5 24029
7131 1 24029
5865 4 24030
7935 4 24030
768 1 24031
2889 2 24031
9843 1 24034
4603 1 24034
4046 2 24035
112 2 24037
5561 2 24037
403 5 24038
81 4 24041
1493 5 24041
5323 2 24042
2306 1 24042
1123 4 24046
416 1 24049
9888 2 24049
6757 1 24051
6098 2 24051
8231 2 24052
3870 5 24054
1345 5 24056
3682 4 24057
4355 1 24057
5777 3 24058
8568 4 24060
722 4 24060
2260 1 24061
5783 4 24061
773 4 24062
3900 1 24064
9294 3 24064
5968 2 24065
4614 3 24065
4669 5 24066
5190 4 24067
7943 1 24068
5982 2 24069
8917 5 24069
2801 4 24070
9457 1 24070
2781 2 24071
269 4 24071
9644 3 24073
2368 1 24074
3523 5 24077
7871 3 24077
7181 2 24079
9029 4 24080
4116 3 24082
8267 3 24083
8850 5 24084
9090 1 24086
6059 3 24086
3462 2 24090
8743 2 24090
1862 2 24091
785 1 24091
6372 2 24092
1745 1 24092
505 4 24093
6608 3 24093
1373 1 24094
6688 3 24095
8537 5 24097
8313 5 24099
1074 5 24102
3316 5 24102
3243 1 24104
4563 2 24104
6035 2 24105
6144 3 24106
4097 2 24107
613 4 24108
6315 5 24108
5351 2 24109
2934 1 24109
1404 2 24110
1687 5 24111
7844 4 24111
6503 5 24112
2448 2 24112
5928 3 24114
4704 1 24114
1068 3 24116
1262 1 24116
7598 2 24117
3483 5 24118
3596 3 24118
2257 1 24120
8578 3 24120
9335 3 24121
888 4 24121
8717 5 24122
9213 5 24126
9639 1 24127
7486 3 24128
459 5 24128
4352 3 24129
4409 4 24129
6466 1 24130
6033 2 24130
6090 3 24132
1872 4 24132
2498 2 24133
3568 2 24133
7909 4 24135
3885 2 24135
4212 2 24136
5766 2 24136
3915 2 24137
764 5 24140
659 4 24141
4826 3 24141
6004 3 24142
2669 5 24143
4676 4 24143
5986 2 24144
6852 5 24146
7320 2 24146
6168 5 24148
8900 2 24148
4951 2 24149
489 2 24149
2425 5 24152
7217 5 24152
9680 2 24153
6022 2 24154
210 5 24154
8634 3 24155
6997 4 24157
8571 1 24157
6518 2 24158
1010 4 24159
2403 1 24160
3564 3 24160
7325 4 24161
4016 4 24162
6584 2 24162
7686 4 24164
3076 2 24164
2224 3 24166
7206 2 24166
8285 5 24167
9161 4 24168
2134 4 24168
2431 2 24169
6819 2 24169
9455 2 24170
9633 3 24170
9292 3 24171
1641 2 24174
5978 2 24175
7042 3 24177
3236 1 24177
4242 3 24178
1285 5 24178
7932 4 24179
7931 1 24180
1958 1 24182
4734 3 24182
3360 5 24184
6464 3 24186
2924 3 24187
3718 4 24187
771 3 24188
4420 2 24188
8525 5 24189
7481 3 24189
2724 3 24190
1360 3 24190
2612 5 24192
6819 5 24192
3669 1 24193
812 5 24193
5565 5 24194
1945 3 24195
9268 3 24197
6672 2 24198
2898 2 24198
3064 3 24199
6553 2 24200
4248 4 24200
698 1 24202
1716 4 24203
1382 5 24204
1714 2 24204
4947 4 24205
4228 3 24206
7343 3 24208
1902 3 24208
5051 1 24209
4694 2 24209
2305 3 24211
6393 3 24212
3398 1 24212
5533 3 24214
4800 3 24216
2282 3 24218
9655 2 24219
5235 5 24219
9250 1 24220
9052 5 24220
4324 3 24222
6070 2 24222
6292 3 24223
8288 3 24223
2938 5 24225
363 3 24225
252 1 24226
2184 4 24229
9940 1 24229
1196 4 24231
7458 1 24231
9193 3 24233
7862 1 24234
8981 5 24234
4984 5 24235
4278 4 24236
2684 1 24236
3048 3 24237
6617 2 24238
6715 1 24238
3485 4 24240
2947 1 24243
1254 5 24243
6436 5 24244
4157 2 24244
8106 5 24245
9082 1 24245
739 2 24246
7538 3 24246
1141 5 24247
5355 5 24248
3217 1 24248
9660 1 24251
9735 3 24251
1025 4 24252
8151 1 24253
7975 1 24254
3220 2 24255
5381 4 24255
2129 1 24256
3557 1 24257
3311 2 24262
8237 3 24263
9036 1 24264
2325 5 24265
9272 2 24266
5961 2 24266
8394 2 24272
5811 4 24272
6659 3 24274
8671 2 24275
5710 5 24280
7954 5 24283
8432 4 24284
1193 3 24286
3276 4 24288
1710 4 24289
5600 3 24289
4871 2 24292
3413 2 24292
5711 5 24293
3735 3 24296
2344 1 24297
194 5 24297
608 3 24298
1898 2 24300
662 1 24305
8517 1 24306
772 4 24306
1224 1 24307
8617 3 24308
7729 3 24310
8329 4 24310
6088 4 24315
8668 2 24315
3663 3 24318
615 4 24319
3630 3 24320
5774 2 24322
5651 4 24322
4453 3 24323
9572 1 24323
5093 1 24324
4376 2 24325
3496 5 24325
9120 5 24326
8778 4 24326
9320 4 24327
6719 2 24327
8275 5 24329
3835 4 24329
8147 4 24330
8450 3 24333
8627 1 24333
5201 3 24334
446 4 24334
6186 2 24336
6556 5 24336
3936 2 24337
8793 5 24337
4257 1 24338
372 2 24338
9681 5 24339
699 5 24339
1820 5 24340
3770 5 24341
7513 4 24342
3770 5 24342
6758 3 24343
5491 1 24345
8001 3 24345
9815 1 24346
6975 3 24347
5082 3 24347
2710 2 24350
2438 1 24350
4346 3 24351
7130 3 24351
2082 5 24352
4628 2 24353
5010 4 24356
1473 2 24356
9137 1 24357
7520 3 24358
9517 3 24358
5783 1 24359
8134 2 24359
7332 3 24360
4645 2 24363
8768 4 24363
8842 5 24365
5050 3 24367
9107 3 24367
753 4 24368
8576 3 24368
8954 1 24369
9307 5 24369
1427 5 24370
5070 4 24371
6675 3 24371
107 4 24372
5416 3 24372
6063 3 24374
3001 5 24374
3406 5 24376
4276 5 24377
4324 3 24378
2141 1 24378
3740 5 24379
3475 5 24380
9041 1 24382
5282 5 24382
6652 4 24383
2907 5 24383
3185 3 24384
2464 1 24387
2771 3 24387
7363 1 24388
7299 1 24388
222 5 24390
7718 2 24391
9431 1 24391
3442 3 24393
2799 2 24393
2661 4 24394
1919 3 24395
906 1 24396
5588 4 24398
6789 4 24398
307 1 24400
3660 2 24400
6599 1 24401
8704 2 24401
4492 2 24404
2293 2 24404
416 3 24405
3942 2 24406
1002 1 24406
3954 4 24408
6777 2 24408
9632 3 24409
764 1 24409
517 2 24410
1344 3 24411
5960 4 24413
5885 4 24414
3755 4 24415
6437 4 24417
8134 5 24418
7306 5 24421
1719 2 24421
770 3 24422
3560 4 24422
7012 5 24427
4569 1 24429
157 5 24430
5950 3 24430
3216 4 24432
2205 3 24432
8428 2 24433
7828 2 24435
4515 3 24435
8545 4 24436
6800 4 24436
465 1 24437
3968 5 24437
564 3 24439
4706 4 24440
7432 4 24440
3134 4 24443
4744 4 24443
322 1 24444
7136 4 24445
9190 3 24445
9196 5 24447
7908 4 24447
9899 2 24449
5184 3 24449
173 4 24450
7436 1 24450
5375 5 24452
6891 1 24453
3631 3 24453
4596 1 24454
9616 2 24454
4772 3 24455
2723 3 24457
8899 5 24457
1056 2 24459
7420 2 24459
4085 5 24464
9194 2 24465
7654 3 24465
515 5 24466
1946 5 24467
4098 5 24469
1722 4 24469
5448 2 24470
3633 4 24470
7200 4 24473
174 2 24474
8832 2 24476
8596 4 24476
2526 2 24478
4990 3 24479
3668 4 24481
9346 5 24481
1363 2 24482
2499 3 24483
1884 4 24483
9915 1 24484
173 3 24485
7306 3 24487
5324 2 24488
654 3 24490
6734 2 24491
6120 5 24491
7697 3 24494
4016 5 24497
9222 4 24498
5505 5 24498
2172 4 24499
1523 4 24500
477 1 24500
6027 4 24501
5777 3 24501
2889 5 24502
5107 3 24502
6196 2 24503
3651 3 24503
6212 5 24504
9229 3 24504
9738 2 24506
4951 4 24508
7716 4 24508
4733 4 24509
3325 3 24510
4020 1 24510
9541 1 24511
9658 1 24511
6192 2 24512
4164 5 24512
1128 2 24513
7948 3 24515
3131 1 24515
2434 2 24516
614 4 24518
2331 2 24519
8257 1 24520
446 1 24521
5387 1 24521
6971 5 24522
8949 4 24522
6436 1 24523
4444 3 24523
6116 3 24524
2436 2 24524
9311 2 24525
8075 3 24525
8994 2 24526
499 4 24528
5177 4 24528
8874 3 24529
8337 1 24529
1548 2 24532
1856 2 24532
8809 1 24533
9482 1 24534
7639 3 24535
5095 5 24536
705 3 24539
6994 4 24539
1117 3 24540
3516 1 24540
8031 1 24541
547 1 24541
6387 2 24542
2156 3 24546
589 5 24547
2255 2 24547
6088 3 24548
9899 5 24548
5610 3 24549
8205 3 24550
4720 5 24550
2825 5 24552
7019 3 24554
7580 5 24554
8285 1 24556
7371 3 24559
1874 4 24559
8802 3 24560
7501 4 24560
1311 4 24561
3461 3 24561
4853 5 24563
4355 5 24564
5440 1 24565
9511 2 24566
5010 2 24566
8097 2 24569
4471 5 24569
3524 1 24570
2141 2 24570
7900 3 24572
1360 2 24572
3667 1 24573
4269 5 24574
6446 2 24574
2883 2 24575
1645 1 24575
9200 1 24578
5147 3 24580
1864 1 24582
292 4 24583
2326 5 24584
4209 4 24586
3259 2 24587
9221 3 24587
6735 3 24588
1115 5 24592
6404 5 24593
5541 1 24593
2689 5 24594
987 4 24594
3344 1 24595
6682 1 24596
1430 5 24596
5862 5 24598
4091 5 24598
4697 4 24600
5811 3 24601
5974 5 24602
9342 2 24603
6019 4 24603
3286 3 24604
4288 1 24605
6558 1 24605
3567 2 24608
1157 2 24608
1453 1 24610
8449 4 24611
3093 4 24612
2815 2 24612
8919 3 24613
1505 5 24615
7689 2 24615
6845 5 24616
6625 4 24617
9520 5 24618
4768 1 24618
2965 2 24619
6247 4 24620
8206 2 24621
5486 4 24621
9710 4 24622
2099 4 24622
4525 5 24624
7946 3 24624
3487 5 24625
1655 1 24625
3319 1 24627
5014 4 24628
8745 3 24628
7124 4 24629
4986 2 24630
7496 4 24630
5975 4 24631
4977 2 24633
5349 5 24633
7924 4 24634
6138 3 24634
9501 4 24635
2340 2 24636
3858 4 24637
4582 3 24637
6745 5 24638
1639 2 24638
4909 4 24640
5172 2 24641
371 2 24641
4083 4 24642
1503 5 24642
7628 2 24643
3511 1 24644
4661 4 24644
9870 5 24647
2732 2 24647
9124 5 24648
7526 4 24648
1190 5 24653
3557 4 24653
4956 3 24655
7172 1 24655
8540 1 24656
2214 2 24657
458 3 24658
1564 1 24659
4002 4 24659
6169 2 24663
9072 5 24664
533 1 24664
2604 2 24665
8462 4 24666
3688 1 24669
3900 5 24670
8772 4 24671
160 4 24672
9759 3 24673
4212 5 24674
8916 4 24675
647 4 24675
337 3 24677
4655 2 24677
2124 2 24680
4076 1 24681
6438 1 24681
7297 1 24682
6412 4 24682
1153 4 24684
2267 2 24685
935 1 24686
5806 3 24686
4601 3 24688
3367 1 24690
2436 2 24691
3100 3 24694
8868 4 24695
6291 5 24695
3690 2 24696
1858 4 24697
4105 4 24698
3805 3 24698
3200 5 24700
6566 3 24700
7394 1 24702
717 1 24702
6908 4 24706
6425 3 24711
2019 2 24711
8341 5 24712
8664 3 24714
8206 2 24716
9477 2 24718
6605 4 24718
6830 5 24719
8224 3 24719
5158 1 24721
1779 1 24721
6163 2 24723
1540 5 24724
5256 4 24725
3427 4 24726
2572 4 24727
470 2 24729
4149 4 24731
4378 3 24731
5529 4 24732
7218 1 24733
3885 5 24735
1671 3 24735
7783 4 24736
7980 5 24737
7761 1 24737
1928 2 24738
4982 4 24739
5410 1 24739
9960 5 24740
3229 1 24740
9592 2 24741
7042 5 24741
7258 3 24742
5399 3 24743
2544 2 24744
3469 5 24745
3828 3 24745
2450 2 24746
118 1 24746
5119 4 24748
3413 1 24749
2959 2 24749
6978 1 24750
8174 3 24750
8172 5 24751
2273 2 24752
5328 3 24753
1680 1 24754
1323 1 24755
2319 5 24755
3731 1 24756
2103 2 24757
7229 4 24758
4883 4 24758
1096 5 24759
2529 4 24759
4566 4 24760
7327 2 24760
3580 3 24761
1855 4 24762
7347 1 24762
6734 1 24763
6484 5 24765
7861 5 24765
598 2 24766
5302 4 24766
1667 1 24767
1008 5 24769
8867 3 24773
7667 4 24773
6232 3 24774
7747 2 24775
607 1 24775
2619 1 24778
831 4 24778
4637 5 24780
1671 3 24780
5005 3 24781
7083 1 24782
514 1 24783
7157 1 24783
8961 3 24784
3022 5 24786
7548 5 24787
3787 2 24787
4148 1 24788
1606 2 24789
3822 4 24789
6186 2 24790
54 4 24790
1921 4 24791
6929 2 24791
6011 3 24794
8697 3 24795
8023 5 24799
3304 5 24799
2692 2 24801
5652 4 24802
1509 5 24802
2283 3 24803
7654 2 24804
1455 3 24806
4089 4 24806
6249 1 24807
2941 5 24809
5802 2 24809
5017 5 24812
903 1 24812
1327 4 24815
1926 3 24815
8671 1 24818
3817 4 24819
3229 2 24820
7454 1 24821
4617 3 24821
1231 3 24822
655 1 24822
8596 3 24823
1496 4 24823
3388 5 24825
8698 1 24825
5729 2 24826
692 2 24827
7976 4 24827
1580 2 24828
9809 2 24829
5514 4 24830
4009 1 24831
6622 5 24833
72 3 24834
846 3 24834
90 2 24835
6099 1 24837
8703 4 24838
152 4 24840
9107 1 24840
9817 2 24841
6549 5 24841
5833 1 24842
7123 2 24843
6962 3 24843
9282 2 24844
5293 4 24844
4990 5 24847
8389 5 24847
4693 3 24848
7017 1 24848
2585 1 24849
8662 5 24849
1464 1 24850
5875 2 24851
2463 4 24852
7280 3 24853
4474 4 24854
5962 5 24857
8586 5 24858
4819 5 24861
3771 1 24862
386 4 24864
7329 5 24865
9090 5 24866
2380 2 24866
6929 5 24868
6236 4 24868
2573 1 24870
6958 1 24870
6134 5 24871
9679 2 24871
6097 2 24872
7416 3 24873
3410 2 24873
5285 1 24876
4825 5 24876
8730 4 24877
7009 2 24878
4403 4 24879
8301 5 24879
5070 4 24882
6571 2 24883
9620 4 24883
486 5 24885
1366 2 24887
3783 4 24888
6262 5 24888
6483 5 24892
7668 5 24892
8281 2 24894
7801 1 24895
6857 1 24896
5566 1 24898
3019 5 24898
4983 5 24899
9446 5 24900
1442 5 24902
4072 5 24902
8289 3 24903
7047 5 24903
9856 3 24910
528 3 24910
804 3 24911
6719 4 24911
3894 5 24913
3053 2 24914
2464 1 24916
2039 4 24916
891 4 24917
5550 1 24917
9528 3 24918
2150 5 24918
6066 2 24919
8833 1 24920
5448 1 24920
7691 5 24921
5467 5 24921
6628 5 24922
516 1 24923
3734 5 24924
9154 4 24926
3679 5 24926
5622 2 24930
9153 5 24931
7880 4 24931
1735 5 24934
7550 1 24934
7500 5 24935
6140 1 24936
3278 1 24939
7801 3 24939
3587 5 24940
4649 1 24941
5073 4 24942
8812 1 24942
4348 2 24943
6171 2 24943
4873 5 24945
9911 5 24945
4728 4 24946
8937 4 24947
3727 3 24948
5177 2 24950
9529 5 24951
285 3 24954
825 3 24954
2239 1 24955
2288 3 24955
7492 1 24957
1221 2 24959
3223 5 24961
3388 2 24962
8181 3 24964
8734 3 24966
170 3 24966
7724 4 24968
2902 2 24968
9645 4 24969
4422 1 24969
5632 2 24970
8431 5 24971
6502 5 24971
3789 3 24973
6630 4 24973
3663 4 24975
7174 5 24976
6664 4 24978
2913 2 24979
4194 3 24979
3832 2 24980
2069 4 24981
3750 5 24982
8522 3 24983
2680 2 24983
5749 2 24984
6334 3 24984
9749 3 24986
6391 2 24986
5538 2 24987
6481 1 24989
1372 4 24990
9783 5 24990
7580 4 24991
8284 5 24991
8185 1 24992
2269 2 24993
651 5 24994
6859 2 24994
2352 5 24998
4059 2 24998
6576 4 25001
8246 1 25001
308 4 25003
8196 5 25004
4287 1 25005
4207 4 25005
3606 2 25007
4842 5 25007
8106 1 25008
1162 1 25008
4975 3 25017
7148 5 25021
5409 1 25022
1150 4 25022
7438 4 25023
9952 1 25023
9347 4 25024
3531 3 25024
7471 1 25026
5092 2 25027
953 1 25027
9516 4 25028
5485 4 25029
4523 3 25030
4232 2 25033
1910 4 25033
8103 1 25034
8361 3 25034
5892 1 25039
2425 4 25040
3370 2 25041
2690 1 25042
6661 2 25042
7387 3 25044
1157 1 25044
1001 1 25045
6397 2 25045
9844 1 25046
1147 4 25047
777 2 25047
1859 2 25048
176 1 25050
7554 1 25051
4669 4 25052
2350 1 25053
1609 5 25053
6179 2 25055
158 4 25055
3246 5 25056
5381 1 25056
9750 2 25058
2591 3 25058
6346 3 25060
8791 3 25061
8312 2 25061
5695 3 25063
1416 5 25067
2388 3 25068
9519 4 25069
942 4 25069
4092 5 25070
4818 2 25071
9099 1 25071
8583 3 25072
4666 3 25073
8866 1 25074
8809 3 25074
1398 1 25075
363 5 25076
246 2 25077
1633 4 25077
6852 4 25079
7959 2 25080
5423 3 25080
993 3 25081
959 5 25081
9567 1 25082
5191 4 25082
1918 2 25084
7571 3 25084
7627 3 25085
9884 4 25086
7055 1 25087
2951 1 25087
4593 4 25091
810 5 25091
5450 5 25092
9001 4 25093
6265 2 25093
4337 5 25094
8801 1 25094
5480 3 25096
6596 4 25098
1566 5 25098
6663 5 25100
482 3 25101
1283 5 25101
1015 1 25103
4970 3 25104
2521 2 25104
9940 2 25105
9914 5 25105
9926 2 25106
4226 3 25106
3302 3 25107
823 2 25107
1171 4 25108
3313 5 25109
9238 4 25109
3791 4 25112
8271 1 25112
3883 1 25113
3777 5 25114
3162 4 25115
7576 5 25116
1174 5 25117
3141 1 25117
48 2 25118
1450 1 25122
9402 3 25124
2866 1 25124
4089 2 25125
2607 1 25127
1499 5 25127
5292 3 25128
3688 1 25128
6524 5 25129
1893 2 25130
5200 1 25132
8675 4 25132
4509 5 25133
8758 2 25133
6 1 25134
8399 4 25134
9055 4 25137
3876 3 25137
4488 2 25141
496 5 25141
6527 2 25142
8270 5 25143
5944 2 25145
9843 4 25145
1139 2 25146
1642 1 25147
1462 1 25147
2860 4 25149
315 2 25150
6800 4 25151
9056 4 25151
7729 4 25152
7401 2 25153
2467 5 25153
1960 1 25155
3846 1 25157
6962 1 25157
617 3 25159
7511 5 25159
676 2 25163
8504 1 25163
3392 3 25166
6012 1 25167
3647 4 25168
4993 1 25170
238 1 25172
4770 4 25172
2052 1 25174
3284 1 25174
9540 2 25176
1451 2 25176
4922 3 25177
5177 3 25180
3262 5 25181
8414 5 25182
1425 2 25183
7558 2 25184
8293 1 25185
3349 1 25185
8279 1 25187
5805 1 25187
7998 2 25188
4815 3 25188
5400 3 25189
7487 1 25192
4189 2 25192
4223 2 25193
6350 4 25193
2331 1 25195
337 5 25195
9144 4 25196
7298 3 25196
8348 5 25198
7043 5 25198
2984 2 25201
4268 5 25203
9810 4 25203
1826 3 25206
7001 4 25208
2979 4 25210
2328 2 25211
3455 1 25212
7131 4 25213
7283 2 25214
8038 1 25214
6063 4 25217
9920 3 25220
633 4 25221
1218 4 25221
3792 3 25222
9897 3 25223
5457 2 25224
5524 2 25224
1773 4 25225
2586 5 25226
4247 5 25226
3974 1 25230
2950 3 25230
7474 2 25232
4256 1 25232
1911 4 25233
6638 3 25234
7644 5 25234
2791 1 25235
9837 3 25236
3704 2 25239
5009 4 25239
6516 4 25240
9503 4 25240
3512 4 25241
132 4 25241
4081 3 25244
5912 4 25246
7500 3 25246
5625 4 25247
7578 1 25247
1333 3 25248
7013 1 25248
9863 3 25250
4046 4 25250
602 5 25251
149 1 25253
803 5 25253
1120 4 25254
6323 4 25255
507 4 25257
8499 2 25257
9088 1 25258
260 3 25259
9802 4 25261
2206 3 25261
7477 2 25262
4354 4 25262
640 1 25263
7010 2 25264
1036 1 25267
4650 3 25272
5938 2 25272
8787 4 25274
5119 3 25274
795 5 25275
8105 4 25275
7036 4 25277
6793 4 25281
2885 4 25281
4654 4 25282
1610 3 25282
4040 3 25283
3378 5 25284
2141 4 25284
5886 2 25285
167 3 25285
3657 2 25286
8842 4 25286
9145 3 25287
1357 3 25287
4469 2 25288
6550 4 25289
7346 1 25289
5184 4 25290
4546 5 25290
4805 5 25291
3701 1 25291
8735 1 25294
2247 3 25294
9321 3 25295
1499 1 25296
3608 4 25296
1573 5 25297
2287 4 25297
9542 4 25298
5265 4 25298
4924 4 25299
129 1 25299
1807 4 25301
6439 3 25301
6482 2 25302
76 5 25302
1882 5 25303
9705 2 25304
9499 1 25309
6142 3 25310
3727 4 25311
6036 5 25312
351 4 25312
110 2 25315
1690 3 25315
7928 3 25316
1730 5 25318
9546 2 25319
123 3 25319
1373 1 25321
3857 4 25321
575 4 25322
6091 1 25324
401 4 25324
3210 3 25326
9961 3 25326
3801 2 25328
6160 3 25328
3661 2 25330
9171 4 25330
7679 3 25333
9935 3 25333
361 3 25334
3037 5 25334
9418 4 25335
5604 5 25336
8419 1 25336
2324 3 25337
2969 2 25337
8247 1 25338
45 5 25338
7381 2 25339
9470 1 25339
5468 2 25340
7188 1 25340
9756 1 25341
7784 2 25343
1986 1 25344
2122 3 25346
8757 1 25346
3014 2 25347
6685 5 25347
3735 2 25348
5205 3 25349
711 4 25350
7204 3 25350
9485 3 25351
632 4 25352
9942 4 25354
4986 1 25355
873 2 25356
3152 2 25357
3286 4 25357
9958 3 25359
4096 1 25360
6870 4 25360
9054 5 25361
238 3 25361
4457 4 25362
8657 2 25363
8163 5 25363
3201 1 25364
3236 4 25364
5698 4 25365
5554 2 25366
3700 1 25367
7183 2 25367
2147 2 25368
9364 3 25368
4131 3 25369
1093 2 25369
8346 4 25370
2304 2 25370
3947 3 25371
6882 4 25372
3964 1 25373
6800 4 25373
5471 1 25374
6749 1 25375
4271 5 25375
3708 2 25377
4226 4 25377
3558 4 25378
7700 1 25378
56 2 25379
5922 2 25379
6721 1 25380
6271 3 25381
783 4 25383
6478 2 25384
9402 2 25384
562 1 25388
3098 1 25389
4320 4 25389
1699 1 25390
6971 5 25390
2366 2 25391
9213 1 25392
1174 3 25392
5667 1 25394
6010 3 25398
3782 5 25401
9379 3 25401
9972 3 25402
576 4 25405
6243 3 25408
5060 1 25409
767 1 25409
5981 4 25411
3750 4 25412
2021 5 25414
3754 5 25414
9800 2 25415
6482 3 25415
4959 2 25417
2849 1 25417
7576 1 25418
3818 2 25419
1054 5 25420
4586 2 25421
4906 2 25423
1794 4 25425
1878 2 25426
635 5 25428
9634 2 25429
1421 2 25432
7355 5 25432
7568 2 25433
8254 3 25434
2736 2 25435
4848 5 25435
9382 4 25436
2882 1 25438
1503 4 25439
4311 3 25442
7186 2 25442
373 1 25443
4536 5 25443
2458 2 25444
1278 5 25444
7817 2 25445
1165 5 25445
8489 2 25446
1656 2 25446
9671 5 25448
4215 3 25448
4074 4 25449
9903 2 25449
1427 4 25450
3358 3 25450
9121 5 25451
8227 1 25453
522 5 25453
9748 1 25455
438 1 25455
1273 1 25456
9488 4 25459
7519 2 25459
7455 2 25460
481 2 25460
2008 2 25462
1660 5 25462
8415 3 25464
9701 3 25464
7867 4 25465
2012 2 25465
7605 2 25466
1303 1 25466
1021 2 25467
7119 2 25467
2184 1 25468
9805 3 25468
8474 4 25470
2604 1 25472
1018 3 25473
6405 1 25475
8868 5 25475
7783 3 25477
5763 3 25484
5376 1 25486
4376 2 25487
9937 1 25488
2302 4 25488
9062 3 25492
1163 1 25494
8968 2 25495
8131 2 25496
1048 3 25497
1744 1 25498
2511 4 25498
3392 2 25500
1975 3 25501
49 3 25501
5107 1 25503
7884 1 25504
5407 3 25505
6462 3 25507
2380 1 25508
1313 1 25508
9685 3 25509
2715 4 25509
4370 4 25510
3405 2 25510
3958 5 25511
1881 4 25511
1900 2 25512
5535 4 25513
699 4 25513
8532 3 25515
114 4 25517
6058 1 25518
3486 5 25518
2485 1 25519
9316 5 25519
5572 5 25520
5129 5 25521
603 4 25521
5499 4 25524
6061 2 25524
7154 3 25525
4382 4 25525
8576 1 25526
6197 2 25527
6810 4 25527
5113 5 25529
7539 2 25530
9876 1 25531
9140 5 25532
9089 3 25533
1465 2 25534
5298 2 25535
6161 3 25537
374 4 25539
3356 4 25539
8755 3 25541
690 2 25541
3652 5 25542
7964 4 25543
1957 3 25545
9080 4 25545
6791 1 25547
4729 1 25548
442 4 25548
3740 2 25549
1033 2 25549
1164 3 25551
5246 1 25551
5262 2 25552
8744 4 25552
1162 4 25553
5972 1 25553
5630 5 25554
885 5 25554
3382 1 25555
5858 3 25555
413 2 25557
2873 5 25562
402 1 25562
1877 2 25564
8719 3 25565
5479 1 25566
7615 2 25566
6446 1 25567
6737 4 25567
9180 3 25568
9716 3 25570
5189 2 25571
9792 2 25572
1186 1 25573
2667 3 25575
7871 1 25575
2855 4 25576
4763 2 25576
1795 1 25577
1686 1 25577
5552 4 25578
8923 5 25581
5358 2 25581
9893 5 25582
9579 1 25582
1692 1 25583
4244 4 25585
7678 5 25586
4995 3 25587
4322 5 25587
4894 1 25589
8189 3 25589
4207 5 25591
7981 4 25591
4711 1 25592
9399 3 25592
8751 2 25593
3189 1 25593
7158 1 25594
3896 4 25594
469 3 25596
9014 4 25597
906 1 25599
8349 3 25599
6114 2 25600
1898 2 25600
9277 1 25603
1797 3 25603
3248 1 25604
540 5 25605
3381 3 25607
1028 2 25608
8259 5 25609
8054 3 25609
6573 1 25610
3759 3 25612
7078 4 25612
1701 2 25613
667 4 25614
9340 3 25617
3150 2 25617
4759 4 25618
9786 4 25618
316 2 25619
8015 5 25619
8648 4 25620
4700 3 25621
3965 5 25622
9532 3 25622
8319 4 25623
7694 4 25624
8354 1 25624
5962 3 25626
3871 2 25626
2272 3 25629
129 4 25629
825 2 25630
1265 3 25632
1659 3 25632
1015 2 25634
5262 1 25634
1049 4 25635
3699 1 25638
9808 1 25638
1133 5 25640
5809 1 25642
2754 4 25643
7017 4 25644
6094 3 25645
2141 2 25645
1930 1 25646
4974 5 25647
8172 2 25648
9942 5 25648
7258 2 25649
2695 5 25649
3044 5 25651
4181 1 25651
7728 2 25652
1044 4 25653
9019 2 25653
3784 5 25657
8210 3 25657
6666 4 25658
9290 4 25658
9387 2 25659
9031 5 25660
6054 3 25662
4381 5 25664
701 4 25665
2614 3 25665
196 3 25666
6069 3 25667
9115 3 25667
4651 5 25668
9295 3 25669
3230 5 25669
1974 3 25673
6545 2 25674
3479 1 25676
6648 3 25676
8230 5 25678
5417 2 25678
6193 3 25679
5273 1 25679
2165 1 25681
6626 3 25681
2412 3 25682
4467 4 25682
8532 5 25683
9509 2 25685
9720 2 25685
8273 1 25686
3489 3 25686
1501 5 25688
3625 2 25688
506 4 25689
6498 3 25691
5998 1 25691
2912 2 25692
6853 4 25692
3282 3 25695
4314 5 25696
8774 2 25697
7853 1 25697
3266 1 25698
2723 1 25699
8632 3 25701
2831 3 25702
4417 2 25702
3597 5 25703
8088 1 25703
8431 5 25704
8870 4 25705
6426 2 25705
9851 2 25706
7541 4 25708
9010 3 25708
6305 5 25710
8591 4 25710
7290 5 25712
7565 4 25716
7417 2 25716
1829 2 25717
7108 4 25717
4339 1 25719
1292 2 25719
9632 1 25723
416 1 25724
8884 2 25724
8631 4 25725
9874 3 25726
753 3 25726
5847 5 25727
8731 5 25727
1871 2 25728
125 2 25729
6887 3 25729
9610 4 25731
5119 3 25735
4918 4 25738
7551 5 25740
4618 5 25740
1662 1 25741
9754 1 25741
4896 3 25744
203 3 25744
9168 4 25745
7374 3 25745
1483 1 25746
9089 4 25747
6952 5 25747
7645 3 25749
9692 5 25750
2779 5 25751
2368 1 25752
7782 5 25752
367 4 25753
8775 2 25754
4925 4 25754
1194 3 25757
5284 4 25757
9757 1 25759
896 1 25759
3266 1 25761
3509 2 25761
3542 2 25763
5009 4 25763
9094 2 25764
7341 3 25764
5035 2 25765
4474 5 25765
178 4 25766
5890 4 25767
7975 5 25767
2730 1 25768
8567 2 25768
8223 5 25770
3484 1 25772
2378 1 25772
9614 5 25773
9441 5 25774
7962 4 25775
1858 2 25777
1328 2 25778
9266 4 25778
5694 5 25779
9496 1 25780
869 2 25780
2795 3 25781
5447 3 25782
5495 3 25784
7720 1 25785
2032 3 25790
759 1 25790
8413 2 25792
7360 2 25792
1006 3 25793
8352 3 25793
2132 1 25794
1145 4 25795
2368 1 25795
1436 3 25796
8154 5 25796
9303 3 25797
1215 5 25798
3696 4 25799
1433 5 25801
5359 1 25802
4984 1 25802
5712 2 25803
4538 1 25803
8887 2 25804
1980 4 25804
6704 2 25807
8587 5 25807
7324 2 25808
810 2 25808
4483 4 25810
7710 5 25812
2658 3 25812
9485 4 25813
6524 1 25814
2671 5 25814
6766 3 25815
3935 1 25820
1654 2 25820
4841 3 25821
2507 5 25821
8327 4 25822
859 5 25822
9614 2 25823
9978 4 25824
5446 1 25824
436 1 25825
6259 1 25825
9646 1 25826
8671 3 25826
1274 1 25828
6292 3 25828
766 2 25829
8875 1 25829
5166 1 25830
7906 3 25831
2784 4 25833
3321 1 25833
6344 1 25834
2955 2 25835
5716 4 25836
2989 3 25837
7376 4 25838
2687 3 25838
2909 3 25839
4933 4 25840
7738 4 25840
6581 4 25841
8998 1 25841
1945 4 25843
1536 3 25843
272 4 25844
7515 5 25844
3780 4 25845
5089 5 25845
7190 4 25846
7707 5 25846
1673 1 25847
4369 4 25847
5083 2 25848
439 3 25850
4411 1 25850
63 3 25852
7814 5 25852
5963 4 25853
9358 5 25854
8633 2 25854
696 1 25860
3395 1 25861
4205 4 25862
923 4 25862
2293 4 25863
3858 2 25865
1985 2 25866
5837 2 25867
8586 4 25868
307 2 25869
1032 5 25870
2610 5 25871
6218 5 25871
4558 4 25873
5425 2 25873
7838 2 25874
6778 1 25875
1804 4 25875
2445 5 25879
1915 1 25879
589 5 25881
908 1 25881
6379 2 25882
4149 3 25883
7272 2 25884
557 3 25884
9862 3 25885
4234 4 25885
8500 5 25887
8432 3 25887
7545 1 25888
4533 4 25891
4172 1 25892
2521 3 25893
3293 4 25895
8141 2 25895
9360 2 25897
8190 3 25898
2882 1 25898
249 1 25899
8635 3 25900
1789 5 25901
544 3 25901
6111 5 25902
8292 2 25902
4675 5 25903
7743 2 25905
8755 2 25905
4329 1 25906
2891 2 25907
8120 1 25907
3735 5 25908
345 4 25910
163 4 25910
9546 3 25911
2486 4 25912
9221 4 25913
9066 5 25913
7149 2 25914
4997 3 25914
7608 2 25915
7543 5 25916
3113 3 25916
7832 3 25917
7543 2 25919
2214 5 25920
6298 3 25920
9458 3 25921
8672 1 25921
9976 2 25922
8687 2 25923
1888 4 25923
7889 1 25924
948 4 25926
6040 3 25926
29 4 25927
8319 1 25927
5561 1 25928
9221 2 25928
9374 1 25931
3361 5 25931
1856 1 25932
8380 1 25932
8622 2 25933
7628 4 25933
2945 1 25934
7346 1 25934
6009 1 25936
9645 4 25936
21 4 25938
2511 1 25939
5242 1 25941
4644 3 25943
5773 1 25945
6182 3 25946
5743 5 25949
7300 5 25950
8502 4 25951
1073 5 25951
7483 3 25953
26 2 25954
5215 2 25954
3082 1 25955
7798 2 25956
4019 2 25957
556 2 25958
4818 2 25960
1954 3 25962
7586 3 25964
1845 1 25964
3984 2 25966
8002 2 25966
8281 3 25967
2871 4 25967
5881 4 25968
4449 2 25968
870 5 25969
3459 3 25970
6246 4 25971
7344 2 25972
4107 3 25972
2338 4 25975
8444 1 25977
4185 2 25980
5449 2 25980
7323 1 25981
7379 3 25981
3949 2 25982
2480 1 25982
3740 1 25984
165 1 25984
4921 1 25985
8787 1 25987
6475 3 25987
2769 1 25988
1483 3 25988
2147 2 25989
224 1 25990
2009 4 25991
7264 1 25991
5626 4 25993
9498 2 25996
9917 3 25996
3847 4 25998
1726 5 25998
2459 4 25999
3996 5 26000
1332 2 26000
2232 3 26001
9703 2 26001
218 5 26004
6376 2 26004
9571 5 26005
4540 4 26006
3977 3 26007
7789 3 26007
1146 1 26009
8875 3 26009
5454 2 26010
7171 1 26010
6028 3 26011
7544 5 26012
1724 2 26012
7122 2 26013
7459 5 26013
529 1 26015
8679 4 26016
3634 1 26016
6683 1 26017
5472 4 26018
5764 1 26020
6751 4 26020
6456 3 26021
333 5 26022
9092 3 26022
5536 1 26023
1171 4 26023
4095 3 26025
2903 3 26026
5150 4 26026
6838 3 26027
6361 2 26027
8884 4 26030
7760 5 26032
9239 2 26032
4675 4 26033
664 1 26033
1184 1 26034
1596 4 26034
3142 2 26035
6456 4 26035
1214 3 26036
2706 2 26039
2534 4 26039
8972 5 26040
9455 4 26040
2529 3 26042
9097 4 26042
7546 1 26043
763 1 26043
7881 1 26044
4001 3 26044
9907 5 26046
1017 4 26047
8847 5 26048
9352 1 26048
599 5 26049
9964 1 26049
8569 5 26051
1120 5 26051
448 5 26052
3305 5 26052
9757 1 26053
7931 1 26053
6500 1 26055
6478 2 26057
7353 2 26057
6257 1 26058
2621 4 26058
9569 1 26059
3799 5 26059
922 5 26060
7645 3 26060
604 3 26061
2690 5 26062
3187 1 26062
8008 4 26063
4774 1 26063
3226 2 26064
6598 3 26067
7456 3 26069
7122 3 26070
6513 5 26070
6929 3 26071
6342 5 26071
133 1 26072
8793 5 26072
235 2 26074
2920 5 26077
2056 1 26078
9353 2 26078
4494 2 26080
7966 2 26081
4639 3 26082
3247 4 26083
5667 4 26083
9890 3 26084
4856 3 26086
8879 1 26086
9192 3 26087
8774 3 26088
2563 4 26090
8507 1 26093
840 5 26093
1255 5 26094
9503 3 26095
3038 3 26095
5638 3 26096
222 4 26096
2096 1 26099
501 4 26099
6326 2 26100
9047 4 26101
4532 1 26104
8258 4 26104
1544 1 26105
796 1 26107
8121 4 26107
3885 2 26110
7530 2 26111
7324 1 26111
9399 2 26112
3480 4 26112
8057 3 26113
540 2 26116
2783 4 26117
8505 5 26117
197 5 26119
15 1 26119
5189 2 26120
4461 3 26120
9162 1 26121
4000 5 26121
1653 4 26123
3856 5 26125
6663 5 26125
2785 3 26127
2430 3 26130
1690 2 26130
8988 4 26131
2853 5 26132
8266 4 26132
2831 3 26133
4199 4 26133
7930 1 26136
8255 1 26136
8715 3 26137
7992 5 26138
8646 1 26139
6940 3 26139
9586 1 26140
1425 3 26143
7373 4 26144
9868 3 26147
5381 5 26148
7583 3 26149
6235 1 26151
4096 4 26151
963 5 26152
2150 3 26152
7894 3 26153
3313 4 26154
3070 2 26154
2532 4 26155
9410 4 26156
5855 1 26156
205 3 26157
6076 3 26157
2407 5 26159
5733 4 26160
9418 3 26161
3386 4 26162
519 2 26163
1196 1 26164
7608 4 26164
8190 5 26165
3126 4 26165
1789 1 26166
2735 4 26166
8315 1 26167
4139 2 26168
8970 2 26169
5464 3 26170
5865 4 26170
5408 5 26171
1795 5 26172
4076 3 26174
4156 1 26174
309 3 26175
8652 1 26175
4101 2 26178
3720 2 26178
8238 5 26180
8676 2 26181
8492 5 26183
1435 3 26186
1461 2 26187
728 1 26190
5218 1 26190
9316 3 26192
9203 2 26193
7663 4 26193
4145 3 26195
4515 4 26195
755 4 26197
6225 1 26198
4591 2 26198
6451 2 26200
7913 5 26200
2669 3 26202
5997 5 26205
7466 4 26205
1471 1 26206
3241 2 26206
2625 1 26207
277 4 26211
2236 4 26212
8601 1 26214
8602 1 26214
3893 4 26216
7051 4 26216
1344 2 26217
8766 2 26218
5222 4 26218
3865 4 26219
1017 3 26219
355 1 26220
3941 4 26221
8760 4 26221
146 5 26223
2719 1 26223
4156 5 26224
2041 4 26224
893 3 26225
9225 5 26226
7374 4 26226
8855 2 26227
5325 3 26229
9026 5 26229
29 4 26231
1219 2 26231
8562 5 26233
9422 3 26235
7178 4 26236
7477 3 26237
4093 1 26238
1348 4 26238
5089 2 26239
820 2 26240
7663 4 26240
8439 3 26241
4488 4 26242
5876 1 26243
7844 5 26243
4358 3 26244
6633 2 26245
4684 4 26245
7807 5 26248
8913 2 26248
8220 1 26249
3766 4 26250
6703 4 26253
3301 1 26254
2358 5 26255
8676 1 26255
5104 1 26259
8446 2 26260
2238 3 26261
542 5 26261
2590 1 26262
6567 2 26262
2131 3 26263
2881 3 26264
2018 1 26264
5209 1 26265
4309 3 26267
9016 2 26267
4634 4 26269
4308 5 26269
8781 1 26270
6818 2 26271
8469 3 26272
149 3 26273
4896 3 26274
1933 1 26276
5240 5 26276
6757 1 26278
5329 3 26278
3216 5 26280
463 3 26280
700 3 26281
6723 3 26281
9370 4 26282
5757 1 26283
8425 2 26283
275 3 26286
7404 5 26286
7619 5 26288
158 1 26288
1383 4 26290
6015 4 26290
6790 1 26291
4743 5 26291
5697 2 26292
6348 3 26294
2624 5 26295
8470 5 26295
4315 1 26296
2942 3 26297
7832 1 26297
9148 3 26299
2136 1 26299
2981 5 26305
1003 3 26306
8951 1 26306
9278 4 26307
4616 2 26308
2160 4 26309
8327 2 26310
6286 1 26310
8450 5 26311
4977 5 26311
8509 5 26312
304 3 26314
6736 1 26314
246 3 26315
3725 1 26315
5123 5 26317
5189 2 26317
8180 4 26318
5992 1 26318
8810 5 26319
2096 4 26321
2342 3 26323
4474 1 26323
3711 3 26324
282 3 26324
5127 3 26327
4164 4 26328
5800 2 26328
12 5 26329
6916 4 26329
1251 1 26330
9993 3 26330
8231 2 26331
5035 4 26332
659 5 26333
2839 4 26334
3288 4 26334
7026 1 26336
5751 5 26336
1400 2 26337
2611 1 26338
6464 4 26339
585 4 26339
6872 3 26341
9345 4 26341
7913 2 26343
6623 5 26344
3344 2 26345
3765 1 26347
3405 1 26347
3481 5 26350
7395 3 26351
6602 4 26351
7670 2 26353
3194 1 26354
5666 1 26355
5849 5 26356
9094 1 26358
4589 1 26358
8010 3 26359
4882 2 26361
5456 5 26361
8605 4 26362
1523 1 26362
6818 1 26363
3569 2 26365
4010 4 26365
852 5 26366
6636 3 26367
4888 1 26369
7657 2 26370
8522 2 26370
4040 2 26371
7858 4 26374
8350 2 26377
8586 4 26377
3915 5 26378
213 3 26378
9475 5 26380
574 5 26383
267 3 26383
6637 1 26384
3476 1 26386
6860 3 26386
3674 3 26387
621 1 26387
9777 1 26388
1913 3 26389
5615 4 26391
7210 1 26393
3149 3 26393
748 5 26397
6648 5 26399
3290 2 26400
1413 5 26401
2372 1 26401
8518 4 26402
6719 5 26402
1179 2 26404
7881 3 26405
7021 5 26405
6768 4 26406
1412 2 26406
4019 2 26407
5025 1 26407
3338 3 26408
4511 3 26408
5466 3 26410
468 5 26413
6852 1 26413
7135 2 26415
8809 4 26417
3135 3 26420
1888 3 26421
931 2 26421
4421 1 26425
8445 5 26425
1868 4 26426
7788 5 26426
6569 2 26429
6452 2 26430
8377 5 26431
6509 3 26432
4239 5 26433
569 3 26433
9977 1 26436
9308 3 26436
5150 1 26438
2020 3 26438
7416 5 26439
953 1 26441
8776 3 26441
3012 1 26442
9577 4 26443
4816 2 26445
3101 2 26445
2996 5 26447
3627 2 26450
9637 3 26450
5178 4 26451
8951 1 26452
629 1 26454
794 3 26454
5947 4 26455
3661 2 26456
2731 5 26457
8530 5 26459
4311 2 26460
5566 5 26462
9633 2 26462
1004 5 26464
5489 1 26464
4568 2 26465
6634 5 26466
7770 4 26467
4602 2 26467
9857 4 26470
3759 5 26471
3502 5 26473
4275 4 26475
2336 4 26476
7001 5 26478
9103 5 26481
3143 1 26483
3226 1 26483
5682 2 26486
2316 1 26488
8320 4 26488
3027 1 26489
1084 1 26492
9521 1 26492
9988 3 26494
5137 1 26495
1494 1 26495
3400 3 26496
2111 5 26497
7083 2 26497
7176 1 26498
5108 1 26498
4885 4 26501
8122 1 26503
2398 4 26506
7761 2 26506
3899 4 26507
7582 4 26510
6242 3 26510
5122 1 26511
8962 2 26512
8812 2 26512
6643 5 26514
2816 4 26515
5998 1 26516
5734 2 26517
3567 5 26517
5296 1 26519
479 2 26519
4092 5 26520
6906 5 26520
6257 4 26521
3255 4 26521
4514 4 26522
5250 4 26522
2018 5 26530
3495 1 26532
2112 2 26532
9940 4 26533
4934 5 26533
7671 1 26535
8789 3 26536
5399 5 26537
8271 2 26537
8849 2 26538
181 3 26538
1226 4 26539
6227 3 26540
2839 4 26540
3084 2 26541
1091 2 26541
4551 5 26543
785 3 26544
2780 4 26544
5843 1 26546
5124 4 26547
7253 3 26548
5324 2 26549
2957 5 26550
8286 5 26550
6007 4 26552
5247 5 26553
3601 1 26554
880 1 26554
7128 2 26555
1714 3 26556
6071 2 26558
3499 3 26558
8355 2 26561
129 3 26563
1741 2 26563
3412 1 26566
103 3 26566
4955 2 26571
2625 2 26571
820 2 26573
9861 1 26574
6029 3 26574
6815 4 26577
2197 2 26577
1739 3 26578
9376 3 26578
3258 5 26580
7164 4 26581
7536 4 26583
6534 3 26583
9459 5 26585
6067 4 26586
4067 3 26586
2697 3 26587
7418 2 26587
6340 2 26588
8359 5 26589
1080 3 26589
1405 5 26591
1630 2 26591
9004 1 26595
7854 3 26595
3241 2 26596
5257 2 26599
8592 3 26599
5117 4 26600
137 4 26600
9629 3 26601
9454 2 26601
9201 5 26607
8822 5 26608
9572 5 26609
862 2 26610
1201 4 26611
3295 3 26611
5502 1 26612
1759 1 26613
7899 4 26614
6436 4 26618
9799 2 26619
9095 2 26619
8046 3 26620
8292 4 26620
6515 3 26622
7714 1 26622
3473 5 26624
6241 2 26625
9360 3 26625
6844 2 26626
1049 5 26627
8032 5 26629
3874 4 26630
838 5 26630
5205 2 26631
8928 4 26631
2560 3 26632
5715 5 26632
2849 1 26633
5883 2 26633
7584 4 26634
1843 4 26634
3839 2 26636
764 5 26638
3593 1 26638
850 5 26640
3988 2 26640
6601 2 26641
6525 5 26641
4226 1 26642
2126 3 26642
7747 2 26643
127 1 26643
6447 5 26645
8363 2 26646
2002 3 26646
6813 5 26647
9562 4 26648
2475 4 26649
6826 4 26649
4815 1 26651
5484 5 26651
5958 5 26652
7696 1 26652
5702 5 26654
1979 1 26656
8976 2 26656
9124 2 26657
1236 3 26658
3146 4 26658
3268 3 26660
7690 4 26667
532 2 26668
2236 4 26668
7918 3 26671
2704 1 26672
1487 1 26673
3546 1 26673
3245 5 26675
1721 5 26675
3982 1 26677
4000 1 26678
5891 5 26679
2150 1 26680
5190 3 26680
4751 5 26681
2826 5 26681
6724 1 26682
6287 3 26682
7105 2 26683
9856 2 26683
6385 3 26684
4356 2 26685
1223 1 26685
8727 4 26687
7442 3 26687
9517 4 26689
7969 4 26690
3660 5 26690
4776 4 26691
6962 4 26691
6077 5 26692
2133 2 26692
9729 2 26693
4231 2 26694
4157 2 26696
9318 4 26696
1194 2 26698
2305 1 26699
5670 4 26700
5119 1 26700
2115 5 26701
3221 4 26703
8890 4 26703
1233 1 26704
4753 2 26707
2281 2 26708
9998 4 26708
6557 5 26709
9417 4 26709
8529 4 26710
3280 5 26710
1129 2 26711
6673 1 26712
8893 2 26712
7842 2 26713
7237 1 26716
9038 3 26718
4208 3 26718
2398 1 26719
9348 5 26720
6566 3 26721
7433 3 26722
7158 1 26722
7300 5 26723
8378 3 26724
6614 2 26724
2421 5 26725
1118 5 26726
9771 4 26727
5242 3 26728
6310 3 26730
5054 5 26730
3371 5 26731
9092 4 26733
3682 2 26736
5660 2 26737
4595 2 26737
8026 1 26738
1617 3 26738
9172 5 26739
3441 1 26739
3475 4 26741
8060 5 26742
1099 3 26743
9731 5 26744
688 2 26746
7182 3 26746
1994 5 26749
3405 3 26749
1733 3 26750
2712 5 26750
2221 5 26754
9915 4 26754
3440 2 26755
587 5 26756
9838 1 26757
4414 3 26757
1841 2 26758
4992 5 26758
8771 1 26759
9310 1 26760
2022 2 26760
9181 4 26761
3507 2 26761
5551 3 26762
8561 5 26765
1985 3 26766
1790 1 26767
5291 4 26767
2425 1 26769
5944 3 26770
6229 4 26770
6236 1 26771
7095 1 26771
8165 1 26772
3097 2 26772
2208 3 26773
857 5 26774
624 2 26775
6627 5 26775
7608 2 26777
3457 4 26778
6071 1 26782
816 5 26782
3459 3 26783
2751 5 26784
8701 2 26787
2401 4 26787
9559 1 26791
6870 5 26791
9616 3 26792
9831 5 26793
3786 2 26794
3423 3 26796
5914 2 26797
2511 5 26797
940 4 26799
7768 4 26799
8788 4 26803
4119 5 26803
4360 5 26804
5854 2 26805
5571 1 26805
3009 3 26806
625 2 26808
4158 4 26809
297 2 26811
8955 5 26813
7230 5 26813
9140 5 26814
8849 1 26815
9268 2 26816
2055 1 26817
5445 3 26818
7620 4 26818
3979 2 26819
1781 1 26820
845 5 26820
3888 1 26824
6067 1 26825
8669 1 26827
967 5 26830
7576 1 26831
9860 4 26831
2253 5 26832
7379 5 26832
3406 4 26833
8925 2 26834
9094 2 26834
6994 4 26835
3931 4 26837
2986 4 26837
5026 3 26838
3286 3 26840
833 3 26840
3177 4 26842
2555 2 26842
1755 2 26843
8295 1 26844
5722 5 26846
8636 2 26846
3275 4 26850
703 1 26850
3734 1 26852
1552 2 26853
6288 5 26853
4432 2 26854
6407 3 26855
6612 1 26856
5941 3 26856
6861 4 26857
8143 4 26857
9564 3 26859
7203 4 26860
218 1 26863
4088 2 26864
5562 4 26865
2349 5 26868
8672 2 26869
2321 2 26869
337 1 26871
7512 3 26872
8641 1 26872
6511 1 26873
2413 1 26874
2129 1 26874
6469 2 26875
2053 3 26875
9715 3 26876
465 4 26877
7896 3 26878
6697 3 26878
7375 2 26881
2842 1 26884
1052 1 26885
6273 5 26885
1950 3 26887
1955 3 26887
3158 2 26888
1769 3 26888
4998 2 26889
3979 2 26889
711 5 26890
9947 3 26891
2525 5 26891
952 4 26894
3490 4 26895
5760 5 26896
2370 2 26897
3516 4 26898
4300 4 26898
3501 4 26899
4566 2 26899
5856 3 26900
3049 1 26902
3621 4 26903
5536 1 26903
3950 5 26905
8124 1 26907
9341 3 26907
8300 5 26908
3535 3 26908
7324 2 26910
5961 4 26912
2013 2 26913
2896 2 26913
2480 4 26914
4342 1 26914
7901 1 26917
2329 2 26918
5978 3 26918
4995 3 26919
2894 3 26920
6399 1 26920
8557 5 26921
6562 2 26921
5620 4 26924
8405 1 26924
593 2 26925
2246 4 26926
7727 5 26928
9978 5 26928
7830 2 26931
9482 1 26932
5617 1 26932
4785 5 26933
6441 5 26933
2571 2 26934
4923 5 26934
4422 3 26935
5375 2 26936
2158 2 26936
1649 1 26937
3567 3 26938
5476 5 26938
2438 2 26939
8851 1 26939
3412 4 26940
3839 2 26940
4759 1 26943
3358 5 26943
3865 5 26946
9712 5 26947
9101 2 26947
2684 2 26948
2967 3 26949
6830 5 26951
4570 5 26952
8760 1 26954
2956 2 26954
4260 3 26955
7150 1 26955
7893 3 26957
4336 4 26957
2738 3 26958
5843 2 26959
8286 3 26959
1606 1 26960
6415 3 26960
6845 3 26961
2858 1 26962
4525 2 26962
4962 2 26963
6481 1 26964
1067 1 26964
3062 2 26965
2609 3 26966
2758 4 26966
5167 3 26967
2805 3 26968
2939 2 26968
9386 4 26970
1091 3 26971
1281 5 26971
7829 4 26974
4751 3 26974
5817 3 26975
7619 5 26975
4600 5 26976
5690 2 26977
3315 4 26978
7505 2 26978
5043 2 26979
838 3 26979
6339 5 26980
7631 1 26981
8219 4 26981
2926 3 26982
3031 2 26983
3464 4 26984
4470 5 26985
6766 3 26986
539 2 26987
3820 2 26987
1033 2 26988
8528 5 26988
7158 5 26989
919 2 26989
1798 3 26990
6087 3 26990
2278 4 26991
1593 2 26992
8487 2 26994
6827 3 26996
3068 4 26997
3179 4 26998
8632 1 27000
9919 4 27000
411 3 27001
1661 2 27007
144 3 27008
5616 4 27008
8947 1 27009
6385 5 27010
6809 2 27010
5000 5 27011
4113 5 27011
5018 5 27012
4134 4 27013
2134 2 27013
1277 2 27014
9248 1 27014
1956 2 27017
260 1 27018
9295 3 27019
5773 5 27022
8397 4 27022
6716 5 27025
8193 4 27026
7410 5 27027
5557 4 27027
8576 2 27029
1406 3 27029
6811 5 27030
1236 2 27031
9736 3 27031
5646 2 27033
578 4 27033
4320 1 27034
3429 1 27034
7632 1 27035
5402 1 27035
2770 5 27036
1186 5 27037
4331 1 27040
100 2 27041
7970 1 27044
7203 4 27045
8402 4 27048
9288 5 27048
2692 3 27049
9124 2 27049
4016 1 27050
8095 4 27050
3009 5 27051
3304 1 27052
3726 2 27054
1552 3 27056
3495 1 27056
618 2 27057
9118 3 27057
7586 3 27059
5834 2 27060
3078 3 27060
1806 3 27061
5911 3 27061
1909 4 27062
4270 2 27063
4653 5 27064
5954 1 27067
5682 2 27069
2849 4 27069
4135 4 27070
5290 2 27070
4929 2 27071
6983 3 27071
4033 2 27074
4792 5 27076
6152 4 27080
7515 4 27080
389 3 27082
8516 2 27083
3559 3 27083
7339 2 27084
6400 2 27084
2227 5 27085
2302 1 27086
777 3 27087
4192 4 27087
5682 2 27088
8150 2 27088
235 3 27090
2815 3 27090
8463 3 27091
4695 1 27092
1644 2 27093
4294 2 27093
3729 1 27095
6918 5 27096
4461 4 27097
6067 2 27097
7627 4 27098
1044 4 27098
8301 2 27101
5246 4 27102
1094 2 27102
7403 2 27103
812 2 27103
3523 2 27105
1240 5 27105
3470 5 27106
6572 4 27107
5434 4 27108
8628 1 27110
263 4 27110
5229 1 27111
3594 4 27112
5629 1 27113
5041 2 27113
3855 2 27114
1013 2 27114
2967 4 27117
8864 2 27119
8228 5 27119
9557 5 27120
9103 5 27121
4869 4 27121
4409 3 27123
6427 4 27123
7521 3 27124
7131 4 27124
522 3 27125
3921 3 27125
6872 4 27126
4696 4 27126
4654 2 27128
8149 4 27130
6176 1 27131
4339 4 27133
451 3 27133
6200 4 27134
9084 2 27135
5139 2 27135
3380 5 27136
3530 1 27137
1239 3 27137
2774 5 27138
1050 1 27138
7532 3 27139
9064 4 27141
9853 4 27141
4912 4 27142
9527 3 27143
6596 2 27144
5307 1 27144
6102 2 27145
4550 2 27146
1233 1 27147
1590 4 27148
308 5 27149
7443 4 27149
4852 3 27150
3004 1 27150
6295 2 27151
5151 2 27151
3813 5 27153
8201 4 27153
6928 5 27154
5125 4 27155
8520 4 27155
7326 3 27156
4408 1 27156
2061 4 27158
7554 3 27159
8983 1 27161
2687 2 27163
6236 5 27163
3552 3 27165
3728 2 27166
7348 4 27168
2668 3 27168
9002 5 27170
9163 5 27172
7626 5 27172
5374 4 27173
1595 3 27178
2196 1 27178
8782 4 27179
2141 5 27179
2346 5 27180
8643 3 27180
9159 4 27181
2220 4 27182
4457 2 27183
1510 3 27183
8950 1 27184
3355 4 27184
4635 4 27185
9174 5 27186
3619 3 27187
3493 4 27187
3990 1 27189
6080 5 27190
1667 2 27191
7297 5 27191
3136 3 27192
8013 3 27192
2323 5 27193
8626 5 27193
7525 1 27194
1521 5 27194
9998 2 27195
4796 5 27195
4256 1 27197
3113 1 27197
6933 5 27198
9519 2 27199
4893 1 27199
9726 4 27200
3636 4 27201
6240 1 27202
4896 2 27202
143 5 27203
7270 1 27203
6225 3 27205
9405 4 27205
2552 1 27206
291 3 27206
1350 4 27207
7695 1 27208
1839 2 27208
1064 3 27210
4436 4 27213
6019 1 27213
6861 4 27214
6832 4 27214
344 1 27215
4471 5 27218
2625 2 27218
38 1 27220
4078 1 27221
3104 3 27222
820 3 27222
8607 3 27223
9190 5 27223
5813 3 27224
6889 5 27224
5663 5 27225
6082 1 27225
145 5 27226
5620 1 27228
6772 5 27230
3429 2 27230
4952 4 27231
5272 4 27231
6082 2 27232
2959 1 27233
8991 5 27233
3352 2 27235
9369 2 27237
2246 4 27244
8633 2 27245
7723 5 27245
9196 2 27247
4180 5 27247
9508 2 27248
5147 4 27250
1658 4 27250
5517 2 27253
3305 4 27254
320 5 27255
9204 1 27255
7372 4 27257
4636 5 27257
6239 1 27258
7329 5 27258
926 4 27259
3038 1 27259
2128 2 27260
8678 1 27260
378 1 27262
9223 5 27265
7669 3 27265
1211 1 27267
131 3 27268
5227 1 27270
7108 1 27270
8908 4 27271
6880 2 27271
5023 3 27274
5702 2 27276
525 1 27276
403 1 27278
1471 3 27278
8293 5 27283
5380 3 27284
3098 2 27285
1137 4 27286
7959 4 27286
1231 1 27287
9016 3 27288
9554 2 27289
2738 3 27289
5194 3 27290
9517 1 27290
2446 5 27291
2956 3 27291
7624 3 27294
2988 1 27294
4985 4 27297
4737 3 27297
4001 4 27299
3065 4 27299
1458 5 27301
8436 1 27302
7868 5 27304
9097 4 27305
6237 5 27306
6783 3 27306
7964 5 27308
1275 1 27311
5961 4 27313
5879 4 27313
9428 2 27314
4801 2 27319
7973 1 27320
3992 5 27320
9323 4 27321
9782 3 27321
2826 3 27323
3445 3 27325
5443 1 27325
5074 5 27327
4033 3 27328
7365 1 27329
1766 1 27329
8513 5 27330
9795 2 27332
991 1 27334
7088 5 27335
9862 3 27337
622 4 27338
8872 4 27339
3528 1 27339
8378 4 27341
8131 2 27342
9848 1 27343
3081 1 27344
6587 4 27347
5742 4 27347
7710 3 27351
6600 5 27352
1651 5 27353
1795 1 27353
8970 5 27354
9323 3 27356
1919 2 27356
9478 2 27358
9877 3 27360
9612 5 27360
8008 4 27361
1532 4 27361
5540 2 27364
4536 4 27365
8415 5 27365
7551 2 27366
3193 5 27369
642 5 27369
4545 4 27370
1643 1 27372
4189 3 27373
5857 3 27373
639 4 27374
5989 4 27375
6759 2 27376
7935 1 27377
1191 2 27377
5058 2 27384
4206 1 27384
9960 1 27385
2451 5 27386
5896 4 27388
701 5 27388
7837 2 27390
4963 1 27391
2836 5 27391
6222 4 27392
7410 3 27395
503 5 27396
6608 5 27396
4298 5 27397
6500 2 27397
256 5 27399
5294 3 27400
4599 2 27400
3676 4 27401
8358 1 27402
9976 1 27403
1114 1 27405
7340 4 27406
669 1 27408
7709 2 27412
4468 1 27413
436 2 27413
4849 4 27414
8707 5 27414
2291 2 27415
8100 3 27416
5841 5 27416
739 4 27418
2413 3 27418
2406 4 27420
5698 1 27420
841 2 27421
3285 5 27421
7793 2 27423
4520 2 27423
9313 3 27424
7594 2 27424
875 1 27425
7757 5 27425
601 1 27426
4048 5 27427
8968 1 27430
4223 1 27432
5074 1 27433
8042 1 27433
9848 2 27434
9174 4 27435
7928 2 27435
9657 3 27436
2089 4 27436
2267 2 27438
3866 1 27439
3503 3 27439
4000 4 27440
2551 5 27440
2203 4 27441
5976 2 27441
393 5 27442
2130 3 27442
8288 1 27443
5541 5 27444
7576 4 27444
2073 1 27446
2869 4 27447
5675 4 27447
8285 4 27448
3905 3 27448
351 4 27450
9689 4 27450
5604 5 27451
2632 2 27451
4349 1 27452
8996 3 27452
8275 1 27453
2887 2 27454
1810 1 27454
4061 4 27455
8357 4 27456
5851 3 27456
5660 4 27458
6444 3 27459
5448 2 27460
5759 5 27461
3337 4 27464
6562 3 27465
3825 4 27466
2656 3 27466
5673 4 27467
1216 1 27467
9447 1 27470
8710 4 27471
7523 5 27471
2988 3 27472
4088 2 27475
3416 2 27475
3377 2 27477
8013 1 27477
7727 2 27478
1908 1 27478
3723 2 27480
4101 2 27480
3389 2 27481
1857 1 27481
2246 3 27482
6024 4 27482
9780 5 27483
759 5 27483
2058 5 27484
8565 5 27488
4468 5 27488
8951 4 27490
5217 2 27491
985 3 27491
4352 2 27492
7152 1 27492
9608 5 27493
7140 4 27495
6308 4 27497
3372 2 27497
1736 1 27499
2963 5 27499
5322 4 27500
5846 1 27500
9983 2 27501
3630 5 27501
1571 4 27503
4251 5 27503
5077 4 27505
4699 2 27506
808 3 27506
7454 1 27507
1224 2 27507
8684 2 27508
3132 2 27509
7491 2 27509
8043 3 27511
862 1 27513
4894 1 27513
261 3 27515
9694 5 27515
8038 2 27517
4302 4 27518
829 5 27519
3453 1 27519
560 1 27520
8147 1 27522
1736 3 27523
5679 3 27523
1742 5 27524
3396 5 27524
8552 3 27525
8221 2 27525
5877 3 27528
9592 2 27528
859 5 27529
7240 5 27531
4882 1 27531
2498 5 27532
8110 3 27533
8005 4 27533
9184 3 27534
449 2 27534
8864 5 27535
7529 3 27536
498 1 27537
6321 1 27537
3541 1 27538
7526 5 27538
5708 1 27539
6887 4 27541
7270 5 27541
2460 3 27542
4233 1 27542
1942 1 27543
522 5 27544
832 2 27545
6959 5 27548
9047 3 27548
5015 1 27550
7011 2 27551
4519 5 27552
5490 1 27552
2596 3 27553
9219 2 27553
3282 4 27555
4878 4 27560
4363 3 27561
5460 1 27563
8414 4 27564
9404 3 27565
1550 5 27565
2465 1 27567
7256 4 27569
2553 4 27570
6770 4 27571
4539 5 27572
732 5 27573
1422 3 27573
8589 3 27574
9342 1 27576
5686 3 27577
3153 4 27577
3171 2 27578
1443 3 27578
2487 4 27579
2441 1 27580
2408 2 27580
4411 5 27581
6878 1 27583
6934 1 27583
2755 4 27584
2211 5 27584
9220 5 27585
3062 2 27587
1675 1 27587
4873 2 27589
6139 3 27589
7812 3 27591
7918 2 27592
4374 4 27592
7875 4 27593
7144 1 27594
7598 2 27595
4541 2 27595
2042 5 27597
7018 3 27598
1958 5 27598
6967 4 27599
1703 4 27599
2211 1 27601
3365 5 27601
2973 3 27604
6188 2 27604
674 5 27605
7863 1 27605
1354 2 27608
7710 4 27608
9273 3 27611
7379 4 27613
7693 3 27613
6615 3 27614
3799 3 27615
1181 3 27616
4673 2 27618
9428 4 27620
1741 5 27620
4228 5 27623
9426 5 27624
85 4 27627
2287 4 27628
1321 3 27628
6103 3 27629
1475 5 27630
110 5 27631
3526 3 27631
5487 2 27632
2962 3 27634
5629 5 27636
1504 4 27636
7459 3 27637
8538 1 27637
8426 1 27638
1005 4 27640
3311 4 27640
9875 4 27642
841 3 27646
160 3 27647
7287 1 27647
2834 1 27648
7503 4 27652
102 5 27653
3574 1 27653
1784 3 27655
3447 4 27657
8745 1 27657
1708 1 27658
6809 5 27663
9797 2 27664
4288 2 27664
9815 2 27665
3227 3 27665
1619 1 27668
2672 4 27669
1104 2 27669
9219 3 27670
7754 2 27670
7652 5 27671
2987 2 27671
6113 3 27674
3771 2 27675
3068 5 27675
2711 5 27677
1703 5 27677
533 4 27678
9111 1 27678
6161 3 27679
9526 5 27679
579 1 27682
4437 2 27683
8006 5 27683
4857 4 27684
6336 2 27686
5043 4 27686
7473 5 27688
2408 3 27688
3624 5 27689
6118 3 27689
3001 5 27690
5102 5 27690
9406 1 27692
283 3 27695
3529 2 27695
3492 3 27697
1265 5 27697
9873 5 27698
5824 3 27698
9939 5 27700
5070 1 27700
515 4 27704
6724 3 27706
9675 5 27706
8787 1 27707
8578 1 27707
3067 4 27708
9687 1 27709
9464 5 27709
1368 1 27710
3145 3 27712
768 4 27714
2949 3 27715
5055 2 27715
7787 2 27716
5393 5 27718
9011 5 27719
7069 1 27719
5311 3 27720
9786 2 27720
1467 5 27723
5065 3 27724
6853 2 27724
5087 2 27727
5328 4 27727
2847 4 27728
4323 2 27729
7316 5 27729
88 2 27731
5479 2 27732
20 5 27732
6884 2 27733
2315 2 27734
3750 5 27735
477 4 27735
9428 2 27736
220 1 27736
2082 2 27737
3830 3 27737
1410 1 27738
8521 1 27738
7048 1 27739
5590 3 27740
9336 2 27741
699 2 27741
3602 3 27743
4866 2 27744
7041 5 27745
5025 1 27745
5465 1 27747
377 4 27748
7469 5 27749
5303 4 27750
5563 5 27750
1835 4 27753
7095 2 27753
3444 3 27754
4312 3 27755
3392 1 27757
1940 2 27757
6652 1 27758
7850 4 27760
3488 2 27761
1751 5 27762
6980 1 27762
7478 2 27763
6043 5 27763
7274 3 27766
4652 2 27766
1246 5 27767
675 3 27767
7898 1 27769
273 2 27769
4974 2 27771
5355 3 27771
5862 5 27772
1803 4 27773
4852 1 27773
4656 2 27774
9430 1 27774
1236 2 27775
1285 5 27776
6820 5 27776
3118 2 27777
7570 3 27778
2614 1 27778
6781 3 27779
7018 3 27782
7630 3 27783
5630 5 27784
8499 5 27784
9834 5 27785
2575 4 27786
957 2 27788
1144 2 27788
5493 1 27789
9647 1 27789
2338 3 27790
7818 5 27791
2814 1 27791
3957 5 27792
794 2 27794
8425 2 27794
4223 1 27795
22 4 27797
4661 4 27799
6277 2 27800
914 2 27800
2292 1 27801
8807 4 27801
7560 3 27802
2579 5 27802
5084 2 27804
7567 3 27805
8204 1 27806
117 2 27806
848 1 27807
6422 4 27807
3304 3 27809
1481 4 27809
8977 4 27810
9362 5 27812
5933 3 27812
428 3 27814
6820 5 27815
1248 2 27815
554 1 27816
7840 1 27819
7984 3 27824
2284 5 27825
5351 1 27829
1501 3 27831
3988 5 27833
7616 4 27835
8148 5 27836
8804 5 27836
9721 4 27837
260 4 27839
9619 1 27843
7281 2 27844
8323 4 27845
7728 5 27845
182 5 27846
1665 3 27846
6234 2 27847
5073 5 27848
6666 4 27848
3169 3 27850
5959 4 27851
4406 4 27853
2068 5 27854
4640 3 27854
3370 2 27855
8083 4 27857
8362 5 27858
7860 5 27859
7572 4 27860
2186 3 27861
1902 5 27865
1334 1 27866
3356 1 27868
9021 5 27868
3695 1 27869
9874 1 27870
4456 3 27870
4953 5 27871
4003 4 27871
8343 3 27872
2212 5 27873
7265 5 27875
8842 1 27875
4158 4 27876
7256 5 27876
2612 3 27877
6268 3 27877
7671 5 27878
2756 5 27879
5171 1 27879
3962 4 27881
9481 3 27881
5680 1 27882
5907 4 27884
4941 5 27886
5767 3 27887
6496 3 27887
6005 3 27888
3462 5 27891
739 3 27892
6990 3 27893
7945 4 27896
915 1 27897
384 1 27897
6590 4 27904
4488 4 27905
6128 1 27907
9687 1 27908
3071 5 27908
5101 2 27909
3487 5 27910
1467 3 27910
815 5 27912
1602 1 27912
8507 5 27913
275 3 27913
4346 5 27914
1826 3 27914
7353 1 27915
886 5 27915
7284 1 27916
4752 1 27916
5434 2 27918
3080 1 27918
6984 2 27921
2062 2 27922
1528 1 27922
2321 3 27924
2576 3 27924
3548 4 27925
7370 3 27926
4319 4 27927
3072 3 27927
1570 1 27930
9585 5 27932
147 1 27933
784 1 27934
7120 1 27935
7771 4 27936
3446 3 27937
2903 4 27937
7045 5 27940
6158 4 27941
5577 4 27942
644 3 27943
6670 3 27943
4978 1 27944
4620 3 27945
2468 3 27946
9903 1 27946
2000 4 27948
3932 3 27948
3043 1 27951
3802 3 27952
7262 2 27952
566 3 27953
8392 5 27953
9139 4 27954
6435 5 27954
151 5 27955
6181 4 27956
4757 2 27956
2903 5 27958
3784 4 27958
9448 3 27960
2725 3 27960
4503 2 27961
7618 5 27962
8556 1 27964
4849 1 27964
4402 5 27968
4327 4 27970
222 3 27970
577 1 27971
7541 1 27971
2794 4 27972
4740 2 27973
5985 4 27973
5936 3 27975
7382 1 27979
6842 2 27980
1433 3 27980
9393 3 27981
5104 1 27981
390 2 27983
2724 1 27983
1505 1 27984
489 5 27985
6695 5 27986
7133 5 27986
1921 1 27987
786 4 27988
1815 5 27989
3400 3 27990
9614 1 27990
3394 5 27991
7787 1 27992
6118 2 27994
7830 4 27995
1365 4 27996
2200 2 27996
3438 2 27997
27 2 27998
1837 4 27998
3236 2 28000
441 5 28000
9827 4 28004
1217 1 28005
111 2 28006
6715 2 28007
2000 5 28007
7507 3 28008
229 3 28010
2832 3 28010
2742 4 28012
8017 1 28012
427 2 28013
1424 2 28014
6412 1 28015
4062 2 28016
3974 3 28017
5746 2 28017
5370 1 28019
9376 2 28020
8720 4 28020
435 5 28022
9627 5 28022
9152 3 28023
8196 3 28024
9046 3 28026
1967 4 28027
2080 3 28027
3469 2 28029
9499 2 28029
5461 5 28030
5037 4 28030
1039 3 28031
4666 3 28034
7283 4 28034
8329 1 28035
4681 4 28036
6609 2 28036
7666 3 28038
6902 1 28038
6390 3 28039
5282 5 28039
8864 5 28041
5907 3 28041
6352 3 28044
3024 1 28044
3249 1 28045
6427 5 28045
3417 4 28048
7248 2 28048
5975 4 28049
2905 2 28050
6992 5 28052
6671 2 28053
1791 2 28054
1972 4 28054
7364 3 28055
5271 3 28056
3317 3 28056
7290 1 28057
2016 5 28059
5694 2 28059
3689 3 28060
9785 2 28060
2920 1 28061
7994 2 28062
7508 3 28062
6671 4 28063
8477 4 28063
3454 3 28067
8281 4 28070
2816 1 28072
1281 1 28073
1042 3 28075
2020 5 28076
4548 3 28079
850 2 28080
7882 1 28081
3263 1 28081
2696 3 28082
9886 2 28083
6173 2 28084
1693 1 28084
3332 5 28085
6150 3 28085
31 5 28086
5201 2 28089
4862 3 28089
6580 5 28090
8930 3 28090
9810 5 28092
8009 4 28093
9375 5 28093
4094 5 28094
502 5 28095
7009 3 28095
115 3 28096
1776 5 28096
4341 3 28097
7502 5 28099
7543 5 28099
5917 1 28100
9095 2 28100
6715 3 28102
2108 3 28102
4081 2 28104
4647 3 28106
328 5 28106
8431 4 28108
4525 1 28108
4189 1 28109
354 2 28109
1468 3 28110
5873 5 28110
7927 4 28112
4032 3 28112
2922 3 28113
6723 5 28113
7718 5 28114
766 5 28114
3151 2 28115
3572 4 28117
8161 3 28117
3254 5 28118
6329 4 28119
5042 4 28119
8876 2 28121
8302 5 28121
3355 3 28122
6136 4 28123
9164 1 28124
8592 1 28124
9671 1 28125
718 2 28125
6145 3 28126
3908 1 28126
4619 1 28127
6966 3 28128
4870 1 28131
5433 1 28132
5503 4 28133
3311 4 28133
8664 3 28134
7248 2 28134
8638 1 28135
248 5 28135
1262 5 28136
7919 3 28137
5323 2 28137
7021 3 28141
5730 4 28145
5542 1 28146
2284 5 28147
3345 2 28150
8383 2 28152
5789 3 28153
3301 1 28156
1391 5 28156
1407 3 28158
2746 3 28158
3863 1 28159
422 4 28159
2400 1 28160
7794 4 28161
1788 3 28161
1545 3 28162
3610 5 28164
9743 5 28164
7020 1 28165
111 5 28167
7263 4 28169
2756 4 28169
8976 1 28170
959 4 28171
2067 4 28172
7151 5 28174
4443 4 28176
9363 4 28176
5009 3 28177
6621 5 28178
7918 4 28178
8421 5 28179
7097 2 28179
296 2 28180
1503 4 28180
500 4 28182
3291 1 28183
8137 1 28183
9659 1 28184
5472 2 28185
5783 2 28185
7760 4 28186
8895 5 28187
463 4 28188
6315 2 28190
1744 3 28190
5296 4 28192
3965 4 28193
6749 3 28194
2774 1 28194
9061 4 28195
8313 2 28196
9552 5 28196
4493 5 28197
2961 1 28199
334 3 28199
3246 2 28201
5358 4 28201
7040 1 28203
6752 4 28204
5030 2 28204
1985 1 28205
7616 2 28206
4510 5 28206
9536 3 28208
9113 1 28209
8542 5 28210
4550 2 28210
7414 1 28211
3758 3 28211
1615 2 28213
9727 2 28213
603 4 28214
1065 4 28214
9590 1 28216
9951 5 28217
1609 1 28217
3978 2 28218
6131 3 28221
8737 4 28222
7285 2 28224
1673 1 28224
8222 1 28225
7798 1 28226
5944 5 28227
6456 3 28228
9955 4 28229
9732 5 28231
5599 4 28232
105 2 28233
1012 4 28233
4451 4 28234
7605 5 28236
3868 1 28236
92 2 28237
1786 1 28237
6099 4 28239
7237 3 28240
109 5 28240
3654 5 28241
2395 5 28241
115 4 28242
7950 2 28243
5993 3 28244
527 1 28244
8342 2 28245
9566 4 28250
2013 5 28251
2829 2 28253
6402 3 28253
5991 5 28254
377 5 28254
7891 4 28256
2070 3 28257
5650 1 28257
7114 3 28259
6769 3 28259
1712 3 28260
3361 3 28261
1008 1 28262
676 3 28263
7417 2 28264
7521 4 28266
2049 1 28266
1470 2 28267
9890 1 28268
6184 1 28269
4393 5 28269
403 4 28272
3266 1 28272
502 2 28273
9376 4 28274
6821 2 28275
370 3 28276
5675 5 28276
6807 2 28277
332 1 28278
3931 4 28280
8858 5 28282
2310 5 28282
8227 1 28284
7053 1 28285
8199 1 28285
7705 5 28286
6160 1 28290
2171 5 28292
5769 5 28292
2422 2 28293
7464 3 28294
7702 3 28294
9784 4 28295
4993 1 28295
5478 3 28296
8848 1 28296
4564 1 28297
3595 2 28297
615 1 28298
2751 4 28300
5704 1 28302
4157 2 28302
5580 2 28307
497 4 28309
6220 3 28309
3535 2 28312
6012 4 28312
5998 5 28314
4918 1 28315
2956 3 28317
1357 5 28317
1295 1 28318
2700 1 28318
2993 1 28319
4494 3 28319
1203 2 28320
9357 5 28320
7677 4 28322
1816 2 28324
78 3 28324
9050 3 28326
7778 4 28326
3845 4 28327
1314 1 28327
9661 3 28328
3005 3 28328
255 1 28330
2027 2 28331
5280 4 28332
5824 5 28332
5844 1 28334
8882 5 28334
556 1 28335
3822 2 28338
5208 3 28339
7501 3 28339
7607 4 28340
1748 5 28340
7525 2 28343
5249 3 28345
4991 5 28345
5708 1 28346
7269 3 28346
2521 1 28347
3140 1 28347
1973 4 28348
2621 5 28348
1148 4 28349
6017 3 28349
1637 1 28350
7189 4 28350
983 4 28352
3424 2 28354
3698 1 28355
624 5 28356
8612 4 28357
8826 1 28357
1250 5 28358
2945 4 28358
7729 3 28359
241 5 28360
8164 1 28361
9633 3 28361
7826 3 28362
3619 2 28362
4205 5 28363
7817 5 28364
2772 5 28364
7967 2 28365
402 5 28365
5811 2 28366
1677 1 28366
9480 3 28367
8609 4 28367
4595 3 28370
2273 3 28370
5365 1 28373
208 5 28373
5082 2 28375
9795 4 28377
2573 5 28380
6348 3 28380
6523 5 28381
6429 3 28381
694 1 28384
1779 5 28385
1644 4 28385
9319 5 28386
3980 5 28390
4925 5 28391
917 2 28391
6692 1 28392
1174 3 28392
3274 3 28394
5483 2 28394
2097 2 28395
894 1 28395
999 5 28396
8638 5 28397
7453 2 28399
2454 4 28400
7003 5 28404
4140 1 28405
4018 4 28405
9731 3 28406
3480 3 28406
7358 1 28407
6694 5 28407
7349 1 28408
3352 5 28408
4325 1 28409
3660 1 28409
6662 2 28410
7331 2 28410
3878 1 28411
8612 1 28411
3224 2 28412
3528 1 28412
3025 5 28413
4068 2 28414
6246 4 28415
6302 5 28416
16 4 28416
7901 4 28418
4470 3 28418
5545 2 28420
235 4 28422
1591 4 28422
509 4 28423
8813 3 28425
2142 4 28425
9503 5 28426
7499 1 28426
1614 4 28428
3950 5 28431
1167 3 28431
2514 2 28433
8457 3 28436
9054 3 28436
2212 5 28438
3829 3 28438
5802 3 28439
9742 2 28441
2135 4 28442
6010 3 28442
8084 5 28444
4653 4 28444
7034 2 28447
7303 4 28447
8077 3 28448
887 3 28449
9193 1 28451
6788 5 28452
9146 5 28453
7691 4 28454
2148 3 28456
3594 3 28456
7899 3 28460
6998 3 28460
2707 2 28463
1756 1 28464
1085 5 28466
2159 1 28466
8947 1 28467
7164 1 28474
2688 4 28474
4165 3 28476
5869 2 28477
3264 4 28477
5253 5 28478
647 5 28479
6786 4 28480
4860 5 28481
3849 2 28481
2511 2 28483
4253 5 28483
4886 5 28485
5887 5 28485
1160 1 28486
9849 1 28488
4392 4 28490
7904 5 28490
4145 2 28491
1020 3 28492
2007 2 28492
923 2 28494
9011 1 28495
716 5 28500
8239 1 28503
1349 2 28505
6731 1 28505
7427 3 28506
4121 5 28506
6830 2 28508
6806 1 28509
9872 5 28510
3886 5 28510
2825 4 28513
5125 3 28513
3435 3 28515
5378 2 28516
3007 2 28517
5383 4 28517
2532 2 28518
3552 3 28518
8264 3 28519
3578 3 28520
2933 3 28520
2306 3 28521
6920 2 28522
5004 2 28522
7777 3 28523
2888 3 28523
2606 5 28525
3739 2 28526
4795 2 28527
8630 5 28527
2810 2 28528
9460 5 28528
4339 5 28530
2044 5 28531
5373 1 28535
8522 1 28536
6454 4 28538
2911 3 28539
512 2 28539
6108 2 28540
1741 2 28540
8903 3 28542
4146 3 28545
5209 3 28546
9558 4 28546
4080 2 28547
8279 1 28549
3291 5 28553
6563 5 28553
2545 5 28554
1708 2 28554
8871 2 28555
1122 1 28559
2536 3 28560
5817 3 28561
5118 3 28562
7988 3 28563
2657 2 28563
2591 4 28569
833 2 28571
3554 3 28572
7543 4 28573
1222 5 28575
6657 5 28576
5411 4 28577
5953 5 28578
8618 3 28579
6332 3 28581
5935 1 28581
6563 3 28582
170 4 28584
5949 4 28584
815 2 28585
7404 4 28586
1264 1 28586
4916 3 28587
6412 1 28587
5586 5 28590
2074 4 28590
5358 3 28591
2820 5 28591
7839 2 28592
7900 1 28593
4660 5 28594
6795 4 28595
2663 1 28596
6287 2 28597
1664 3 28597
8606 5 28598
3002 1 28600
577 4 28601
7640 4 28603
2973 2 28603
1598 1 28604
2520 3 28605
7036 2 28605
7728 4 28606
548 2 28609
2230 1 28610
5556 2 28611
9732 2 28613
1155 3 28615
654 3 28618
690 1 28619
6263 4 28619
2145 4 28622
6659 4 28623
9249 5 28623
6669 1 28624
817 3 28625
5325 1 28626
5462 3 28627
2746 4 28629
4093 5 28629
40 2 28633
2315 1 28633
911 2 28635
2232 1 28635
8509 1 28636
9046 1 28636
1057 2 28637
5082 3 28638
3239 3 28639
8238 4 28639
1435 1 28640
9045 2 28640
282 5 28641
9832 1 28641
8253 4 28642
2465 1 28642
7950 5 28645
1902 1 28646
9752 5 28648
2344 4 28648
1623 5 28650
252 3 28651
6437 4 28652
810 5 28654
8723 4 28654
5979 2 28656
6830 5 28658
5808 3 28658
5920 1 28659
6783 1 28659
251 5 28660
926 2 28661
9152 4 28661
4484 3 28662
1289 3 28662
8069 3 28665
9980 2 28665
4330 4 28667
5439 5 28667
6335 2 28668
7721 1 28668
9493 4 28670
6916 3 28670
8012 2 28671
5675 4 28671
382 4 28672
497 5 28672
3642 4 28673
5426 3 28673
2595 5 28674
21 2 28675
7305 4 28676
2073 5 28677
9844 3 28677
7779 1 28682
6495 1 28683
9508 4 28683
6728 2 28685
104 2 28686
2710 3 28686
8443 1 28687
5133 4 28687
2167 4 28689
2786 5 28690
9752 1 28690
5067 1 28691
2149 5 28693
392 5 28693
9741 5 28694
3142 1 28695
7596 5 28696
776 1 28697
5560 3 28697
1693 1 28699
4147 5 28699
5205 5 28701
9502 5 28702
4151 4 28703
810 5 28703
418 3 28704
5611 1 28705
7930 1 28708
2041 2 28708
2640 4 28709
5011 4 28709
5164 5 28710
9865 1 28711
2028 3 28712
6666 5 28712
6008 4 28713
8157 4 28714
5168 2 28714
2996 3 28715
1021 4 28720
2059 2 28722
6670 5 28725
7369 1 28725
197 3 28726
9161 5 28726
13 5 28728
551 4 28730
4865 5 28730
4839 1 28731
2767 4 28731
4842 4 28733
807 3 28733
2658 1 28734
8704 4 28734
9260 3 28736
7842 5 28736
2932 1 28737
4814 5 28737
7021 4 28738
4803 1 28738
9281 5 28739
6556 1 28739
833 4 28741
9785 2 28743
1617 3 28744
2377 1 28744
4068 2 28745
711 3 28745
9575 5 28746
4249 3 28747
6698 2 28748
4817 1 28748
3025 3 28750
4196 4 28750
4157 4 28752
7084 5 28752
5570 1 28753
20 4 28754
5315 1 28755
9097 2 28755
7678 4 28756
7688 5 28756
5289 4 28757
6241 1 28757
8768 1 28758
6342 1 28760
2348 2 28762
2505 4 28762
6440 1 28764
6486 3 28766
9099 4 28767
6159 1 28768
5690 2 28769
9773 5 28769
7286 2 28771
2909 4 28772
3718 3 28773
2845 5 28773
3739 1 28774
2719 1 28774
7848 2 28775
4651 1 28775
1671 4 28777
8498 1 28777
8822 4 28780
2693 1 28780
2824 2 28781
879 4 28783
4501 1 28784
7409 2 28784
5459 3 28786
1013 5 28787
1195 5 28787
7050 5 28788
3234 5 28789
6970 3 28790
2395 2 28791
8872 4 28792
4657 4 28792
6717 3 28793
4001 5 28793
5386 4 28796
4847 4 28796
4831 2 28797
5626 1 28798
8430 1 28799
3070 4 28801
3330 1 28802
8366 1 28803
6054 4 28804
3373 5 28806
6228 5 28808
754 4 28808
4811 4 28809
1276 1 28809
2981 1 28810
511 5 28811
5523 3 28811
3294 3 28812
7883 1 28813
9765 1 28814
4289 2 28815
6859 4 28815
5663 5 28816
932 1 28817
2823 5 28818
8223 3 28820
9621 3 28820
835 5 28821
125 2 28822
3401 1 28822
843 2 28824
7065 3 28824
5959 4 28825
7009 4 28825
6832 4 28826
8303 1 28827
21 3 28827
1903 4 28828
7159 2 28828
5095 3 28829
7581 5 28832
8161 2 28832
352 3 28833
6837 3 28833
7734 4 28834
6153 3 28834
8214 4 28835
4051 4 28836
5488 5 28836
6809 1 28838
7999 3 28840
4091 1 28840
7272 4 28841
676 1 28842
9908 5 28842
2997 4 28843
3177 5 28844
2160 5 28844
4276 1 28846
7542 2 28847
349 4 28848
9074 4 28849
3377 1 28850
9119 3 28850
8653 5 28853
6406 5 28853
1152 4 28855
952 2 28855
1983 3 28856
1854 1 28859
1828 4 28860
3377 2 28861
2138 4 28861
3593 4 28864
5856 1 28865
1372 1 28866
7389 5 28866
4948 5 28867
8736 1 28867
3397 5 28868
7236 4 28868
1094 5 28869
8608 4 28871
1329 2 28872
5647 3 28873
8138 3 28875
3882 5 28875
5379 4 28876
7833 1 28876
9446 1 28877
4044 2 28877
5574 3 28878
6566 1 28879
3528 1 28880
7753 3 28881
1615 2 28881
1319 4 28882
2337 1 28885
2249 1 28886
1801 3 28886
2949 5 28888
4029 3 28888
4422 5 28889
1701 3 28890
3889 1 28890
5868 4 28892
1124 5 28893
7805 2 28893
6825 2 28894
7560 1 28895
6150 2 28896
3410 2 28898
6270 1 28898
6502 3 28902
8444 4 28903
9338 5 28904
9707 2 28905
977 5 28906
3837 5 28906
7323 3 28908
832 5 28908
3063 2 28909
2297 2 28909
8778 2 28910
818 5 28910
3233 2 28911
9828 3 28912
8729 1 28912
91 4 28913
5307 4 28915
5963 5 28915
3250 2 28916
2509 3 28920
1694 2 28920
3127 4 28921
1053 3 28922
2789 1 28922
1898 3 28924
1420 1 28926
7747 5 28927
4930 2 28928
8174 4 28931
160 1 28932
2798 2 28933
3759 2 28933
1404 5 28935
2709 4 28935
2174 1 28936
256 3 28940
4510 4 28942
9284 2 28942
6563 5 28943
6547 2 28944
6620 2 28944
7986 3 28945
7419 2 28947
3266 1 28949
1286 5 28949
8864 5 28950
6664 5 28950
8213 2 28951
3633 4 28952
5790 1 28952
4282 1 28954
6562 4 28956
4272 1 28956
1948 5 28957
7648 1 28957
9287 2 28958
7867 3 28958
7286 3 28959
8261 5 28959
5276 3 28963
2674 3 28963
6467 5 28966
5018 1 28966
2237 4 28968
5429 4 28969
8549 4 28969
1424 5 28970
2796 1 28970
9574 2 28972
457 4 28972
5037 4 28975
1421 5 28977
6413 1 28977
3600 4 28978
2154 5 28979
6454 4 28980
5641 1 28982
9309 3 28982
9497 3 28983
5938 5 28983
3959 5 28986
2164 5 28986
2062 4 28987
4409 2 28987
9307 4 28989
1402 1 28990
7761 1 28991
7192 2 28992
4943 4 28992
9573 1 28993
816 4 28993
7996 3 28994
8010 2 28994
1125 5 28995
3140 1 28996
5990 1 28996
2840 3 28997
1176 1 28998
539 3 28998
6709 2 28999
3363 1 28999
1666 2 29000
5378 2 29002
6423 2 29004
9960 1 29005
7570 3 29007
1810 5 29009
73 4 29010
310 5 29012
7146 1 29013
2820 4 29013
738 1 29015
7826 2 29016
9717 2 29016
3814 3 29018
6845 3 29018
2375 4 29020
7974 4 29022
1065 2 29023
9901 4 29023
4198 3 29027
5053 2 29029
4030 2 29029
945 2 29030
9556 1 29031
5507 3 29031
4989 4 29033
2125 4 29033
1001 3 29035
1647 3 29035
8554 2 29036
553 1 29037
7327 3 29037
3598 3 29040
5132 2 29040
1776 4 29041
4104 3 29044
3257 5 29044
8033 5 29046
2257 5 29047
2165 4 29047
5261 5 29048
1020 3 29049
9060 3 29049
1183 4 29050
7653 1 29051
2440 2 29053
6975 3 29054
2566 2 29056
1967 1 29056
7808 1 29057
2456 3 29057
9212 4 29058
509 5 29059
1962 4 29060
2134 2 29062
7158 1 29066
5999 2 29067
8171 1 29068
363 5 29068
4744 1 29069
6476 1 29069
9659 2 29070
4511 5 29071
3282 4 29071
7531 3 29076
5666 2 29076
187 2 29077
6431 3 29078
7593 2 29079
8312 1 29080
5565 2 29080
6073 3 29081
5387 4 29081
6326 5 29083
1077 3 29083
6003 2 29085
538 1 29085
9462 4 29086
1626 4 29086
5680 5 29087
3137 5 29088
1621 3 29088
8027 1 29091
3155 2 29092
1535 1 29092
7324 4 29095
4941 4 29096
7522 5 29097
3689 1 29098
5215 2 29098
6400 2 29100
9293 4 29100
5103 1 29102
5527 4 29103
877 3 29104
1301 3 29104
7798 2 29105
4300 2 29105
2018 1 29106
7393 3 29111
8894 3 29112
8785 1 29113
6156 3 29114
6141 1 29114
6617 1 29115
1179 5 29116
4634 5 29116
4066 3 29119
8304 5 29120
9196 5 29121
7149 4 29121
2051 5 29126
4852 4 29126
9025 1 29127
8779 1 29127
3946 5 29128
3321 3 29129
4832 2 29130
6702 1 29131
5754 2 29131
8928 2 29133
5871 5 29136
4596 2 29138
6323 1 29139
6858 1 29140
9404 4 29141
815 3 29143
7643 1 29145
418 5 29146
5243 3 29147
2461 4 29150
5434 1 29150
800 5 29151
8451 1 29152
6011 4 29153
7723 2 29154
345 2 29154
155 2 29155
5151 3 29155
1437 2 29158
3662 2 29158
6674 2 29159
9362 2 29159
7417 4 29161
7771 3 29161
8040 1 29162
197 5 29162
2797 3 29163
1842 3 29163
2122 4 29164
8964 2 29167
863 3 29169
7777 5 29170
8445 5 29171
4552 3 29171
4785 2 29172
6292 3 29172
1499 2 29174
9393 2 29174
5618 2 29175
5638 2 29175
8063 5 29176
9559 4 29176
460 1 29177
843 4 29178
680 1 29179
912 3 29179
5844 2 29181
1884 5 29181
1758 4 29182
9632 3 29183
8456 3 29183
8253 2 29185
4029 5 29189
9703 5 29191
3080 3 29192
9672 3 29193
6157 2 29193
8365 5 29194
9886 4 29197
301 5 29197
8949 4 29198
861 3 29198
8082 1 29199
9375 2 29199
5347 1 29201
1940 5 29201
2162 5 29202
7210 4 29202
841 2 29205
6307 4 29205
7444 3 29206
7060 4 29207
2537 1 29207
2223 1 29208
1952 3 29209
5843 5 29209
576 3 29211
8123 4 29211
6238 3 29212
8668 5 29212
9263 1 29213
9416 4 29214
9328 5 29214
3876 3 29216
9850 5 29217
6999 1 29218
2131 1 29219
4715 5 29219
7969 3 29220
4899 5 29222
6592 5 29223
5591 4 29225
4119 1 29227
6015 1 29227
5844 3 29228
4567 4 29228
3331 3 29229
3501 4 29229
9470 4 29230
9115 2 29230
3177 5 29231
1281 4 29232
693 4 29232
9604 4 29235
2743 4 29236
9493 2 29238
5449 5 29238
3485 2 29239
2885 3 29240
4018 3 29240
3015 3 29243
7303 1 29243
8563 3 29244
9888 5 29246
298 1 29247
1771 5 29248
7358 1 29248
3153 1 29251
6721 1 29251
699 4 29252
3307 1 29253
5027 3 29254
8369 3 29254
9200 4 29255
2540 5 29255
5327 4 29256
1873 1 29256
9346 5 29257
7184 5 29258
7183 4 29259
3545 1 29260
9945 3 29261
6038 1 29263
9557 5 29265
5809 1 29265
2983 1 29266
8316 4 29268
3662 1 29270
6924 4 29271
302 5 29271
6378 4 29272
6523 2 29273
8124 1 29273
6939 2 29274
2690 4 29274
5032 1 29275
8487 2 29275
6661 2 29277
8252 2 29277
5925 3 29278
5239 3 29278
4270 4 29280
7110 2 29281
3844 3 29281
610 3 29282
8038 1 29282
68 5 29283
3022 4 29283
3199 1 29284
8246 3 29285
8304 5 29285
9245 5 29289
8189 2 29289
7755 3 29290
2507 2 29293
7745 4 29295
8227 3 29297
8321 3 29297
1117 1 29298
9321 4 29299
6162 4 29299
4103 3 29300
9536 5 29301
4315 3 29302
6332 4 29304
4528 4 29306
3960 3 29306
8669 5 29307
2777 3 29308
2930 1 29308
4632 5 29310
8464 5 29310
6681 4 29311
5075 5 29312
5881 2 29313
1361 3 29313
3342 3 29315
5005 3 29317
56 5 29317
5463 3 29318
1672 2 29318
6407 4 29319
3538 2 29319
7464 1 29320
9972 4 29320
3047 2 29322
6260 4 29323
1950 2 29323
5567 1 29324
9616 1 29324
4620 1 29325
5766 4 29325
4499 2 29327
4865 3 29327
3277 3 29329
3879 4 29329
4138 5 29330
3905 2 29330
7844 4 29331
664 3 29331
4316 1 29333
6482 3 29333
6048 2 29337
5799 5 29337
817 2 29338
9751 2 29339
1038 2 29340
2253 3 29340
5276 3 29341
6225 1 29341
8735 2 29343
5869 4 29343
2049 4 29344
4352 4 29344
3017 1 29346
6642 4 29347
7869 1 29348
1630 3 29348
9300 1 29349
8079 2 29349
5853 4 29351
7534 1 29351
8825 2 29352
6414 2 29352
1582 5 29355
8647 5 29355
8443 4 29356
9966 1 29357
7025 3 29357
3366 4 29358
3564 1 29358
1767 5 29359
4683 2 29359
8758 3 29360
4009 2 29360
5978 1 29364
7065 2 29364
862 1 29365
9437 4 29365
6308 5 29366
240 2 29366
1967 4 29367
5071 4 29369
1186 5 29369
4536 3 29371
6896 2 29372
9391 1 29372
6092 2 29373
9644 4 29376
3474 4 29376
4803 1 29377
8298 5 29379
6740 3 29380
869 5 29380
1422 4 29383
5977 4 29384
4552 1 29385
1228 4 29387
605 1 29387
8178 3 29388
4250 1 29388
7443 1 29390
2134 3 29390
9385 4 29391
1914 3 29391
5379 2 29392
6525 5 29392
1148 1 29393
3206 5 29394
4917 1 29397
5500 2 29397
2652 3 29398
3458 3 29399
1561 4 29401
1299 3 29403
1285 3 29403
8926 5 29405
8534 5 29405
6469 4 29406
5468 5 29406
8018 1 29407
4015 5 29407
7005 3 29408
5041 1 29408
2482 1 29409
8776 4 29409
3577 4 29410
5082 1 29412
215 4 29412
7473 1 29413
1955 4 29413
6890 4 29414
5814 2 29415
8534 4 29415
9386 5 29417
2026 4 29417
4676 2 29421
8581 5 29422
9695 1 29424
7565 4 29424
4704 4 29425
9167 1 29426
104 5 29426
5325 5 29427
9066 1 29427
784 4 29428
4078 2 29428
986 4 29429
531 5 29430
6625 4 29431
9135 1 29431
656 1 29432
1055 4 29432
5753 5 29433
2948 2 29434
5235 1 29435
7477 3 29436
7036 1 29437
7966 4 29439
2892 4 29442
6947 1 29442
5241 4 29444
9337 1 29444
4373 5 29445
8246 3 29447
2454 1 29449
8619 1 29450
8901 1 29450
9854 3 29451
6296 4 29452
4248 4 29456
9333 1 29456
4730 4 29457
6996 3 29457
3006 1 29458
3986 4 29459
4032 3 29459
3853 4 29460
7502 4 29461
1401 5 29462
6364 3 29462
3392 1 29463
8947 4 29465
9605 4 29466
2584 1 29466
3803 3 29468
5972 4 29469
882 4 29469
1086 4 29471
6452 2 29471
1049 1 29472
4964 2 29472
9009 1 29473
8695 2 29473
8533 4 29474
2677 2 29474
5270 3 29476
6859 5 29476
3253 1 29480
3246 4 29481
1465 4 29481
2221 5 29482
3431 4 29483
2321 1 29483
8844 1 29484
791 4 29484
414 5 29486
3372 2 29486
1402 2 29487
3780 5 29488
7423 5 29488
6565 1 29489
8807 1 29490
9368 2 29490
5426 5 29491
8867 2 29492
9857 3 29495
9815 5 29497
2192 2 29497
9814 2 29498
9561 3 29498
137 1 29499
7096 4 29499
747 4 29500
3324 1 29500
9284 5 29501
3550 1 29501
4487 5 29503
9253 4 29504
7313 5 29506
6031 4 29506
9431 2 29508
8874 3 29508
7538 4 29509
6844 4 29509
4525 1 29510
1259 1 29513
6954 5 29516
2307 2 29516
4225 1 29518
454 3 29519
4509 1 29522
6167 5 29523
6054 3 29524
1762 5 29525
720 5 29526
9472 2 29526
4771 2 29530
7750 3 29532
94 5 29532
8694 1 29533
4403 3 29533
9771 2 29536
6493 4 29538
3306 3 29539
8139 3 29540
9888 1 29540
49 1 29541
9114 4 29542
1524 1 29543
2176 3 29543
753 2 29544
3496 5 29545
4888 5 29545
2107 5 29546
8240 5 29547
5278 2 29547
1824 2 29548
309 4 29548
1097 2 29549
4351 1 29549
9324 2 29550
2378 5 29550
1542 4 29551
6321 3 29552
6938 1 29554
9903 2 29555
3160 4 29555
2275 1 29556
9080 4 29557
1612 1 29559
5570 2 29559
6587 2 29560
6545 3 29560
3101 1 29563
1111 5 29563
40 5 29567
3423 1 29568
4588 5 29570
81 3 29571
7717 1 29572
9224 5 29573
4278 1 29574
2103 3 29575
5952 5 29575
8228 3 29576
2664 3 29576
4162 3 29578
3365 1 29579
6594 4 29579
3300 2 29580
5889 1 29580
6146 1 29581
9119 4 29582
7021 2 29582
9068 4 29583
4769 1 29583
6131 2 29584
7610 1 29586
9398 2 29589
1705 1 29589
5021 5 29590
5079 2 29590
6237 2 29593
5311 5 29593
8562 1 29594
7382 4 29595
8344 5 29595
3402 2 29596
3113 2 29599
5589 5 29599
7764 4 29600
3296 2 29601
2007 5 29601
3879 5 29603
9298 2 29605
7153 1 29605
2435 1 29607
2277 4 29607
5229 2 29611
1327 4 29612
147 1 29613
8613 3 29615
6511 5 29616
9058 2 29616
7634 4 29617
7481 1 29621
3674 5 29621
3497 3 29624
2059 5 29625
1576 5 29625
3069 5 29626
9254 5 29626
9471 2 29628
2166 5 29629
8567 3 29629
1428 1 29630
8404 5 29630
484 2 29631
4834 1 29633
4166 2 29634
9152 2 29634
6955 4 29635
8164 3 29635
4264 1 29637
2840 2 29640
436 4 29640
5815 4 29641
2739 4 29642
8142 2 29644
6112 3 29646
2115 4 29646
7536 3 29648
7604 5 29648
4553 2 29650
3304 2 29650
9498 3 29652
5403 1 29653
7278 3 29656
9419 3 29658
3470 4 29658
6587 4 29660
245 2 29660
704 4 29661
5777 4 29661
707 3 29662
3937 1 29663
9003 4 29664
5453 4 29665
7670 2 29667
5830 5 29667
1669 3 29668
371 1 29669
6857 3 29669
6954 5 29671
9913 2 29671
5546 3 29674
166 4 29676
4829 5 29678
9299 5 29678
4653 4 29679
736 5 29680
7542 1 29680
2372 2 29681
8122 4 29682
7420 3 29682
5334 5 29685
987 2 29686
2207 2 29687
7175 5 29687
4567 2 29689
3105 3 29689
5117 5 29691
9130 3 29691
2679 2 29693
1235 5 29693
7858 2 29695
5364 4 29695
1255 1 29696
4217 5 29697
6742 2 29697
1066 3 29698
2659 3 29699
2879 2 29699
6665 3 29700
4170 5 29700
7159 2 29701
4761 5 29702
1026 1 29703
1279 5 29703
6556 5 29704
2109 4 29705
544 3 29706
9249 2 29706
5834 4 29707
5094 4 29707
974 1 29708
5408 5 29709
4519 5 29710
9949 3 29710
4903 4 29711
8603 2 29712
8114 2 29713
6863 3 29713
8619 2 29714
4031 2 29715
3624 2 29716
3711 5 29716
3521 5 29717
1462 1 29718
7863 1 29718
2893 3 29719
7925 3 29720
2538 2 29721
6876 3 29721
7709 3 29722
389 2 29722
9871 4 29724
4559 5 29725
912 2 29726
8293 5 29727
396 3 29731
9497 3 29731
460 5 29732
8991 1 29733
2772 1 29733
7277 4 29734
2175 5 29736
8955 2 29738
6379 3 29740
2760 5 29740
8788 5 29741
1236 3 29742
7526 5 29744
8643 4 29744
6940 1 29745
1867 5 29745
4926 1 29746
3752 4 29746
2828 4 29747
5136 1 29747
5600 1 29748
2353 2 29749
1822 3 29750
6508 5 29750
1403 4 29753
1965 3 29753
4299 1 29755
4527 3 29755
4245 4 29756
8043 2 29756
643 2 29757
9629 2 29757
2707 2 29758
2476 4 29758
2134 5 29759
7405 1 29759
9561 1 29761
7059 3 29762
7268 4 29762
8359 1 29763
6094 5 29763
677 5 29764
1063 5 29765
4675 5 29765
5493 4 29766
5108 1 29773
9903 4 29775
1368 2 29775
4563 5 29778
5198 2 29780
2291 3 29780
6189 4 29782
7215 1 29782
1146 2 29783
6483 5 29783
5061 1 29788
7036 1 29789
6478 5 29790
6006 1 29791
3874 1 29791
4544 2 29792
5511 3 29792
9350 4 29794
5361 1 29796
6548 3 29798
916 2 29799
4127 1 29801
5398 3 29802
3887 2 29802
7959 3 29804
9451 2 29804
7009 1 29805
4284 3 29805
8576 2 29807
9410 4 29809
842 2 29811
3754 4 29811
6776 5 29812
7660 3 29813
1538 4 29814
9993 1 29814
2733 2 29815
1194 3 29817
3958 2 29817
8857 1 29821
6380 5 29821
7828 3 29822
7661 1 29824
1770 4 29824
494 2 29825
2533 3 29825
6234 2 29827
805 5 29827
295 3 29828
9095 4 29828
3378 4 29829
6669 5 29832
7966 5 29832
41 5 29833
8785 4 29833
8973 1 29834
905 3 29835
3625 1 29836
2340 3 29836
1953 1 29838
7346 2 29838
7349 3 29840
4698 5 29841
774 1 29841
4586 4 29842
5948 2 29842
1858 4 29843
5682 2 29843
9789 5 29844
4291 2 29845
5661 5 29850
697 5 29850
4491 1 29851
4190 5 29851
9416 4 29852
6591 1 29852
3910 5 29854
3033 4 29855
6773 3 29857
6490 5 29858
5982 5 29859
890 4 29859
9964 5 29860
4331 5 29860
728 3 29861
2042 5 29862
7362 1 29862
8221 1 29863
5100 1 29864
9440 3 29864
6171 5 29865
3195 5 29866
6760 4 29866
2947 5 29867
9784 3 29868
3412 4 29868
5870 3 29870
9340 4 29870
3186 1 29872
1234 3 29875
1931 2 29876
1492 4 29877
3302 4 29877
9791 2 29879
1280 4 29879
8108 1 29880
762 3 29880
4042 4 29881
3536 3 29882
1578 2 29883
5334 3 29883
105 5 29884
2980 4 29884
3171 4 29885
8016 3 29885
6414 2 29886
7183 2 29886
1514 1 29887
4300 5 29887
8234 3 29892
2804 4 29893
4885 2 29894
5783 4 29896
1359 4 29897
3148 4 29899
3232 5 29899
2029 4 29903
8860 1 29903
4893 5 29904
5066 2 29905
9402 2 29905
2195 1 29908
750 3 29910
4561 1 29911
478 2 29911
6711 2 29913
8970 1 29917
7406 4 29917
9654 4 29921
3961 4 29921
6931 3 29923
3988 2 29923
5428 4 29924
201 5 29924
1053 3 29925
6057 2 29926
6653 1 29927
8043 1 29929
5977 5 29929
1582 3 29930
648 4 29930
348 4 29931
6647 1 29931
5333 2 29932
7621 4 29933
9971 1 29934
2478 3 29934
4455 5 29935
7644 2 29936
161 4 29936
7389 3 29937
7881 3 29937
1408 1 29939
8495 5 29939
958 5 29940
5832 1 29943
5145 4 29943
2119 4 29945
7249 3 29946
9529 4 29946
998 3 29947
3088 2 29947
3709 4 29948
4096 5 29949
2748 3 29951
3745 2 29951
9663 4 29952
5903 1 29953
8575 2 29955
1632 2 29957
8366 2 29960
1668 4 29960
9895 5 29961
8946 2 29961
5998 2 29962
7584 1 29963
3756 4 29964
8251 3 29965
5178 1 29966
8337 1 29967
2621 5 29969
7065 4 29970
1393 4 29970
8543 5 29974
157 5 29974
219 1 29975
8259 1 29975
4381 3 29976
5305 1 29977
1843 5 29977
5784 2 29978
7778 2 29978
1115 1 29979
2191 5 29979
2682 1 29980
8659 3 29980
9773 3 29982
304 3 29982
138 2 29983
3903 2 29986
9946 2 29988
3147 4 29989
634 3 29990
2556 5 29990
873 4 29991
5408 4 29991
8038 2 29992
2142 5 29992
3277 1 29993
8576 4 29994
2098 2 29994
4535 1 29995
63 1 29996
3838 4 29996
8226 3 29998
8848 3 29999
7442 4 30002
567 5 30005
3004 3 30005
7030 4 30008
9367 4 30010
5411 2 30010
1427 1 30011
7841 4 30012
1148 4 30013
783 1 30013
4162 5 30014
1797 1 30014
2080 3 30015
6030 3 30017
8332 2 30018
6805 3 30018
4074 3 30020
1771 5 30020
1878 1 30021
4847 5 30023
6739 3 30023
8913 3 30024
4066 3 30025
9464 1 30027
2011 1 30028
3198 1 30028
9609 3 30030
6803 1 30030
598 1 30031
6231 2 30031
3453 5 30033
4314 1 30033
8938 1 30034
2017 3 30034
7392 3 30036
6879 1 30037
7837 5 30037
425 2 30038
5838 1 30040
3787 3 30041
4043 5 30042
1296 5 30042
6972 1 30045
4 1 30045
5884 3 30046
2608 4 30047
7180 5 30048
6728 1 30049
6657 2 30049
2989 1 30050
5978 1 30051
6080 2 30051
4924 2 30052
6511 3 30053
6286 1 30054
1447 4 30055
7034 4 30055
272 3 30056
7363 4 30058
7254 5 30058
1811 2 30060
4530 3 30061
6038 5 30062
3480 3 30062
7682 2 30063
1400 2 30063
8181 5 30064
7381 3 30065
1178 1 30067
5635 5 30067
5770 3 30071
7620 1 30071
9201 1 30073
3088 5 30075
7529 3 30075
6495 2 30076
3774 2 30076
8246 2 30080
5522 3 30081
8743 2 30081
1158 4 30083
6258 2 30084
239 3 30085
4167 2 30085
4608 1 30086
4795 4 30086
1944 5 30087
2765 1 30087
1825 5 30088
8283 1 30088
6115 3 30091
2503 4 30091
8757 3 30092
9948 3 30093
6757 5 30093
5373 3 30094
2311 2 30094
6435 4 30095
5353 1 30096
8761 2 30099
3164 2 30100
9167 5 30100
4115 4 30102
409 1 30104
6467 2 30108
9795 4 30108
6040 3 30110
2619 3 30111
7139 4 30111
1926 1 30112
9352 3 30112
1887 3 30113
3271 3 30114
2747 5 30114
8409 3 30116
5129 3 30117
9399 4 30118
1473 4 30119
6930 5 30121
5771 1 30121
9855 5 30122
3743 5 30122
354 2 30123
9702 2 30123
3426 5 30124
5105 5 30124
1255 2 30125
5516 5 30125
8272 1 30127
5126 1 30132
53 4 30138
655 1 30139
9550 1 30139
1474 1 30140
4253 5 30140
1014 3 30144
9606 3 30144
5348 2 30146
4448 1 30146
7263 5 30149
7097 3 30149
7644 4 30150
1699 5 30150
7406 2 30152
5591 2 30154
3767 1 30154
251 4 30159
514 2 30159
6704 1 30161
8788 4 30162
4483 4 30162
5928 1 30163
1231 5 30164
4158 3 30164
4247 1 30165
8815 3 30165
9920 3 30166
2266 2 30168
4580 1 30169
1292 1 30170
2769 2 30170
6981 1 30171
4466 5 30171
1206 5 30172
5421 5 30174
6562 4 30176
7065 2 30176
39 3 30177
4753 3 30177
8046 2 30178
3054 2 30179
4154 5 30180
6896 4 30182
9117 4 30185
4839 5 30187
1582 5 30189
6405 1 30190
538 5 30190
4999 5 30191
4895 5 30195
5581 2 30195
2225 3 30196
8280 4 30197
3546 3 30198
3232 3 30198
7331 3 30199
8205 3 30201
1946 4 30202
828 3 30202
2785 5 30203
9938 5 30203
2610 4 30204
7007 3 30204
5035 3 30208
8609 3 30208
261 3 30209
9298 4 30210
9892 2 30211
3114 4 30212
5147 4 30212
4038 1 30213
3669 2 30214
6626 2 30214
9816 1 30215
6602 3 30216
1294 2 30216
355 1 30217
5763 1 30218
1115 1 30218
7438 4 30219
9724 3 30219
7600 2 30220
8276 2 30220
4825 3 30222
1500 1 30223
5545 3 30224
2797 3 30224
5391 5 30225
1651 4 30227
2180 5 30227
1444 1 30228
1435 4 30231
4798 1 30231
4197 1 30232
9025 5 30233
2392 2 30233
8925 5 30234
7872 4 30234
7628 2 30235
6392 3 30235
6764 2 30236
9759 2 30236
7361 5 30237
6744 5 30237
6904 2 30239
7432 1 30240
3891 1 30240
6122 4 30241
488 4 30241
9112 4 30242
8189 5 30243
5711 3 30243
4084 3 30245
9121 1 30245
194 2 30247
1331 1 30247
2684 3 30248
8878 3 30250
3289 4 30251
4676 3 30251
5978 2 30252
5968 2 30254
4165 3 30254
4252 1 30255
3996 4 30256
4812 3 30256
8968 5 30257
116 1 30257
1409 2 30258
3878 5 30259
8335 5 30260
5899 3 30260
3648 1 30261
9809 3 30261
7896 4 30262
3202 1 30262
6233 2 30264
8259 2 30264
3776 2 30266
7359 5 30266
7390 1 30270
8746 3 30270
1768 1 30271
8228 5 30272
5417 4 30272
2217 1 30273
9431 2 30273
4658 4 30274
8647 3 30275
3139 2 30276
3849 4 30277
7907 4 30278
2241 4 30280
5110 2 30281
6195 5 30281
2488 2 30283
6727 1 30284
8171 4 30286
7661 2 30286
1126 1 30287
7058 4 30288
7462 4 30289
1006 3 30289
2655 4 30290
6935 5 30290
2623 3 30291
8768 4 30293
7559 2 30293
3076 4 30294
3085 2 30294
7674 4 30297
7561 3 30298
2356 5 30298
9807 1 30301
9465 5 30302
3865 4 30303
6648 2 30304
4142 4 30305
9184 4 30305
4928 3 30307
1509 5 30308
3666 3 30310
5786 2 30310
1203 2 30312
5279 2 30314
7240 2 30315
9067 2 30315
4950 3 30318
457 5 30318
5645 2 30320
5684 4 30320
9429 3 30321
3737 2 30321
4740 5 30322
1192 4 30322
4646 3 30323
8689 2 30323
8350 5 30324
4559 1 30325
4403 5 30325
2193 5 30326
938 1 30327
1566 1 30327
4547 3 30332
2500 2 30332
1564 2 30334
74 5 30335
977 2 30335
6493 4 30336
7751 2 30338
7727 4 30338
4979 5 30340
2341 4 30343
1632 4 30344
3238 4 30344
6109 4 30346
9681 4 30346
2794 2 30347
2539 4 30347
481 4 30351
7247 5 30351
5097 2 30353
6563 4 30353
7406 2 30354
4759 2 30355
3877 3 30357
7044 2 30357
7054 1 30358
5602 3 30359
2653 5 30362
4492 5 30362
4121 2 30363
1584 5 30365
4545 3 30365
934 5 30366
1978 4 30367
6534 5 30368
1180 5 30368
2183 5 30369
189 3 30370
5814 1 30371
7565 3 30371
2205 1 30372
9642 2 30372
6048 5 30373
2302 1 30374
4681 2 30374
9236 5 30375
2163 4 30378
1535 1 30378
972 4 30379
7010 5 30379
9987 3 30381
9755 5 30382
4603 4 30383
7521 3 30383
3000 5 30384
3177 5 30385
5420 2 30385
6685 1 30386
4551 4 30386
8555 5 30388
980 3 30388
3659 1 30390
9928 1 30391
606 3 30392
920 5 30392
7849 5 30393
3247 5 30394
6092 1 30395
5203 2 30398
5318 1 30399
5543 1 30399
5324 1 30400
6354 3 30401
1540 1 30404
3880 3 30405
8378 2 30406
820 2 30406
4990 2 30408
3783 4 30410
2497 5 30412
619 5 30413
1836 4 30416
2703 4 30417
2955 4 30418
8196 5 30418
7366 1 30419
6125 5 30419
5622 4 30422
8630 2 30423
9338 4 30424
1255 5 30426
546 4 30427
9142 2 30428
9529 5 30428
4326 1 30429
7041 5 30430
5721 2 30431
8351 2 30431
8859 1 30432
4918 1 30432
787 3 30433
222 4 30435
6703 1 30435
9663 1 30436
3284 4 30438
3607 5 30440
5214 3 30443
3188 4 30443
3390 2 30444
5463 1 30444
6869 2 30445
2245 3 30445
3078 3 30447
3582 3 30447
6779 3 30448
8800 2 30449
9331 4 30449
6025 2 30450
7021 1 30450
756 2 30451
1928 1 30452
6260 4 30453
6925 3 30454
4994 3 30454
9326 3 30455
5045 4 30455
4223 3 30456
4321 1 30456
1185 5 30457
5829 3 30458
8399 4 30458
2651 3 30459
2857 3 30460
6935 5 30463
2861 5 30463
6145 1 30465
9417 2 30465
4560 1 30466
476 2 30467
3491 5 30467
3369 5 30468
426 5 30468
3950 2 30470
7671 1 30470
4881 3 30472
5935 1 30474
686 4 30477
7445 5 30478
8613 1 30479
9668 3 30479
944 5 30480
3161 2 30482
8888 1 30482
6913 3 30485
2746 3 30485
1622 1 30487
8975 1 30488
7249 3 30488
2368 2 30489
4207 4 30489
5944 2 30490
8990 2 30490
7685 2 30491
5977 4 30491
2564 3 30492
5250 4 30493
1857 2 30493
5604 5 30494
8751 5 30495
8973 2 30495
9793 2 30497
6676 1 30498
8793 5 30498
4563 3 30501
1368 2 30502
4279 4 30507
6036 1 30510
2241 2 30511
9078 3 30511
6260 4 30512
7308 1 30512
129 2 30513
8731 1 30513
9082 3 30514
7036 1 30514
727 5 30515
1308 2 30515
778 3 30516
6582 3 30517
306 2 30518
4424 1 30518
5068 1 30519
5730 3 30519
1292 5 30523
136 2 30524
8080 5 30524
8809 2 30527
8737 4 30527
6000 2 30528
7812 2 30528
5738 3 30529
3513 5 30529
5486 1 30530
3588 1 30530
8310 1 30531
5125 2 30531
7590 4 30533
4011 4 30535
2386 3 30536
9070 3 30537
3259 4 30537
9863 3 30538
1812 5 30538
2418 2 30539
6042 2 30540
989 3 30540
5945 4 30541
6709 3 30541
9518 2 30543
6869 5 30543
6917 4 30544
8815 5 30544
9720 4 30545
1160 3 30546
2295 5 30547
5570 1 30547
4217 1 30550
9528 4 30550
9993 2 30551
5058 1 30551
6936 3 30552
7106 2 30552
637 1 30553
8694 2 30553
4942 5 30554
5382 2 30555
5792 3 30556
9265 3 30557
2025 1 30557
5707 5 30558
4956 4 30559
7683 4 30559
6160 4 30560
8418 4 30561
6586 2 30561
1200 3 30563
2509 1 30564
5366 5 30565
3865 1 30565
9210 5 30566
2718 5 30566
7779 5 30569
4532 3 30570
7459 3 30571
788 1 30571
7187 2 30574
3464 3 30575
7496 2 30576
7207 3 30576
3207 1 30577
8628 3 30577
2050 5 30578
486 4 30579
8107 4 30580
2087 2 30581
9881 4 30582
738 2 30583
4240 1 30583
5245 4 30584
1245 5 30584
2112 3 30585
3980 3 30586
322 5 30586
167 4 30587
7463 4 30587
1986 5 30590
2616 4 30591
5856 3 30594
1278 1 30594
9480 2 30595
4992 4 30596
5493 2 30596
5990 3 30599
8385 2 30599
8971 3 30600
5334 2 30601
5619 5 30601
8846 1 30602
6545 3 30602
8524 2 30604
9448 3 30605
8182 1 30608
8293 2 30608
4376 4 30609
8198 1 30609
813 3 30611
8168 2 30611
3568 3 30613
4102 4 30614
8650 1 30614
4435 1 30615
6626 4 30615
736 4 30617
964 4 30617
4875 4 30619
7425 5 30619
8405 1 30621
1212 2 30622
7039 2 30623
7452 3 30623
4158 5 30624
9406 4 30624
5211 5 30625
9844 2 30625
1995 3 30626
6416 3 30628
4827 2 30628
9563 3 30629
9854 1 30631
6499 1 30632
3061 4 30632
4157 5 30633
9949 5 30633
8403 5 30634
2796 3 30635
2620 2 30636
6196 5 30636
7158 2 30637
7804 2 30637
8588 2 30640
6969 2 30640
7058 1 30641
1056 4 30642
6611 1 30643
5476 1 30644
6815 1 30644
3964 2 30645
3064 1 30645
6954 2 30647
8054 5 30651
2998 4 30651
5468 3 30652
3058 5 30652
2099 5 30653
6580 3 30656
8126 5 30657
8076 4 30658
1947 2 30658
8952 3 30659
1795 5 30663
1683 2 30663
9746 5 30664
9185 4 30664
9705 3 30666
8852 5 30666
9845 1 30667
7063 2 30667
2757 5 30668
5598 3 30669
418 1 30669
4420 5 30670
3600 2 30671
3436 3 30673
6207 3 30675
1694 1 30675
3154 5 30676
3986 2 30676
2646 3 30679
4221 3 30679
258 1 30680
950 2 30680
3411 5 30684
6818 2 30684
9040 2 30687
8203 5 30687
6631 3 30688
6461 4 30688
3419 5 30689
5303 4 30689
4523 3 30692
7681 3 30695
2185 1 30696
1410 4 30698
8291 4 30698
4166 3 30699
3662 1 30700
5446 3 30700
520 2 30701
5064 5 30701
9515 5 30703
9431 4 30706
9838 1 30707
2426 4 30707
4152 4 30708
6967 4 30708
2935 5 30709
7296 3 30709
8241 1 30710
9079 4 30711
6371 2 30713
218 1 30713
8170 4 30714
4675 5 30714
6951 4 30716
69 3 30716
3856 4 30717
2757 4 30721
7864 3 30721
5311 1 30722
119 2 30724
2932 2 30725
3205 2 30725
9164 4 30726
1351 3 30727
805 4 30730
5394 1 30730
5740 5 30731
3116 3 30731
4825 4 30732
5961 1 30732
5578 4 30733
4063 2 30733
3380 3 30734
4723 3 30734
1120 4 30736
8287 1 30736
6685 4 30737
5463 5 30737
422 3 30738
423 5 30739
6488 1 30739
1828 5 30741
9654 2 30741
7678 2 30742
5375 1 30742
784 2 30743
4505 1 30744
7843 4 30744
2907 4 30746
8407 4 30746
9954 1 30749
635 2 30750
3700 3 30754
4950 3 30755
5563 2 30756
3680 3 30757
5907 3 30758
690 4 30758
4463 5 30759
5731 3 30760
9160 5 30760
7910 5 30763
4758 1 30763
8665 4 30767
4291 1 30768
1270 5 30769
4981 5 30770
1324 5 30773
3803 4 30773
6387 3 30776
181 5 30777
5512 3 30777
8136 4 30778
4039 1 30778
1266 5 30779
9040 3 30779
1749 3 30780
1068 5 30781
8244 4 30781
9562 5 30783
2390 4 30785
7752 3 30786
7404 4 30787
497 4 30787
5637 2 30788
1452 5 30788
8704 4 30789
6403 4 30791
3895 3 30791
8255 1 30792
3683 1 30792
1082 4 30793
4984 4 30794
4176 2 30794
7047 1 30795
2240 3 30796
8767 3 30796
7766 3 30797
6917 3 30797
378 1 30798
6702 5 30798
9409 1 30801
6917 1 30801
1309 5 30803
2252 2 30804
9609 5 30806
8533 1 30807
839 1 30807
791 4 30808
9371 1 30809
2869 3 30810
2400 2 30810
9256 5 30811
1754 5 30812
4508 2 30812
1921 4 30814
6964 5 30814
3149 2 30815
354 3 30818
6501 4 30820
4740 5 30820
9926 1 30821
6718 3 30821
7185 2 30822
1616 1 30822
9148 3 30823
6134 1 30824
2243 1 30825
6521 2 30826
425 5 30827
3702 1 30830
3697 4 30833
1650 2 30834
6373 3 30835
5709 1 30837
9955 2 30837
8297 4 30839
2716 4 30840
9933 4 30841
9638 3 30841
4810 1 30842
1943 2 30842
7244 1 30843
2023 4 30843
8315 5 30845
4542 2 30845
8105 4 30847
2387 5 30847
9261 4 30848
9378 1 30848
2681 5 30849
1581 3 30853
8395 5 30854
3161 4 30854
5827 5 30855
2609 4 30855
2984 3 30856
7016 1 30857
2721 4 30857
824 4 30859
6610 2 30860
4223 4 30862
6399 5 30863
4853 5 30863
6446 2 30864
9774 4 30864
4430 1 30867
3188 5 30871
5347 1 30872
6648 5 30872
3401 5 30873
2355 2 30874
5264 2 30874
9395 3 30875
8989 5 30877
2139 4 30877
2526 1 30878
1257 3 30878
6939 1 30879
146 5 30879
6613 5 30880
5885 5 30881
4749 3 30882
7175 2 30883
7011 3 30884
3843 4 30884
9931 1 30885
2269 3 30889
4030 4 30889
7295 5 30890
7925 2 30892
4491 2 30895
3700 4 30896
6677 5 30898
6852 3 30898
93 3 30899
7268 4 30899
5153 2 30900
1425 2 30901
8414 4 30902
1015 3 30903
3514 4 30904
3212 1 30905
6271 5 30905
9184 1 30907
378 3 30907
5035 3 30909
216 4 30910
4240 4 30910
8998 3 30911
4059 4 30912
2248 2 30914
144 3 30914
1384 1 30915
8369 1 30916
6408 1 30917
8268 1 30919
1938 3 30919
1360 5 30921
6286 3 30923
1822 3 30923
3985 3 30924
8924 4 30927
9701 4 30928
985 5 30931
9086 3 30931
560 3 30932
9974 5 30934
6467 2 30936
7538 1 30936
7790 5 30937
3750 1 30939
1726 5 30941
4467 3 30941
9246 5 30946
5242 1 30947
1756 4 30948
3442 4 30949
488 1 30953
5235 3 30955
3148 1 30957
6334 5 30957
9584 1 30958
8766 2 30959
2053 2 30959
653 4 30960
7398 5 30960
8171 4 30961
8236 5 30962
2329 3 30963
2765 4 30965
790 1 30965
6830 3 30966
8217 3 30967
4006 4 30971
514 4 30972
3636 4 30976
4134 3 30977
5389 5 30977
3429 5 30979
7867 4 30980
4286 1 30980
1463 1 30981
1002 1 30981
4072 3 30982
3097 3 30982
8483 2 30983
2811 5 30984
2753 4 30986
9020 4 30987
5931 1 30987
9573 1 30989
204 3 30992
2921 2 30993
5897 5 30994
681 2 30995
5507 2 30997
7085 2 30997
7967 5 30998
7450 3 30998
2466 2 30999
7916 4 30999
2937 1 31000
7743 1 31001
5936 4 31001
8448 4 31003
9296 2 31004
8264 5 31005
1649 1 31005
8672 4 31008
4675 1 31009
1873 5 31009
6427 2 31010
6833 2 31013
1671 5 31013
8295 4 31014
1188 2 31015
3756 2 31015
3318 2 31016
4640 2 31017
4874 3 31018
3291 5 31018
9221 4 31019
306 2 31019
3750 1 31020
8077 5 31021
4526 3 31021
8243 2 31022
1739 4 31022
6639 1 31023
5775 5 31023
6196 1 31025
9701 5 31026
6513 4 31026
5907 4 31027
4729 3 31027
4158 2 31028
523 3 31028
2250 3 31029
7321 1 31031
7013 2 31031
2692 2 31032
2601 1 31033
9609 1 31033
6387 3 31034
1080 2 31035
9505 2 31036
5909 2 31037
1145 4 31037
5132 2 31038
5528 3 31038
6867 4 31039
2900 1 31039
4622 1 31041
5844 1 31041
2885 2 31042
7156 5 31042
9582 5 31045
4867 4 31046
7338 4 31046
3246 3 31048
3633 2 31049
4065 1 31050
3964 4 31050
630 3 31052
6800 5 31052
7060 4 31053
670 2 31056
3258 1 31056
4291 3 31058
2106 3 31059
4556 3 31059
825 2 31060
6527 3 31060
7739 1 31061
6865 1 31061
7816 3 31063
5651 4 31063
2751 5 31064
685 2 31064
8657 4 31065
6974 5 31066
1508 4 31066
1721 1 31068
1430 5 31070
6069 5 31072
9974 4 31073
4186 1 31074
7862 2 31075
3606 2 31075
2415 3 31076
1494 2 31076
6918 5 31077
4673 4 31077
8917 2 31079
676 1 31079
3621 1 31080
3816 2 31081
4082 5 31082
596 1 31082
5611 1 31083
3947 2 31084
3720 2 31085
3018 2 31088
817 3 31088
8716 1 31089
6704 5 31089
1218 1 31090
5670 2 31090
6682 5 31091
9244 4 31091
4992 2 31093
9039 3 31093
4128 1 31094
4264 4 31094
6840 4 31095
1523 5 31095
6045 2 31097
3662 1 31097
4538 4 31099
7064 5 31099
9331 1 31101
3600 3 31102
3338 5 31102
8906 5 31103
1110 4 31103
6981 2 31106
1236 1 31108
3615 2 31112
2605 1 31113
2822 1 31114
793 3 31115
607 1 31115
4439 4 31116
9582 5 31116
4357 3 31117
338 3 31118
9620 1 31118
1493 2 31121
6543 4 31121
9101 5 31123
5334 1 31123
5165 2 31124
6122 1 31126
8157 5 31128
9883 1 31128
1717 5 31129
2994 5 31129
2253 5 31130
3321 2 31130
7877 2 31133
9933 5 31134
7877 1 31136
8676 4 31138
5650 3 31139
149 2 31140
2033 4 31141
6668 4 31141
6186 2 31144
2875 3 31144
2925 4 31147
4060 4 31149
7034 1 31149
2354 5 31150
775 1 31150
2594 5 31151
7276 2 31152
2908 2 31153
6231 5 31153
8877 5 31154
9972 4 31154
1860 5 31157
724 1 31157
3463 3 31158
5390 5 31159
649 4 31159
3660 5 31160
1687 5 31160
6778 5 31162
9400 2 31163
9725 1 31163
108 1 31167
3576 1 31168
7295 3 31168
3816 4 31170
1726 2 31170
7815 1 31172
2118 4 31173
4667 5 31173
8023 5 31174
1424 5 31176
6141 4 31177
6003 4 31177
3162 4 31178
4311 1 31178
4143 3 31179
1344 1 31179
5052 2 31180
8072 1 31180
4371 4 31181
7824 1 31184
3068 4 31188
5308 5 31188
6102 3 31189
3042 4 31189
8759 1 31190
4995 2 31190
521 2 31192
2317 2 31192
3417 2 31193
1482 1 31196
6988 4 31196
6193 4 31197
3394 1 31199
3735 2 31200
8195 4 31200
3744 5 31201
9044 3 31201
3417 3 31202
2244 3 31204
3009 2 31205
8831 4 31205
4348 4 31206
1204 5 31206
4317 2 31216
7453 1 31216
5697 4 31219
3522 5 31220
7833 3 31221
5680 5 31221
6367 2 31222
3801 5 31222
2131 5 31223
2672 5 31225
1154 4 31225
222 5 31226
7165 5 31226
8928 2 31228
3236 5 31232
5923 5 31234
9702 2 31234
8419 3 31235
4200 3 31236
4743 2 31237
8899 5 31238
2812 2 31238
2244 5 31240
5824 4 31242
5761 1 31243
1872 4 31243
7169 2 31247
8723 2 31248
4201 3 31252
4481 4 31252
80 1 31253
8271 3 31253
7049 4 31254
8774 2 31254
8123 5 31256
7853 2 31256
8068 4 31257
9928 3 31257
2844 4 31258
8174 2 31258
3323 1 31259
3868 5 31259
1113 2 31261
9680 3 31261
7358 5 31262
7259 4 31266
7910 5 31266
5899 2 31267
6914 1 31267
7837 3 31268
8133 5 31269
5965 3 31276
8962 2 31278
6273 1 31279
957 3 31279
4092 5 31280
5841 4 31281
1620 2 31281
4166 2 31282
3367 5 31282
8134 2 31283
8987 1 31283
4606 4 31284
2635 4 31287
482 4 31290
1888 4 31290
8302 2 31292
9562 1 31293
1424 4 31293
2384 2 31294
5672 3 31294
2850 2 31295
7228 2 31295
7066 1 31296
3588 3 31297
2297 5 31298
914 4 31299
1616 1 31299
9544 4 31301
5841 2 31302
2464 1 31304
5011 5 31304
328 5 31305
4328 1 31305
6672 5 31306
598 4 31306
825 2 31307
295 4 31307
9985 1 31308
3464 3 31310
8835 1 31310
6585 1 31313
7108 3 31313
4257 2 31314
3283 3 31314
8248 2 31315
7618 4 31315
2548 5 31316
6764 1 31317
7963 5 31317
6349 2 31318
4707 5 31319
6233 5 31319
8698 3 31320
1659 3 31320
6640 1 31321
4477 5 31323
3345 4 31324
9083 4 31324
6152 1 31325
4250 1 31325
5470 3 31326
4793 3 31326
7917 1 31327
693 4 31327
9164 5 31329
7762 1 31329
5429 2 31330
8714 4 31333
4493 4 31333
6942 2 31335
6614 2 31336
8354 1 31336
2298 1 31338
8930 5 31338
1150 3 31340
9018 4 31340
1519 1 31341
9193 3 31342
4856 5 31343
4247 5 31343
2814 5 31344
6881 2 31346
5675 1 31346
444 1 31348
4406 3 31350
6385 1 31351
2331 1 31351
805 1 31352
5316 3 31353
8187 4 31353
1111 3 31355
3802 2 31356
889 2 31356
6674 1 31357
3659 4 31358
1033 3 31360
3346 1 31360
9569 1 31361
5285 3 31361
1949 4 31362
2938 5 31366
7542 2 31366
481 5 31367
5108 1 31367
1920 3 31369
8139 2 31371
4 5 31373
3653 4 31373
5584 4 31375
2484 2 31376
5335 1 31376
4226 1 31377
56 5 31377
9579 2 31378
1436 5 31378
9807 1 31379
9413 4 31379
3796 5 31380
4525 5 31381
9138 4 31381
8808 4 31382
2829 4 31383
2539 3 31383
2902 2 31385
5911 4 31386
1128 4 31387
7535 1 31387
7251 5 31390
8129 4 31391
5087 1 31392
2433 1 31392
4354 5 31393
5882 3 31394
6352 1 31394
2433 3 31395
1618 5 31395
6158 5 31399
6679 5 31400
8657 2 31400
1190 2 31401
6264 2 31401
874 5 31404
3136 2 31406
9049 1 31406
670 3 31407
3633 3 31407
869 2 31408
897 4 31408
8802 4 31409
3697 1 31409
9407 4 31410
9449 2 31410
7319 2 31411
6028 3 31411
6955 5 31413
6489 4 31414
6222 5 31414
8614 1 31416
3799 1 31416
3425 1 31418
4263 2 31418
791 5 31420
3467 1 31420
2537 1 31421
1054 5 31421
2594 2 31422
2332 1 31422
2735 3 31423
8281 3 31423
8224 3 31424
849 2 31424
325 4 31426
2856 5 31426
4584 4 31427
371 1 31427
4047 2 31428
3332 1 31428
6319 2 31429
9393 1 31429
5918 5 31430
6227 1 31430
9973 5 31432
1070 3 31433
584 4 31434
106 2 31436
3809 2 31437
5613 3 31438
9681 4 31438
3857 5 31441
3211 3 31441
4303 3 31446
2923 3 31448
8848 2 31451
8670 5 31451
6930 3 31452
1782 4 31452
7439 2 31453
6305 5 31453
9418 2 31455
2919 4 31456
9985 5 31456
5568 4 31457
994 3 31459
5955 4 31460
9400 2 31460
997 4 31462
7867 1 31462
9018 1 31463
86 1 31463
4354 5 31466
9407 4 31468
5187 5 31468
3743 3 31469
4097 2 31472
4401 4 31475
8397 5 31475
8224 5 31476
2161 2 31476
6286 5 31477
3757 2 31478
531 1 31479
9689 2 31480
4526 1 31481
6534 3 31481
9664 4 31483
127 3 31483
7120 4 31484
2609 4 31484
8971 4 31485
3816 1 31485
2696 1 31486
4520 1 31486
9043 2 31487
4011 4 31487
7420 2 31492
1138 5 31492
8447 5 31493
9810 2 31493
5057 1 31494
6189 5 31495
5202 2 31496
6669 2 31496
3248 2 31498
6079 1 31498
1676 3 31499
8065 4 31500
1928 1 31500
2569 3 31501
104 2 31502
6980 1 31502
3872 1 31503
3259 2 31506
3386 1 31507
4271 2 31509
2425 1 31509
4007 2 31510
4526 2 31510
8774 3 31511
6143 2 31511
6225 1 31512
9996 2 31513
6342 2 31514
7709 2 31514
1528 1 31516
5856 5 31519
5545 3 31520
396 1 31521
4876 2 31523
4031 5 31524
3076 1 31524
3407 2 31525
4817 2 31525
6958 1 31526
7970 5 31528
7650 1 31531
4446 2 31532
7033 3 31533
2948 3 31533
7340 3 31535
5123 3 31536
4237 3 31536
2969 3 31539
9523 2 31540
95 4 31541
6795 2 31542
6731 3 31542
6110 3 31543
5496 4 31545
4842 3 31546
1237 1 31546
7037 3 31547
8549 1 31547
4358 3 31548
1004 4 31548
4711 5 31549
6707 5 31550
6566 5 31551
767 3 31551
9503 1 31553
761 5 31553
6092 5 31554
1264 4 31554
8228 5 31555
1358 4 31556
3741 4 31556
487 4 31557
4492 5 31557
3051 3 31559
9720 3 31560
3267 1 31560
4570 5 31561
9108 2 31562
1629 1 31563
8584 1 31563
572 5 31565
7640 3 31565
4867 1 31566
7858 1 31566
8361 4 31567
3942 4 31568
9151 3 31568
8713 2 31569
2810 4 31569
9843 5 31571
2320 4 31572
9533 3 31573
3365 4 31573
3300 1 31574
4405 5 31574
2734 5 31576
617 4 31577
8766 1 31577
1672 2 31578
1720 5 31578
2748 5 31580
8803 3 31583
4964 4 31583
1195 1 31584
1030 1 31585
8328 3 31586
8675 1 31587
7833 1 31587
922 1 31588
7703 3 31589
2124 2 31590
2805 4 31590
7029 1 31591
3334 5 31591
4882 2 31592
663 5 31592
1710 4 31593
2349 5 31593
2639 4 31595
5374 4 31597
999 5 31598
1744 1 31600
3669 1 31601
4266 3 31601
4951 5 31604
4051 3 31604
2071 2 31605
1608 2 31605
4629 2 31606
9937 1 31606
3672 4 31609
1605 5 31613
6158 5 31613
7048 5 31615
6231 5 31616
8060 3 31617
6173 3 31618
3019 1 31619
7874 2 31620
6148 2 31621
4181 4 31621
9329 5 31622
6313 2 31626
997 3 31628
5371 2 31628
7921 1 31629
8392 4 31630
6984 4 31630
9805 4 31631
2934 3 31631
1788 2 31632
6523 2 31633
2026 1 31634
9913 4 31635
9284 3 31637
240 2 31637
7511 4 31638
2038 1 31638
6239 1 31641
1778 5 31641
5456 2 31643
1013 2 31643
9610 5 31645
3771 1 31645
4654 3 31646
8208 4 31646
513 5 31647
8735 2 31647
7965 3 31648
9095 3 31648
8455 2 31649
2414 5 31649
7868 5 31650
1272 3 31651
6698 3 31653
8278 5 31653
3828 2 31654
1343 3 31656
5317 2 31657
4544 2 31657
403 5 31658
6334 5 31660
6433 1 31661
4060 4 31661
4351 1 31662
8691 3 31662
8825 1 31663
1582 1 31663
4359 3 31664
1554 1 31666
2614 4 31666
7902 1 31667
7337 1 31667
2819 5 31668
7846 5 31672
8968 5 31672
3663 2 31673
8479 2 31677
5708 2 31678
2346 5 31679
561 4 31680
3697 1 31681
9870 2 31681
6522 4 31682
4502 2 31682
404 3 31685
3984 3 31686
6957 5 31687
877 5 31688
1928 4 31688
5356 2 31691
9213 2 31692
3740 5 31692
999 4 31693
6736 3 31693
9863 5 31694
7130 3 31697
7230 2 31697
1432 2 31698
1146 1 31698
975 4 31699
560 2 31701
8973 5 31702
1066 1 31702
2049 3 31703
8781 3 31703
4017 2 31707
8538 3 31707
9156 1 31708
794 3 31708
571 1 31710
5018 3 31710
8777 2 31711
4100 2 31711
7996 2 31712
893 4 31715
4347 2 31716
2075 1 31716
3276 1 31717
9695 4 31717
613 1 31718
9914 3 31721
6635 3 31723
8972 2 31725
7440 2 31726
4245 1 31728
5915 5 31729
4814 5 31729
4033 5 31730
6764 3 31731
2272 5 31731
9450 5 31733
4740 3 31733
9494 3 31734
2361 3 31738
9772 4 31740
7281 1 31740
9203 4 31742
4139 1 31743
5647 5 31744
9999 3 31744
7520 1 31745
9575 2 31746
8273 1 31746
6985 2 31748
7617 5 31748
5695 4 31751
3661 5 31752
457 5 31753
7685 1 31754
5373 5 31754
6520 2 31755
1020 5 31756
2774 2 31756
1118 5 31757
2424 4 31757
427 4 31758
2116 3 31758
4999 2 31763
4070 4 31763
5001 1 31764
6990 1 31764
9908 2 31765
5598 4 31765
3094 3 31766
2448 4 31767
6814 3 31767
4880 5 31768
5254 5 31769
1939 5 31769
9329 5 31770
1767 2 31770
2131 4 31771
453 1 31771
8794 5 31772
4831 2 31772
1790 1 31773
1236 2 31773
7120 1 31777
5579 3 31778
1788 3 31780
1574 1 31781
2294 4 31784
5104 3 31784
5294 2 31785
8795 5 31785
2356 1 31786
7304 2 31789
4176 5 31791
3052 1 31791
8653 5 31793
4271 2 31794
4876 4 31796
9549 3 31797
6670 2 31797
2089 3 31799
6305 2 31800
3056 1 31800
5447 3 31803
4485 5 31803
3173 3 31805
6012 3 31805
558 4 31807
3740 2 31811
7083 3 31811
2944 5 31813
4885 4 31813
2466 2 31816
5742 4 31816
3582 1 31817
3696 3 31819
522 5 31819
4891 2 31820
8110 1 31821
5928 3 31822
2698 2 31824
5428 3 31824
8251 5 31825
5932 1 31827
7029 2 31828
4188 3 31829
5100 2 31829
5870 1 31830
1022 4 31830
9174 3 31835
7805 4 31835
6644 2 31836
2384 3 31838
6711 5 31838
5472 4 31839
2176 1 31841
8578 3 31842
3334 1 31842
6090 1 31845
2060 1 31847
7378 4 31849
7934 3 31849
1053 1 31851
771 1 31851
7745 4 31852
53 4 31852
4687 3 31853
8041 5 31853
7288 4 31854
6460 2 31854
5282 4 31858
3834 4 31858
5126 5 31862
5024 5 31862
7681 1 31863
8732 5 31864
852 3 31864
5244 1 31865
2388 2 31866
7583 1 31867
5520 1 31867
356 2 31868
387 2 31868
1510 4 31870
5297 5 31870
8671 4 31872
8351 5 31872
3946 3 31873
2780 3 31875
4733 3 31876
2604 4 31877
1329 2 31877
4148 5 31878
5305 3 31878
4551 1 31879
5465 2 31881
9897 3 31881
4388 3 31883
5657 2 31883
7319 4 31884
2665 5 31884
6447 4 31885
6991 1 31885
8064 1 31886
9489 3 31887
7613 4 31888
2837 5 31888
6020 5 31889
7423 3 31889
398 1 31891
5097 3 31891
1193 2 31892
110 1 31893
7422 1 31893
5214 4 31894
8541 1 31896
9043 1 31897
2703 4 31898
3553 3 31900
8471 4 31901
9404 2 31902
720 3 31902
7448 4 31904
6484 2 31904
2070 5 31905
2462 1 31905
6472 5 31906
3009 2 31907
8607 2 31908
7845 4 31911
8189 4 31911
4922 1 31913
6268 2 31913
3006 3 31915
2787 3 31915
6858 3 31916
4221 3 31916
2847 5 31917
9596 5 31917
176 3 31918
1680 4 31918
9453 1 31919
1647 5 31920
2347 1 31922
5099 4 31922
3612 1 31923
4189 5 31923
834 1 31924
49 1 31924
5361 1 31925
2572 5 31926
4776 4 31928
5028 4 31928
5042 1 31929
3035 1 31932
1539 1 31932
8021 5 31934
4773 1 31934
8234 5 31935
485 1 31936
9358 4 31936
9027 3 31938
5209 2 31938
4545 5 31940
8572 2 31940
1605 4 31943
9447 4 31943
9486 2 31944
9023 4 31944
1608 1 31946
1953 5 31946
6269 4 31947
1074 5 31948
6898 3 31948
8650 3 31949
3542 5 31950
7769 2 31950
2388 2 31952
7688 3 31954
1270 3 31955
2660 5 31956
5304 1 31956
6091 2 31958
5656 4 31958
1995 1 31959
2238 5 31959
4052 2 31960
7210 4 31962
9242 3 31964
635 4 31965
4089 4 31965
9722 2 31966
1861 2 31967
5386 5 31967
2557 5 31968
8375 1 31968
9803 2 31969
7055 5 31971
8989 3 31972
6670 1 31972
9785 3 31973
5807 5 31973
1794 2 31976
4027 3 31977
8622 5 31977
6378 1 31978
5955 5 31981
7643 1 31982
8761 5 31982
2638 2 31984
926 1 31986
6958 5 31986
8641 2 31988
5868 5 31988
400 3 31990
597 4 31990
1033 4 31991
6433 4 31991
6650 4 31994
3305 3 31995
135 5 31996
5145 1 31997
7678 3 31999
3963 4 31999
2272 1 32000
1220 2 32002
6459 2 32004
3442 4 32008
1963 5 32010
8095 4 32010
4442 3 32011
410 5 32011
5327 4 32012
93 2 32012
6992 4 32014
546 5 32016
1248 4 32017
2310 5 32018
5356 4 32019
1757 1 32019
1597 2 32020
872 4 32020
7200 1 32022
4812 4 32024
4231 3 32024
259 2 32025
8760 3 32025
6537 4 32027
4510 2 32027
673 3 32028
8141 3 32028
1022 3 32030
5081 5 32032
1086 1 32032
7427 4 32033
4069 5 32033
5530 1 32034
2301 1 32034
813 3 32040
4979 4 32040
3312 3 32041
3514 2 32042
25 5 32043
5028 4 32043
9061 3 32044
8454 5 32045
1267 5 32046
6304 3 32046
9487 5 32047
3877 5 32047
8206 2 32049
9631 4 32049
1053 1 32050
2109 1 32052
7346 1 32053
8398 4 32053
6048 3 32054
9244 3 32055
6630 1 32055
4385 3 32056
3135 5 32057
3324 2 32057
1560 4 32058
1249 1 32058
3546 2 32059
2327 2 32060
5403 5 32060
1930 1 32061
562 3 32062
5660 3 32062
1694 3 32063
6997 3 32064
3210 5 32066
1184 1 32067
2149 4 32067
2447 5 32068
402 2 32070
5658 2 32070
5371 5 32071
834 3 32071
7298 1 32072
4935 3 32072
3420 1 32073
9771 1 32073
8672 4 32075
4585 1 32075
3997 1 32076
5637 5 32077
9400 4 32077
5493 5 32078
7177 5 32080
5848 3 32080
9805 4 32081
8686 2 32081
1163 5 32083
2386 3 32083
608 5 32084
4758 5 32084
8488 3 32087
2293 2 32090
7452 5 32092
2679 5 32093
783 1 32094
190 1 32096
6466 2 32097
9540 5 32098
3044 5 32102
8965 2 32102
7798 3 32103
2071 1 32103
8545 2 32104
408 2 32104
158 5 32105
7555 2 32106
500 1 32106
7804 3 32108
198 1 32109
3775 4 32109
6981 3 32110
6150 2 32110
5790 3 32114
794 3 32114
4031 3 32116
9698 5 32116
372 4 32117
9247 5 32118
2626 5 32118
8840 3 32119
2945 3 32120
2093 3 32120
3696 4 32121
2458 3 32121
1836 3 32122
4717 3 32122
9939 2 32123
6872 3 32123
2310 3 32124
3159 3 32124
3782 3 32125
8101 5 32126
498 1 32127
3651 2 32128
5472 4 32128
5314 1 32129
7691 2 32129
6856 2 32132
5937 4 32134
7562 1 32134
1845 2 32135
9119 5 32136
9719 5 32140
151 1 32142
403 5 32142
2526 3 32143
7972 4 32143
5148 5 32145
3264 3 32145
5057 5 32146
1745 4 32147
1000 5 32147
462 5 32149
6098 4 32150
6318 2 32150
5271 4 32151
1746 4 32151
3427 5 32152
6299 4 32152
3168 1 32153
9490 3 32153
5983 3 32154
1178 2 32155
6400 4 32155
4239 1 32159
5810 4 32159
4827 4 32160
4270 4 32161
4979 2 32163
3739 2 32165
6115 2 32166
5489 4 32167
4609 2 32167
4786 5 32169
6782 5 32170
7333 4 32171
3494 1 32171
1046 4 32172
6588 2 32172
7178 2 32175
1869 4 32175
4374 2 32176
4101 4 32176
4875 2 32181
2007 4 32182
9655 3 32182
6549 3 32183
6921 4 32186
8479 2 32186
3494 1 32187
8469 3 32191
9387 3 32192
8915 1 32192
6877 5 32195
4720 1 32196
1036 1 32196
4582 5 32198
2405 3 32201
5805 1 32202
164 1 32202
7662 4 32206
6272 3 32208
6680 2 32210
5710 1 32212
2477 5 32213
4010 3 32213
9921 5 32214
6324 2 32214
6856 2 32215
2306 1 32216
4224 1 32217
4496 5 32217
54 4 32218
5405 2 32222
7589 1 32224
6053 5 32224
2747 3 32225
509 4 32227
355 2 32229
8387 5 32229
7534 4 32232
7772 5 32232
7801 1 32234
3472 2 32234
8052 5 32235
6777 2 32236
588 4 32236
8506 4 32238
6239 3 32239
2425 3 32240
7439 2 32241
222 3 32243
5553 5 32244
99 5 32244
201 5 32246
7252 2 32246
8900 1 32247
6616 1 32248
8785 2 32248
3128 1 32251
3243 1 32251
3171 2 32253
4374 2 32253
6854 2 32254
4393 4 32255
3138 3 32255
442 3 32256
1103 3 32257
5462 5 32258
3242 5 32259
8096 3 32259
9078 4 32260
1058 1 32261
2471 4 32262
9948 5 32263
1086 5 32266
9884 4 32266
8748 4 32267
3531 1 32268
411 3 32268
2700 2 32271
6445 1 32271
8345 4 32272
243 5 32275
9697 5 32276
5029 3 32276
525 2 32278
3233 2 32279
4678 1 32281
5142 5 32281
3570 2 32282
3031 3 32282
566 1 32286
4595 2 32288
8884 3 32290
4707 2 32290
934 5 32291
4466 2 32292
682 4 32292
5259 2 32293
8799 2 32293
5371 2 32295
7776 3 32295
7309 4 32297
7809 1 32297
2009 5 32299
5546 2 32300
7425 3 32301
4812 3 32302
9832 5 32302
9044 5 32303
6866 4 32303
1129 1 32304
6709 4 32304
2615 4 32309
5632 5 32309
9870 1 32310
5770 3 32310
6153 5 32312
5529 3 32312
3980 2 32313
7838 4 32313
2541 5 32314
5852 1 32314
9852 3 32315
9414 4 32315
3815 4 32316
8218 4 32317
7843 2 32317
541 3 32318
1087 4 32318
6634 4 32319
2600 3 32320
4746 5 32326
8480 5 32326
8329 4 32327
1653 5 32328
1911 4 32330
8230 4 32330
5054 1 32331
919 2 32331
2733 2 32332
7183 2 32333
7854 2 32333
302 1 32335
2412 2 32336
8386 2 32336
5162 1 32337
8945 5 32337
6310 2 32342
2710 5 32342
3495 3 32343
5680 1 32343
6103 4 32344
520 2 32345
6389 1 32345
9632 5 32346
5797 5 32346
2011 2 32347
5826 5 32348
7926 1 32350
3168 4 32351
9924 4 32351
8630 5 32352
1556 5 32354
5439 4 32354
7046 5 32359
2090 4 32360
7416 3 32360
8771 3 32361
5298 1 32361
7471 1 32363
1499 1 32364
5181 5 32365
139 5 32365
4347 1 32366
1074 2 32366
8281 2 32367
2449 1 32367
4118 2 32370
5720 2 32370
434 3 32372
9892 3 32373
2326 2 32376
8121 3 32377
2984 1 32378
7983 5 32379
550 2 32379
6873 4 32380
3501 5 32380
4363 4 32383
8482 4 32383
7517 4 32384
4422 1 32384
7592 5 32386
9770 3 32388
5754 5 32388
7290 3 32389
6922 5 32390
9208 1 32391
5385 2 32393
5133 3 32395
387 2 32396
340 5 32397
1174 5 32398
9339 5 32398
951 1 32400
6334 4 32400
8393 3 32401
2534 3 32402
7106 5 32403
7191 4 32405
959 2 32405
8198 1 32406
1871 4 32407
3122 1 32408
1960 5 32408
3744 3 32409
1899 5 32411
9883 3 32411
7092 4 32413
55 5 32414
1762 2 32415
2523 5 32416
8773 4 32419
6118 3 32420
8407 5 32423
4886 2 32424
4032 2 32426
608 1 32426
3267 4 32427
3633 4 32428
9188 2 32429
7935 2 32430
4151 2 32431
6275 1 32431
2530 3 32433
3062 5 32433
8704 3 32434
4868 3 32434
6335 5 32435
5536 2 32435
4751 2 32436
4687 4 32437
6451 2 32438
1261 2 32438
6821 5 32439
168 3 32440
8592 4 32440
2278 3 32443
1846 2 32443
116 1 32445
7057 5 32446
1184 1 32447
5768 5 32449
2159 2 32453
4684 4 32453
99 4 32456
7559 3 32456
7196 2 32457
3326 5 32457
4079 4 32458
4298 3 32458
9047 5 32460
982 3 32463
5878 1 32464
3082 2 32464
3416 2 32465
4242 4 32465
5455 4 32467
8509 4 32468
6800 3 32470
7328 1 32474
3940 2 32474
8633 4 32475
4939 5 32476
730 3 32476
9729 1 32477
3458 1 32478
5566 3 32478
9400 1 32479
5393 2 32480
2988 2 32481
3110 3 32482
5988 1 32482
2076 1 32484
4045 1 32485
4984 5 32485
7654 3 32486
3300 5 32486
5258 4 32488
8182 4 32488
3750 3 32490
5384 4 32491
9223 3 32492
6139 2 32492
9481 2 32495
5017 5 32495
4030 2 32496
819 4 32497
1285 3 32497
2411 5 32499
5050 1 32499
8147 3 32500
2670 1 32500
4334 1 32501
6806 1 32502
7610 3 32503
8341 1 32503
1580 4 32504
6694 4 32504
8041 1 32507
804 2 32509
7668 2 32509
4273 4 32511
108 3 32511
8357 4 32514
6180 1 32514
7594 1 32515
3992 5 32515
9411 2 32516
3604 5 32516
9421 2 32517
3107 2 32517
4912 5 32520
4445 3 32520
4408 1 32521
6562 2 32525
6226 3 32527
9922 2 32527
8664 4 32528
5347 3 32528
5936 1 32530
5864 4 32530
45 3 32531
6384 2 32531
9314 2 32532
8656 1 32532
291 4 32534
807 2 32534
5149 5 32535
1904 4 32535
2261 5 32536
5274 3 32536
5387 1 32537
9815 5 32538
4099 3 32538
1494 4 32539
6139 1 32541
9429 1 32542
324 5 32543
8569 1 32544
9297 2 32544
7672 5 32545
7625 3 32545
822 4 32546
7977 2 32546
7228 3 32548
9937 5 32549
5782 4 32551
8248 4 32551
9950 1 32554
8684 2 32558
7373 1 32558
4157 5 32559
7995 2 32560
5410 3 32560
9163 1 32561
4724 2 32562
6254 4 32563
4842 5 32564
1545 4 32565
1285 2 32565
3149 1 32566
2461 1 32567
654 1 32569
211 4 32569
5736 5 32570
3133 5 32571
9631 3 32573
9647 1 32573
4987 4 32574
8955 3 32577
1536 1 32577
9085 5 32578
2957 3 32579
6407 2 32579
9955 4 32582
5960 4 32583
6802 3 32584
7663 4 32585
2836 4 32585
2467 5 32587
9811 5 32587
2302 3 32588
3915 4 32588
8764 1 32591
6619 3 32592
1420 1 32592
4582 3 32593
1964 2 32595
5526 2 32595
2121 1 32596
3065 1 32596
1159 2 32597
7649 4 32597
7925 4 32599
4346 1 32599
2544 2 32605
3777 4 32606
5464 5 32606
9110 4 32607
6932 3 32607
5720 3 32608
7735 1 32609
2039 1 32612
6446 3 32612
628 5 32613
4856 1 32615
3408 2 32616
191 5 32617
1236 5 32618
8552 4 32619
2261 2 32620
2779 4 32620
7137 2 32621
6816 2 32622
5504 4 32625
7227 3 32626
9043 1 32627
1558 3 32627
8544 1 32628
6902 3 32628
8771 3 32629
2855 5 32629
6866 2 32630
9093 3 32630
2550 5 32632
7929 3 32633
9831 3 32634
9140 4 32636
9220 4 32637
8856 5 32637
7055 2 32639
9422 3 32643
4801 1 32644
6102 4 32646
9623 4 32647
6666 3 32648
8294 3 32649
3775 2 32649
6254 4 32650
6513 3 32651
3228 3 32651
7553 1 32652
5239 3 32652
9497 2 32653
4615 1 32654
4622 1 32654
2232 1 32656
8176 4 32658
5719 2 32658
1106 2 32659
3851 5 32659
7652 4 32660
9227 3 32660
3624 2 32666
8878 1 32666
7399 5 32667
4910 3 32668
4081 3 32668
201 5 32671
7245 5 32673
4307 5 32673
2649 1 32675
1846 5 32677
7149 3 32677
5942 4 32678
8914 2 32681
8931 2 32681
4493 2 32683
4996 4 32683
5644 2 32685
4491 4 32685
3396 5 32689
7714 4 32689
4696 3 32691
9957 1 32691
3152 4 32693
3823 3 32693
2369 4 32694
2953 1 32695
7274 2 32699
4532 1 32699
1401 5 32701
8709 1 32703
1974 3 32703
1568 5 32706
8604 5 32708
8728 5 32709
3325 2 32709
4499 2 32711
7508 1 32712
9653 1 32713
8793 3 32715
5994 4 32715
4688 2 32716
7641 2 32718
6401 3 32719
1545 3 32719
4195 4 32720
4831 5 32720
9547 5 32721
353 1 32721
5680 3 32722
5755 1 32722
1305 5 32723
8005 5 32723
4543 5 32725
3918 2 32725
1326 5 32728
5907 4 32729
2683 5 32730
3775 1 32730
6202 1 32732
9357 4 32733
6855 2 32736
1157 1 32737
4403 5 32737
4120 2 32738
2490 3 32738
6927 4 32739
3233 2 32739
1204 2 32740
5754 3 32741
4882 2 32743
1586 4 32747
4389 1 32748
6674 4 32749
7446 1 32750
1888 3 32753
2450 4 32753
264 5 32755
3967 5 32755
1200 2 32756
989 3 32757
8390 5 32758
6182 5 32759
9582 5 32760
2288 1 32761
7671 3 32763
6525 5 32763
6097 4 32766
2220 2 32766
2207 3 32767
7200 1 32767
7887 3 32770
5432 1 32770
6842 2 32772
4758 2 32772
2381 2 32773
1926 2 32773
8850 3 32774
5486 4 32776
9118 4 32776
1570 2 32777
4698 4 32778
2346 1 32778
3258 3 32782
1306 1 32782
4910 2 32784
8361 2 32784
8818 4 32786
2878 2 32787
743 4 32788
944 4 32788
6531 2 32790
2537 5 32791
3508 1 32792
9544 3 32792
1126 1 32796
196 3 32796
6734 1 32797
6958 3 32797
1629 3 32800
4665 5 32802
9370 2 32803
1299 2 32803
3129 1 32804
170 3 32805
8130 3 32805
2836 2 32806
9332 3 32806
1476 3 32808
4711 5 32808
5135 4 32809
2037 2 32810
9343 1 32810
4720 4 32813
5402 2 32813
266 1 32814
3849 3 32814
6605 4 32815
3150 2 32815
4496 1 32816
324 4 32818
8677 4 32820
4290 2 32822
998 5 32824
5735 4 32825
7559 3 32825
2953 3 32827
6687 1 32827
6419 5 32828
5742 4 32831
2683 4 32832
8859 2 32832
4130 4 32833
518 2 32834
2636 4 32834
2923 2 32835
6655 2 32836
2899 2 32837
7999 4 32838
184 4 32839
1982 5 32839
5617 4 32840
897 5 32841
3686 2 32843
7492 3 32844
8078 3 32844
9836 2 32845
5429 2 32846
2879 5 32846
1123 5 32847
7987 5 32848
277 1 32848
4986 1 32849
2917 3 32850
8004 2 32850
1136 4 32851
6514 3 32851
511 4 32854
784 3 32855
3789 4 32857
5359 2 32858
987 3 32858
9140 3 32859
8021 4 32861
3112 1 32862
173 2 32862
5261 5 32863
8009 3 32863
1898 2 32865
8344 2 32867
7909 5 32867
7584 4 32868
6994 5 32870
7334 4 32870
911 2 32871
238 5 32872
4409 1 32872
4194 5 32873
3625 3 32874
2037 2 32876
315 1 32877
6158 3 32877
5079 1 32878
2810 1 32879
5747 5 32879
2316 2 32881
2776 3 32881
9181 4 32882
1033 5 32882
7438 1 32884
4095 4 32885
5986 5 32885
1571 3 32886
4964 4 32886
6408 4 32887
5818 2 32889
4233 2 32891
2984 4 32891
2667 2 32893
9767 3 32893
871 5 32895
4764 3 32896
6587 3 32901
2339 1 32903
667 3 32904
1129 3 32906
7047 4 32906
2178 3 32907
5744 3 32908
7926 5 32909
3774 2 32910
9958 2 32910
5412 2 32912
9961 3 32913
4372 1 32914
181 1 32915
2588 4 32915
3687 4 32916
2606 3 32917
9843 4 32917
9040 1 32919
4776 3 32919
2404 3 32920
3183 3 32920
5607 3 32921
7484 5 32922
9800 4 32926
7443 2 32926
3672 3 32928
3655 1 32929
2515 5 32929
1656 3 32930
7735 5 32931
8603 1 32931
9972 2 32932
5156 3 32933
1544 2 32933
1593 5 32936
2621 5 32936
9259 1 32937
3702 5 32938
8760 4 32939
9770 5 32939
3629 3 32941
8240 4 32944
9990 3 32946
9003 3 32946
5426 3 32947
1451 1 32948
7938 4 32950
1640 2 32950
8543 1 32951
1048 2 32951
9608 4 32952
2774 3 32952
3635 3 32954
4799 1 32954
4485 3 32955
3279 5 32956
5421 5 32956
1226 1 32957
7661 2 32957
2929 2 32958
5631 5 32958
4431 3 32959
6266 3 32959
7085 3 32960
3860 4 32961
8984 4 32962
8105 1 32963
1514 2 32964
7 2 32964
786 1 32968
5760 5 32969
7125 5 32969
8040 3 32970
7449 2 32970
4784 1 32971
357 5 32973
9891 5 32974
1296 4 32974
5431 5 32979
3397 2 32980
7715 4 32980
5632 1 32981
8150 1 32981
7043 3 32982
6427 3 32982
6823 5 32984
3317 2 32984
9573 5 32985
3937 3 32987
594 1 32988
3213 3 32989
4322 1 32990
9777 3 32991
2702 4 32991
8626 5 32992
2352 1 32993
696 3 32995
1407 5 32997
3423 4 32997
1470 5 33000
3821 5 33000
8161 1 33001
9013 2 33001
3202 5 33002
6676 3 33002
9677 3 33003
9583 5 33004
465 2 33004
702 4 33005
9702 2 33006
1484 1 33006
9977 3 33007
1918 2 33007
6603 2 33009
2933 2 33010
5758 1 33010
4986 2 33011
305 4 33012
4273 2 33015
8257 3 33018
1939 5 33018
7167 3 33019
90 1 33020
3777 1 33020
7360 3 33021
5455 5 33023
8805 5 33026
2991 3 33026
2349 5 33027
2759 5 33028
910 5 33028
3119 2 33030
9196 3 33031
9515 3 33032
7230 5 33032
3209 1 33035
2044 2 33038
1371 5 33038
9370 1 33039
1700 5 33039
5815 2 33040
8082 2 33041
9350 4 33041
6638 2 33042
9015 2 33045
3934 2 33047
7233 3 33048
6974 2 33049
7352 2 33051
2544 3 33051
3390 4 33053
9392 2 33053
204 1 33054
5113 2 33054
8427 1 33055
1838 1 33056
1941 4 33056
3832 5 33057
665 1 33059
9659 4 33060
4665 4 33061
1541 1 33061
9632 4 33062
2853 3 33064
2990 1 33064
7596 4 33066
1487 1 33067
8182 2 33067
9093 5 33068
8104 5 33068
7150 1 33069
3697 3 33069
7897 1 33071
761 5 33071
4224 1 33073
5560 3 33076
9469 5 33076
3854 5 33077
1739 1 33077
9440 1 33079
8519 3 33080
3483 4 33080
743 4 33081
7685 1 33082
3344 3 33082
8076 2 33083
2307 5 33083
4604 5 33085
2948 5 33085
9048 5 33088
131 3 33088
4970 1 33089
994 1 33089
2687 3 33091
1448 1 33092
3759 5 33092
7549 5 33094
7976 1 33095
1970 4 33096
3459 2 33096
8476 4 33097
2718 1 33097
4287 1 33098
3341 5 33099
8740 3 33100
3800 1 33102
6780 1 33102
5850 1 33107
4976 4 33109
2072 4 33110
2866 5 33111
8356 3 33111
7194 1 33112
4782 1 33113
3909 5 33113
1931 1 33114
6469 2 33115
2198 5 33115
7969 2 33116
7772 3 33116
5244 3 33117
8796 5 33119
7014 3 33119
3527 1 33121
23 4 33123
6426 3 33124
1853 4 33125
9986 5 33125
7944 3 33126
5748 5 33126
3439 2 33127
8563 4 33129
3811 1 33132
8203 3 33133
347 5 33134
7275 1 33135
1427 4 33136
7507 3 33136
7203 3 33138
6186 3 33139
9404 5 33140
6381 1 33140
350 3 33142
6222 1 33146
7186 5 33146
6803 1 33147
4037 4 33148
7475 3 33148
8176 1 33150
339 2 33150
7367 4 33151
4605 5 33151
3629 4 33152
9047 2 33152
9078 4 33155
6472 2 33158
4668 2 33158
6071 4 33159
746 1 33159
558 1 33160
3819 2 33163
5715 4 33163
8681 2 33164
5162 3 33165
926 3 33165
8368 2 33166
8083 4 33166
3056 4 33168
1570 5 33168
9246 4 33171
8557 5 33171
181 4 33172
8363 2 33172
6142 3 33173
7283 2 33174
8714 2 33174
1067 1 33175
4508 1 33176
4120 5 33176
6372 1 33179
3065 2 33180
2884 4 33181
5704 4 33181
5401 1 33182
9152 4 33183
5060 3 33183
6297 1 33185
3150 5 33185
2377 2 33186
2635 4 33186
9480 2 33187
730 3 33187
5223 4 33188
5699 4 33190
7178 3 33190
378 1 33191
2437 3 33193
1803 1 33193
3390 2 33194
4050 5 33195
9935 4 33196
9043 5 33196
9578 4 33197
8602 3 33198
5465 2 33199
3765 1 33200
2523 5 33202
281 2 33203
9570 1 33203
1412 4 33204
7732 4 33204
7674 1 33205
4996 3 33206
2453 1 33211
3914 2 33212
3178 5 33212
4191 5 33213
4275 5 33213
9269 1 33214
2465 2 33216
5334 2 33217
1200 1 33218
9019 4 33218
8854 5 33219
1191 4 33219
9061 5 33220
6471 5 33221
2772 5 33221
5733 1 33222
4752 1 33222
9532 5 33223
7025 1 33223
3970 2 33224
1278 5 33225
3489 4 33226
4753 2 33226
2461 5 33227
8299 1 33227
3317 2 33228
7557 1 33229
9182 1 33231
8603 4 33231
899 4 33232
2740 5 33232
6243 2 33233
1909 1 33233
4642 5 33235
6717 3 33237
7418 1 33237
8590 3 33238
8635 2 33238
378 3 33240
7171 3 33241
8500 4 33242
6754 1 33242
2500 4 33243
5384 3 33243
9278 5 33244
9406 3 33246
4365 5 33246
3718 5 33247
7100 5 33248
4624 2 33249
2779 4 33250
166 3 33251
151 2 33252
5176 1 33252
8637 2 33253
9380 4 33253
6028 2 33254
6737 4 33256
291 2 33257
4070 3 33257
6324 4 33259
1348 4 33259
136 4 33261
6570 3 33263
758 4 33265
5569 3 33266
7940 1 33266
6150 5 33267
401 1 33267
4222 1 33268
5604 3 33268
6834 1 33270
9380 2 33270
1471 5 33271
1372 4 33271
8871 4 33272
7700 5 33273
885 5 33274
7477 1 33274
315 1 33275
4439 1 33276
3945 3 33276
3873 2 33277
699 4 33278
2614 5 33278
6450 1 33281
8377 1 33282
3019 3 33282
7725 1 33283
1861 4 33283
5524 3 33287
3909 2 33287
5185 5 33290
7608 4 33291
2604 2 33291
6988 5 33293
5230 4 33294
6266 4 33295
2671 1 33295
9816 5 33296
1526 4 33297
5169 1 33297
8861 4 33298
7744 5 33298
6257 5 33299
2435 3 33300
2180 2 33300
5840 4 33303
6614 2 33304
8805 4 33305
7019 1 33306
3681 3 33306
8280 2 33307
7782 2 33307
8560 1 33308
2541 4 33310
7506 3 33312
4130 2 33313
9267 2 33314
7843 4 33315
1190 2 33316
5608 4 33317
3963 5 33317
4323 2 33318
2943 1 33319
7440 4 33319
829 1 33320
519 2 33320
3494 3 33323
3505 5 33323
9774 3 33327
4234 3 33327
434 3 33328
1426 2 33328
5566 4 33330
8831 3 33330
6830 5 33335
3218 4 33337
6640 2 33337
9811 5 33338
9191 1 33340
1994 2 33341
964 4 33341
5955 1 33342
2790 3 33343
8628 4 33344
423 1 33346
8920 4 33346
5353 1 33347
5623 4 33348
8853 5 33349
9632 3 33349
3138 1 33351
4666 4 33351
4195 3 33353
6072 3 33356
485 5 33358
9645 1 33359
7088 1 33359
3784 2 33360
6937 2 33361
1304 2 33361
7286 1 33362
626 3 33362
7605 4 33363
1084 2 33366
6251 4 33366
2788 2 33367
4669 1 33367
3138 4 33369
1084 5 33369
3037 3 33370
6033 2 33370
4908 3 33373
3639 3 33375
1373 3 33376
6513 1 33381
8122 2 33382
6974 5 33384
6070 3 33384
8873 4 33386
6833 4 33387
4210 5 33387
1084 1 33388
3315 2 33389
9614 1 33389
212 2 33390
5947 3 33391
3073 3 33392
6688 2 33392
2413 4 33393
8785 5 33395
6170 2 33397
1836 5 33397
615 4 33402
1235 1 33404
7483 2 33404
575 3 33405
9584 5 33406
5887 5 33406
2113 1 33407
4331 1 33407
5738 2 33408
872 4 33410
4549 1 33411
4387 4 33411
5269 4 33414
4208 1 33415
5432 5 33415
410 4 33416
7220 3 33416
5028 5 33417
3214 5 33418
9889 4 33418
3415 4 33419
1090 2 33419
2273 5 33422
7287 4 33422
4287 3 33423
3710 5 33423
3216 3 33425
648 5 33425
1095 3 33426
5375 3 33426
7610 2 33427
3742 3 33428
6703 1 33428
7681 4 33429
1742 3 33430
7709 1 33430
3558 2 33431
6151 4 33434
109 3 33434
4782 2 33435
8126 1 33435
722 3 33436
3871 3 33436
5109 5 33437
903 3 33437
6316 1 33438
595 1 33439
320 3 33440
7722 4 33440
4964 1 33441
6216 1 33441
8002 2 33444
6703 5 33446
4919 2 33448
8605 1 33448
8467 4 33450
2925 3 33450
203 4 33453
5836 4 33453
1543 2 33455
5693 1 33456
5511 3 33456
7558 3 33457
7594 5 33458
4191 1 33459
885 1 33459
114 5 33460
9284 2 33462
7257 1 33463
1706 1 33464
1869 2 33465
7398 4 33465
651 3 33466
5246 1 33466
2724 5 33467
3179 1 33467
6637 1 33470
1913 4 33471
4764 5 33473
2056 2 33473
7964 1 33475
950 5 33476
1710 1 33477
5796 3 33477
4631 5 33478
2835 1 33479
3257 2 33479
6442 2 33480
865 3 33480
4528 3 33481
3868 3 33482
957 4 33482
9082 1 33483
1604 5 33484
8758 2 33485
6546 3 33486
8102 1 33487
8454 4 33488
5394 5 33492
7949 2 33493
5922 5 33493
2781 2 33494
1844 2 33494
1907 1 33495
5325 3 33495
5453 1 33498
2300 5 33501
4912 1 33501
1867 1 33503
1634 1 33504
77 5 33506
8992 4 33506
1715 1 33507
5740 2 33507
1983 1 33509
9628 1 33510
9956 2 33511
3586 4 33514
4739 2 33515
8783 5 33516
6829 4 33516
1545 5 33517
3928 2 33518
7659 3 33520
2037 3 33521
6878 3 33521
5230 2 33524
351 4 33524
2484 5 33525
1743 5 33526
3840 1 33529
210 1 33529
8791 5 33532
5452 1 33532
8055 1 33533
2 2 33533
3753 2 33534
6160 3 33534
2752 4 33535
879 2 33535
9976 4 33538
779 3 33538
9909 4 33540
5471 2 33540
3507 2 33541
7104 3 33544
1406 2 33544
1303 3 33547
6538 5 33547
9579 2 33548
6160 4 33548
9913 1 33549
8324 4 33549
4932 3 33550
4822 3 33551
177 1 33551
8653 3 33552
1731 1 33554
6437 2 33556
3182 1 33556
782 2 33557
9660 2 33558
9891 4 33561
8759 2 33561
4415 5 33564
8188 3 33565
942 3 33565
9963 5 33568
7075 3 33568
5350 4 33569
523 1 33569
8289 5 33571
364 1 33573
4828 2 33573
3300 3 33574
6362 5 33574
7957 1 33575
3301 3 33578
6619 1 33578
2876 2 33579
3854 3 33579
8491 3 33580
8561 4 33580
315 5 33581
3040 3 33583
6238 3 33583
3393 5 33584
9872 3 33585
4279 3 33585
3173 2 33586
7029 2 33586
4132 4 33587
8591 4 33587
2407 3 33589
5492 5 33590
2914 1 33590
2657 5 33591
7439 1 33591
9665 4 33592
5939 5 33593
4474 4 33594
4423 5 33594
1253 1 33597
9396 5 33597
2982 4 33600
9521 4 33601
8163 4 33601
3624 5 33604
3632 2 33604
2522 5 33605
8422 2 33606
2247 4 33606
1075 2 33607
8748 3 33608
6053 1 33609
5845 4 33610
7419 5 33611
9005 4 33611
269 5 33613
1390 4 33613
8794 3 33616
374 5 33618
8436 5 33619
8990 5 33623
5158 3 33625
3549 1 33625
6189 4 33626
1790 3 33628
305 1 33628
303 1 33630
6 4 33630
5674 2 33631
311 1 33631
1927 1 33632
5429 1 33633
3849 3 33633
532 5 33634
2083 3 33635
3134 3 33635
6245 3 33636
3087 5 33636
9758 3 33638
2473 3 33638
3768 3 33639
3962 1 33640
5745 5 33641
7468 3 33642
5350 4 33642
7603 3 33645
2180 4 33645
111 2 33646
4160 1 33646
4074 1 33647
439 3 33647
9697 2 33649
6034 3 33652
711 3 33653
173 5 33654
3739 4 33654
4740 4 33656
8393 5 33658
3458 2 33659
5311 5 33661
3508 4 33662
4485 3 33663
1912 3 33665
651 1 33666
4102 2 33666
6307 2 33667
8160 4 33670
274 4 33670
1357 3 33671
4282 4 33672
7619 4 33673
1164 4 33675
1233 4 33675
9433 3 33677
7976 2 33677
414 5 33678
6279 2 33678
9285 3 33679
4583 5 33679
1988 4 33680
4094 4 33680
2279 5 33681
9028 5 33681
3190 3 33684
63 5 33684
8040 1 33686
3050 3 33688
9987 3 33688
8367 4 33689
7119 4 33690
5346 1 33690
1688 2 33691
1183 4 33691
122 3 33694
2066 3 33695
3878 4 33695
7868 2 33696
9339 2 33697
151 2 33697
7837 4 33700
606 4 33701
6983 5 33701
9179 1 33702
7089 5 33703
6655 3 33703
7519 3 33704
4146 5 33704
4057 4 33705
4039 1 33705
7627 2 33706
1292 5 33706
1175 4 33707
2874 3 33709
536 3 33709
6616 4 33710
4347 5 33710
2018 3 33711
6988 1 33711
3542 5 33712
794 5 33712
4484 4 33713
1768 5 33714
1446 1 33716
5258 3 33716
5572 5 33717
7887 4 33718
4714 1 33718
6944 1 33719
7727 5 33720
3020 4 33721
2537 1 33723
6717 5 33724
9160 3 33727
6357 3 33727
5524 2 33729
5676 5 33730
2386 5 33731
8235 4 33732
4620 5 33734
4399 3 33735
9100 4 33738
2306 3 33738
3284 1 33739
6466 5 33739
8362 1 33740
6733 1 33741
8525 1 33742
3338 4 33743
981 1 33744
9289 4 33746
6914 3 33746
3610 3 33747
5619 2 33748
1039 3 33748
4292 4 33750
7900 1 33750
5146 1 33752
9271 4 33752
6810 2 33755
7826 1 33755
7287 4 33756
8222 4 33756
4615 4 33757
9235 2 33758
9269 5 33758
9864 3 33760
9088 5 33760
6908 5 33761
4926 5 33761
5020 2 33764
3465 2 33765
1775 5 33768
262 4 33768
1874 4 33770
5345 3 33770
68 3 33772
1748 4 33772
968 3 33776
214 3 33776
3437 5 33777
7701 5 33778
2287 5 33781
591 1 33783
2710 2 33783
1383 5 33785
7302 5 33786
4546 2 33787
8052 3 33787
9952 2 33788
2815 4 33788
3846 2 33789
5871 1 33790
2741 3 33792
7621 5 33793
4774 2 33793
4597 4 33796
4096 4 33797
3457 3 33798
1736 1 33799
6953 2 33800
9086 4 33800
8105 3 33802
7064 2 33802
8286 1 33803
300 1 33803
6118 3 33804
7915 4 33804
2825 1 33808
904 2 33808
7267 1 33809
1900 4 33811
1188 3 33811
3789 1 33813
4404 3 33814
9864 3 33814
4159 1 33819
2409 3 33820
9050 4 33820
3120 1 33825
4063 3 33825
3471 3 33826
6027 1 33826
755 1 33829
6251 5 33829
4804 2 33830
6559 5 33830
5955 1 33833
8608 4 33834
5163 5 33835
6396 4 33835
1228 1 33836
6662 4 33836
268 2 33838
9624 3 33838
6836 4 33840
9080 5 33841
2382 3 33841
6063 3 33842
1435 1 33842
7694 5 33843
8734 1 33844
4247 2 33844
9845 3 33846
341 3 33846
6268 4 33848
7134 4 33849
9262 5 33851
4274 3 33852
338 3 33853
8599 3 33854
1657 1 33854
9358 5 33856
9214 3 33857
8684 2 33858
6195 1 33858
3567 4 33859
5238 1 33859
51 5 33860
2180 5 33860
6143 4 33862
6728 2 33863
9521 4 33865
4042 3 33866
9489 3 33866
7932 4 33869
9474 4 33870
8179 2 33871
1995 4 33872
7857 4 33872
5836 4 33873
961 1 33873
5110 2 33874
3812 1 33874
7103 5 33875
4319 5 33876
551 2 33876
2571 2 33877
7370 5 33877
9632 2 33878
2100 5 33879
1320 1 33879
3375 1 33880
3257 5 33880
7460 1 33883
8039 3 33884
9754 3 33884
4082 3 33885
7633 5 33885
9827 2 33886
1421 1 33886
5236 1 33888
2202 5 33888
3255 2 33890
1024 1 33890
4357 4 33893
1548 4 33893
1325 1 33894
3000 5 33894
4314 5 33895
4209 3 33896
9168 5 33896
8522 4 33897
6685 5 33898
3862 1 33898
2257 1 33899
8665 2 33899
2586 4 33900
2397 1 33901
2203 3 33902
9329 4 33902
6818 1 33903
2625 3 33904
8096 4 33905
1061 1 33905
4112 5 33906
7638 5 33906
8681 2 33907
8637 2 33907
5184 1 33908
3819 1 33908
7566 1 33910
8116 1 33910
7428 1 33911
8478 2 33912
2660 4 33912
9654 4 33913
6687 2 33913
7575 1 33914
3663 1 33916
8268 1 33916
8415 4 33917
7112 2 33917
1738 3 33918
1647 3 33920
9820 5 33922
9079 3 33922
9207 1 33923
3894 2 33923
6933 1 33925
1386 3 33925
2879 2 33927
1878 5 33928
4214 5 33928
2972 2 33929
4230 3 33935
6793 1 33937
2872 2 33938
3491 3 33938
939 4 33940
8670 2 33943
3002 3 33943
6715 5 33945
6362 4 33945
7627 1 33947
5238 2 33947
499 2 33948
8013 2 33949
6601 5 33949
6554 3 33950
7278 1 33950
599 2 33951
615 1 33954
8915 3 33954
1027 2 33956
4220 2 33956
2939 4 33958
7041 5 33960
1335 4 33960
5204 2 33961
8951 1 33962
2857 1 33963
3065 4 33963
369 5 33964
1287 5 33964
5767 2 33965
5142 5 33967
7668 1 33967
6970 1 33968
5298 1 33968
5442 3 33969
6018 4 33969
1647 1 33970
1557 4 33971
7420 2 33971
1358 1 33972
8083 3 33973
7747 5 33973
4189 5 33975
9440 5 33975
2004 2 33976
3843 5 33976
2483 5 33977
1623 3 33978
3931 1 33978
4166 2 33981
9477 4 33982
5871 5 33982
1825 2 33984
3968 4 33985
2989 5 33986
1038 1 33986
8950 2 33987
4693 5 33989
3512 1 33989
9623 5 33990
7091 4 33990
2581 1 33992
4203 4 33992
4201 3 33993
7058 1 33993
1499 5 33994
4775 4 33997
5157 4 33998
8042 4 33999
2766 3 34000
5832 3 34006
7593 2 34007
3663 3 34007
437 4 34008
6983 3 34008
7908 3 34009
6669 2 34009
9805 4 34010
1397 3 34011
321 2 34012
6208 5 34013
8494 1 34013
2995 1 34014
9350 1 34016
1878 3 34017
1965 5 34018
3792 1 34018
9803 2 34019
9973 1 34020
6535 1 34021
3492 4 34023
76 1 34023
1121 5 34024
1364 3 34024
8239 2 34025
2987 2 34026
3582 4 34026
9170 1 34027
3391 1 34028
1691 1 34030
5020 3 34030
3145 2 34031
3252 4 34032
2858 3 34032
8605 3 34033
6824 5 34033
1039 1 34034
9862 5 34034
5982 1 34035
9602 2 34036
4524 5 34037
8010 5 34038
7552 2 34039
1187 4 34040
4983 1 34041
3332 1 34041
5287 5 34042
9370 3 34042
6885 1 34044
6803 1 34046
6346 4 34047
999 5 34047
7549 3 34048
1383 1 34048
4054 1 34049
8840 4 34050
7195 4 34051
6557 3 34051
6667 3 34053
4756 4 34053
1717 4 34057
4543 5 34057
944 5 34058
9677 3 34058
4173 1 34062
1631 5 34062
7463 5 34065
5866 3 34066
4230 2 34066
8608 3 34067
8179 1 34068
2925 4 34069
7464 4 34069
8077 2 34071
294 4 34072
4663 5 34073
7471 5 34074
1403 4 34074
9693 4 34075
7612 5 34075
489 5 34077
422 2 34077
6156 1 34079
9947 5 34079
769 2 34080
8316 5 34080
1273 2 34081
3090 4 34082
1763 2 34083
1776 2 34084
8387 4 34086
3080 1 34086
8167 1 34087
9861 5 34089
2794 2 34089
544 2 34092
1975 1 34092
5582 3 34095
903 2 34099
9954 1 34099
2841 3 34100
1549 1 34101
9711 4 34105
2956 3 34107
2379 5 34108
3654 4 34109
5336 4 34110
4240 3 34110
2349 4 34111
3147 1 34111
6798 2 34112
8188 3 34113
1402 3 34114
1490 1 34115
4441 4 34115
4936 3 34117
8484 3 34117
4869 3 34119
9489 3 34121
7169 3 34121
251 5 34122
1151 1 34123
5678 2 34124
3585 2 34125
7838 5 34125
2521 2 34126
7590 3 34126
9732 3 34128
1667 3 34128
7242 4 34130
5113 5 34130
9588 3 34131
5120 1 34131
9457 1 34132
3695 4 34132
4170 4 34133
2486 3 34133
3729 1 34134
2481 5 34134
2548 2 34135
4435 2 34135
760 4 34136
6711 2 34136
9015 1 34137
2751 5 34138
8274 4 34141
6956 1 34141
6566 5 34142
798 4 34144
6531 5 34145
4407 3 34146
7307 1 34147
4911 2 34147
4878 4 34149
5921 3 34149
8515 4 34150
9205 4 34151
146 2 34155
3203 2 34155
9414 1 34156
9123 2 34157
663 4 34157
6907 2 34158
430 2 34159
1271 1 34160
6380 2 34161
63 2 34163
7842 3 34163
3005 4 34164
7306 3 34164
1537 1 34165
7469 2 34165
2994 1 34166
3610 4 34166
1224 1 34167
566 1 34168
8888 1 34168
8295 1 34169
6772 4 34170
6368 4 34170
2961 3 34171
1951 5 34172
1587 2 34174
3635 1 34176
6582 3 34177
2134 5 34178
5057 1 34178
7833 5 34179
5767 5 34181
6892 3 34182
5141 1 34183
8270 3 34183
7636 3 34185
8819 3 34185
2728 5 34187
5244 3 34188
7242 3 34188
151 4 34189
9153 5 34190
5039 1 34190
5047 3 34192
9852 3 34192
8027 5 34194
7190 4 34194
8848 5 34195
5367 3 34196
655 5 34196
1747 5 34197
902 3 34197
1301 3 34198
9198 1 34198
954 1 34199
6004 5 34200
2906 3 34200
8241 4 34202
8625 5 34202
6241 2 34204
1127 3 34206
2017 4 34207
7026 4 34208
1276 3 34208
2609 4 34209
1427 5 34210
3250 3 34213
8586 1 34213
6427 2 34214
5341 3 34215
1344 3 34216
9391 2 34216
8115 1 34217
5355 4 34219
2720 5 34219
2840 2 34220
6661 3 34221
165 4 34223
7039 1 34223
8652 1 34224
5547 1 34224
9516 5 34225
7895 1 34225
2122 3 34227
4380 3 34227
1288 1 34228
1399 4 34229
1305 5 34229
3581 2 34231
222 1 34233
1933 5 34235
7627 1 34235
7458 3 34236
9754 3 34236
253 3 34237
2548 3 34238
7503 1 34238
8379 2 34239
6401 3 34239
1209 3 34240
6794 5 34242
7703 3 34244
7360 3 34245
9420 5 34245
5949 3 34247
1294 5 34247
5034 5 34248
398 2 34248
1120 4 34249
9130 5 34250
2742 1 34250
7229 3 34251
1697 1 34252
8658 5 34253
715 4 34253
9584 4 34256
3771 1 34258
9388 2 34258
7554 4 34259
9497 1 34259
1725 1 34260
1909 2 34261
6750 3 34261
2571 1 34263
9570 5 34263
3543 1 34264
8773 3 34264
4508 5 34265
177 3 34265
4901 3 34267
8013 1 34269
7240 1 34269
4660 1 34273
4797 1 34274
3881 2 34275
4540 1 34275
1309 1 34276
902 3 34277
5652 4 34277
9529 1 34278
4217 2 34281
1552 1 34281
3278 5 34283
4945 2 34283
1293 1 34284
4935 5 34284
4481 2 34285
1926 1 34285
8953 2 34287
9993 5 34290
5020 4 34290
9439 4 34294
5736 5 34294
2383 5 34296
1670 5 34296
8175 4 34297
3315 1 34297
1165 3 34299
8289 1 34303
6738 5 34303
1005 1 34304
4115 1 34304
5226 1 34306
1034 4 34306
5099 5 34307
8803 1 34308
6198 1 34309
6286 4 34310
7507 1 34310
3148 4 34311
1229 5 34311
3338 3 34312
3281 5 34313
3887 3 34313
3080 4 34315
8585 3 34317
2222 3 34317
511 1 34318
9495 5 34318
8714 1 34319
3605 3 34321
3402 4 34323
7776 1 34323
3411 1 34324
7227 5 34325
2384 1 34326
8829 1 34329
3875 5 34330
572 5 34331
303 2 34331
3789 1 34332
7899 4 34333
7411 1 34334
3488 5 34334
6772 4 34335
5083 1 34335
1096 3 34336
6772 1 34336
7190 4 34339
2462 1 34340
6457 5 34340
8908 2 34341
333 4 34341
794 5 34342
8743 5 34342
9991 3 34343
3116 5 34343
6540 1 34344
5993 3 34345
7478 3 34345
9839 1 34347
9823 1 34347
9124 5 34350
6853 1 34351
6221 2 34352
1120 4 34352
2450 5 34353
1936 5 34353
4889 4 34354
6536 4 34355
7401 5 34355
13 3 34356
1614 1 34356
4242 1 34357
4262 1 34357
8793 1 34358
2980 1 34359
233 5 34360
1738 2 34360
6947 1 34361
3588 2 34361
1601 3 34362
1938 4 34362
3045 5 34366
7396 1 34366
2536 3 34368
1821 3 34370
7626 3 34370
7751 1 34371
5862 5 34372
9308 5 34372
5853 5 34375
9124 2 34375
5806 2 34377
7359 3 34377
9261 5 34379
1866 4 34380
754 4 34380
7759 1 34381
6334 4 34382
3155 1 34382
4092 2 34383
9750 1 34383
7580 2 34385
4612 2 34385
8271 3 34387
5324 2 34388
1965 1 34388
5259 1 34389
8480 4 34393
7738 4 34393
2625 4 34394
7028 1 34394
2400 3 34396
537 1 34396
2993 4 34397
7095 1 34399
1260 4 34401
6617 3 34401
658 3 34404
2298 1 34404
4038 3 34405
839 4 34407
9485 4 34407
1637 2 34409
459 2 34409
2419 4 34411
3290 1 34411
8892 4 34413
6580 3 34414
7545 3 34415
6108 5 34416
6799 1 34417
8892 4 34418
7383 4 34420
2843 3 34421
5764 3 34422
4800 4 34422
9506 2 34423
767 1 34424
6935 1 34425
2132 3 34425
6914 5 34426
748 3 34427
9181 3 34428
3581 5 34429
1856 4 34429
4827 1 34431
5613 1 34431
5928 1 34432
1858 3 34432
2178 4 34433
8688 4 34433
8578 4 34435
189 2 34437
8033 5 34437
8969 1 34438
2023 5 34439
8927 5 34441
8472 5 34443
9379 4 34444
6399 4 34444
4203 5 34445
2757 4 34447
1140 2 34448
5 5 34450
8103 1 34450
9634 4 34451
8614 4 34451
2287 4 34452
5942 2 34453
697 3 34453
2956 4 34454
4991 2 34455
2426 2 34456
2537 2 34456
8671 3 34457
2775 4 34457
8321 2 34458
6328 5 34458
5031 2 34460
9908 5 34460
3112 4 34461
7995 3 34461
8457 3 34462
6896 5 34462
3864 1 34464
6229 3 34464
1345 5 34466
4097 4 34466
5448 1 34467
1052 4 34470
6597 1 34470
994 4 34471
5923 5 34471
6761 3 34473
6396 2 34473
1277 4 34475
981 3 34475
2010 2 34476
7961 2 34477
8575 1 34478
8703 3 34479
3369 5 34480
1602 3 34481
925 3 34481
9127 4 34483
5222 4 34485
9020 3 34486
3880 3 34487
6808 4 34490
3107 2 34491
3562 5 34492
3624 1 34492
1303 2 34493
3618 1 34494
9946 3 34495
2782 1 34496
2477 3 34496
8066 5 34497
3449 1 34497
2144 2 34498
5940 3 34499
9308 1 34499
874 2 34500
5755 2 34500
3220 1 34501
665 3 34502
1082 1 34503
2921 3 34505
7743 5 34506
7831 3 34506
6414 5 34507
9402 1 34509
1994 3 34511
3348 4 34512
4 4 34513
6481 1 34516
3117 3 34516
4037 2 34517
1300 4 34518
3712 4 34519
2314 1 34519
7296 1 34520
4025 4 34521
8286 5 34522
6821 5 34523
141 1 34523
7283 5 34525
5565 1 34525
8644 1 34527
5665 3 34527
8985 4 34528
5530 3 34529
8509 4 34530
6613 4 34530
3855 4 34532
2980 4 34533
4426 4 34533
8824 5 34534
2816 4 34535
9060 5 34536
6740 5 34536
9475 3 34538
5009 1 34540
227 5 34543
4507 3 34543
2385 3 34545
6911 4 34546
9765 5 34547
8616 2 34547
8949 2 34548
3965 1 34549
6676 3 34550
9784 1 34551
4637 1 34551
6716 5 34552
4829 5 34553
1248 1 34553
3430 2 34555
444 5 34555
409 3 34556
1708 4 34556
1368 2 34557
6772 1 34557
264 2 34558
557 2 34561
3824 4 34561
2221 5 34562
8451 5 34562
9059 5 34563
9710 2 34563
8610 3 34564
9391 1 34564
4117 4 34565
1211 3 34565
5999 4 34566
7135 5 34567
4862 3 34567
8991 5 34568
6122 1 34569
4438 3 34570
8522 3 34571
5434 4 34572
2697 1 34573
8090 2 34574
8680 2 34574
4772 3 34575
5732 5 34575
6897 4 34577
8 3 34578
4751 4 34579
4401 4 34582
5044 2 34583
4580 5 34583
2701 4 34584
5643 1 34584
9004 4 34586
3017 4 34587
4728 1 34587
9781 2 34588
9502 2 34588
1026 4 34589
6811 4 34590
3291 5 34590
493 1 34593
374 2 34593
4118 2 34594
7047 5 34594
2150 4 34596
4898 1 34596
7916 2 34597
811 3 34598
2755 3 34599
5517 2 34599
6544 1 34601
4340 3 34601
7511 4 34602
3463 3 34603
8727 4 34603
1134 5 34605
1930 4 34606
5473 1 34606
3020 2 34607
7140 1 34609
1911 2 34610
2938 3 34612
2347 3 34612
3817 1 34613
9423 5 34614
141 4 34615
840 1 34616
2845 1 34616
1959 5 34617
4976 5 34617
4513 4 34619
9599 1 34619
9559 5 34620
2614 3 34620
6103 1 34622
3674 4 34623
1032 4 34624
1229 5 34624
9796 4 34625
8497 1 34626
8636 4 34626
7677 1 34627
542 4 34627
3141 4 34628
3871 1 34628
8768 1 34629
3076 4 34629
9882 5 34630
8618 3 34630
651 3 34631
6601 2 34633
2165 1 34634
6657 4 34636
2010 2 34637
4945 2 34639
8304 4 34639
2610 5 34640
2597 4 34640
7482 2 34641
2545 5 34641
849 1 34642
9817 4 34644
8270 5 34646
7143 5 34646
7914 4 34648
2717 2 34648
714 3 34650
8658 1 34650
7625 5 34653
7613 5 34654
8217 4 34656
2747 3 34658
9647 1 34659
8354 5 34660
7775 5 34661
3713 3 34661
2193 1 34662
4132 5 34662
4670 2 34663
8285 1 34664
72 1 34665
7646 3 34667
9604 3 34667
6197 5 34668
4772 1 34668
1687 4 34671
3029 4 34673
1927 3 34673
168 1 34674
9911 2 34674
3625 2 34675
4474 1 34676
1097 2 34677
926 5 34678
135 2 34678
4100 1 34681
9818 3 34681
5084 2 34682
7934 4 34682
4109 1 34684
7524 5 34686
5228 5 34687
4207 4 34687
7662 1 34688
8221 2 34690
7753 3 34690
7519 3 34691
2579 2 34691
7943 1 34692
334 5 34693
1449 5 34695
6216 4 34696
7687 3 34696
2728 4 34697
2166 1 34697
5828 2 34699
5685 3 34700
2466 4 34701
5623 2 34701
546 4 34702
7570 2 34702
3800 1 34703
8580 3 34703
506 5 34704
187 1 34704
5079 1 34706
4384 3 34708
5536 3 34708
9639 1 34709
6015 3 34710
7110 4 34710
7790 2 34711
1126 4 34711
7687 2 34712
8336 1 34712
6916 1 34713
4350 4 34714
4608 3 34718
653 3 34718
8821 4 34720
8507 5 34721
1983 1 34722
8471 4 34722
5844 1 34723
8239 4 34724
4603 5 34725
2921 2 34727
6635 3 34733
4768 2 34734
7839 3 34734
1398 1 34735
5760 3 34736
2884 3 34737
5854 3 34737
5341 3 34739
3621 2 34740
7843 1 34740
4985 5 34742
3520 3 34742
980 1 34744
7246 3 34745
2724 2 34746
9394 5 34747
5860 4 34748
1169 4 34748
6514 1 34750
6539 4 34750
9576 4 34751
6972 3 34752
2972 1 34753
7655 2 34753
1352 3 34754
8082 2 34754
2130 5 34755
353 2 34755
7299 3 34761
1564 2 34762
8727 1 34763
3958 4 34763
2473 5 34766
1503 1 34767
9081 5 34767
2508 3 34768
7837 2 34772
1912 5 34773
1469 5 34774
7582 2 34775
9605 5 34776
1046 2 34776
8943 1 34777
267 5 34777
3710 1 34778
1415 2 34779
4396 3 34780
1118 1 34781
6108 2 34781
6185 4 34782
2049 4 34783
6396 5 34784
9996 3 34787
5313 1 34787
7858 2 34788
1370 1 34789
7635 3 34789
5427 5 34790
3872 3 34791
6749 5 34792
8612 4 34792
1204 1 34793
4790 1 34793
9175 2 34794
5119 4 34794
9705 2 34795
8608 4 34797
145 3 34799
5460 4 34805
5071 3 34806
449 5 34806
3072 3 34807
4140 3 34809
1590 2 34810
5573 4 34810
1741 4 34811
1911 3 34812
9928 3 34813
2636 2 34814
4421 1 34816
6287 3 34817
1741 3 34819
8694 2 34821
8158 3 34821
3664 3 34822
8611 5 34823
5955 3 34824
3402 3 34825
2337 2 34825
6127 3 34826
3869 1 34826
4872 1 34827
636 5 34827
7949 4 34828
4642 5 34832
140 4 34832
6682 4 34833
3250 3 34833
9104 4 34834
7815 2 34835
1154 5 34835
9407 4 34836
6554 3 34836
9799 4 34837
9754 1 34841
7328 1 34842
7794 3 34843
1288 5 34843
1832 5 34847
7584 3 34848
5475 1 34848
1481 1 34849
9168 3 34849
2374 3 34850
2037 1 34850
2383 3 34851
9866 4 34851
9282 5 34852
4344 1 34853
7562 2 34856
1393 5 34856
1842 1 34857
8062 4 34858
4253 5 34858
8683 2 34859
9114 3 34860
4815 2 34861
1614 4 34861
4810 2 34862
913 1 34862
6978 2 34864
8951 5 34865
3124 5 34865
3780 1 34866
9197 4 34868
6836 5 34868
615 4 34870
578 4 34870
2954 3 34871
4588 5 34871
8085 3 34873
36 3 34873
1686 2 34875
9692 2 34877
4611 1 34877
8553 5 34878
7490 5 34879
2557 5 34882
7907 4 34882
1581 3 34884
6238 2 34884
9639 2 34885
7390 5 34885
7779 5 34886
6267 5 34887
4647 2 34887
6168 5 34891
3106 1 34891
4416 5 34892
6298 4 34893
3528 1 34894
615 5 34895
1343 1 34896
9373 3 34896
4457 1 34897
991 1 34898
6979 1 34899
8204 5 34899
6990 3 34900
4187 4 34900
4958 2 34901
2651 1 34902
7323 3 34905
1612 3 34905
8911 2 34906
3799 1 34906
3279 4 34907
6954 5 34908
242 4 34910
7537 2 34910
1768 4 34912
9091 5 34912
7056 2 34914
383 1 34915
7990 1 34915
9414 3 34916
9959 3 34917
6950 2 34918
9542 5 34918
8302 3 34920
2351 1 34923
1806 4 34925
204 5 34926
9560 3 34926
6114 4 34927
6609 3 34928
6596 2 34930
1312 3 34931
662 5 34932
9378 5 34933
2495 1 34933
1126 2 34934
5634 3 34934
1072 4 34935
1188 2 34936
9245 2 34938
5993 1 34938
6447 3 34939
3231 5 34940
240 5 34940
3850 5 34941
1211 4 34941
6264 3 34942
4745 2 34942
9983 3 34945
1700 4 34945
2704 4 34946
4008 5 34946
4453 3 34947
9377 4 34950
5195 3 34950
1938 1 34951
634 2 34952
5656 3 34952
9887 1 34953
4225 1 34954
3040 5 34954
7114 1 34955
4353 3 34956
7751 4 34957
2284 2 34958
4710 1 34958
4342 1 34959
6423 5 34959
5425 3 34960
9280 3 34960
975 5 34961
6244 5 34961
2379 2 34962
8623 4 34963
384 4 34964
4878 4 34965
2652 4 34966
2166 1 34966
4588 3 34967
1992 1 34967
7327 2 34968
620 5 34968
6220 3 34969
5948 4 34969
1790 1 34973
6162 5 34973
2645 1 34978
8510 4 34978
6416 1 34979
1777 3 34979
9714 2 34980
3641 4 34980
5930 2 34981
6403 3 34982
7043 1 34982
8536 1 34983
2731 2 34985
4884 5 34987
7121 5 34987
7919 4 34988
8113 4 34988
2335 4 34989
8050 5 34990
9174 1 34990
7625 5 34991
5361 2 34992
3865 2 34992
9332 3 34993
9424 1 34994
8757 5 34997
8769 2 34998
939 4 34998
7452 3 34999
6586 3 34999
8767 3 35000
2631 4 35000
3378 5 35001
2458 5 35001
8009 2 35003
2138 1 35005
445 3 35008
5354 1 35010
7495 3 35012
6458 2 35014
14 2 35015
636 2 35016
2367 1 35016
9792 1 35017
2517 1 35017
4577 2 35018
218 4 35019
1296 1 35019
9500 2 35020
9165 2 35023
6648 1 35023
9562 4 35025
3251 1 35028
2910 1 35028
9723 3 35030
4362 2 35031
4364 3 35031
314 2 35032
4204 4 35032
9589 5 35035
215 2 35035
6466 5 35039
8650 3 35040
4153 1 35041
3237 4 35041
5455 5 35043
9726 4 35043
8718 3 35045
8061 5 35046
4076 4 35046
9491 3 35047
5558 5 35050
3735 2 35050
4712 2 35051
3668 2 35052
8354 2 35052
2437 5 35053
6393 2 35054
81 1 35059
900 5 35059
5571 2 35060
1442 2 35063
4345 4 35064
3389 5 35064
1177 2 35065
4644 2 35066
8576 1 35067
8802 4 35067
4435 4 35068
8032 1 35069
607 1 35069
7943 1 35070
5765 4 35071
7842 3 35073
2553 2 35074
2964 3 35074
985 5 35076
514 2 35076
7669 4 35079
9762 5 35079
8767 1 35080
4690 4 35080
7447 5 35082
2120 1 35083
926 1 35084
6727 5 35084
7203 2 35085
7136 2 35086
5960 5 35087
4125 2 35089
1964 3 35089
6898 1 35091
7221 2 35091
4415 3 35092
6013 2 35093
5029 2 35093
6548 5 35094
8715 5 35096
2075 5 35098
6249 5 35099
6052 4 35100
5772 2 35100
9923 5 35101
7169 5 35103
1198 5 35104
1444 4 35105
1673 3 35106
9964 3 35108
6667 4 35111
7644 4 35111
528 2 35112
4577 2 35112
1367 4 35113
2423 2 35114
7439 3 35114
4940 1 35115
4438 1 35115
1281 4 35116
7869 1 35118
6046 5 35119
2287 3 35119
9698 3 35121
7670 5 35122
7404 2 35123
7430 5 35123
2132 1 35124
2016 3 35125
9970 1 35126
9982 2 35127
9565 4 35127
6287 3 35129
8160 2 35130
6969 2 35130
8272 1 35131
155 5 35132
6714 4 35132
6258 4 35134
5516 4 35135
6675 3 35136
9046 1 35138
4583 1 35138
2130 4 35140
868 3 35141
5132 1 35142
9586 3 35142
9563 5 35143
5858 1 35143
8996 4 35144
7124 4 35144
2667 4 35145
9648 4 35145
4850 3 35146
1300 2 35147
5564 4 35147
2173 4 35148
4170 2 35148
3481 2 35150
2112 3 35151
1307 1 35152
8543 4 35152
1069 5 35153
4534 2 35153
4293 4 35155
3419 3 35156
1797 3 35156
7851 1 35158
941 3 35158
2168 4 35160
6665 5 35160
5511 4 35161
9979 5 35162
199 5 35162
5598 2 35163
6204 2 35169
4598 5 35169
9606 1 35171
8791 3 35171
7142 5 35173
5929 2 35173
6703 2 35174
6228 2 35179
4815 3 35179
6211 2 35181
6432 5 35181
6943 4 35182
4195 1 35183
6646 4 35184
1667 3 35184
7090 3 35185
3314 3 35186
4576 2 35188
9839 1 35188
5811 5 35189
4642 5 35191
3222 5 35191
4199 3 35192
3279 4 35192
1064 3 35193
870 2 35194
8026 4 35195
2486 5 35196
9406 1 35198
5770 3 35198
8126 5 35199
8513 2 35199
2615 1 35200
7258 1 35201
4202 4 35201
6410 1 35204
545 3 35206
7573 5 35206
9418 2 35207
3210 1 35211
9995 5 35211
7397 5 35212
3563 2 35212
1384 2 35214
1904 4 35214
1679 3 35216
3497 3 35217
7728 2 35217
8216 5 35218
5137 5 35219
4361 3 35221
7747 2 35221
8324 2 35222
6197 1 35223
2947 5 35223
9031 4 35224
7207 4 35225
9505 5 35225
2086 1 35227
5838 4 35227
3850 2 35228
3768 1 35229
2625 5 35229
1315 2 35230
1391 3 35234
2793 4 35234
4947 5 35237
5041 2 35238
4833 5 35241
4810 1 35242
568 1 35242
8510 3 35243
5429 1 35243
2271 2 35244
9790 4 35244
617 1 35245
7396 2 35245
720 4 35246
3686 5 35246
3534 3 35248
6426 1 35248
4665 2 35249
1153 3 35249
7551 1 35250
4376 3 35250
5519 5 35251
313 2 35252
7411 5 35252
5321 4 35253
5574 2 35253
4219 3 35254
7132 1 35254
7036 1 35256
8884 5 35256
7707 1 35257
6504 2 35257
4813 3 35258
3693 1 35258
7946 4 35259
8747 3 35261
4996 1 35261
6792 2 35262
8532 5 35263
8940 2 35264
9516 5 35265
7560 3 35265
6804 5 35267
2719 5 35267
474 4 35269
626 1 35269
8851 1 35270
362 1 35270
8033 1 35271
2963 4 35271
9684 3 35272
4980 4 35273
3115 3 35275
2285 3 35276
1169 5 35278
50 2 35278
7435 5 35279
7569 3 35280
578 4 35280
2281 4 35281
520 3 35281
2801 2 35286
6195 3 35288
5108 1 35288
9397 2 35289
5662 3 35289
8018 1 35290
5385 1 35292
8038 1 35294
7978 2 35294
6899 2 35298
5530 1 35300
8004 3 35301
2148 4 35301
7106 4 35303
1992 1 35303
2884 1 35304
6514 1 35308
4728 2 35308
9176 3 35309
7627 5 35310
208 2 35311
6201 4 35313
4461 4 35313
87 2 35314
7474 5 35316
5102 4 35316
6807 4 35319
476 3 35320
7088 3 35321
1998 2 35321
3829 4 35322
56 4 35322
5354 5 35323
2 3 35324
2039 3 35325
359 5 35325
988 5 35327
8407 2 35327
9284 1 35328
1236 1 35329
3377 3 35330
5417 3 35330
1412 1 35333
702 2 35333
2222 4 35334
7446 5 35335
7682 3 35337
4405 5 35338
638 3 35338
4373 5 35339
5096 1 35339
3966 2 35340
6445 5 35343
6863 2 35343
2783 1 35344
1009 3 35344
6011 5 35345
2888 2 35346
3980 3 35347
2712 5 35349
7225 1 35349
1944 5 35351
3119 5 35351
1133 5 35353
6945 2 35354
6081 3 35355
7397 1 35355
824 2 35356
4829 1 35357
4058 3 35358
9034 1 35359
9951 2 35359
7121 2 35361
3403 5 35361
3228 3 35362
5019 2 35363
2815 5 35363
6871 2 35365
7091 3 35366
8928 4 35366
55 4 35369
206 1 35373
992 1 35374
6097 1 35376
4250 3 35378
1813 3 35379
9280 5 35379
7170 1 35380
8728 1 35380
695 5 35381
7405 2 35383
4392 4 35383
6762 1 35384
8475 2 35387
1494 1 35387
8415 4 35388
4380 3 35388
4669 1 35392
3177 1 35394
301 5 35395
2757 3 35396
9908 5 35400
634 1 35401
2446 1 35401
7786 3 35402
8313 1 35403
4438 5 35403
8921 3 35404
2225 1 35407
3597 5 35407
8441 1 35408
2588 1 35410
2371 1 35410
3639 1 35413
9485 5 35414
4089 1 35415
6256 5 35416
3739 2 35417
9089 1 35417
95 4 35418
4279 3 35419
7761 5 35419
6421 5 35421
6191 5 35421
417 4 35422
6414 5 35422
1632 4 35427
2673 2 35427
8774 1 35430
5207 5 35430
6298 2 35431
4720 2 35431
362 4 35433
6574 5 35433
4163 4 35434
8635 1 35435
1185 5 35435
9443 1 35436
4663 3 35436
6684 1 35437
9876 4 35438
6422 5 35440
55 3 35441
1859 5 35441
8867 3 35442
1814 1 35443
8291 1 35443
512 3 35444
8446 3 35447
4049 2 35447
6644 1 35448
7326 3 35450
4348 5 35451
7260 4 35451
7891 4 35452
8154 3 35452
9822 5 35453
8323 4 35453
7458 3 35455
7029 2 35455
7858 5 35456
8587 5 35457
4586 3 35457
4216 1 35458
9086 5 35458
4597 1 35459
3085 1 35459
4266 5 35460
5837 4 35460
9479 2 35462
5818 3 35462
3036 5 35463
8189 3 35465
999 4 35466
2711 5 35466
802 5 35468
7658 2 35468
2213 5 35469
2007 1 35470
9811 2 35470
7320 3 35471
3583 4 35471
4486 1 35472
2982 5 35472
3439 2 35473
2203 2 35474
7924 3 35474
3192 3 35475
4690 3 35476
2198 5 35476
177 4 35479
7844 5 35479
2810 5 35480
7123 4 35480
5599 5 35481
3483 5 35481
2863 1 35484
9279 3 35485
5232 2 35485
5395 5 35488
534 5 35488
4761 3 35489
5324 4 35489
6778 1 35491
4100 2 35491
1589 3 35492
5654 4 35493
4686 5 35494
748 4 35496
1820 1 35497
7350 1 35497
6753 3 35498
7380 1 35499
1601 3 35499
2302 3 35500
9868 3 35500
7367 4 35502
4042 1 35502
4885 2 35503
4067 3 35504
8233 3 35504
8478 5 35505
8038 5 35506
4299 2 35507
7212 1 35508
3027 4 35509
3610 2 35510
3934 2 35511
9817 2 35512
499 4 35512
9273 2 35513
5283 1 35513
5650 1 35514
4121 1 35515
4274 4 35515
4705 1 35516
1888 1 35516
4274 2 35517
1433 4 35517
3831 5 35518
9929 1 35519
8306 1 35520
6851 3 35520
1432 1 35521
4710 2 35521
9034 1 35522
3517 3 35522
8318 3 35524
7539 4 35524
1080 5 35525
8201 3 35526
7677 4 35528
8233 3 35528
4173 5 35529
1662 5 35529
1688 4 35530
4261 1 35530
9665 2 35532
2752 4 35533
6637 2 35534
3978 2 35534
6045 5 35535
9065 3 35535
2536 2 35536
1743 2 35538
4801 3 35538
4829 4 35539
5567 2 35539
4244 4 35541
531 1 35543
5063 3 35543
9190 2 35544
4833 1 35544
3612 2 35545
7028 2 35546
5418 3 35547
4708 3 35549
3827 2 35549
8170 2 35550
4889 5 35550
3984 1 35552
9290 3 35552
5418 4 35554
6158 2 35554
4646 1 35555
4587 1 35555
1626 2 35557
9462 3 35557
8027 2 35558
3060 5 35559
8175 2 35560
5037 2 35561
5919 2 35561
9495 4 35562
7339 4 35562
6354 1 35563
7640 2 35564
6506 1 35567
914 4 35568
8621 3 35569
2940 2 35569
5073 3 35570
2825 5 35572
9555 3 35573
3041 3 35573
9377 4 35574
5569 5 35574
2145 1 35575
1356 3 35576
6980 5 35577
8465 2 35578
9338 3 35578
6490 1 35580
9495 1 35580
4148 5 35582
8731 4 35585
139 3 35587
87 5 35587
1714 5 35588
9724 2 35588
9825 1 35589
4461 1 35590
1063 3 35591
644 1 35592
769 3 35592
2389 2 35594
5136 1 35595
8985 1 35598
5692 2 35599
4058 1 35601
9259 3 35601
4419 1 35602
9281 4 35603
5023 4 35604
2544 5 35605
7296 2 35609
1204 5 35610
2177 4 35610
1884 5 35611
5714 2 35612
8 3 35613
6544 4 35613
114 3 35615
5260 2 35617
76 4 35621
51 5 35622
6461 2 35622
6187 5 35624
9927 2 35625
1681 4 35625
3393 1 35626
9462 2 35626
3415 1 35627
6152 2 35628
9165 3 35629
3476 4 35629
9811 1 35630
1939 4 35631
1565 3 35632
4784 5 35633
6277 4 35633
787 1 35634
2532 5 35635
7298 5 35635
9300 3 35636
5090 5 35637
7253 2 35637
199 4 35638
2090 1 35640
2277 5 35641
7453 1 35642
9204 1 35642
4158 4 35643
7112 3 35643
7388 3 35644
1266 5 35645
7778 1 35645
7876 1 35648
5471 4 35649
9143 1 35650
1410 5 35652
5336 1 35655
1098 3 35655
7287 2 35656
1927 3 35657
3275 5 35659
8212 4 35660
8527 1 35661
2844 4 35661
9863 3 35662
9740 1 35662
538 5 35663
9847 5 35665
4111 1 35667
7256 3 35668
9636 3 35669
4105 5 35671
9567 5 35675
5509 4 35676
4942 2 35676
1338 4 35677
4667 5 35679
7578 3 35679
3111 4 35680
1671 2 35682
9217 4 35683
8203 5 35683
6298 5 35684
2283 5 35684
7435 1 35686
5151 3 35687
7812 2 35690
5344 3 35691
6404 4 35692
326 2 35693
5533 3 35694
4636 4 35696
3782 4 35696
25 1 35697
4353 2 35697
2416 2 35698
975 2 35699
6586 4 35700
6333 2 35700
6954 1 35704
5337 2 35706
7067 2 35706
8280 4 35707
2727 3 35708
642 4 35709
6213 1 35711
6969 1 35713
6908 5 35714
5658 1 35715
6760 3 35715
581 3 35716
3475 2 35716
8256 5 35718
6736 4 35718
3770 2 35719
4229 5 35720
9601 2 35721
279 3 35721
4407 5 35723
5967 4 35723
6644 5 35724
3277 3 35725
6405 4 35727
4408 1 35727
6238 3 35728
420 4 35730
5768 2 35731
2483 3 35731
3810 4 35733
1418 2 35736
5140 4 35741
1794 2 35741
1732 1 35742
5486 4 35742
1484 2 35743
3625 3 35745
8538 2 35747
9514 5 35749
5510 5 35750
4934 5 35750
3175 3 35751
87 3 35751
6712 1 35754
2220 1 35755
9309 5 35755
4582 3 35756
3556 5 35757
429 3 35758
7011 4 35759
5270 4 35759
9404 3 35762
6560 2 35762
7898 1 35763
4385 4 35764
4016 1 35765
7912 2 35767
9206 4 35769
3910 4 35770
1568 4 35770
6686 1 35771
554 3 35772
8700 3 35772
586 1 35773
2150 4 35774
8254 4 35775
3836 1 35777
2733 3 35777
1828 2 35778
8440 3 35778
9193 4 35779
6041 5 35779
1639 2 35780
7864 1 35780
3245 5 35783
3396 5 35785
1829 5 35785
7346 2 35786
8681 2 35789
968 5 35789
4301 2 35791
1436 4 35793
3483 1 35796
8140 5 35797
7086 1 35797
3586 4 35799
3227 2 35801
6259 3 35802
6602 2 35802
1884 4 35803
9269 1 35804
4296 2 35804
5790 3 35805
6753 2 35806
2707 4 35806
5844 2 35807
6866 3 35807
3838 3 35811
4045 4 35811
1262 1 35812
8746 2 35813
1054 4 35813
2738 2 35815
4045 5 35815
9498 2 35818
507 2 35819
4217 2 35819
6654 3 35822
1702 2 35822
4546 4 35824
2956 4 35824
3050 3 35825
7931 2 35826
4780 4 35828
5551 2 35829
3487 2 35829
1623 4 35831
6375 3 35833
6427 2 35833
4870 3 35834
5618 5 35834
3047 3 35836
1363 3 35836
3927 5 35837
3566 1 35837
7453 2 35840
3721 2 35840
9904 2 35841
2611 3 35841
1047 5 35842
3774 2 35842
983 2 35843
857 5 35846
3925 4 35848
3262 2 35848
943 2 35850
3218 4 35852
5785 4 35852
4986 4 35853
3749 2 35853
5694 2 35854
9365 1 35854
7976 3 35855
1196 4 35855
1933 1 35856
174 1 35858
3317 4 35859
9800 4 35860
704 3 35861
8607 2 35863
216 4 35864
2062 4 35867
1086 5 35867
8918 4 35868
1347 3 35868
6660 4 35871
2470 3 35872
7823 5 35872
106 3 35873
7350 4 35876
4633 2 35880
308 3 35880
4787 2 35882
8938 3 35882
3557 5 35883
8618 1 35886
9745 1 35887
4441 3 35887
9111 3 35888
8399 2 35888
8824 1 35889
910 5 35890
4817 3 35890
203 5 35892
1944 4 35892
829 5 35893
6895 5 35893
4001 2 35894
4149 2 35894
2849 2 35897
699 2 35897
6728 3 35899
2989 2 35899
1627 1 35901
1611 4 35902
9759 2 35902
5496 2 35903
2923 1 35904
4407 4 35905
9090 2 35906
4961 4 35906
2762 5 35907
2866 2 35908
3162 2 35910
5006 1 35910
6652 2 35912
5021 3 35912
8262 3 35914
6763 5 35914
3227 4 35916
373 3 35916
6225 4 35917
8676 1 35918
7330 3 35921
1227 1 35921
8094 1 35922
3710 3 35922
194 5 35923
6421 3 35924
4066 5 35924
1341 1 35926
7182 2 35926
475 1 35927
2361 3 35927
8643 5 35928
2055 2 35928
3149 5 35929
2341 1 35930
8269 1 35930
1423 3 35933
8870 1 35933
2953 4 35934
2466 2 35935
3108 3 35936
7981 3 35937
7212 1 35938
9768 3 35941
5938 4 35941
7990 2 35942
1908 5 35944
3526 4 35945
3000 4 35946
3957 2 35947
1768 1 35948
8487 1 35948
1395 5 35950
2062 5 35950
1613 2 35951
6050 2 35952
7514 4 35952
7741 2 35954
9811 1 35957
9507 1 35957
1136 3 35958
4120 1 35958
2443 4 35959
3118 2 35959
7031 5 35960
2243 5 35960
6863 3 35961
5139 5 35961
7414 1 35962
1517 2 35962
4919 5 35963
7391 1 35963
440 2 35964
9209 3 35964
3121 3 35965
9645 1 35965
9054 3 35966
7168 4 35968
3387 4 35969
9262 2 35969
7945 5 35971
442 4 35973
8690 5 35974
8260 3 35974
4531 3 35976
4816 2 35976
3288 2 35977
2393 4 35977
1539 5 35978
782 5 35978
5741 4 35979
698 3 35980
9756 4 35981
9700 3 35981
200 3 35982
4911 1 35982
6304 3 35983
3178 3 35985
2860 1 35989
3859 4 35989
8963 4 35990
5504 2 35994
2353 3 35995
3712 3 35995
1686 5 35996
9001 5 35996
7222 3 35997
9330 3 35998
6047 2 36000
7784 4 36000
1508 1 36003
2700 5 36005
544 1 36005
8290 2 36007
2374 5 36007
659 2 36008
4405 4 36010
5247 3 36010
4264 5 36011
2908 4 36012
7857 2 36013
1573 4 36013
5550 2 36014
9705 3 36014
8647 4 36015
1678 5 36015
7276 4 36018
5522 3 36018
8468 4 36019
5805 3 36020
3967 2 36020
4499 3 36021
1710 2 36021
5849 1 36022
4308 2 36023
2527 1 36023
810 5 36027
6018 3 36028
7052 2 36028
3628 3 36031
2590 3 36035
3330 2 36036
3891 5 36036
9506 3 36037
4619 5 36037
5028 3 36040
3407 1 36040
847 3 36041
931 1 36042
3962 1 36042
5016 5 36043
3826 5 36043
6862 2 36044
7492 5 36045
5315 2 36046
7594 1 36046
905 1 36048
4323 1 36048
7388 5 36050
4034 3 36051
751 3 36052
3196 5 36052
2612 2 36055
7510 2 36055
1721 4 36060
4499 2 36063
1964 4 36065
4239 4 36065
8504 2 36066
6990 4 36068
9760 2 36068
543 2 36069
9674 4 36069
9266 4 36070
4639 4 36071
6886 1 36073
7748 4 36075
6276 2 36076
3919 2 36076
8040 3 36078
7130 4 36079
4471 1 36079
1147 4 36081
4346 4 36081
9400 3 36082
293 4 36084
9604 4 36086
5465 3 36086
9080 5 36087
4978 3 36087
9090 5 36088
3993 4 36089
5076 3 36089
297 3 36090
7238 4 36090
5335 5 36091
9648 1 36091
776 2 36093
6848 4 36096
1603 1 36100
2827 4 36101
1791 4 36101
2498 2 36103
9660 2 36103
3425 3 36105
862 3 36106
4005 2 36106
2234 4 36107
8816 4 36110
7981 2 36110
3532 2 36111
125 1 36112
4679 4 36112
1007 2 36113
9767 1 36113
7416 1 36114
1618 5 36114
3839 1 36115
5184 5 36116
5011 4 36116
8464 5 36117
5233 3 36118
2518 4 36118
8112 1 36120
761 2 36120
1885 2 36121
90 2 36121
518 2 36122
3767 1 36123
3797 4 36123
4706 1 36125
3360 3 36126
4203 2 36128
547 4 36129
7351 5 36130
8854 3 36132
2333 5 36134
4057 1 36136
6142 4 36137
362 4 36137
5895 4 36140
9938 4 36141
9736 4 36142
3831 3 36142
9179 4 36143
6077 2 36144
6713 2 36145
9932 4 36146
1907 5 36147
1096 5 36148
1054 2 36148
6505 3 36153
8301 5 36153
5847 1 36154
5528 4 36154
2430 5 36155
3537 4 36156
9721 2 36156
6986 2 36158
1803 2 36164
8343 1 36164
609 5 36165
6626 4 36165
5543 2 36166
2132 1 36168
765 4 36168
2502 1 36169
3767 1 36172
5457 1 36172
7922 1 36174
8207 1 36175
7710 4 36177
8917 2 36177
9574 3 36178
8799 4 36178
720 1 36179
8881 3 36179
8552 1 36181
3393 3 36181
4971 5 36182
5972 5 36182
7588 1 36184
9986 5 36184
9440 5 36185
4428 2 36185
1992 5 36186
1952 4 36188
6912 4 36189
7104 2 36189
6321 3 36190
1615 1 36191
6572 4 36191
3159 4 36193
8696 3 36195
9352 3 36196
7482 3 36198
5533 3 36198
6408 5 36199
4581 5 36200
3911 5 36202
9428 4 36203
4769 4 36203
2666 3 36204
3894 4 36204
1688 5 36205
1556 2 36205
9908 4 36206
6324 5 36206
2699 4 36207
2815 1 36208
3804 3 36208
9648 5 36209
9827 5 36209
1290 1 36211
1913 3 36213
8515 3 36214
3130 2 36214
9818 2 36215
2435 1 36218
4945 3 36218
7359 4 36220
338 2 36221
5582 4 36221
4702 4 36222
8346 2 36222
6973 4 36226
9931 2 36226
7667 4 36227
3401 1 36227
3219 3 36229
1152 5 36229
4355 3 36230
7151 3 36230
3819 4 36232
7710 3 36233
8965 4 36233
2573 5 36234
7370 4 36236
5892 3 36236
2344 3 36238
7525 3 36238
4870 1 36240
7459 4 36242
7820 5 36242
5622 3 36243
1810 1 36244
1918 3 36244
3684 5 36247
4997 2 36247
2327 3 36249
2224 5 36251
2689 2 36252
7402 5 36252
1123 3 36253
2720 5 36253
9062 5 36254
6980 1 36255
6794 5 36255
4886 1 36257
238 3 36257
8361 4 36258
5143 5 36259
138 4 36260
9867 2 36261
9261 3 36261
256 1 36262
1399 1 36263
7899 3 36264
3695 5 36266
2809 1 36266
9280 3 36269
4828 3 36270
7812 5 36270
3204 4 36272
7806 5 36273
4255 4 36273
6707 4 36274
2045 5 36275
6456 5 36280
1682 2 36281
7203 1 36284
7960 1 36284
5623 1 36286
6034 3 36287
6141 5 36287
8837 1 36289
3852 4 36289
5552 1 36290
8365 2 36293
7935 5 36294
207 1 36294
5878 3 36295
8654 2 36296
5649 2 36296
2955 3 36297
7930 1 36298
5523 5 36299
9099 4 36300
9066 5 36302
3565 2 36302
9032 5 36303
7811 1 36305
3028 3 36307
4442 3 36307
447 5 36308
5029 3 36309
7364 5 36310
558 5 36311
4910 2 36312
8632 5 36312
3254 2 36314
4161 1 36317
1264 2 36317
1614 4 36320
6089 1 36323
8975 1 36326
2503 2 36328
336 3 36328
4423 2 36329
5405 5 36329
2697 5 36331
4322 5 36332
7855 2 36332
6978 1 36333
8921 4 36334
5997 3 36334
6001 3 36335
6906 2 36337
6894 1 36337
2561 3 36338
3556 5 36338
8615 4 36339
8709 1 36341
438 4 36343
1718 1 36345
7968 3 36346
1625 1 36347
5062 3 36347
7191 5 36348
1007 2 36349
4884 2 36351
6875 4 36354
548 1 36354
6056 5 36355
8726 4 36356
4354 1 36357
3026 3 36357
46 5 36358
7583 5 36358
7176 5 36359
2118 5 36359
496 1 36360
1182 2 36360
1123 1 36361
5552 1 36362
7720 2 36363
2125 4 36363
8133 2 36364
5046 2 36364
6284 3 36365
3907 2 36366
9924 4 36366
6091 1 36367
9030 5 36367
5195 3 36369
4607 5 36370
8077 2 36370
5014 4 36372
162 5 36373
4315 1 36374
8400 4 36374
474 1 36375
3730 5 36375
5888 1 36376
1325 4 36377
9953 5 36378
9305 3 36379
9102 3 36380
9858 2 36382
8783 5 36382
8839 2 36383
2423 3 36383
2614 2 36387
1582 2 36388
8490 2 36388
7459 4 36389
3624 2 36389
1290 5 36390
9920 3 36391
915 2 36391
1723 4 36392
9076 1 36392
8874 4 36393
1729 3 36394
5748 5 36396
1022 4 36396
2820 2 36398
2018 5 36398
5526 5 36399
8354 5 36399
1740 3 36401
9066 1 36401
6354 5 36403
5879 4 36404
4318 3 36404
8981 3 36405
7882 5 36405
751 2 36406
8164 1 36407
4862 2 36408
8848 5 36409
9196 4 36409
9334 1 36410
924 3 36411
9833 2 36412
6728 2 36412
8545 1 36413
1209 3 36415
1206 3 36418
1740 3 36418
9946 3 36419
2203 2 36419
2933 3 36420
6113 4 36422
2792 1 36422
5050 2 36424
1617 4 36424
53 5 36429
9140 5 36431
1255 4 36432
1522 2 36434
1376 3 36434
8283 5 36435
2329 5 36438
7019 3 36439
4159 4 36439
5986 3 36440
5799 5 36443
2191 1 36445
1852 5 36446
5708 2 36447
5376 1 36447
2969 5 36450
2463 1 36450
3461 5 36451
1184 2 36451
3351 1 36452
897 3 36454
5168 2 36455
4676 1 36455
1082 4 36457
114 3 36457
9183 5 36458
1215 3 36458
1436 4 36459
5187 1 36460
1420 4 36460
4433 4 36461
9012 3 36461
4785 2 36462
3590 5 36462
6084 3 36467
3915 5 36467
9669 3 36468
6771 1 36469
750 5 36471
9484 4 36472
9231 4 36473
6891 3 36474
764 2 36474
4085 5 36475
8295 2 36475
6417 3 36477
1120 4 36477
1020 5 36478
2868 2 36478
3790 1 36479
6676 3 36479
6412 5 36480
1082 1 36481
2153 3 36481
7914 4 36482
2638 3 36483
6048 4 36483
1962 2 36484
8061 3 36485
3566 4 36486
682 4 36487
26 3 36487
5043 5 36488
5883 3 36488
1817 2 36489
6756 3 36489
7072 1 36490
8367 3 36492
292 3 36492
7403 1 36494
5865 1 36495
8588 5 36495
5874 2 36496
9983 4 36496
3100 4 36497
5486 5 36498
1182 2 36499
9118 1 36500
839 2 36501
1234 4 36501
1608 1 36505
588 4 36505
3761 1 36506
9753 3 36507
7170 5 36507
7807 2 36508
8163 5 36509
7795 1 36509
7424 1 36514
8621 2 36514
8866 5 36515
2975 4 36516
5236 3 36518
7339 4 36518
6398 4 36523
6573 5 36523
2400 4 36525
2540 2 36525
3372 5 36526
6400 2 36526
7165 2 36527
7818 3 36528
3056 3 36528
6473 5 36529
2893 2 36529
6703 5 36531
3569 3 36533
3534 4 36537
8445 3 36539
168 5 36540
4403 4 36540
1278 4 36543
2384 4 36543
9022 4 36546
1 4 36547
8795 3 36548
9265 2 36549
5850 4 36549
7880 1 36552
8839 1 36552
558 4 36553
924 2 36553
403 4 36554
7684 5 36555
1945 2 36555
401 4 36558
8052 4 36561
222 1 36562
887 4 36562
1038 4 36563
491 4 36563
9616 1 36564
5494 4 36564
8078 5 36565
4117 1 36567
3160 1 36568
3195 1 36568
5612 4 36569
198 5 36571
7152 1 36571
9134 5 36572
4863 5 36572
3202 1 36573
2499 2 36574
1248 2 36575
3599 1 36580
9136 4 36581
3583 1 36581
5346 4 36582
6426 5 36583
3034 2 36585
6083 1 36586
7436 4 36587
303 3 36589
5342 5 36589
5070 2 36591
5322 4 36592
1426 2 36593
8907 2 36594
9748 5 36594
5826 4 36595
6988 4 36595
5669 1 36596
5787 4 36597
6824 4 36599
3272 5 36600
2123 4 36600
3532 5 36601
5355 1 36601
268 4 36602
4854 1 36603
7184 3 36603
3522 2 36604
1802 5 36604
1581 5 36605
967 4 36606
5217 2 36608
6936 4 36609
6150 1 36610
2887 2 36611
7132 4 36612
1243 1 36612
1465 3 36613
4171 3 36613
8263 4 36614
3481 5 36614
6915 4 36615
1213 2 36616
5137 5 36619
8226 2 36620
4949 1 36620
6228 1 36623
3965 5 36623
5323 4 36624
5745 5 36624
3298 5 36625
4206 4 36625
6772 3 36626
654 2 36626
6264 3 36629
8898 5 36630
6194 2 36630
3278 5 36631
5428 4 36631
4058 1 36632
6967 3 36632
5378 2 36638
1456 4 36639
993 3 36639
1856 4 36640
189 2 36641
8857 5 36641
8478 4 36644
4332 1 36644
7886 3 36646
8439 5 36648
6549 2 36650
4562 2 36650
5137 4 36651
2008 5 36653
6668 2 36653
3041 4 36654
2433 3 36654
1212 5 36655
7218 1 36657
3381 4 36658
5287 1 36658
6588 5 36660
2898 2 36662
9480 5 36663
816 5 36663
197 2 36665
8095 4 36667
9726 1 36667
1244 1 36668
511 4 36669
3749 5 36669
4883 2 36670
5174 4 36670
1754 3 36671
6168 5 36672
7234 4 36672
6181 2 36673
8662 4 36673
4133 5 36674
3540 5 36674
3426 4 36675
7802 3 36675
9248 5 36676
634 3 36676
3442 5 36680
3959 1 36683
3439 2 36684
4923 3 36684
6227 3 36686
9098 2 36687
6294 2 36689
2501 5 36689
5929 4 36690
3477 1 36691
4439 4 36692
6279 3 36693
9597 2 36694
5358 1 36694
2307 2 36696
5522 3 36696
9260 1 36698
4590 4 36698
7626 5 36700
1563 2 36700
8312 4 36701
9583 5 36701
4581 4 36703
4694 3 36707
8726 1 36708
6322 4 36708
9569 5 36710
3001 1 36711
3419 1 36712
3405 1 36712
6830 4 36713
5588 3 36713
7167 3 36715
3996 1 36715
7063 4 36718
8034 5 36719
1581 1 36721
9615 5 36723
9702 1 36725
9268 2 36725
9003 3 36734
3521 5 36734
6272 3 36735
1109 2 36735
9967 3 36736
5065 2 36739
5563 3 36740
1599 5 36741
7456 2 36741
8505 4 36744
8237 5 36745
4645 4 36746
6851 5 36746
8123 4 36747
6152 4 36749
8439 1 36749
7991 5 36751
2957 5 36751
7452 2 36752
2252 4 36752
647 3 36753
8170 2 36754
256 3 36755
9446 2 36755
2116 1 36757
7569 5 36758
7305 3 36759
7200 4 36759
9199 2 36760
2831 3 36762
96 2 36767
4379 1 36768
5510 3 36771
3643 3 36775
2426 4 36778
8442 5 36779
1982 2 36779
1952 2 36780
5472 5 36780
5443 5 36784
5147 2 36784
6218 1 36785
2944 2 36788
1302 3 36788
1091 4 36789
1878 5 36789
8145 3 36792
6516 1 36793
9472 3 36793
3498 3 36796
420 2 36796
9744 3 36798
1178 3 36798
1131 4 36799
240 4 36799
9105 5 36800
2718 3 36800
5273 4 36801
4601 2 36801
312 4 36802
8454 4 36803
4324 4 36803
5001 2 36804
8822 4 36806
6884 5 36806
9896 3 36807
8213 3 36807
4840 2 36808
8766 4 36810
3360 5 36812
7559 1 36813
9056 5 36813
9085 2 36814
6194 2 36814
2125 5 36817
2981 3 36817
4304 2 36818
5017 3 36818
1104 1 36820
299 4 36821
6113 3 36821
7464 1 36822
3886 4 36822
4091 1 36823
8649 3 36823
6560 5 36824
4624 2 36824
9843 2 36825
6995 5 36825
2170 3 36826
9217 2 36826
971 4 36827
9897 1 36831
9066 1 36833
8324 4 36833
4623 1 36835
7044 1 36835
7681 5 36836
458 5 36836
1222 1 36839
5005 5 36840
5770 2 36841
1191 2 36843
4705 4 36845
3009 5 36845
692 4 36846
5687 1 36846
4929 3 36847
4728 5 36848
1580 1 36848
4789 4 36849
5404 4 36850
6352 5 36850
3523 3 36851
4222 5 36851
3683 3 36852
4229 1 36853
7970 5 36853
9863 2 36854
8320 3 36856
890 1 36857
6680 5 36857
3166 5 36858
4721 5 36858
4022 1 36860
9436 5 36860
9087 1 36862
4019 3 36864
4004 5 36865
5082 3 36866
9246 5 36867
813 1 36870
2851 5 36873
6326 5 36873
1316 1 36874
7820 4 36874
4891 3 36875
2792 3 36876
3970 5 36876
2205 4 36878
7537 3 36880
9927 2 36884
4020 4 36885
1973 5 36886
1433 1 36886
8887 5 36888
7022 2 36890
8175 4 36890
5382 3 36891
553 3 36891
9980 3 36892
13 1 36892
4574 2 36893
5282 5 36895
6364 5 36896
6788 3 36896
1084 4 36897
5043 5 36899
5092 5 36901
3572 4 36901
8441 5 36902
8602 2 36903
7912 5 36903
7133 1 36904
1779 5 36904
6899 3 36905
8419 2 36907
1317 4 36909
1738 1 36912
2469 3 36912
9557 2 36913
1107 2 36913
5213 3 36914
2831 3 36915
8402 2 36916
7101 2 36917
9963 3 36918
6376 4 36920
8651 2 36920
183 3 36924
7945 4 36925
6333 2 36926
4483 3 36927
665 2 36928
8433 1 36928
3755 4 36929
3028 2 36929
469 2 36930
6665 1 36930
7073 3 36931
5300 2 36931
3421 1 36932
1958 4 36934
512 3 36935
9991 5 36935
7919 5 36936
2914 1 36936
6202 3 36939
2678 5 36939
5298 1 36941
682 2 36941
7190 3 36944
2640 2 36945
9298 3 36945
8319 1 36946
4130 5 36947
4498 1 36948
8983 3 36949
7185 3 36949
4865 5 36950
2908 4 36951
8616 3 36954
6804 3 36957
7287 4 36957
6700 4 36959
3364 4 36959
8990 3 36962
2490 2 36962
9841 1 36963
447 3 36963
3347 5 36964
1332 3 36964
1757 2 36966
171 1 36966
7035 2 36967
5689 1 36967
3803 1 36968
1713 3 36969
8753 3 36969
2129 5 36970
1667 5 36970
8726 4 36971
2621 3 36971
127 3 36972
1803 2 36972
7598 3 36973
8343 3 36973
3536 3 36974
4424 4 36975
1969 3 36975
4941 5 36976
3803 1 36976
6946 1 36977
6031 5 36979
8999 5 36980
6184 5 36982
882 5 36983
5666 2 36984
5790 5 36985
2874 1 36986
2010 2 36988
1065 5 36989
7442 2 36993
2352 2 36993
6079 1 36994
1445 1 36994
2293 5 36996
430 2 36996
3688 5 36997
1476 1 36997
8904 2 36998
8281 1 36999
3688 3 37001
6693 5 37002
4739 3 37003
1472 1 37004
5118 3 37006
1874 4 37007
4740 3 37007
1465 4 37008
7471 4 37008
2911 1 37010
9979 2 37011
8938 1 37011
909 1 37012
1004 4 37012
9777 1 37013
6102 3 37016
9538 5 37016
3704 4 37017
6468 4 37018
4696 5 37018
8631 4 37019
6765 2 37022
8655 2 37022
2961 2 37023
9454 2 37023
5574 4 37024
87 4 37024
3327 4 37029
2732 4 37030
9670 5 37031
3520 5 37031
9684 4 37034
1603 2 37034
4058 4 37035
3555 1 37038
8110 3 37038
9993 1 37039
639 5 37040
6850 5 37040
5450 1 37041
7241 2 37042
5794 2 37042
6269 2 37043
2296 5 37045
7922 2 37045
415 3 37046
5319 1 37048
3124 2 37048
9085 2 37049
657 1 37052
6535 4 37054
6211 1 37060
3105 4 37060
7205 1 37061
7158 4 37062
7532 2 37063
3437 5 37064
6203 4 37064
1509 4 37065
9805 1 37065
2133 1 37066
1801 5 37071
1068 5 37072
9092 2 37074
7394 4 37075
7854 5 37075
7566 4 37077
6248 5 37079
9852 4 37079
3891 3 37080
2756 5 37080
2075 1 37081
197 4 37082
5857 1 37082
9356 1 37083
4057 4 37084
4232 4 37084
1182 3 37086
8180 2 37087
911 5 37088
8577 3 37091
3280 1 37092
16 4 37095
6308 2 37096
1892 3 37099
7118 4 37100
6452 2 37100
1616 4 37102
3615 1 37102
3668 2 37105
7034 1 37107
3171 3 37108
5893 3 37108
5977 3 37109
6486 2 37110
4454 4 37110
5039 2 37111
6461 2 37111
2307 3 37112
4847 4 37112
162 5 37114
2165 1 37116
5375 5 37117
119 3 37117
3528 5 37119
1109 2 37119
9628 3 37120
4449 5 37120
8568 2 37121
6281 1 37122
6548 3 37124
8994 1 37124
4991 5 37125
8420 3 37128
7934 4 37128
700 1 37130
7628 3 37133
5542 3 37133
138 5 37134
3963 1 37134
800 3 37135
3386 4 37136
5136 5 37137
665 5 37137
5444 3 37139
9697 2 37140
7215 4 37141
5412 2 37141
9981 2 37143
1331 4 37145
9627 2 37146
7758 4 37147
6643 3 37149
9051 1 37150
9872 4 37150
5984 2 37151
8540 3 37151
107 2 37152
3106 3 37153
3229 5 37153
7094 2 37154
2664 2 37157
6945 5 37157
5836 5 37158
5401 2 37158
4079 3 37160
9121 1 37162
5056 1 37162
2342 3 37163
4966 5 37164
1699 2 37164
7183 3 37166
638 1 37167
4110 3 37168
3401 2 37169
9399 3 37169
9243 4 37170
6393 3 37170
578 2 37172
9120 2 37172
435 4 37173
1399 1 37174
5360 4 37176
8869 5 37176
4883 1 37177
5742 2 37177
4687 3 37178
3489 1 37178
8525 3 37179
2339 4 37179
3181 3 37181
9573 4 37181
5445 5 37182
2013 2 37183
134 3 37184
4313 4 37189
8174 3 37190
1714 5 37190
5229 2 37191
4299 1 37191
2435 5 37193
3057 2 37195
6845 1 37196
2333 5 37197
8662 5 37197
2931 3 37199
9573 4 37199
6550 4 37200
8303 4 37202
9226 2 37203
1570 1 37203
1843 4 37204
7081 4 37204
6140 4 37206
2809 1 37207
4772 1 37208
4026 1 37210
3755 1 37211
1576 3 37211
7696 4 37215
9208 1 37216
6818 5 37217
1285 3 37220
5056 4 37220
5839 4 37221
216 1 37221
4235 5 37223
5267 2 37223
1264 3 37225
5762 5 37227
5948 3 37227
3611 1 37228
8853 5 37230
6976 5 37230
2255 2 37232
5300 3 37234
6006 2 37234
1939 3 37236
8545 2 37236
4164 1 37237
3899 2 37237
8046 5 37238
5176 3 37238
2291 2 37240
1041 4 37241
376 2 37242
4184 4 37243
6846 1 37243
3592 3 37244
1930 5 37244
873 3 37245
8153 5 37246
5902 4 37246
6149 5 37247
8043 2 37249
6499 2 37250
7379 5 37251
1995 3 37251
3363 1 37252
7788 4 37252
2933 2 37253
7708 3 37253
5005 1 37254
5292 2 37255
2993 3 37255
5540 1 37257
8302 1 37258
5262 5 37259
3512 5 37259
9111 1 37261
2329 2 37263
9096 1 37264
3192 5 37268
9094 4 37269
4285 4 37272
3427 2 37272
2859 1 37275
4892 4 37276
6498 3 37276
3162 2 37277
1095 4 37277
1329 3 37279
9493 2 37281
1739 5 37282
1370 5 37283
7830 2 37283
5812 3 37284
1901 5 37285
5104 5 37285
9607 4 37288
3724 3 37288
2114 1 37289
7805 4 37289
2734 3 37290
1019 2 37291
4612 1 37291
2769 5 37292
7179 4 37293
4457 5 37293
8950 5 37294
4588 2 37295
3816 2 37295
1860 2 37296
498 2 37297
5944 2 37297
9247 1 37298
8948 4 37299
9477 2 37299
6562 2 37300
6018 5 37301
2237 1 37303
5909 1 37303
9030 3 37305
9850 5 37306
8306 1 37307
3742 2 37307
1986 4 37308
4770 3 37308
8768 2 37310
6958 4 37312
2989 3 37316
5347 5 37317
7210 1 37317
5335 1 37318
5561 1 37319
6096 3 37319
3403 4 37320
2342 5 37320
7715 3 37321
5956 4 37322
6061 1 37322
4562 3 37323
1406 4 37323
2806 3 37324
3314 3 37325
5601 4 37326
8615 4 37326
1027 2 37327
3607 2 37327
8937 3 37329
8531 4 37330
10 5 37330
7622 4 37332
2116 4 37333
4967 3 37335
143 4 37336
7306 4 37336
1763 2 37338
7702 1 37339
187 3 37339
7629 3 37340
8916 4 37341
8567 4 37341
9785 3 37345
3045 3 37345
2191 5 37346
1310 5 37346
6429 4 37348
275 5 37348
9548 4 37349
6341 2 37349
4942 3 37350
5247 5 37350
8982 4 37351
2517 4 37351
3933 3 37352
9794 5 37352
5919 2 37353
4678 4 37353
7536 3 37354
3228 2 37354
1333 2 37355
7124 5 37357
3146 3 37358
5449 4 37359
8419 5 37360
2100 1 37360
4821 3 37361
7833 5 37363
7519 3 37364
2817 2 37365
7545 4 37367
2503 1 37367
9801 5 37368
6575 5 37368
6521 1 37369
6785 3 37369
753 1 37371
29 4 37372
8034 5 37372
9185 5 37373
609 4 37373
4204 3 37374
5958 3 37374
4749 4 37375
6595 2 37377
3337 3 37377
992 3 37378
3456 4 37378
3132 3 37379
9901 3 37380
2669 3 37381
9345 3 37381
2699 1 37382
2504 2 37384
4963 1 37384
130 1 37385
4304 5 37385
4561 3 37386
5317 2 37387
6517 2 37388
2362 4 37388
9705 5 37389
6344 2 37389
2403 3 37390
1349 4 37392
3950 2 37392
6393 2 37393
2866 1 37393
2786 5 37394
1297 4 37395
7165 3 37395
3647 2 37396
3750 4 37398
7598 2 37398
3648 1 37399
6336 3 37400
9543 3 37401
8054 5 37401
4852 4 37402
7667 1 37402
8555 4 37403
198 4 37404
2674 5 37405
9255 1 37405
3590 5 37406
7770 3 37408
5611 3 37408
3833 2 37409
919 4 37409
2440 5 37410
4529 2 37410
2476 4 37415
5842 1 37415
1155 4 37416
9565 5 37416
9112 2 37418
9379 3 37419
4562 2 37419
9713 3 37425
491 2 37425
4541 5 37426
1070 4 37428
4002 1 37428
4149 3 37429
4224 3 37429
9316 1 37430
1462 3 37430
8060 2 37431
8410 2 37432
5708 1 37432
2557 2 37433
7206 5 37433
7868 2 37434
8471 4 37434
857 5 37435
4087 4 37436
5218 5 37437
2134 4 37442
804 4 37442
3950 4 37443
5297 5 37443
3574 3 37444
9434 3 37444
1294 2 37446
8726 1 37448
5832 5 37448
1444 4 37449
8037 5 37449
6316 4 37450
2990 5 37450
8577 2 37451
2624 4 37452
9671 5 37453
8007 2 37454
3980 5 37455
7107 2 37456
2812 5 37457
9304 5 37457
2657 3 37458
8910 1 37459
5241 5 37459
9309 4 37460
6662 2 37462
6550 3 37462
9782 2 37464
4760 1 37464
9561 2 37465
6474 4 37465
160 5 37466
6535 4 37466
1889 3 37467
4851 5 37467
9399 4 37468
8795 1 37468
4091 2 37469
2181 5 37469
8547 4 37471
8224 2 37471
2034 2 37472
7852 2 37473
2498 1 37474
1497 4 37476
2250 2 37476
4998 3 37477
5687 2 37477
292 5 37478
9212 4 37478
2122 1 37482
7752 5 37482
5851 2 37487
675 1 37489
8833 1 37489
6748 5 37490
6944 5 37491
1764 1 37491
1572 1 37492
6970 2 37492
4202 5 37493
4906 4 37493
5692 2 37494
3693 1 37494
3521 2 37495
631 2 37497
5793 3 37497
2083 2 37499
8152 5 37500
3444 2 37501
7900 3 37503
9000 3 37503
2539 4 37507
4926 2 37507
1941 1 37508
9758 5 37508
3490 3 37510
7784 5 37510
5732 5 37511
3452 4 37512
915 4 37512
7392 4 37513
8751 3 37513
7214 5 37514
6596 3 37516
801 1 37517
324 2 37517
5604 1 37518
2135 2 37520
2134 3 37520
8607 1 37521
5326 4 37521
3020 5 37522
3555 1 37522
1291 3 37523
3220 3 37524
2964 1 37524
2798 2 37525
2248 4 37526
8719 3 37526
925 4 37527
3041 1 37530
8616 4 37533
9260 2 37534
9521 4 37534
5466 1 37539
7508 5 37539
7646 5 37540
5001 4 37540
8529 2 37541
8455 2 37542
7646 1 37544
9395 5 37544
6313 2 37545
8733 5 37545
9960 1 37546
3495 1 37547
594 5 37547
9699 5 37548
839 4 37548
903 5 37549
555 1 37550
4705 5 37551
2220 1 37551
6670 2 37553
1289 3 37553
4610 1 37555
5700 4 37556
2805 2 37557
7410 4 37557
4339 3 37559
8898 1 37560
7749 2 37560
9416 1 37561
6807 4 37561
9796 2 37562
2062 1 37565
5135 5 37565
1753 1 37567
8471 4 37570
4328 4 37572
870 4 37573
4505 2 37573
3831 5 37574
7192 4 37575
7817 2 37575
6557 1 37578
3893 1 37578
4366 1 37580
1548 3 37581
3144 5 37583
6233 3 37584
465 4 37585
9591 5 37587
1018 4 37587
3749 5 37591
6117 3 37591
7657 3 37592
8432 5 37593
5849 1 37594
4343 5 37596
6762 4 37597
5827 1 37597
7630 3 37598
3515 4 37598
5555 4 37600
9733 4 37600
4259 4 37601
5979 4 37601
5017 1 37602
4924 4 37603
5659 1 37605
2773 2 37608
7639 5 37610
1327 3 37611
6441 5 37611
2946 2 37612
1612 3 37612
8166 3 37613
5822 3 37613
4711 3 37614
1012 1 37614
5831 3 37615
1022 5 37616
1872 4 37616
9149 3 37618
5266 4 37618
8812 3 37619
8567 4 37620
509 1 37621
6786 5 37622
3078 4 37623
7466 1 37623
5024 3 37625
5882 1 37625
6842 3 37627
190 3 37628
811 4 37628
2261 2 37630
8151 2 37634
7148 5 37635
3777 1 37636
7343 4 37637
9400 4 37638
4711 5 37638
8649 5 37642
8486 5 37642
522 3 37643
6150 1 37643
8049 1 37646
138 2 37648
2255 1 37649
105 2 37649
4960 1 37651
5212 2 37652
1087 3 37652
68 5 37653
5583 4 37655
6051 3 37655
9246 1 37657
8499 4 37657
158 3 37658
7048 2 37658
8203 5 37660
3712 3 37660
4351 2 37661
707 5 37661
894 4 37663
6575 1 37663
4810 4 37664
6755 1 37664
880 2 37665
265 1 37665
4095 2 37666
514 5 37667
877 2 37669
4201 2 37669
5104 2 37671
6562 2 37671
4906 3 37672
5683 5 37672
3587 2 37673
2479 3 37673
7798 1 37674
4475 2 37674
6089 3 37675
4368 3 37676
2397 4 37677
1455 5 37678
9267 3 37678
6052 2 37679
4679 3 37680
197 4 37681
2108 1 37681
1644 5 37683
750 3 37683
137 2 37684
3655 1 37685
7525 1 37685
2400 5 37686
3452 4 37687
5298 5 37687
1492 4 37689
4155 4 37690
6333 2 37690
8655 2 37694
435 5 37695
2528 4 37696
7001 2 37696
1897 5 37697
6344 1 37698
6300 5 37698
3880 5 37700
5438 5 37700
4286 5 37701
8315 2 37701
6823 4 37702
4576 5 37702
4050 5 37703
6743 2 37704
5869 3 37705
3132 4 37707
9441 4 37708
3593 2 37709
6389 4 37710
9387 1 37710
2119 3 37711
8025 1 37711
4024 5 37712
6984 5 37713
2465 1 37715
3987 5 37715
8130 4 37716
1821 1 37716
5553 1 37721
1987 3 37722
4823 4 37722
8884 4 37723
9497 2 37723
6979 3 37725
919 2 37725
4608 1 37727
1697 2 37728
6543 4 37729
6391 3 37729
2144 3 37730
419 5 37730
1091 1 37731
518 2 37732
5059 4 37732
6164 5 37733
4652 3 37734
2809 1 37734
6948 3 37736
7399 2 37736
5527 1 37737
1323 4 37737
8508 2 37739
6720 5 37739
2003 5 37742
9997 1 37742
7432 2 37743
5196 2 37745
6079 4 37746
2894 1 37746
8443 4 37747
8697 3 37747
1973 1 37748
8452 1 37748
6605 5 37750
7348 4 37751
5090 1 37752
2217 3 37753
5347 5 37753
2870 1 37755
466 3 37756
4649 4 37757
833 5 37759
7805 5 37760
3137 4 37761
7871 5 37764
2194 1 37764
3273 3 37766
6575 3 37769
2335 4 37769
7489 2 37771
3150 3 37777
3186 1 37777
3290 4 37778
1649 5 37779
901 3 37780
7453 2 37784
7582 5 37786
7765 4 37790
6526 5 37792
7794 1 37793
8547 5 37794
5099 5 37796
5294 3 37797
6609 1 37798
9682 1 37798
2044 4 37800
7298 5 37801
2360 4 37802
3438 4 37802
599 4 37803
6124 2 37803
7121 3 37804
750 3 37804
2883 1 37805
8075 4 37806
4951 4 37807
3377 2 37807
7769 4 37808
3733 4 37810
9734 3 37811
4836 1 37812
537 1 37813
8907 5 37814
3303 1 37816
6803 5 37818
7804 2 37819
6341 3 37821
2364 1 37822
7114 3 37822
5291 3 37824
2138 3 37825
8675 1 37826
2906 1 37826
4518 2 37827
8098 5 37828
7638 2 37829
306 3 37829
7100 5 37830
2579 2 37830
6795 3 37832
5576 3 37833
2879 2 37835
3541 5 37836
7906 2 37837
1329 1 37837
3812 1 37838
9629 3 37838
3260 2 37839
3593 4 37839
7891 1 37841
9942 1 37843
5705 3 37843
9861 4 37845
8847 5 37847
1113 4 37847
3409 1 37849
160 4 37849
7475 2 37850
1558 5 37851
2718 2 37853
6118 2 37853
8531 3 37854
9788 4 37855
747 4 37856
1626 1 37856
1177 4 37857
2770 4 37857
7530 5 37858
4867 1 37858
9567 1 37859
5713 3 37860
3429 1 37860
4786 4 37861
2227 5 37862
9134 2 37862
6447 5 37863
5906 1 37863
7181 1 37867
7269 2 37867
5135 5 37873
5592 5 37875
999 3 37878
2214 4 37879
9873 5 37879
7295 2 37880
5842 1 37882
9886 3 37884
9253 1 37884
6829 1 37885
5513 5 37885
2925 1 37887
5599 2 37888
9123 4 37888
3833 3 37889
8344 2 37890
7680 3 37890
9062 2 37892
5191 5 37893
7656 3 37897
3824 2 37897
7170 1 37898
8196 4 37898
2219 3 37900
1828 2 37900
5843 5 37901
8438 3 37901
7080 2 37902
3687 3 37902
9720 3 37904
3226 2 37907
9939 1 37907
3000 5 37909
5143 1 37909
3838 1 37910
4059 5 37911
6759 5 37911
8991 5 37913
8856 3 37913
4567 5 37914
6400 1 37914
8343 5 37915
4268 5 37916
9399 2 37916
6262 1 37917
2369 5 37920
7276 5 37920
7748 5 37922
6116 4 37922
2125 3 37923
2917 5 37923
1612 4 37924
7860 2 37924
310 3 37925
6565 4 37926
5308 3 37927
9210 1 37927
3876 3 37928
526 1 37930
8219 1 37931
3731 3 37931
5372 3 37932
5679 4 37932
9167 4 37934
6176 1 37934
1261 4 37935
5706 5 37938
8878 3 37938
6284 5 37939
2875 2 37940
7585 4 37940
4378 4 37941
4861 5 37943
4361 5 37943
5771 1 37944
7406 1 37945
8916 3 37946
7847 1 37948
711 2 37948
3292 4 37954
1509 5 37954
4458 3 37955
9436 4 37956
307 3 37956
3613 1 37957
749 4 37957
8161 3 37958
1081 1 37958
3421 1 37959
8286 1 37960
4705 1 37960
9344 4 37961
9612 3 37961
8033 5 37963
9512 1 37964
3846 1 37964
737 5 37965
1877 5 37965
588 4 37967
4637 3 37968
5359 4 37968
5960 1 37969
1274 1 37970
2780 3 37971
4068 4 37974
8352 1 37975
4805 4 37977
9580 3 37977
6512 4 37978
3822 1 37978
3345 3 37979
4187 1 37979
3754 3 37980
1251 5 37980
6879 4 37981
1518 2 37981
6607 5 37983
779 1 37983
9746 2 37984
4812 4 37985
5386 3 37987
4842 2 37987
229 4 37988
2347 1 37991
5815 1 37992
981 3 37992
1854 2 37996
5003 5 37996
7910 4 37997
1338 4 37999
7290 4 38001
7436 5 38001
528 2 38004
8624 3 38005
4569 2 38005
1552 4 38007
5525 5 38010
9983 2 38010
4741 4 38011
9662 5 38011
6888 1 38012
174 1 38012
7560 2 38013
4720 3 38014
4457 4 38014
3611 3 38015
872 3 38016
1731 3 38017
3151 5 38017
3523 5 38018
9969 5 38019
554 4 38019
2779 4 38020
4773 5 38020
1899 2 38022
2345 4 38023
5527 3 38023
3669 1 38024
2471 3 38024
3443 1 38025
4793 1 38025
1230 2 38028
3660 5 38029
3029 3 38029
3723 1 38031
5816 5 38031
41 3 38036
5181 3 38036
5073 1 38038
3334 5 38042
8709 5 38042
1736 2 38044
6200 5 38045
1322 1 38047
1717 4 38047
9541 3 38050
9853 3 38050
4166 2 38055
2240 3 38056
1748 5 38057
3906 1 38057
5388 5 38058
1508 1 38059
5902 4 38061
750 3 38061
462 2 38062
6742 4 38062
5454 3 38063
328 1 38065
2968 1 38066
2361 1 38067
8578 3 38068
7214 4 38069
1749 1 38069
5407 4 38071
9453 3 38071
7536 3 38072
2142 1 38073
1507 4 38075
8603 2 38075
4465 2 38077
2898 2 38077
6332 5 38081
4112 2 38081
2771 4 38082
6495 5 38084
9924 2 38084
6102 2 38087
6144 3 38090
2011 2 38093
2435 1 38094
9238 1 38095
2484 2 38097
6955 2 38099
5033 5 38100
1970 1 38101
1273 2 38102
8511 3 38103
8517 5 38103
6208 2 38104
6566 3 38105
454 2 38105
4478 3 38106
942 5 38106
1063 3 38107
8976 4 38108
1750 4 38108
3324 4 38109
513 5 38109
4868 5 38110
2607 5 38111
4271 2 38111
9995 4 38112
6142 5 38114
8467 3 38114
4803 2 38116
5909 1 38117
434 3 38117
8521 4 38120
7573 4 38123
186 1 38124
4736 3 38125
308 2 38126
6695 2 38126
4921 5 38130
2675 3 38131
3904 5 38131
4569 5 38132
5617 4 38133
5369 3 38133
4278 3 38135
8098 5 38136
8878 4 38138
6910 4 38138
9105 3 38139
6777 4 38141
3663 4 38142
496 5 38143
4405 3 38144
9781 5 38144
7989 2 38146
493 2 38147
5010 1 38148
9190 2 38148
5034 3 38149
9015 2 38150
8267 5 38150
9254 5 38151
6089 1 38153
6740 3 38153
6129 4 38154
156 1 38154
974 4 38155
385 1 38156
6799 5 38157
1809 4 38158
4443 4 38159
8012 3 38159
8570 1 38162
4963 1 38164
76 1 38165
954 3 38168
104 4 38168
1847 5 38169
4369 2 38169
7250 4 38170
7228 4 38171
9832 3 38172
7328 1 38172
6485 1 38173
3265 4 38174
57 1 38174
1106 2 38175
2527 2 38178
9293 5 38178
8363 2 38179
8752 3 38180
1719 5 38180
3074 1 38181
844 2 38182
5385 2 38184
7175 4 38185
4514 3 38186
7274 5 38187
3728 2 38187
601 5 38188
8794 1 38188
5183 4 38189
1528 3 38189
863 2 38190
381 3 38193
378 1 38196
1637 3 38198
8426 2 38198
1031 5 38200
1076 4 38201
4825 1 38201
7414 4 38202
9486 4 38202
5294 2 38204
2571 3 38204
2659 2 38205
6550 3 38205
7403 4 38206
681 4 38208
6021 2 38208
6086 4 38209
1444 5 38210
8371 1 38211
6397 4 38212
3815 2 38213
5901 4 38213
4003 2 38218
5098 2 38219
4760 2 38220
8142 3 38220
2141 5 38221
9741 5 38222
9766 5 38225
1598 2 38225
6095 1 38226
615 2 38227
4405 1 38228
811 5 38231
8574 4 38231
4130 1 38235
2632 1 38236
2299 4 38236
1699 2 38237
3032 4 38238
9502 5 38238
115 5 38239
7843 4 38239
5379 3 38240
2727 3 38240
6942 4 38241
867 1 38241
3826 4 38242
2004 4 38243
6055 5 38245
8551 1 38246
6028 5 38247
5542 2 38247
2966 3 38248
2131 3 38249
4963 2 38250
8182 4 38252
2867 5 38252
8151 3 38255
702 4 38258
7618 4 38259
4994 5 38259
1793 4 38260
5922 3 38260
6036 3 38261
1138 5 38261
5089 2 38262
9893 3 38262
8972 4 38263
9646 1 38266
7091 4 38266
2192 5 38267
1487 1 38267
8319 5 38268
166 1 38269
5422 4 38269
5031 3 38270
9854 5 38270
1413 1 38272
4582 5 38272
7490 1 38274
2629 2 38274
8719 4 38275
8878 2 38275
6649 4 38276
9547 2 38276
2840 2 38277
9540 3 38278
2892 1 38279
8383 5 38279
7124 3 38280
7973 5 38280
1618 1 38282
4442 1 38282
6288 2 38283
8383 4 38285
9251 2 38285
9163 4 38286
2986 3 38287
7690 3 38288
3047 1 38288
9768 2 38289
2243 4 38291
4873 4 38292
5717 5 38293
5880 1 38296
8047 4 38296
4558 2 38297
1173 4 38300
7253 5 38303
587 2 38303
4321 2 38305
6364 5 38306
6151 4 38307
7257 4 38307
638 1 38309
1574 4 38311
9327 4 38311
7180 2 38315
3234 3 38315
1608 5 38316
1071 3 38317
5129 2 38317
852 5 38318
4197 4 38320
3298 3 38321
5052 5 38322
3707 1 38322
9452 2 38323
9270 3 38324
4031 1 38325
7108 5 38325
9911 1 38326
1370 2 38326
9910 5 38327
9239 3 38329
1596 3 38330
7272 5 38331
7637 3 38332
3703 3 38334
1949 2 38335
5593 3 38336
2925 4 38337
9333 2 38337
7768 1 38338
7542 3 38341
7853 3 38342
7420 1 38342
6925 5 38343
2426 3 38343
3055 3 38344
7906 5 38345
4100 1 38351
4506 3 38351
6632 1 38352
9019 5 38352
8648 1 38355
5855 4 38355
9076 1 38356
8142 2 38356
7119 3 38358
2286 3 38359
1574 4 38359
5050 2 38360
1670 1 38360
3583 3 38363
3027 4 38363
6631 1 38364
4773 2 38364
7034 2 38365
3539 4 38366
8853 5 38367
8761 4 38369
2522 2 38369
7793 2 38371
8104 1 38371
6236 4 38372
3650 5 38372
454 4 38373
4912 4 38374
3563 5 38374
571 5 38375
1475 3 38375
9755 1 38376
7141 3 38378
6011 5 38378
8518 3 38379
7523 5 38380
3771 1 38382
475 2 38383
3098 2 38385
8523 2 38385
209 5 38387
5855 5 38387
9424 3 38388
9712 4 38390
9618 5 38392
8797 5 38392
3011 4 38393
2841 5 38393
4682 1 38395
31 3 38396
1382 5 38396
6432 1 38397
3960 3 38397
3607 1 38398
6586 3 38401
6666 4 38402
8309 5 38402
352 3 38404
4181 3 38404
736 3 38405
7609 5 38405
5100 3 38407
3097 1 38407
7873 3 38409
8276 1 38409
8285 2 38410
7042 3 38410
6541 4 38411
8853 2 38411
7072 1 38412
1810 2 38412
9649 3 38414
1532 5 38414
5568 3 38415
1253 2 38417
1759 5 38418
8796 4 38418
5141 3 38420
3875 2 38420
6060 5 38421
2151 5 38421
386 1 38423
2054 1 38425
5581 4 38425
8940 1 38426
7034 5 38427
2536 1 38427
7260 5 38429
9700 4 38429
6534 1 38430
2543 3 38431
3395 2 38431
2378 4 38432
6916 2 38432
3248 1 38433
848 2 38434
7070 5 38435
7694 2 38435
9452 3 38436
8884 1 38436
2332 5 38439
4311 5 38441
7015 1 38441
1699 2 38442
7027 2 38442
2828 2 38443
9738 3 38443
1429 5 38447
2707 5 38449
3690 3 38450
8723 5 38450
8216 1 38452
4176 1 38453
2790 2 38453
8876 4 38455
8901 5 38456
1250 1 38456
5609 5 38458
4417 1 38458
8622 1 38459
3976 1 38460
6261 4 38461
399 4 38461
9939 5 38462
2743 5 38462
4586 5 38463
9650 5 38464
2075 5 38464
2477 5 38465
5874 3 38466
3937 5 38466
9224 4 38468
6692 2 38469
5137 2 38469
5825 5 38471
1948 3 38471
7895 2 38474
6615 4 38475
79 5 38476
4724 4 38477
8843 1 38477
4691 4 38478
4535 5 38479
6804 1 38481
7149 2 38481
2766 3 38483
1537 5 38486
6317 3 38486
1315 5 38489
5964 5 38489
8938 1 38491
1019 5 38493
6725 3 38493
2264 5 38498
790 4 38500
3511 4 38501
4222 3 38501
4213 4 38502
9197 2 38504
8046 1 38505
203 5 38506
372 2 38506
8367 1 38509
5624 4 38510
5141 1 38511
6837 2 38513
1846 1 38513
8000 3 38516
7007 4 38517
57 4 38519
3807 4 38520
94 4 38520
5800 2 38522
7242 3 38522
4240 1 38523
8119 2 38523
6187 2 38524
7930 2 38524
9957 2 38525
9939 4 38526
9014 4 38526
1944 2 38527
1172 2 38528
9477 5 38530
3795 2 38531
3132 4 38531
9312 4 38532
5046 5 38533
6383 4 38533
7372 4 38534
5839 4 38535
9487 2 38536
7947 2 38537
723 3 38539
2494 3 38540
9497 3 38542
8969 5 38543
902 4 38543
4466 3 38546
7052 3 38547
6000 4 38547
972 1 38549
7785 4 38551
3779 1 38551
8600 4 38555
9255 3 38555
6048 2 38556
660 4 38556
8975 1 38557
5601 5 38557
8186 5 38558
9342 1 38558
1110 1 38559
4861 1 38559
1260 5 38560
8755 4 38560
6394 1 38564
8045 5 38565
1762 3 38565
4112 2 38566
5331 2 38566
4699 2 38568
2727 2 38568
5224 3 38569
544 1 38569
8194 2 38570
1853 2 38571
9927 2 38573
6149 4 38573
5646 4 38575
6111 4 38578
8901 2 38579
8776 3 38579
2465 4 38581
7290 4 38582
422 2 38582
9442 1 38585
1639 3 38585
9718 2 38588
8505 4 38589
6856 2 38590
270 1 38590
2041 2 38591
5365 1 38591
2679 4 38592
7473 5 38592
5981 4 38593
9963 3 38597
5784 2 38597
5572 1 38598
6352 3 38599
8638 5 38600
2497 2 38600
8418 5 38601
9544 3 38603
6206 2 38604
5290 3 38604
3053 4 38605
5729 5 38606
5664 2 38606
5014 4 38608
7056 2 38608
219 1 38609
5541 4 38611
3640 4 38611
2394 5 38612
1403 5 38616
9768 3 38616
8433 5 38617
922 3 38619
101 1 38620
5176 5 38621
1494 5 38622
9837 5 38622
8439 4 38623
8961 1 38624
4558 4 38624
2089 4 38630
7571 3 38631
7464 3 38633
3654 5 38633
6985 5 38634
2007 1 38635
10000 2 38636
9715 3 38636
3778 4 38637
3900 5 38637
4155 2 38639
6058 1 38639
4168 2 38640
624 3 38640
2310 1 38641
7273 1 38642
1497 3 38642
3311 2 38644
8404 1 38644
8749 4 38645
7240 1 38645
7263 5 38646
4375 1 38646
7179 5 38647
9610 3 38649
2019 5 38650
6914 5 38651
2835 5 38652
2627 1 38652
6737 1 38653
253 5 38655
2229 4 38658
8495 5 38659
7429 5 38661
2570 4 38661
8523 1 38663
8029 4 38665
2225 2 38665
1455 4 38666
7317 3 38666
6076 4 38667
9073 5 38668
7109 3 38669
6347 5 38669
4579 3 38670
8643 4 38670
6678 1 38671
2287 5 38674
6578 3 38674
2270 4 38675
2596 1 38675
7470 2 38676
5940 2 38676
1355 4 38677
8732 2 38677
971 4 38678
4555 3 38679
5244 5 38679
6278 5 38684
6950 3 38684
5957 4 38687
8218 2 38688
4786 1 38688
2238 1 38690
9719 2 38692
1272 3 38693
5357 3 38693
6454 3 38694
3983 1 38695
5880 4 38701
1048 2 38702
6554 4 38703
6676 4 38704
5149 3 38704
7913 4 38706
4000 3 38707
5714 2 38708
6809 1 38708
2233 2 38709
4048 3 38710
4136 4 38710
493 3 38711
9890 2 38713
3637 2 38714
2233 4 38714
393 1 38715
4322 5 38716
1472 2 38716
4939 1 38717
3344 5 38717
9228 1 38718
6834 1 38718
2392 3 38720
9942 5 38722
5670 3 38723
4780 2 38724
146 1 38724
3833 3 38726
5363 1 38726
7078 4 38727
2473 5 38728
6545 5 38729
3827 3 38729
55 2 38730
5727 4 38732
8534 3 38732
7459 5 38733
80 1 38734
8464 4 38735
1779 3 38735
9198 5 38737
4756 1 38737
9282 5 38739
6515 3 38739
7055 3 38740
4032 1 38741
6543 4 38742
6599 4 38743
392 2 38744
3604 1 38745
6016 3 38746
9649 1 38747
1134 4 38747
4507 3 38748
9141 3 38749
8595 2 38751
5822 3 38751
7667 1 38753
4409 2 38754
909 5 38754
1203 3 38756
3429 2 38756
9356 1 38757
1995 3 38757
5254 5 38760
9632 1 38761
6880 2 38764
5164 3 38765
6324 3 38766
3992 4 38767
3696 3 38767
1599 3 38768
581 3 38768
8958 3 38770
7548 1 38771
3229 1 38771
4949 3 38772
5740 3 38772
2489 3 38773
5014 1 38775
712 1 38775
7140 5 38777
8350 4 38777
1031 5 38780
4156 1 38782
4442 5 38782
9318 2 38783
6694 3 38783
4839 4 38785
6340 1 38785
5603 1 38786
2511 2 38787
9037 1 38787
3220 2 38789
457 3 38790
8907 5 38790
4080 1 38791
7750 4 38792
2844 3 38793
3286 1 38793
8392 4 38794
1748 3 38794
507 2 38795
148 3 38795
5298 1 38797
1220 5 38797
620 1 38798
8380 2 38799
546 1 38799
9955 5 38801
3307 5 38803
7504 3 38804
34 4 38805
4969 5 38805
8378 2 38807
515 2 38807
7120 1 38808
750 5 38808
3362 3 38809
2302 2 38809
255 5 38810
5978 4 38810
3810 1 38812
8666 1 38812
9008 5 38813
2032 1 38814
179 3 38815
5827 5 38815
3471 4 38816
8808 2 38816
4337 1 38817
9033 4 38818
2772 1 38818
4065 5 38820
6815 3 38824
1066 2 38826
8246 5 38827
5995 2 38827
6131 2 38828
6646 4 38830
5419 5 38831
9758 1 38831
8867 3 38832
4514 1 38832
2793 3 38833
7533 5 38834
7777 3 38835
5353 4 38836
3181 4 38837
2074 2 38840
4597 3 38846
4060 5 38846
857 2 38847
8405 1 38847
7812 4 38848
6216 1 38849
1380 4 38850
2133 4 38851
1271 2 38852
6948 4 38852
505 4 38854
1163 3 38854
4728 2 38855
5856 3 38855
8021 5 38856
1471 4 38856
4276 5 38857
455 4 38857
5054 4 38858
3768 1 38858
4055 3 38861
6088 2 38862
1825 3 38862
1168 1 38863
7942 4 38864
6426 3 38865
1472 5 38866
2216 2 38867
9356 4 38867
8873 5 38868
93 5 38868
865 3 38869
9336 2 38871
9684 4 38871
145 4 38873
6578 1 38873
9160 5 38874
3609 1 38876
9906 1 38876
9702 2 38877
7859 1 38877
1200 5 38878
9407 5 38880
9336 2 38880
6077 1 38881
9524 5 38883
3877 5 38884
480 3 38885
7827 5 38885
6309 5 38886
4944 5 38888
7617 2 38889
8696 4 38890
7637 1 38890
4728 1 38891
5992 1 38891
9258 4 38892
2906 4 38892
6670 2 38896
2950 2 38896
2666 3 38897
4219 3 38897
8390 5 38898
2709 2 38898
997 1 38900
9643 1 38901
264 3 38901
4789 4 38903
6044 2 38903
5293 2 38904
3547 4 38904
4102 5 38906
6524 1 38906
4483 2 38907
1156 3 38908
2845 2 38909
3177 2 38910
7921 1 38914
314 2 38914
8362 4 38919
8543 2 38919
2411 2 38920
2652 3 38922
9778 4 38922
7960 4 38923
8113 5 38924
9325 5 38924
9354 5 38925
6574 2 38926
2925 3 38926
5776 2 38929
6581 2 38930
5282 4 38930
7687 1 38931
3828 2 38931
7034 1 38932
9757 2 38935
3830 3 38935
7337 3 38936
4153 3 38936
8044 3 38937
7212 1 38938
2296 4 38940
1731 5 38940
6696 1 38941
9105 1 38941
2925 2 38946
5776 2 38949
436 1 38949
99 4 38950
4722 3 38950
1552 3 38951
6987 2 38951
9005 4 38952
6726 1 38952
7649 4 38954
4620 3 38954
5413 2 38956
8919 3 38956
8904 4 38957
2501 5 38957
3557 2 38958
5582 2 38959
6900 4 38959
1237 2 38960
1774 1 38961
8814 2 38962
4162 1 38962
4855 5 38963
1332 5 38963
2761 4 38966
8159 4 38967
2020 4 38967
6350 4 38968
718 3 38970
56 5 38970
8073 2 38973
7450 3 38973
8901 4 38976
6415 3 38976
7932 5 38978
9245 2 38979
7802 2 38979
5728 5 38980
1806 2 38981
6637 4 38981
7854 1 38982
3748 3 38983
7667 5 38983
1809 1 38984
8381 4 38986
1003 2 38987
169 3 38987
7767 2 38988
3309 5 38988
4270 4 38989
7680 3 38989
6048 1 38992
2016 3 38993
5945 4 38994
2392 1 38994
8583 2 38995
6582 5 38995
3865 2 38996
6413 4 38997
5609 2 38997
9017 2 38998
2243 2 38999
3214 3 38999
2721 3 39000
5004 5 39000
3388 5 39001
1952 5 39003
4941 4 39003
1702 1 39004
3499 1 39005
9810 1 39005
2803 5 39006
7557 4 39007
8701 2 39007
5435 3 39009
2701 1 39010
4772 4 39011
4073 3 39011
2741 4 39013
6787 2 39013
8764 2 39014
1393 3 39014
8306 1 39017
478 4 39018
3118 1 39018
1378 5 39019
6616 5 39019
3475 5 39020
2155 2 39021
6354 5 39022
5389 5 39022
8373 3 39024
4235 5 39025
7946 5 39027
9072 5 39029
1013 1 39030
1710 4 39030
3330 1 39032
8122 1 39035
7933 3 39036
3260 5 39040
2100 3 39041
422 4 39041
7630 4 39042
8697 1 39044
5872 1 39045
8480 5 39045
9404 5 39048
6567 3 39049
2599 1 39049
6805 3 39050
1560 5 39050
4938 5 39051
6046 1 39052
5092 5 39053
2560 4 39053
3875 5 39056
2504 5 39058
3004 3 39058
7677 2 39059
8268 2 39059
138 5 39060
5329 3 39061
7229 3 39061
2785 4 39062
5116 4 39062
8439 2 39063
6820 5 39066
4533 3 39066
4505 3 39068
3523 3 39068
398 5 39069
910 5 39069
4616 4 39070
86 2 39070
8032 1 39071
7210 3 39071
9630 5 39074
956 4 39074
6399 1 39076
6351 1 39077
962 4 39077
9794 4 39078
9897 4 39078
6298 5 39080
2191 1 39080
545 4 39082
1689 3 39082
6974 2 39083
5974 2 39084
6274 4 39085
20 5 39086
1609 1 39086
8010 1 39087
3947 1 39089
1154 3 39089
5363 1 39090
1412 1 39091
1694 2 39093
2578 1 39094
6502 3 39096
5977 4 39096
1592 3 39098
2452 4 39099
129 3 39099
1749 4 39100
2494 3 39103
6180 3 39103
9409 3 39104
9633 4 39105
7779 2 39106
7159 2 39106
8030 5 39108
1651 2 39108
9455 4 39109
2472 5 39110
3863 4 39110
221 3 39111
9616 2 39113
1752 4 39114
9269 5 39115
8342 5 39116
9452 2 39116
5438 2 39119
3183 3 39120
590 5 39120
1203 4 39121
1770 5 39121
4823 2 39122
347 2 39123
4677 1 39125
7626 2 39125
7900 1 39126
8090 5 39126
5951 1 39128
271 2 39130
4262 2 39131
7648 4 39131
9952 5 39132
4206 3 39132
2767 4 39133
2987 3 39133
4824 3 39134
5041 5 39135
8102 1 39137
4926 4 39137
8495 4 39139
4709 1 39139
3722 3 39140
4774 2 39142
4048 3 39143
8163 4 39143
7370 1 39144
5733 4 39145
4267 2 39146
8517 5 39146
8451 2 39147
3832 3 39147
9770 1 39148
6563 4 39149
4214 2 39153
5756 3 39153
7850 2 39154
4895 5 39156
3308 1 39156
3465 5 39157
212 3 39159
1145 5 39159
5661 5 39161
875 5 39161
8722 3 39162
8221 2 39162
8472 4 39165
9959 3 39166
1797 3 39166
3192 2 39167
8101 1 39168
9696 3 39168
2680 5 39169
5528 4 39169
6148 4 39171
7731 5 39172
3219 5 39172
4542 5 39173
395 3 39173
9801 3 39175
3945 5 39178
7273 2 39178
1192 4 39179
7295 5 39180
1206 4 39180
6788 3 39181
3815 2 39181
6681 1 39182
3556 5 39182
800 2 39183
5508 3 39184
4621 5 39184
1666 3 39186
7632 3 39187
7833 5 39188
4978 2 39188
6470 2 39191
9836 3 39193
7734 3 39193
6480 5 39194
912 5 39195
5993 3 39195
8643 1 39196
7427 4 39196
1335 1 39199
1124 3 39200
8120 5 39200
3362 3 39201
4341 4 39201
4168 4 39203
218 2 39203
2677 1 39204
4012 5 39207
1932 1 39207
1980 5 39208
8966 1 39210
1561 1 39211
6100 3 39211
7547 1 39214
2620 4 39214
1903 4 39215
9874 5 39215
5330 3 39216
9361 1 39216
477 5 39217
8373 1 39218
769 4 39219
8843 5 39220
3199 4 39221
5516 4 39221
4697 5 39222
5537 2 39222
371 4 39223
3168 5 39223
5201 5 39225
8512 2 39225
2173 3 39227
8630 2 39228
2939 1 39228
9631 4 39230
5515 1 39230
6942 4 39231
4972 5 39233
7861 2 39234
4524 5 39235
428 3 39236
7526 1 39236
9131 5 39238
6857 1 39238
5841 5 39241
1628 5 39241
5363 3 39243
9445 3 39244
7939 3 39244
88 1 39246
4853 1 39246
3132 5 39247
6195 4 39248
8533 4 39249
3515 3 39251
5370 2 39251
5217 1 39253
9704 2 39253
4663 5 39254
7876 1 39255
8355 3 39258
4317 3 39260
2807 3 39261
8335 4 39261
986 1 39263
9104 3 39263
5364 2 39264
3368 3 39265
4596 5 39266
3361 5 39266
2327 3 39269
440 2 39269
1713 5 39271
1047 1 39272
2278 1 39272
42 4 39275
4021 4 39275
4197 3 39277
7130 1 39277
4972 1 39278
1010 2 39280
5305 1 39282
6202 4 39283
7171 5 39283
9217 3 39284
2275 4 39285
2222 5 39285
8897 1 39286
1091 1 39286
9021 4 39287
99 3 39287
1653 3 39290
544 2 39292
1883 4 39292
800 2 39293
2606 3 39294
2186 3 39295
2143 1 39295
667 5 39296
9362 1 39300
7535 5 39300
1577 1 39301
8233 2 39301
7488 4 39303
3064 3 39304
7578 3 39305
3024 1 39305
6002 1 39306
5214 3 39308
5180 4 39308
8070 1 39311
3928 2 39312
4510 5 39312
7486 1 39314
6138 2 39314
1824 3 39315
4505 4 39315
3433 2 39316
6423 2 39316
4304 1 39317
9117 4 39317
9043 4 39318
2694 3 39318
2725 2 39319
7684 3 39319
6695 5 39320
6313 5 39320
7320 5 39322
7543 2 39322
3846 1 39323
7258 5 39324
727 2 39325
754 4 39325
5470 2 39326
3201 4 39326
2026 5 39327
7927 4 39329
3044 4 39329
5946 3 39331
1431 5 39332
7188 1 39333
5752 1 39335
8515 2 39335
5010 4 39336
5421 5 39337
9431 4 39340
6508 4 39341
2785 2 39341
7122 3 39342
4868 4 39342
3195 5 39345
4485 4 39346
4673 1 39347
7734 2 39348
3788 3 39349
588 4 39350
8950 3 39350
9534 2 39352
7823 4 39352
6962 3 39354
3484 1 39354
3185 4 39357
8834 2 39357
9897 4 39359
4717 2 39360
7329 5 39361
1819 5 39362
8268 3 39362
8300 5 39363
4363 4 39364
2191 5 39364
9557 4 39365
8457 5 39365
670 4 39366
4747 5 39366
8354 1 39369
6802 4 39371
2054 3 39371
706 3 39372
7206 5 39372
1485 2 39374
6769 5 39374
3848 5 39376
6327 3 39376
5539 1 39377
8332 3 39377
388 5 39378
813 1 39379
5153 1 39379
4011 1 39381
2841 2 39382
3905 1 39383
4058 4 39384
3922 5 39384
2304 3 39387
2362 1 39387
1374 5 39388
3704 1 39389
5087 4 39389
9617 4 39390
417 5 39391
9798 1 39391
911 5 39392
2568 4 39394
776 2 39395
8751 3 39395
1265 3 39396
5448 4 39396
7918 4 39397
2438 5 39397
5530 5 39400
8501 3 39400
235 4 39401
5402 2 39401
9230 5 39402
6371 4 39403
3892 3 39408
1691 4 39410
626 2 39411
6578 4 39411
9681 2 39412
5021 1 39412
3018 3 39415
4091 4 39415
3159 4 39416
8164 1 39416
4333 3 39419
5527 1 39420
1239 4 39420
1564 3 39421
7059 2 39421
5803 2 39423
9166 5 39424
9035 1 39425
1094 5 39425
734 1 39426
1135 2 39426
7799 2 39427
2266 2 39430
2750 4 39430
3153 5 39432
3900 5 39434
160 3 39434
2348 4 39435
1615 2 39435
623 4 39436
2699 5 39436
656 4 39438
9106 2 39440
3410 2 39443
1740 2 39443
6157 4 39444
2538 4 39445
7629 5 39448
6832 3 39448
3951 5 39450
8825 2 39452
7532 2 39452
8128 4 39453
1706 4 39453
6371 3 39454
2519 2 39455
480 5 39455
4383 2 39457
9826 5 39458
9934 4 39458
7483 2 39459
6447 4 39460
8001 2 39460
7194 4 39462
9097 3 39462
9775 5 39464
2246 5 39464
4079 5 39466
6657 2 39469
3963 1 39469
7454 4 39472
6339 1 39472
48 4 39473
8297 2 39473
8396 1 39475
6314 1 39475
3425 4 39476
9060 1 39476
8630 2 39477
4022 5 39477
6116 5 39478
2519 4 39479
8512 3 39479
61 4 39482
473 3 39482
2189 4 39484
372 5 39484
7332 4 39486
8820 2 39486
7683 3 39488
1141 1 39489
8738 2 39489
2902 3 39490
444 5 39490
1500 5 39491
2704 2 39492
7376 1 39493
5503 3 39493
1906 2 39495
7140 5 39495
3722 3 39496
6533 5 39496
6035 5 39497
1068 2 39498
8357 1 39498
9764 2 39499
5702 3 39499
5303 4 39500
4336 4 39501
3954 5 39501
9852 1 39503
3081 4 39503
6523 5 39504
3344 1 39504
6217 2 39505
3366 4 39507
2334 5 39507
3172 5 39511
9100 3 39512
1753 1 39513
5427 1 39513
8111 3 39514
4241 2 39514
6939 3 39515
1488 5 39516
3440 4 39516
1121 1 39517
3648 1 39518
7353 4 39519
1937 4 39521
9623 5 39522
9169 2 39523
3338 1 39523
8142 5 39524
8956 5 39524
9188 5 39525
2499 1 39525
9817 4 39526
3746 5 39526
6945 3 39527
9508 2 39528
9569 4 39528
4611 5 39529
7791 2 39530
8287 2 39530
6847 5 39531
5653 2 39533
4351 1 39534
610 3 39534
3361 1 39535
4879 5 39535
5495 2 39536
5406 3 39537
6880 3 39537
9182 3 39538
3020 2 39538
2686 1 39539
1750 1 39539
1851 2 39540
7821 3 39541
9163 3 39542
4455 5 39543
1966 3 39543
5857 3 39544
1434 5 39545
4680 3 39545
974 1 39547
209 3 39547
6494 5 39548
7691 5 39548
6121 2 39551
1891 1 39551
557 5 39553
1826 2 39554
3031 5 39555
7926 2 39555
1120 1 39556
9029 5 39556
801 1 39559
1337 4 39559
7934 5 39561
1574 4 39561
8717 5 39562
7773 2 39562
8617 2 39563
2534 3 39564
6393 1 39564
3909 2 39565
7949 1 39566
6897 2 39569
7387 5 39569
38 4 39570
3639 3 39571
6891 5 39571
9197 3 39572
6458 5 39573
1753 2 39573
2911 4 39574
7294 1 39574
2121 3 39576
8887 5 39576
3617 3 39577
5555 4 39577
1968 5 39579
1513 2 39579
66 5 39580
3884 4 39581
6028 3 39582
6813 3 39583
2958 3 39583
8089 3 39584
8493 2 39585
4527 3 39586
8218 3 39587
2319 4 39587
2467 5 39588
2577 2 39588
2417 1 39592
2054 4 39593
9183 1 39593
9088 5 39594
5689 5 39595
9949 4 39597
4654 5 39601
3835 5 39601
8706 3 39602
5486 1 39602
8834 1 39603
8456 5 39604
3336 4 39605
1534 5 39605
5592 3 39606
6342 4 39606
4552 5 39607
3815 1 39607
951 2 39608
1339 3 39608
953 2 39609
8254 3 39609
1409 3 39614
4365 5 39615
14 1 39616
1725 4 39616
6958 3 39617
6465 4 39617
7177 2 39620
2339 4 39621
8726 4 39621
3597 3 39623
6056 3 39623
3628 1 39626
4550 2 39626
9095 2 39628
4027 4 39628
5191 3 39629
1060 4 39630
9047 3 39631
7046 4 39632
7496 1 39632
4862 4 39633
3956 2 39636
4766 1 39640
7893 2 39640
1469 3 39642
7154 2 39644
6078 3 39644
5777 5 39645
7525 4 39645
6715 5 39646
4770 1 39647
2189 2 39647
1489 4 39649
9754 2 39650
9010 4 39650
5350 1 39652
6045 1 39653
3157 5 39654
7949 2 39657
7651 3 39657
8572 4 39658
4954 2 39658
281 3 39659
3171 5 39659
5277 4 39660
750 4 39661
2906 2 39661
4538 2 39662
3459 3 39663
4161 3 39663
4923 4 39666
4878 3 39667
8741 2 39667
6138 3 39670
9933 5 39670
5597 2 39671
4081 3 39673
1102 3 39673
3286 4 39674
2321 4 39674
2779 2 39676
22 4 39676
1982 2 39678
3333 4 39679
8566 1 39679
9452 2 39681
5116 2 39681
3910 4 39682
1264 5 39682
9442 3 39683
6530 2 39684
8237 5 39685
4878 4 39686
1094 3 39687
5574 3 39687
4815 1 39688
9171 4 39688
8255 4 39689
1712 1 39690
5828 3 39690
5118 3 39693
7419 4 39693
799 1 39694
1502 3 39695
8847 3 39695
2622 3 39696
8456 4 39696
9368 2 39697
935 3 39697
3618 2 39698
7070 3 39700
3579 3 39701
9602 1 39701
4000 4 39702
8251 5 39703
1727 4 39703
5339 3 39705
8395 2 39705
985 1 39707
2121 1 39708
2083 3 39709
504 3 39710
4614 5 39711
8012 3 39713
5184 1 39715
1430 1 39716
5379 3 39717
6612 1 39717
3393 3 39719
3922 1 39719
2735 2 39720
1840 4 39720
4782 2 39721
5422 3 39721
6950 1 39725
8825 5 39726
9516 1 39727
5799 4 39727
8773 3 39729
3698 5 39730
7474 4 39731
8204 1 39733
6617 2 39733
6231 5 39734
1501 3 39734
1028 2 39735
7497 2 39735
8219 2 39736
1012 5 39737
5860 1 39739
5493 4 39739
2706 4 39740
9102 3 39740
7513 1 39742
3936 4 39746
6539 5 39746
334 3 39747
5514 1 39747
9825 4 39748
9571 5 39749
3716 2 39749
514 2 39750
7285 5 39751
4627 2 39753
7692 4 39753
3959 3 39754
3166 5 39754
5149 1 39755
1397 2 39757
9529 4 39757
7281 3 39758
3965 4 39758
2393 1 39759
5112 3 39759
8389 2 39760
7533 4 39760
9110 1 39761
1883 1 39761
5601 3 39764
3864 1 39765
1978 4 39765
5218 1 39766
4148 4 39766
5784 2 39769
8399 4 39769
6352 1 39770
1265 5 39770
1015 4 39773
5499 3 39773
1665 2 39774
8731 1 39775
7088 4 39775
2653 4 39776
1808 2 39778
6839 3 39778
9653 3 39783
3672 1 39783
667 3 39785
5718 2 39786
3749 4 39788
497 3 39788
9456 2 39789
8193 2 39790
8313 4 39790
4890 2 39793
8343 1 39794
8021 1 39794
4075 4 39795
8729 5 39797
424 5 39798
8348 4 39799
7999 2 39800
3481 5 39800
5472 4 39802
5194 2 39802
4375 4 39803
4426 3 39803
1870 4 39804
2435 5 39805
2031 2 39806
1646 1 39806
2093 4 39807
8564 2 39808
3608 4 39808
9734 1 39809
4493 1 39810
1730 5 39810
7118 1 39811
6131 2 39813
9700 2 39814
8981 3 39815
9548 2 39815
921 4 39816
4429 5 39817
5644 4 39818
9175 3 39819
6319 3 39823
6642 4 39823
293 5 39825
9452 3 39825
7251 1 39827
7950 3 39827
8031 4 39828
9140 2 39829
2066 5 39829
3255 5 39830
5868 1 39831
5687 5 39832
2282 5 39833
2977 4 39833
4557 3 39834
6588 2 39834
9088 5 39836
1820 2 39836
8941 2 39837
2685 4 39840
1770 5 39840
2849 3 39841
328 4 39842
7179 5 39843
7525 1 39844
5142 4 39844
962 2 39846
5444 2 39846
1952 3 39847
8433 4 39847
8987 1 39848
2989 3 39849
3901 4 39851
7075 4 39852
5787 1 39853
2938 5 39853
457 2 39856
262 1 39856
1086 4 39857
9159 5 39858
9786 1 39858
1738 2 39859
4953 4 39862
3437 2 39863
1336 3 39865
8796 2 39866
3275 2 39866
1612 4 39869
1127 2 39870
8154 5 39870
2645 4 39871
7921 5 39871
5094 5 39872
1115 1 39872
8229 4 39873
4339 5 39873
2551 2 39874
4974 2 39874
3729 4 39876
3101 3 39877
4083 5 39877
1991 2 39879
2880 5 39879
5251 5 39880
4087 5 39881
1832 3 39882
3033 4 39883
5378 2 39883
8180 1 39884
7323 4 39884
6727 1 39886
7743 5 39887
1544 2 39888
8169 5 39890
4289 1 39891
7739 3 39892
7903 3 39893
1414 2 39893
5767 1 39897
5605 1 39897
7344 5 39898
2091 3 39899
4993 4 39901
7903 3 39901
3278 3 39904
1194 4 39905
6085 4 39905
4772 4 39906
1580 1 39907
7657 4 39908
9331 1 39910
6874 3 39911
649 5 39912
5730 5 39913
1462 2 39913
9147 5 39916
5365 1 39916
5474 1 39918
6099 3 39918
766 5 39919
1481 2 39922
5781 1 39923
6534 4 39923
519 3 39925
2351 4 39925
7171 1 39927
6980 4 39927
4763 1 39928
6999 5 39931
6402 5 39931
205 4 39934
3547 5 39934
6837 1 39936
9057 4 39936
9053 1 39937
9651 2 39937
5874 3 39940
769 1 39943
3376 2 39944
4244 1 39944
7006 5 39946
4017 5 39946
4394 1 39947
4552 4 39949
4629 2 39949
1585 5 39950
9719 2 39951
3167 5 39952
1119 1 39952
8327 4 39955
7612 3 39956
7268 1 39957
7713 5 39958
6077 5 39958
5061 2 39961
2987 5 39962
5811 3 39962
1352 1 39963
2182 5 39963
169 2 39964
6213 3 39965
8642 4 39968
1327 1 39968
8591 1 39970
9413 5 39971
1720 3 39974
4319 4 39974
1045 4 39977
2861 1 39977
9764 2 39978
8206 1 39980
9713 4 39980
9445 5 39981
7178 5 39981
8946 4 39982
8166 1 39983
1447 4 39983
7157 4 39986
3964 5 39987
9034 3 39989
4651 3 39989
4448 3 39990
5168 4 39991
8854 2 39992
1530 1 39992
175 5 39993
7591 1 39993
8586 3 39994
889 1 39995
8482 4 39995
8931 3 39996
1917 4 39998
2299 4 40000
4715 4 40001
3599 4 40002
3605 2 40003
4019 1 40004
8296 4 40005
2024 1 40006
1427 2 40008
334 3 40008
6639 5 40009
1054 2 40009
7421 4 40010
8235 5 40011
6790 2 40011
3228 5 40012
9438 4 40012
3580 2 40013
8734 1 40013
62 3 40014
2918 2 40015
8016 2 40016
5496 1 40016
3241 1 40018
843 3 40019
2281 3 40022
7311 1 40025
6270 2 40025
5492 2 40026
5759 3 40026
8150 4 40027
3054 3 40028
3913 5 40029
3526 3 40030
1514 1 40031
4164 5 40031
1793 2 40032
2687 3 40032
5424 2 40033
7356 2 40033
6790 3 40035
9679 1 40035
4929 4 40036
7536 5 40037
9935 3 40037
9401 5 40038
5215 5 40039
2068 5 40041
6163 1 40041
9637 4 40042
4401 2 40043
2463 2 40043
2779 1 40044
388 1 40044
6397 1 40045
6719 4 40045
838 4 40046
789 2 40048
3884 4 40048
895 3 40049
8511 3 40051
7350 2 40052
1278 2 40052
7812 2 40055
3508 3 40057
5251 5 40058
8577 3 40059
2707 5 40059
782 3 40060
965 3 40061
408 5 40062
5625 2 40063
69 3 40064
1654 2 40065
970 5 40066
1205 4 40066
9723 2 40067
9755 5 40068
5392 1 40069
1382 4 40070
3485 3 40070
1501 1 40072
1553 4 40073
2337 2 40074
9853 1 40074
4181 3 40075
716 3 40075
4023 5 40078
7737 5 40078
9804 4 40079
4615 3 40082
9520 5 40084
2777 5 40084
7139 2 40085
6178 5 40085
3933 3 40086
4512 1 40086
5446 1 40087
2996 4 40090
8829 4 40090
4270 3 40096
7357 3 40096
22 3 40097
2747 2 40097
1726 5 40098
2064 1 40100
5502 4 40101
5466 3 40104
5221 5 40105
9531 2 40106
2615 4 40106
4357 2 40107
6036 3 40107
599 5 40108
5129 3 40108
884 3 40112
9836 1 40112
5901 4 40114
5355 5 40114
7850 1 40116
9211 5 40117
8476 3 40117
2167 1 40118
2957 2 40120
8134 5 40120
1063 4 40122
3008 1 40122
4866 5 40124
4924 3 40124
3425 3 40126
2070 1 40126
7521 4 40128
593 4 40129
217 1 40131
7184 5 40131
3569 5 40132
3466 2 40132
8982 2 40133
5266 5 40134
5832 1 40134
9133 5 40136
2473 4 40136
371 4 40137
8055 2 40137
5372 1 40138
5539 5 40138
430 3 40141
9794 4 40141
7161 5 40142
6753 3 40143
5841 1 40143
1779 1 40144
5797 2 40144
1348 3 40145
6476 4 40145
9401 2 40147
576 5 40147
4332 1 40149
2295 2 40151
8863 3 40151
6599 5 40153
6058 1 40155
7744 3 40155
9234 2 40158
7143 2 40159
8588 5 40161
1076 3 40162
4645 5 40162
8287 2 40164
1835 4 40164
6574 2 40165
5287 3 40165
1513 3 40167
2903 4 40168
3212 2 40168
975 4 40169
7372 3 40171
7940 5 40172
6930 2 40172
1489 3 40174
8972 3 40174
4593 3 40175
4267 5 40176
1082 2 40176
6620 4 40178
524 3 40179
1012 3 40179
9143 3 40180
1384 2 40181
5075 2 40181
1996 5 40183
394 5 40183
5867 3 40185
2707 3 40186
7379 3 40186
6601 5 40187
9844 4 40188
6693 2 40189
8675 1 40189
9411 1 40191
4328 2 40192
5753 5 40193
1309 2 40194
7246 3 40194
3550 3 40195
4781 2 40195
7376 1 40196
3487 5 40196
4522 2 40197
1221 4 40198
5849 4 40199
6781 5 40200
7464 2 40200
6060 3 40205
2900 4 40205
5961 3 40207
2344 2 40208
5092 1 40208
3407 1 40209
4491 3 40209
4671 3 40210
7308 2 40210
6723 5 40211
1633 1 40211
2505 1 40212
8247 1 40212
3822 3 40213
449 4 40214
7361 3 40215
7057 2 40215
5088 3 40216
4021 3 40216
2330 2 40217
6386 3 40218
9293 5 40220
9504 2 40220
1047 2 40221
8977 4 40223
9460 2 40224
46 4 40227
7738 4 40227
4005 3 40230
6342 4 40232
6389 3 40232
238 3 40233
1000 4 40234
7316 1 40234
6834 2 40235
63 2 40236
6195 1 40236
3663 4 40237
8266 2 40237
6720 2 40239
9401 3 40239
2116 3 40240
4784 5 40241
1143 4 40241
3243 4 40242
6346 1 40242
7399 4 40243
9332 1 40243
3729 1 40244
7006 5 40244
1781 2 40245
6197 5 40245
7541 3 40247
7282 2 40249
8947 5 40250
700 2 40250
6266 1 40251
2095 5 40251
9093 5 40253
9364 1 40256
7484 3 40256
1829 1 40257
7926 1 40257
2307 2 40258
9636 5 40258
9464 4 40259
9406 5 40259
3126 5 40260
5262 4 40261
7553 4 40262
1414 4 40264
7942 3 40264
8449 2 40265
3387 2 40266
1633 3 40266
9788 2 40267
3284 2 40268
3600 1 40268
7329 4 40269
8165 1 40271
1279 2 40271
5099 2 40273
3205 2 40273
3647 3 40276
380 1 40277
7409 2 40277
3488 2 40278
5171 5 40279
3600 4 40279
4076 5 40281
1846 1 40281
475 4 40282
1297 4 40283
2691 3 40285
3799 4 40286
2028 5 40286
7824 3 40287
7607 1 40287
1993 3 40288
7723 2 40288
799 5 40289
1878 5 40290
2169 4 40290
4869 5 40292
6952 3 40292
3959 5 40293
2708 5 40294
6795 4 40294
5849 2 40297
1912 2 40297
3054 1 40298
898 1 40298
8245 1 40299
1407 4 40300
8074 4 40301
3776 5 40302
8413 5 40302
2715 1 40303
8011 2 40303
9883 2 40305
1698 2 40307
8293 4 40308
3687 2 40310
5563 5 40314
2769 2 40315
641 2 40315
475 5 40317
4421 5 40317
6211 4 40319
1221 4 40320
3762 4 40320
4177 1 40323
3670 2 40324
8355 3 40326
2070 3 40326
5056 3 40327
2758 4 40327
2569 2 40329
7477 4 40331
3465 1 40332
6494 4 40333
6183 5 40333
7945 1 40334
7946 4 40335
4480 2 40336
4976 5 40337
8237 5 40337
9624 1 40338
732 3 40339
8095 5 40340
916 4 40341
6178 1 40341
8713 1 40342
4746 2 40342
4522 4 40343
4633 4 40344
8478 2 40344
1512 5 40345
5259 4 40345
7200 1 40346
1509 3 40347
3751 1 40347
2813 5 40348
5667 1 40349
4674 5 40349
8528 1 40350
4890 1 40350
5838 4 40353
294 4 40353
1617 1 40354
1124 3 40354
4640 1 40356
3224 4 40356
8397 5 40357
5239 1 40359
1625 1 40360
4636 5 40360
1190 2 40362
8004 2 40363
5602 1 40363
8922 1 40364
8770 2 40364
5534 2 40367
6389 4 40368
5937 4 40368
3271 5 40369
3574 3 40370
3903 2 40372
3952 1 40372
5409 2 40373
3600 1 40373
3022 2 40374
3711 2 40378
2261 3 40378
6848 4 40379
700 1 40380
3586 1 40381
223 4 40384
7208 1 40386
9969 3 40391
2116 5 40392
4035 4 40392
7010 4 40394
1387 1 40395
8272 5 40396
5361 1 40397
1870 2 40397
7703 2 40398
1030 1 40398
8304 1 40399
3171 1 40399
9536 2 40401
5320 5 40405
135 3 40405
170 1 40406
7334 5 40407
957 1 40407
6405 5 40409
640 4 40413
2562 4 40413
9431 4 40416
4544 2 40416
8542 3 40418
2352 2 40418
3261 3 40421
6471 5 40424
4139 5 40424
3458 1 40426
9441 4 40427
361 5 40427
6325 5 40428
1413 5 40431
2149 4 40432
6240 4 40432
4200 2 40434
4056 3 40434
2457 3 40435
365 3 40437
8615 5 40438
2237 3 40438
635 2 40441
2430 4 40442
9151 3 40442
2654 2 40444
1185 3 40444
5704 3 40446
3472 5 40448
6273 1 40449
6896 5 40451
3686 5 40453
8330 4 40455
2876 5 40456
3363 2 40456
2334 1 40457
8659 5 40460
1761 3 40460
4053 2 40461
7634 4 40462
4042 2 40463
5943 3 40464
1113 5 40465
4603 5 40467
8270 4 40469
7454 1 40469
7334 4 40470
1085 4 40471
6149 4 40471
2683 3 40472
6929 5 40472
423 3 40473
5957 4 40473
5321 5 40475
4165 1 40475
3112 1 40476
3451 1 40477
1856 1 40477
7670 5 40480
3431 4 40483
8138 2 40485
5487 5 40486
9739 4 40486
5859 4 40487
612 4 40488
7344 5 40489
4760 3 40491
7883 3 40492
4623 2 40492
8503 5 40494
2004 1 40494
5026 1 40495
637 3 40495
5708 3 40500
9510 5 40501
1043 1 40501
554 2 40502
1630 4 40503
3388 1 40503
2392 1 40504
3468 4 40504
2015 1 40506
9643 5 40506
9111 1 40512
7059 2 40512
1332 1 40513
5887 2 40513
8039 4 40514
9127 2 40518
2925 1 40518
4314 2 40519
6247 4 40519
25 5 40522
8671 4 40522
8204 1 40523
3871 2 40523
4689 4 40524
606 4 40524
3085 2 40526
8537 4 40528
4675 3 40528
5666 1 40530
6178 2 40530
4131 5 40532
7340 5 40533
6377 4 40535
3284 3 40536
5598 4 40537
4309 4 40537
6621 2 40539
176 5 40541
9922 2 40542
6491 4 40543
9751 2 40543
153 2 40545
193 5 40550
8905 5 40550
5870 1 40551
3067 1 40552
8961 4 40555
2942 2 40556
6072 3 40557
2064 1 40558
7200 3 40560
7780 2 40560
6819 5 40561
7789 1 40561
6976 1 40562
3259 5 40562
5622 4 40563
7394 1 40564
9546 2 40565
7523 5 40565
6934 5 40566
3293 5 40566
5156 5 40567
9866 4 40567
3205 1 40569
937 4 40570
2441 3 40570
5986 3 40571
5473 4 40571
355 5 40572
1164 1 40572
3590 5 40573
4126 5 40573
4652 4 40574
354 5 40574
7970 4 40575
9005 5 40575
6738 2 40576
5948 1 40576
7307 2 40577
449 4 40580
6390 4 40581
5600 2 40582
3386 1 40582
5560 5 40583
7200 3 40583
6222 5 40586
7640 3 40586
441 1 40588
450 1 40588
5042 1 40591
8685 2 40591
2696 2 40592
9953 1 40593
6003 3 40594
848 3 40596
7568 2 40599
7227 3 40599
1556 5 40600
766 4 40601
5559 4 40602
3372 1 40602
2481 3 40606
2419 4 40606
6437 1 40608
9917 3 40609
1754 3 40610
1366 5 40611
2889 2 40613
2305 3 40614
1443 4 40615
8141 3 40616
6357 1 40617
1321 4 40619
96 5 40619
9998 1 40620
3131 2 40621
2420 1 40621
7604 3 40622
2230 1 40622
2118 5 40623
5562 5 40625
5588 2 40628
5997 2 40628
4131 2 40629
5399 4 40629
2333 3 40630
3213 5 40630
7330 2 40631
4341 3 40631
3010 3 40632
862 5 40632
1526 5 40635
3100 1 40635
1430 5 40637
3982 4 40637
8279 1 40638
659 5 40639
3039 2 40639
2272 1 40640
6791 3 40642
6373 5 40642
4883 4 40647
6153 4 40648
7811 3 40648
8458 4 40649
8364 5 40649
7842 1 40650
4234 2 40650
7886 4 40651
6470 4 40652
2554 4 40652
484 2 40653
7736 5 40653
7360 4 40654
6722 1 40655
3832 3 40655
6363 4 40657
3315 3 40657
266 2 40658
8270 4 40658
5982 3 40659
269 3 40660
1788 1 40661
8480 5 40661
8839 1 40662
1365 1 40662
2313 3 40663
9661 3 40663
6032 3 40664
1914 4 40664
9371 2 40665
8072 5 40667
8708 3 40667
4512 5 40668
5338 5 40671
9288 5 40671
4168 4 40672
7663 3 40673
2227 5 40673
6598 5 40677
5768 4 40677
4708 1 40680
2468 5 40680
1461 2 40682
3852 2 40684
8263 5 40684
3172 4 40685
4688 1 40685
2526 5 40686
8828 1 40687
5464 5 40687
7831 1 40688
8666 5 40688
9257 2 40690
7711 4 40691
8689 1 40691
8927 4 40692
9416 5 40693
3673 3 40694
1281 4 40694
5216 3 40695
7919 3 40695
5144 5 40696
3226 4 40698
2790 3 40698
965 1 40701
9814 1 40701
4452 4 40702
1551 3 40704
1830 2 40706
8217 3 40706
3721 4 40707
7793 4 40707
2173 4 40709
5296 5 40709
3305 5 40710
3525 3 40710
7701 1 40711
5803 1 40712
1582 2 40712
9417 4 40713
7929 1 40713
8948 4 40714
365 4 40714
3749 2 40716
5790 5 40717
2228 4 40717
4496 1 40718
2972 1 40718
6095 2 40724
853 1 40725
3134 4 40726
6473 4 40727
5390 5 40728
3447 5 40728
876 1 40729
2118 2 40730
7936 5 40730
6490 2 40731
3883 5 40732
6934 5 40734
187 5 40737
2030 3 40737
4956 5 40738
2900 3 40738
8244 5 40739
3980 1 40739
5617 2 40740
6974 4 40741
4928 1 40741
1349 1 40742
8219 2 40743
9709 4 40743
6129 2 40744
5770 3 40745
7865 1 40745
7900 3 40746
9113 1 40747
7490 2 40747
2817 5 40748
2223 4 40749
3835 3 40749
2237 1 40750
8109 1 40750
1274 2 40751
2281 4 40751
7064 3 40752
6356 5 40753
8358 1 40757
8259 5 40759
1088 5 40759
9266 1 40760
5983 3 40761
5476 1 40761
7520 5 40762
7544 1 40763
8020 5 40764
3054 3 40765
8534 4 40766
3226 4 40766
7193 2 40768
5985 1 40768
6645 4 40769
3950 5 40769
7140 1 40770
5523 4 40770
2375 3 40771
8520 1 40772
3630 3 40772
6692 1 40775
6701 1 40775
1093 1 40777
8706 2 40777
3624 1 40778
4363 5 40778
2690 5 40780
7944 1 40780
5447 4 40782
6588 4 40782
2507 3 40783
1016 5 40783
8249 3 40784
6168 1 40784
4374 1 40786
2043 1 40786
6658 2 40787
5442 3 40787
5575 3 40788
706 5 40789
3471 5 40790
6658 1 40791
6982 3 40792
5285 2 40793
8855 1 40796
6655 4 40797
4739 4 40797
1219 5 40798
2044 2 40799
7025 3 40799
395 3 40800
6914 5 40801
908 4 40801
2749 1 40802
5907 5 40803
8934 3 40803
9700 4 40805
8941 4 40807
5749 2 40807
883 3 40808
3936 1 40809
1116 3 40810
3702 3 40811
7237 1 40813
8744 5 40814
5847 3 40814
9305 4 40818
4154 4 40818
2912 3 40820
7297 1 40821
2333 1 40824
8600 2 40825
379 4 40825
8149 1 40826
5900 4 40826
8935 2 40828
4358 4 40828
2084 4 40829
815 4 40830
4556 1 40832
3834 4 40832
4181 5 40833
1996 5 40833
9980 2 40835
2208 1 40836
5533 3 40836
4832 1 40837
2184 2 40837
5313 3 40838
9921 1 40839
5518 5 40839
8336 2 40840
734 2 40840
5825 3 40843
8060 5 40843
987 2 40844
3101 3 40845
7590 5 40845
4981 3 40847
7560 3 40849
9241 3 40849
9098 2 40850
9991 1 40850
1315 5 40851
639 4 40852
2756 5 40853
6050 2 40853
3913 2 40854
8298 3 40855
9526 1 40858
5802 4 40859
3675 1 40860
569 4 40860
1227 3 40861
1077 1 40861
6043 2 40862
2611 5 40863
2395 1 40864
6960 2 40867
9953 4 40867
3942 3 40870
7474 5 40872
414 4 40872
4986 2 40875
3807 5 40875
3186 5 40876
7384 3 40877
1988 4 40879
7147 5 40880
7698 2 40880
1586 1 40883
7695 4 40884
3163 3 40885
875 5 40886
2318 1 40886
4966 2 40887
5355 3 40888
4140 3 40888
4816 5 40889
2999 1 40889
5268 2 40890
8973 3 40891
7999 5 40891
2769 3 40892
1769 4 40893
9985 5 40893
3658 4 40894
4328 4 40895
7475 4 40895
438 1 40896
6790 1 40897
2390 2 40898
7707 1 40900
975 3 40900
7746 2 40901
1310 5 40901
3105 1 40902
4551 4 40902
6281 2 40903
7692 2 40903
2988 1 40904
9638 3 40904
2733 4 40905
615 4 40907
1757 4 40907
7147 3 40908
9792 4 40908
9695 2 40909
314 1 40909
8335 1 40910
4768 1 40911
6035 2 40911
3339 2 40912
5948 1 40912
6766 1 40914
1412 5 40914
7904 5 40916
3351 1 40917
9431 1 40919
2106 1 40920
8999 3 40920
607 5 40922
4605 3 40923
9738 3 40923
4493 1 40924
3879 5 40924
4914 4 40925
3261 4 40926
6736 2 40926
2089 3 40927
1861 3 40928
2653 4 40931
785 2 40931
7504 4 40932
3834 4 40932
1209 3 40933
9673 2 40934
6023 5 40935
3576 5 40936
8271 1 40937
4469 4 40937
4053 3 40938
1308 1 40938
2610 3 40939
7638 1 40940
7450 4 40940
8812 5 40941
1165 3 40942
8623 5 40942
147 3 40943
1800 4 40944
9848 2 40944
6808 5 40947
9543 1 40947
1289 1 40948
6212 5 40948
4941 3 40950
3234 5 40950
7518 5 40953
4187 1 40954
7666 4 40955
2649 1 40956
9952 1 40957
1578 3 40957
6681 1 40959
8543 3 40959
236 5 40961
4907 1 40961
3378 1 40962
2042 3 40963
6948 1 40963
7041 2 40965
451 4 40966
6703 4 40967
6207 5 40967
723 3 40968
3073 4 40968
6560 1 40969
2317 1 40969
746 5 40971
9449 5 40973
496 5 40973
5819 2 40974
364 4 40974
136 1 40975
3623 1 40977
2194 1 40980
1102 1 40980
4352 1 40981
9751 1 40981
7622 4 40982
1085 5 40982
5668 4 40984
7046 1 40984
7866 3 40985
4663 5 40987
8234 1 40988
1719 2 40988
1329 2 40990
2028 2 40991
499 2 40994
4389 3 40994
9020 4 40995
1375 2 40995
7446 3 40996
528 1 40997
441 5 40997
8553 1 40998
6806 4 40998
114 2 40999
9704 5 40999
2573 2 41000
6687 1 41001
9995 3 41001
4623 3 41002
7186 1 41004
6632 3 41005
5943 2 41008
4044 1 41008
4561 3 41009
3224 1 41009
9166 1 41011
4767 4 41011
4950 1 41012
2437 4 41015
7437 4 41015
4305 4 41018
2940 1 41018
4259 3 41019
7004 1 41020
4217 3 41020
3615 1 41021
9431 5 41021
6695 5 41022
2387 2 41022
9270 3 41023
6329 2 41024
3125 4 41026
485 2 41026
6918 2 41032
455 1 41032
8154 2 41033
9042 3 41033
7134 4 41034
5366 4 41036
10 4 41036
3525 1 41037
3181 4 41037
1682 2 41038
3329 4 41039
3640 1 41040
2385 5 41040
4975 3 41041
1326 3 41042
6614 4 41043
1244 3 41043
3903 4 41045
1819 2 41045
2176 5 41046
1975 1 41046
8520 3 41047
6733 1 41048
5050 4 41048
1028 5 41049
3315 4 41049
2021 2 41051
814 4 41053
9357 5 41053
8350 2 41054
9988 4 41054
9442 5 41055
8300 4 41058
4409 2 41058
7931 5 41059
4574 2 41059
5191 4 41060
8931 1 41060
3944 3 41061
2210 2 41061
4997 2 41062
5370 3 41062
9280 1 41066
4930 2 41066
5598 2 41072
7748 5 41073
1426 1 41074
4162 5 41075
3060 2 41076
9196 4 41077
4550 2 41080
5615 5 41081
1420 2 41082
6381 5 41084
7019 4 41084
2996 3 41085
9608 5 41085
4344 5 41086
2807 3 41087
7681 5 41088
8088 2 41090
3819 1 41092
5140 4 41092
3730 5 41095
6929 2 41097
3739 4 41097
2028 4 41098
3713 4 41103
2529 2 41104
5271 2 41106
4198 1 41107
2783 4 41108
837 5 41109
2391 5 41111
4153 2 41111
2597 2 41113
1126 3 41114
3550 5 41114
6513 4 41117
6993 3 41117
7648 3 41118
8625 2 41120
1242 5 41121
1334 1 41123
8267 5 41125
4671 3 41126
7777 5 41127
5444 3 41127
9300 3 41129
1445 1 41129
8572 5 41131
1496 2 41132
4377 5 41133
9133 2 41133
215 5 41135
4012 3 41136
8218 1 41136
5950 5 41137
1437 5 41137
9385 2 41140
3585 3 41140
1842 2 41141
4651 4 41141
4400 3 41142
1480 4 41144
446 5 41145
4080 3 41147
9966 2 41148
1178 1 41148
3141 4 41150
8198 1 41151
7027 2 41151
5468 3 41152
5976 4 41152
2119 3 41153
7725 3 41153
2400 4 41156
6660 5 41156
5981 1 41158
7755 2 41158
5468 5 41159
5695 4 41162
6271 2 41162
6463 5 41163
6715 1 41164
7574 3 41165
5400 2 41167
6924 2 41168
5541 3 41168
9053 4 41170
1044 5 41171
6226 1 41171
3021 5 41172
1749 1 41172
9731 5 41173
1416 1 41173
90 3 41174
1660 4 41176
9493 5 41177
7199 2 41178
8473 1 41179
8836 2 41180
30 3 41180
7175 2 41184
740 5 41184
3009 5 41185
7036 4 41185
7620 2 41186
4641 2 41187
645 4 41187
2409 3 41188
777 3 41188
2089 3 41190
8128 1 41191
2238 1 41192
9595 4 41195
5598 2 41196
4498 2 41197
6061 2 41197
5775 2 41198
7845 2 41199
9025 5 41199
259 1 41200
8440 4 41201
3555 4 41201
4648 5 41206
5808 1 41207
5470 5 41209
294 4 41210
2040 2 41211
2282 4 41212
9866 1 41216
7000 1 41216
8361 2 41217
1664 2 41217
2343 5 41218
5507 5 41219
8894 5 41220
8058 1 41222
1346 5 41223
6596 1 41224
6113 5 41224
1385 1 41227
6128 3 41229
4669 2 41230
5255 1 41230
6578 3 41235
63 2 41239
4347 4 41239
6626 3 41240
424 4 41242
574 2 41242
3908 1 41245
2785 2 41246
2269 5 41247
7331 1 41247
8665 4 41248
4390 3 41248
9832 5 41249
2820 1 41249
9664 5 41250
464 4 41250
1731 1 41252
452 4 41252
6027 5 41253
6259 2 41254
9230 3 41254
929 2 41255
4711 2 41255
2537 4 41256
2260 2 41257
5183 5 41258
4435 4 41258
2374 2 41259
1762 4 41259
2317 2 41261
8657 3 41262
3037 3 41262
2496 4 41264
3447 2 41264
8914 2 41265
1428 4 41265
1546 4 41267
9178 4 41268
3652 2 41269
3180 5 41269
7125 2 41270
5609 5 41271
5231 4 41271
294 4 41272
5394 3 41273
8641 4 41273
2934 1 41275
3152 1 41275
9723 4 41277
5251 1 41278
5775 2 41279
8404 5 41280
8122 3 41280
2446 1 41282
5563 4 41282
3456 5 41283
4551 1 41284
6099 1 41284
2708 5 41285
8958 4 41285
9078 3 41288
6899 1 41288
220 3 41290
4126 1 41290
8821 1 41293
7306 2 41293
5357 1 41295
6125 2 41296
7044 2 41297
3769 4 41298
6914 3 41298
9521 4 41299
7411 4 41300
1682 4 41301
1572 1 41301
3520 3 41302
207 5 41304
1722 2 41304
8496 5 41306
5349 5 41306
5931 3 41307
8448 2 41308
9868 4 41309
5947 1 41309
1115 4 41314
9267 2 41315
1479 2 41315
8910 2 41318
3806 1 41319
6771 3 41320
6449 5 41323
1098 5 41323
1207 4 41325
6724 4 41326
576 3 41326
3049 3 41327
1669 1 41327
2681 4 41328
8227 3 41329
205 1 41329
3018 3 41330
9855 2 41331
1091 4 41332
663 2 41333
5095 2 41333
7897 3 41334
2306 4 41334
5924 3 41337
619 3 41339
675 5 41340
9566 4 41340
7773 1 41341
8745 4 41342
3131 3 41342
2468 3 41343
9469 1 41343
5443 2 41344
7082 1 41344
3143 1 41346
240 2 41346
9494 4 41348
6829 4 41348
7001 3 41349
4014 2 41350
4832 5 41351
2047 3 41351
475 5 41352
2405 4 41353
8845 2 41354
9677 3 41354
9769 3 41355
9388 5 41355
4416 4 41356
8621 1 41357
2341 5 41357
4400 5 41359
4483 5 41359
6784 2 41360
2628 1 41360
4885 3 41361
3649 4 41362
6107 2 41362
2604 3 41363
6602 4 41363
8385 3 41366
5474 1 41367
4349 3 41367
805 4 41368
3326 4 41369
846 2 41376
1065 2 41376
3193 1 41377
4164 3 41377
3752 3 41378
2855 1 41378
2673 1 41381
1879 2 41381
1677 5 41383
7991 4 41383
537 2 41384
4576 3 41384
1934 3 41385
9533 5 41386
4958 1 41387
7791 3 41389
5043 4 41390
4111 5 41391
9358 1 41391
7112 4 41392
5820 3 41392
8316 4 41393
5396 5 41393
1107 5 41395
4251 5 41395
5549 3 41398
451 2 41400
4979 1 41402
3869 3 41403
6063 2 41403
2579 1 41405
6961 4 41405
6763 2 41407
3401 4 41408
5413 1 41409
8079 2 41409
4993 5 41410
7111 2 41412
3900 3 41412
3688 3 41413
1230 5 41414
291 1 41415
1744 3 41416
9604 2 41416
262 2 41417
9385 2 41417
220 5 41418
8864 3 41419
2351 4 41419
3315 1 41420
897 3 41420
5838 5 41421
9486 1 41421
7756 5 41425
177 5 41426
9712 5 41427
867 2 41427
2262 4 41428
5617 1 41428
5876 5 41429
3731 1 41430
7191 2 41431
6259 5 41431
2626 2 41434
6540 1 41435
8232 1 41437
8893 3 41438
1631 4 41439
1420 3 41440
418 1 41440
4213 5 41443
9578 4 41443
1489 5 41444
7228 3 41444
390 2 41445
3886 2 41448
2233 1 41448
8494 4 41449
1680 2 41450
9289 2 41450
3366 3 41451
5526 5 41451
6024 5 41453
3572 4 41453
8861 5 41454
5778 4 41454
9005 2 41455
3305 3 41456
5641 4 41457
5383 3 41457
3221 3 41458
3035 4 41459
4090 4 41459
9816 4 41460
4351 3 41460
7247 3 41461
3807 5 41461
2961 5 41462
6851 3 41463
4813 2 41464
3747 1 41466
5886 3 41467
687 5 41468
4547 3 41468
8360 1 41469
7558 3 41469
2502 4 41470
7083 5 41473
9542 4 41473
1349 3 41474
9998 3 41475
5373 4 41476
3638 2 41477
8572 4 41477
8302 4 41480
6969 4 41481
5487 4 41481
9954 2 41482
4033 1 41483
6885 1 41484
9071 5 41486
2266 4 41486
5445 4 41490
2707 2 41490
208 3 41491
5149 4 41492
469 3 41493
4932 4 41493
9715 5 41494
8733 5 41494
2946 2 41495
1196 1 41499
8895 2 41499
4314 3 41500
9923 1 41500
1111 2 41501
9114 4 41502
5678 2 41502
9040 5 41503
9744 5 41504
5931 2 41505
3123 1 41505
9453 5 41506
2127 2 41507
1309 5 41507
3870 3 41508
5698 5 41508
2793 4 41509
6788 1 41510
2420 1 41510
250 4 41511
1022 3 41512
6776 2 41512
3030 3 41513
4422 4 41513
7954 1 41515
4769 2 41516
3471 2 41516
1173 3 41519
9328 4 41519
1973 5 41521
4632 4 41523
1415 5 41531
6442 5 41532
1338 5 41532
5376 5 41533
3971 5 41535
1754 3 41536
1084 3 41536
4846 2 41537
541 2 41537
1517 5 41538
4041 4 41539
9823 4 41539
929 1 41542
1046 3 41543
4730 3 41544
8130 5 41545
1213 5 41546
3235 2 41548
3947 3 41549
9958 3 41549
6340 4 41550
3804 3 41550
3879 4 41552
8417 2 41552
4918 3 41553
953 3 41553
2406 5 41554
7652 3 41555
2034 2 41555
5460 1 41556
2615 1 41556
8247 1 41557
4381 3 41557
9235 5 41558
6083 4 41558
2253 4 41560
8968 5 41563
7539 3 41566
4908 5 41566
8575 3 41567
2985 2 41569
3821 5 41570
5980 2 41571
7363 5 41571
5367 5 41573
7252 4 41573
8824 5 41576
1826 5 41578
422 1 41578
8610 4 41584
5060 3 41584
5864 2 41585
8189 1 41585
1533 4 41586
8594 1 41586
2856 3 41587
5673 1 41587
3402 3 41588
3852 1 41589
5736 4 41591
2262 5 41591
3097 1 41592
486 5 41592
4061 5 41594
4713 5 41598
161 2 41598
2631 4 41601
2907 3 41601
6945 1 41602
5296 5 41603
583 2 41603
7296 4 41604
5087 2 41604
4978 5 41605
4744 4 41605
4001 3 41607
1537 2 41608
132 4 41608
7468 3 41609
3206 4 41609
2712 1 41610
7163 5 41610
6598 1 41612
810 5 41613
8643 3 41615
9823 4 41616
407 4 41617
1662 1 41617
9370 1 41618
7785 4 41618
6087 5 41619
4900 5 41620
8716 5 41621
520 4 41621
7355 2 41622
3855 2 41623
6139 4 41623
1289 4 41624
8973 5 41624
3904 5 41625
8500 1 41626
5747 5 41626
3748 3 41627
9589 4 41629
4329 3 41629
1919 3 41634
937 1 41638
9792 3 41638
5013 2 41639
3892 3 41641
9042 2 41642
7350 4 41643
9246 1 41644
1301 4 41645
1650 4 41647
1367 3 41647
6381 2 41651
2848 1 41652
8507 2 41652
1714 5 41653
1054 1 41655
1478 3 41656
2871 2 41657
3602 4 41658
7664 1 41658
1832 3 41660
8848 2 41660
3339 4 41661
4458 1 41661
1447 4 41662
3710 4 41664
5956 4 41665
8135 3 41666
6284 2 41666
5601 4 41667
9057 2 41668
1140 5 41669
5655 4 41669
2312 4 41670
31 4 41671
9879 1 41671
9586 3 41672
4732 3 41673
3683 4 41673
5178 4 41674
5241 1 41674
5710 2 41675
5147 4 41677
3693 3 41677
3938 5 41678
5603 2 41678
4131 2 41679
3719 2 41679
3791 3 41681
2223 3 41681
4427 3 41684
6996 1 41684
790 3 41685
4820 4 41687
1625 3 41688
100 2 41688
2328 1 41689
8466 4 41689
7206 5 41690
2787 1 41690
7155 2 41691
8717 3 41693
8181 5 41695
5644 3 41695
5063 4 41696
869 4 41696
1005 1 41699
862 4 41700
9860 5 41700
8756 1 41701
9406 4 41701
6659 2 41702
8128 5 41702
3251 3 41703
9061 3 41703
4981 3 41704
4887 3 41705
7443 3 41705
7701 2 41707
3819 3 41707
141 4 41709
4583 4 41710
4706 4 41711
7496 1 41711
8693 1 41712
1082 3 41712
5209 5 41713
4208 2 41715
753 5 41716
7762 3 41717
6225 5 41717
8322 4 41719
1812 1 41719
1232 1 41720
5721 2 41720
7658 1 41722
8467 4 41722
6189 1 41724
2663 2 41725
5370 3 41725
9529 4 41726
6571 2 41727
7735 4 41729
7214 3 41731
3306 5 41737
2694 5 41737
7403 4 41739
6644 5 41739
5008 1 41740
3374 4 41740
1291 3 41742
866 2 41743
1586 1 41745
4311 5 41746
4099 4 41746
541 2 41749
9032 1 41749
3189 5 41751
8034 2 41751
6816 4 41753
1499 1 41754
8413 3 41754
8096 5 41755
573 4 41755
5473 2 41756
9272 1 41758
2972 2 41761
9615 4 41763
2178 5 41763
6089 1 41765
9253 4 41766
5474 1 41767
7714 4 41767
44 3 41769
7323 1 41770
6399 3 41773
7127 2 41774
4527 4 41775
3964 1 41775
7077 1 41776
8921 2 41777
2153 1 41777
9621 5 41778
4045 2 41780
3337 4 41781
612 2 41781
4175 4 41782
3686 2 41782
5511 1 41783
4783 4 41783
4917 4 41790
1869 3 41791
9995 1 41791
4850 1 41792
7594 4 41792
4279 3 41793
9548 4 41793
3361 4 41794
2331 3 41794
9259 2 41795
8631 1 41796
4197 1 41796
3936 4 41797
3648 5 41797
265 3 41801
6998 5 41802
7916 1 41802
1030 2 41803
6346 3 41803
6653 4 41804
9767 3 41804
2802 1 41805
4644 1 41805
4626 5 41809
873 5 41809
8311 3 41811
5761 3 41812
8272 1 41812
7333 2 41813
489 2 41813
4913 1 41816
4897 4 41817
6266 2 41817
109 2 41818
3079 2 41819
6462 4 41819
744 5 41820
6267 4 41820
5145 3 41821
9420 2 41821
3239 4 41823
3493 4 41824
3855 4 41824
6805 4 41825
5165 1 41826
9319 3 41826
8497 2 41827
6275 2 41828
8345 3 41834
6006 2 41835
2070 2 41837
4533 1 41837
2695 1 41838
3284 4 41838
9157 5 41839
4431 3 41839
4081 1 41842
4777 3 41842
881 3 41843
1297 4 41844
2556 3 41845
3876 5 41845
4956 4 41847
6078 1 41849
570 5 41849
7672 3 41852
3984 1 41854
276 3 41854
6861 3 41855
4696 3 41855
1275 3 41856
534 5 41857
9439 2 41857
3237 2 41858
3499 1 41864
85 2 41865
219 1 41865
2807 1 41866
3075 3 41866
3768 2 41868
1389 5 41869
4176 1 41870
9488 3 41871
458 2 41872
7880 4 41872
6630 4 41875
7617 5 41876
4399 3 41877
3182 3 41878
2902 3 41878
6225 1 41879
8006 4 41879
5026 1 41880
8459 2 41881
3894 1 41882
3046 2 41888
6400 2 41888
8512 2 41889
7815 4 41889
5737 3 41890
7473 3 41890
5934 1 41891
5086 3 41892
8276 5 41892
8399 1 41893
7346 1 41894
6333 4 41895
3015 2 41897
2745 1 41898
6213 4 41898
4543 2 41899
194 3 41899
5278 3 41900
8578 4 41900
6044 2 41901
7046 4 41901
7230 3 41903
516 1 41905
7806 4 41905
5125 5 41908
5086 4 41908
7000 5 41910
9786 3 41911
7880 2 41911
7347 5 41912
8242 2 41912
4842 1 41913
7029 4 41913
9907 1 41914
179 2 41914
1739 5 41915
3682 5 41915
9228 1 41918
8720 3 41920
6691 1 41923
7632 2 41924
2282 1 41924
4280 3 41927
9105 3 41927
7946 1 41928
2560 2 41928
228 1 41931
2777 3 41931
4823 1 41932
7298 1 41933
6733 2 41933
7638 1 41934
7070 2 41934
357 3 41935
775 2 41935
5069 2 41936
9651 5 41937
8568 1 41939
4134 5 41940
1808 5 41941
1402 5 41941
4579 1 41943
3458 3 41943
6828 5 41945
3174 2 41945
2416 4 41946
7041 5 41947
5819 3 41949
3759 3 41949
8313 2 41950
7397 1 41950
9100 1 41951
169 5 41951
1582 1 41952
6380 5 41952
2156 3 41954
2469 2 41955
5925 4 41957
5815 5 41958
714 4 41958
3260 4 41963
3973 3 41965
4581 4 41965
5340 2 41966
3856 3 41967
7554 1 41968
6952 5 41968
5455 3 41969
517 5 41969
7744 2 41970
6906 3 41970
8650 2 41971
1538 2 41971
8678 4 41975
2754 4 41975
3800 2 41976
1491 5 41977
3002 5 41977
4061 2 41978
4651 1 41979
55 4 41979
693 1 41981
3326 2 41982
6688 4 41983
6032 2 41983
4050 1 41985
7396 2 41986
6747 5 41988
3937 1 41990
3387 5 41991
8185 1 41992
5241 2 41992
2261 1 41993
9438 4 41994
342 5 41994
879 5 41995
495 1 41995
2562 3 41996
42 4 41996
1096 1 41997
1738 2 41997
7179 3 41998
7262 1 41998
7584 4 41999
2272 5 42000
6084 3 42002
9234 5 42002
678 1 42003
8721 4 42003
1545 2 42004
5820 1 42009
4135 2 42009
8044 4 42010
6253 5 42011
3684 3 42014
6091 4 42016
7257 2 42016
5695 4 42017
4802 2 42019
638 1 42020
7230 1 42021
4768 5 42023
457 2 42024
2948 3 42025
280 1 42026
9152 2 42027
6195 3 42028
6085 3 42028
5363 1 42030
3772 2 42031
9889 2 42033
5448 4 42033
2990 2 42034
9233 2 42036
1176 5 42037
1798 5 42037
5529 1 42041
7188 4 42042
6870 2 42043
5414 2 42044
9691 1 42046
4916 1 42046
4830 3 42048
3036 4 42048
8795 4 42049
9559 5 42049
8183 1 42050
1339 1 42050
6032 5 42053
1780 5 42054
1259 3 42055
7160 4 42057
7965 1 42058
8641 1 42058
6483 5 42060
6674 2 42061
2377 4 42063
5552 4 42063
3783 3 42064
3249 5 42065
6018 5 42065
1816 3 42066
6612 1 42067
7668 2 42068
4216 3 42069
1267 1 42070
271 1 42070
5609 4 42071
3530 3 42072
7929 3 42072
2479 3 42074
8797 1 42074
1074 3 42075
5522 5 42076
617 5 42077
2092 1 42077
2760 3 42079
5177 5 42082
2123 1 42084
3377 1 42085
1540 3 42085
9448 2 42086
5640 4 42086
8700 3 42087
5471 2 42087
2990 3 42090
9887 3 42091
1856 3 42091
9078 4 42092
8186 1 42095
3365 3 42096
7887 3 42097
9221 1 42097
1413 3 42098
7379 1 42099
3733 2 42099
1903 4 42100
5674 5 42101
4575 2 42102
2112 5 42103
5332 5 42105
9211 1 42109
7084 3 42109
7410 3 42110
727 5 42111
7578 5 42111
2378 3 42113
5480 4 42114
1349 2 42115
1651 4 42116
3566 4 42117
8735 5 42118
6622 2 42118
796 3 42120
2736 4 42121
6915 4 42122
1384 1 42122
8452 1 42123
5734 4 42124
1147 4 42126
1226 5 42127
4399 4 42130
5313 2 42130
6635 2 42132
1040 4 42133
1468 2 42133
5043 5 42134
4447 5 42135
5682 3 42135
968 3 42136
5334 3 42138
1697 4 42139
3905 3 42140
5674 2 42140
6814 5 42141
6556 4 42141
3354 3 42142
8275 3 42142
9178 5 42144
3778 5 42145
5747 3 42145
8022 2 42147
5909 3 42147
4799 2 42148
1850 1 42149
2823 3 42149
5 1 42151
9472 2 42152
6511 2 42154
3614 3 42154
5019 3 42157
5271 2 42158
2251 4 42159
9597 1 42159
119 5 42160
6569 4 42160
1784 1 42163
4485 4 42165
6545 5 42171
1018 3 42173
5005 4 42174
7488 4 42177
8728 4 42180
589 5 42180
634 4 42181
9791 5 42182
1343 5 42183
3051 1 42184
7574 5 42184
7821 3 42185
6699 1 42185
679 2 42187
3652 3 42187
2918 4 42190
893 1 42192
8524 5 42192
6905 3 42193
6990 4 42193
6181 1 42194
7403 5 42195
1549 3 42196
8844 2 42196
9159 1 42201
1387 5 42201
1099 2 42202
1109 4 42202
437 5 42204
6753 1 42204
7606 3 42205
3261 1 42205
9874 4 42209
7596 2 42209
6180 3 42210
6896 1 42211
7478 1 42211
9562 3 42212
9788 4 42214
6116 1 42214
6934 2 42215
3945 2 42215
3069 5 42216
7671 5 42217
7185 3 42217
1226 5 42218
9074 5 42218
6610 3 42219
6505 2 42220
6784 4 42220
2428 5 42221
5414 1 42222
982 3 42223
4941 1 42223
687 1 42225
2760 4 42225
9758 1 42227
9627 3 42227
6708 3 42228
218 2 42230
5116 1 42230
6196 3 42231
5829 2 42231
5455 1 42232
1733 3 42233
1214 3 42234
2296 1 42235
1764 5 42236
7746 5 42237
564 1 42240
6752 5 42240
2320 1 42241
2351 2 42242
8871 2 42245
5262 1 42246
712 4 42246
7296 1 42247
4341 3 42247
8664 1 42249
1189 3 42249
6403 1 42250
7956 5 42250
8324 5 42251
2307 2 42251
3765 3 42252
7800 2 42255
3986 1 42257
9274 2 42257
4218 2 42258
5554 5 42258
4516 5 42259
5545 4 42259
9442 5 42260
5190 3 42264
863 5 42264
9803 5 42265
7538 2 42265
7479 3 42267
7231 4 42267
6266 4 42268
4745 1 42268
7319 2 42269
7799 4 42271
8119 2 42272
6341 5 42276
26 1 42278
3269 1 42279
856 4 42279
4000 4 42280
8808 5 42281
1604 3 42281
650 1 42282
7956 3 42282
7676 3 42283
6863 2 42283
6783 5 42284
6570 5 42284
8552 1 42285
7192 4 42287
8358 1 42288
2064 4 42290
8858 3 42291
9789 1 42292
4887 2 42293
951 3 42294
5489 5 42296
5268 3 42297
189 1 42298
7615 4 42298
7677 4 42299
5260 1 42299
7111 2 42302
2429 5 42302
4754 5 42303
2130 4 42304
1903 3 42304
6933 4 42305
4724 4 42306
9761 2 42309
8605 1 42309
6572 4 42312
4638 3 42312
9359 3 42313
9867 1 42315
1459 4 42317
9516 3 42318
892 3 42319
3500 4 42319
1020 1 42320
5745 2 42321
7103 1 42322
6246 1 42322
2773 2 42326
5506 3 42327
5848 1 42328
8051 4 42328
1293 1 42329
1074 4 42331
378 2 42333
2964 3 42333
9054 4 42334
3096 3 42334
8292 4 42335
9296 4 42335
9007 1 42338
8907 5 42338
2396 5 42339
5958 5 42340
361 2 42341
9663 2 42341
7903 4 42342
5910 2 42343
5079 2 42343
3117 2 42347
8728 4 42347
1961 4 42348
9133 5 42348
1892 5 42349
8784 3 42351
4539 5 42351
1328 3 42352
3478 5 42353
4398 4 42354
4127 5 42354
4964 1 42355
6955 1 42355
7478 5 42356
8345 2 42356
874 2 42359
5304 3 42359
369 5 42360
4421 1 42360
7378 1 42361
8699 1 42361
2585 3 42362
9022 1 42363
7222 2 42363
6628 4 42364
2787 1 42364
9803 2 42368
4387 1 42368
151 2 42371
9939 4 42371
3345 1 42373
2649 5 42374
399 2 42374
166 5 42376
6629 3 42376
9875 4 42378
2161 2 42379
76 1 42380
2809 3 42381
6103 4 42382
5565 2 42382
5914 1 42383
8509 3 42385
2851 1 42385
9975 4 42386
4664 5 42386
4498 5 42387
8258 5 42387
4572 1 42388
9768 3 42389
557 2 42390
6152 1 42391
7624 5 42391
8100 3 42392
4867 5 42392
3943 1 42394
5397 4 42394
9300 3 42395
2496 2 42395
8631 4 42396
9189 5 42397
5096 3 42399
6464 4 42399
3120 3 42400
5598 5 42400
8482 2 42401
7546 2 42401
4557 4 42402
3208 4 42403
6387 1 42406
113 5 42406
815 4 42407
9711 3 42408
8557 4 42411
3142 2 42411
6191 3 42412
4369 4 42413
898 2 42414
501 5 42414
8355 2 42416
1611 3 42416
5693 3 42417
9533 4 42418
680 5 42419
7531 4 42420
7367 1 42420
5267 1 42421
7181 2 42422
7692 2 42422
8157 4 42423
4548 1 42424
6605 3 42424
8742 5 42425
3810 3 42425
8823 3 42427
4404 1 42427
2232 5 42428
1064 1 42431
1153 5 42431
139 2 42432
1800 3 42435
5113 2 42436
623 1 42436
9878 5 42437
8366 1 42438
2221 3 42439
2288 3 42443
6543 2 42443
7762 4 42444
5306 2 42445
3667 1 42445
957 5 42446
8063 2 42447
3462 4 42448
6876 1 42448
8773 5 42449
9381 5 42451
2815 1 42452
3688 5 42452
6733 1 42454
7492 1 42454
3340 1 42455
4150 2 42459
5568 5 42459
626 5 42460
8144 2 42460
3660 1 42461
8996 4 42464
1395 3 42464
3826 5 42465
20 4 42468
5848 2 42472
2892 1 42476
7649 2 42476
775 3 42479
1856 2 42480
2246 2 42481
7390 3 42483
104 3 42483
2221 1 42484
3354 1 42485
8958 4 42486
4597 1 42487
6790 4 42487
1524 3 42489
1046 1 42489
5703 4 42490
8854 5 42491
3994 3 42493
9654 2 42494
4058 3 42495
6211 5 42496
1578 5 42500
2090 3 42501
316 5 42501
5918 4 42502
5381 2 42502
5701 1 42505
3274 5 42506
3582 2 42507
2984 3 42507
5457 1 42508
2657 4 42510
3328 4 42511
5034 4 42511
6420 3 42512
9989 5 42512
3793 5 42513
2783 1 42513
8500 1 42514
2647 4 42515
3150 5 42516
6218 3 42516
6184 1 42517
3664 4 42518
1814 3 42518
3907 5 42520
5221 2 42522
9405 1 42522
6014 5 42523
2482 4 42523
4749 1 42526
8015 2 42526
8683 3 42528
8761 5 42529
1808 5 42529
5337 5 42531
5591 4 42532
7226 2 42532
587 1 42533
9722 4 42535
2076 1 42535
1341 5 42537
9633 4 42539
9223 4 42539
360 5 42540
3049 1 42540
6850 5 42541
4111 2 42545
5458 4 42545
3066 4 42547
6953 1 42549
6900 5 42549
5173 2 42552
6422 5 42552
5134 5 42553
8781 5 42554
9309 5 42554
466 2 42555
11 3 42556
1302 1 42557
7351 3 42558
186 5 42561
6982 4 42564
6844 5 42564
313 3 42565
7627 4 42566
1278 3 42566
4085 3 42568
8979 5 42570
7155 4 42570
2906 1 42571
7069 3 42574
7360 1 42574
675 2 42575
6624 4 42575
4286 4 42579
1381 1 42579
9424 5 42580
5095 3 42581
628 5 42582
7861 5 42582
7855 1 42583
6077 5 42584
145 3 42585
177 4 42587
2670 5 42588
5544 3 42588
2352 4 42589
8680 5 42592
7662 2 42594
5438 4 42594
2845 4 42595
4419 2 42595
5166 4 42596
748 2 42597
3142 5 42597
6639 1 42598
3435 1 42598
3827 5 42601
1464 3 42602
7427 2 42603
2455 1 42604
7218 4 42605
4875 5 42606
7397 3 42606
6969 2 42608
1183 1 42610
2292 5 42610
8696 4 42611
9155 4 42611
4755 5 42613
778 1 42614
4770 4 42615
9030 3 42616
7455 3 42617
7323 5 42619
7233 5 42622
3462 1 42622
7160 3 42623
4141 5 42623
8912 5 42624
5661 3 42624
8981 3 42625
5957 5 42625
6054 5 42626
6161 1 42627
5498 3 42628
8681 5 42629
4010 4 42629
3606 2 42630
4457 1 42632
1167 2 42634
9343 2 42637
7067 5 42638
3211 1 42639
7066 5 42639
8874 4 42640
6615 5 42640
9374 5 42641
2338 4 42643
6024 1 42643
8031 5 42645
6006 1 42646
8753 3 42647
4943 3 42650
5631 5 42650
8058 2 42651
127 3 42651
7876 5 42653
4846 5 42654
5967 4 42655
5127 1 42655
6791 3 42656
1981 4 42656
210 5 42657
788 1 42657
789 5 42660
6675 3 42660
2787 3 42661
3294 3 42661
4816 5 42662
9716 4 42662
9162 3 42663
6270 1 42663
9044 3 42666
9823 3 42667
9589 2 42667
7808 1 42668
1120 2 42668
716 2 42670
344 3 42672
1363 3 42673
923 1 42673
3387 1 42674
7480 4 42674
3444 2 42675
4477 5 42675
8072 5 42676
8996 2 42677
596 4 42677
3752 1 42678
4367 1 42678
9138 1 42681
7985 4 42681
3046 2 42682
7445 5 42683
5204 2 42683
1925 2 42684
5267 3 42684
4556 1 42685
5933 4 42686
1085 5 42687
8515 4 42689
4582 2 42689
2306 4 42691
6432 4 42695
1794 2 42696
8349 3 42696
1911 1 42697
3256 1 42697
84 3 42699
390 3 42701
5907 3 42701
6921 5 42704
5915 4 42705
9027 1 42705
9538 3 42707
4793 2 42708
8225 5 42709
1221 5 42709
5734 4 42711
504 4 42711
6828 4 42712
3239 5 42712
9758 1 42713
8860 3 42715
6458 2 42716
8947 1 42716
3009 1 42718
3284 1 42718
3433 1 42721
6536 1 42721
656 4 42722
8007 5 42723
2563 4 42723
44 4 42724
2488 3 42724
3054 2 42725
5535 1 42727
2183 2 42727
1504 2 42728
6438 5 42728
3642 5 42729
8406 2 42732
5113 4 42732
3490 4 42733
693 3 42733
2251 1 42734
8167 4 42734
3533 1 42735
6696 3 42736
8858 3 42737
3381 2 42737
9789 2 42739
3389 2 42740
3479 5 42740
3816 3 42742
6444 4 42744
4033 1 42744
9781 3 42745
6776 2 42745
1532 1 42746
1197 1 42747
8256 3 42748
4639 2 42748
5269 1 42749
4212 3 42750
974 5 42750
2209 5 42756
8185 1 42756
1383 1 42757
8270 3 42757
5561 2 42759
8178 4 42759
8403 4 42760
8501 3 42760
5049 3 42761
3800 1 42761
4220 4 42762
6906 2 42762
2066 2 42763
5369 5 42763
4432 4 42764
2220 3 42765
9954 5 42765
2537 3 42767
9526 2 42768
8343 3 42768
5337 5 42769
1918 3 42771
1869 3 42773
2638 3 42774
6525 2 42776
4648 3 42779
6667 2 42781
928 4 42781
6104 1 42782
6134 2 42782
8427 3 42783
1819 2 42783
7814 3 42785
9073 5 42785
7219 4 42786
3053 1 42787
5158 5 42788
3520 4 42788
2830 5 42789
7064 4 42791
5129 5 42792
6441 3 42793
2933 2 42797
3582 5 42798
5920 1 42798
1913 4 42800
7199 2 42800
2928 3 42801
9576 2 42803
7125 3 42803
9287 3 42804
726 4 42804
9504 4 42805
8654 2 42805
8845 4 42806
1598 3 42807
4801 2 42808
46 2 42809
4274 1 42810
7309 3 42812
910 5 42813
9162 2 42813
6984 5 42814
4657 4 42815
8611 2 42815
4350 3 42816
6201 5 42818
8075 2 42818
961 3 42819
9123 1 42820
965 3 42820
2759 3 42821
7044 3 42821
9720 1 42822
2578 1 42823
7780 1 42824
4847 1 42824
648 1 42825
7137 5 42825
680 3 42826
6964 3 42827
7303 4 42828
1115 3 42828
7314 1 42829
4721 5 42831
1907 2 42831
7589 5 42832
1820 3 42832
157 2 42834
2045 5 42834
4743 4 42835
3601 2 42836
216 3 42837
1238 1 42838
8884 5 42839
7249 3 42839
3893 2 42840
710 5 42840
4980 1 42841
3586 5 42841
1126 4 42842
7341 5 42842
1067 4 42847
8867 4 42847
3792 2 42849
1996 1 42850
1971 5 42851
6877 2 42852
2014 1 42853
9934 3 42853
4766 2 42855
3829 5 42856
5671 1 42857
3409 3 42857
5192 3 42858
3014 2 42858
7659 3 42859
8613 5 42861
171 2 42861
6189 1 42862
8998 5 42864
9659 5 42865
6161 3 42865
6596 3 42866
1667 2 42866
3607 4 42867
904 3 42867
7246 1 42868
4434 1 42868
9187 5 42869
8532 5 42870
3862 2 42870
1566 5 42873
3295 3 42873
3672 1 42875
712 2 42876
2201 4 42877
1925 4 42877
6912 4 42878
1671 3 42880
219 5 42880
9140 5 42881
4846 2 42884
9509 5 42884
5162 3 42887
9534 1 42887
8045 4 42888
2817 3 42889
5242 4 42890
7971 1 42891
9625 5 42891
9651 2 42892
207 5 42892
792 1 42893
2126 4 42894
2038 5 42895
7287 5 42896
5405 4 42896
4634 3 42897
2980 3 42899
6662 4 42900
7838 5 42900
1411 1 42903
4928 5 42906
1777 4 42906
8211 4 42907
8378 1 42908
4384 2 42908
2313 5 42910
4303 4 42911
2363 3 42913
8651 5 42915
1087 3 42915
2783 1 42916
1066 2 42916
8371 4 42918
269 3 42918
7531 5 42919
1990 2 42924
1048 2 42925
6854 5 42925
2147 1 42926
2470 1 42926
8750 3 42927
2915 5 42929
4389 2 42930
5958 5 42930
5855 4 42932
9536 4 42934
9449 4 42938
7222 3 42938
976 4 42939
2035 3 42939
6065 4 42940
5932 1 42941
2690 3 42942
5788 4 42943
6075 2 42943
3403 1 42947
2241 5 42948
7662 1 42948
9564 5 42949
461 5 42949
2794 5 42951
3896 3 42951
1326 1 42952
91 5 42952
6425 3 42953
6810 3 42954
1623 4 42955
2783 2 42955
8259 4 42956
1084 5 42960
257 2 42960
5478 5 42962
1052 1 42964
6997 1 42964
1092 4 42967
1003 2 42968
6306 3 42968
4838 4 42969
3149 2 42970
1047 2 42971
3379 1 42972
4894 5 42972
2791 1 42974
408 1 42974
6854 2 42975
3791 5 42976
8369 1 42978
3789 3 42978
7166 4 42979
5972 1 42979
4616 3 42980
4865 5 42981
8256 3 42982
8750 4 42983
2190 1 42983
710 3 42984
3814 2 42985
9171 4 42985
7661 1 42986
7505 2 42986
5128 4 42987
9985 2 42989
7023 2 42989
4620 5 42990
5629 3 42990
9598 3 42992
8554 3 42992
1015 1 42994
4797 5 42995
5751 1 42995
2649 5 42996
2552 5 42996
1235 1 42997
6695 2 42998
76 4 42999
153 1 42999
2306 3 43002
6131 5 43003
7790 4 43003
9248 4 43004
8209 2 43004
8864 3 43005
3341 3 43006
7612 3 43006
5912 3 43007
7676 4 43011
156 3 43011
8961 2 43012
8832 5 43012
1251 1 43013
6116 5 43013
6910 2 43014
589 1 43015
4500 4 43015
7901 3 43016
4802 4 43016
4967 2 43018
3200 5 43018
913 5 43019
9631 1 43020
8182 5 43024
1392 1 43026
6156 5 43031
2363 5 43032
2386 3 43032
3610 5 43034
8887 4 43034
5822 3 43035
5112 4 43037
1289 2 43037
4063 1 43040
6589 4 43041
8518 1 43041
6136 1 43042
6761 5 43043
9319 2 43047
8962 2 43047
1880 3 43049
4169 3 43049
6260 4 43051
1940 5 43052
2283 2 43052
4533 5 43055
1447 1 43056
6061 1 43056
3568 2 43057
1278 4 43058
7941 1 43058
9922 4 43060
4582 5 43060
6137 3 43061
8392 5 43064
7966 5 43066
8301 1 43066
9668 5 43068
8671 2 43068
7061 3 43069
9690 2 43070
3717 4 43070
1146 4 43071
7133 5 43071
5289 4 43073
8924 4 43076
5443 1 43077
2690 2 43078
6584 5 43079
5991 3 43079
7175 4 43080
8418 1 43080
2073 3 43081
7849 3 43081
8314 2 43082
9107 4 43082
3184 3 43083
350 2 43084
7945 2 43084
3002 5 43086
6111 5 43087
8194 5 43089
2198 2 43089
745 5 43091
2890 4 43097
5633 4 43098
5726 2 43098
5290 4 43099
8371 4 43100
9008 4 43100
7247 5 43101
9443 1 43102
7890 5 43102
8430 1 43105
4360 5 43106
2320 1 43106
6610 2 43107
3172 1 43107
9835 5 43108
1017 5 43108
5978 1 43110
444 3 43110
3083 5 43111
8744 1 43111
9777 3 43112
8085 1 43112
3450 5 43113
8879 5 43115
8381 5 43116
9255 2 43116
673 5 43117
964 2 43118
6064 5 43118
2753 2 43123
9915 3 43123
5032 4 43125
2850 3 43127
2465 1 43130
3424 1 43130
3858 1 43131
7476 2 43132
2693 1 43132
1507 4 43133
3870 3 43133
9291 2 43134
9594 4 43135
1739 1 43135
2506 4 43137
8034 1 43138
9987 4 43139
8462 1 43141
135 1 43141
2179 5 43142
9456 1 43144
7328 5 43145
5714 4 43146
1460 4 43148
8932 1 43148
5117 3 43149
4887 2 43150
8387 4 43150
6530 3 43151
5533 1 43151
8919 3 43152
5559 1 43152
4628 4 43158
9674 2 43158
8949 3 43161
515 2 43162
4756 1 43162
9690 3 43163
9721 5 43164
669 4 43165
1835 3 43165
4685 3 43166
5871 2 43169
700 2 43169
1630 5 43172
8885 5 43172
7988 2 43173
443 2 43173
9188 1 43175
6010 3 43175
1801 4 43176
119 2 43177
2406 2 43177
7593 2 43179
1531 4 43181
9071 3 43181
2445 3 43184
3996 1 43186
1160 2 43186
5646 3 43187
4397 4 43188
2928 5 43190
9512 5 43190
494 3 43191
1976 2 43192
5763 3 43192
3395 4 43193
8533 3 43197
6820 4 43198
8579 1 43199
8319 1 43199
4370 5 43201
8337 5 43202
3223 1 43202
3520 2 43203
5710 2 43204
4460 3 43207
1438 2 43207
1489 3 43208
2063 1 43208
6863 4 43209
1146 5 43209
9390 5 43210
4817 5 43210
4457 4 43212
6912 5 43212
5964 5 43213
4059 4 43213
132 5 43214
5591 1 43214
1825 5 43218
1404 2 43219
4133 1 43219
8750 4 43221
3043 5 43221
8060 1 43222
6991 2 43223
3393 4 43224
8079 4 43225
1679 4 43225
865 3 43226
9617 2 43226
863 1 43228
4983 1 43229
9015 2 43229
4360 4 43232
3012 3 43232
2164 2 43233
2388 2 43233
1516 4 43235
8393 5 43237
6332 3 43238
5323 5 43238
3507 4 43239
2576 5 43239
8257 3 43241
8476 3 43243
6336 3 43244
1790 2 43245
5508 3 43245
3723 3 43246
7630 1 43247
6094 2 43249
5531 5 43249
1749 1 43250
8147 5 43252
3067 3 43254
2177 2 43255
2768 4 43255
8151 5 43256
3699 4 43256
8663 2 43257
5427 4 43258
5108 4 43262
7318 1 43262
1447 3 43264
9179 5 43264
7547 2 43266
8085 3 43266
2519 2 43267
157 3 43269
6977 2 43271
268 3 43271
4308 4 43272
1838 3 43273
3761 4 43273
2218 3 43274
9666 4 43274
9408 2 43275
1525 5 43276
1036 4 43276
622 2 43279
9533 4 43279
5549 4 43280
7975 1 43280
5668 4 43283
5111 3 43283
8940 5 43286
3233 3 43287
411 1 43287
4747 1 43288
98 1 43289
7796 4 43289
2997 4 43290
6341 1 43290
7814 5 43291
1184 4 43292
4472 4 43292
8033 4 43293
9932 5 43293
7346 4 43294
9683 3 43295
4454 2 43295
3897 5 43296
360 2 43296
5077 3 43297
1360 2 43297
2088 3 43298
3036 3 43302
8039 2 43303
7682 3 43303
5835 3 43305
115 2 43305
441 4 43306
1852 2 43307
4549 4 43307
4492 5 43309
8155 3 43309
7732 3 43310
1645 1 43310
2989 1 43311
9311 2 43312
2640 1 43313
3619 1 43313
1432 1 43315
9966 4 43315
4946 2 43316
8581 5 43317
5253 5 43318
7297 1 43318
4153 1 43319
8336 3 43319
4386 2 43320
1782 4 43320
7353 4 43321
7133 3 43323
1226 5 43325
1414 2 43326
3267 1 43327
8491 1 43328
5103 5 43328
2663 1 43329
1188 3 43329
6435 5 43331
991 1 43332
5200 5 43332
3732 3 43333
8610 4 43334
9601 3 43335
4308 5 43337
2503 1 43337
8632 3 43338
1770 1 43338
4359 1 43339
6910 3 43342
5074 3 43342
3471 3 43343
9337 1 43345
8769 2 43345
2822 3 43346
4265 2 43347
563 3 43348
4899 2 43348
7668 5 43350
1012 4 43350
428 4 43351
7901 5 43351
7466 4 43352
3429 1 43352
4808 4 43354
4953 4 43355
5204 5 43355
9446 5 43356
8013 5 43356
6565 4 43359
439 1 43360
3713 2 43361
1063 5 43362
8448 2 43363
7893 5 43363
5282 4 43364
859 1 43364
7790 4 43366
7772 5 43367
9642 5 43367
381 2 43371
4416 5 43373
5893 5 43375
6206 2 43376
6512 4 43378
4293 2 43379
5691 4 43380
450 4 43383
5613 4 43384
6756 3 43385
7725 2 43387
7294 4 43388
7054 5 43390
1047 4 43390
4279 1 43393
3005 1 43394
1596 3 43396
9020 1 43398
1114 2 43402
6548 2 43402
2702 3 43403
3238 1 43403
5029 4 43405
5865 3 43405
3311 1 43406
1126 5 43407
3978 3 43407
7816 1 43411
3712 4 43411
7547 3 43413
1555 3 43413
8623 3 43414
9765 4 43415
9341 1 43416
6476 5 43418
2799 5 43419
2592 4 43419
9129 3 43421
4326 1 43421
4143 3 43422
3926 2 43422
2399 1 43425
5275 2 43427
7544 2 43427
6569 5 43428
5995 4 43430
5150 4 43430
2917 2 43431
2828 5 43434
5040 3 43436
7903 2 43436
3856 4 43438
6850 2 43438
8278 2 43439
4538 4 43440
6612 5 43441
3403 5 43441
141 4 43442
3543 3 43443
9083 5 43444
3060 3 43449
7902 5 43450
2869 2 43452
7088 2 43452
5039 5 43454
5866 5 43455
2627 3 43455
9821 2 43456
1856 2 43456
8758 5 43457
2536 4 43457
2723 2 43458
6195 4 43459
7411 2 43461
8585 4 43461
2142 3 43463
9449 2 43463
8177 1 43465
6252 1 43465
7252 2 43466
2490 3 43467
244 5 43468
2864 1 43469
6312 5 43470
6496 1 43470
3055 4 43472
9706 2 43473
9339 1 43475
3136 1 43475
9322 1 43476
814 3 43477
6126 1 43483
1513 3 43486
2031 2 43487
7878 4 43488
2882 2 43490
3681 4 43490
2248 1 43491
9824 1 43492
4422 4 43493
920 1 43493
5085 1 43496
200 3 43497
9751 2 43497
5905 4 43498
496 5 43498
6512 5 43499
8723 1 43500
9260 4 43503
1866 3 43504
6188 4 43505
2858 5 43505
7952 2 43507
808 4 43507
7045 5 43508
5543 3 43511
8247 1 43513
8804 3 43514
6112 5 43515
4241 4 43516
8273 1 43516
2826 3 43517
122 4 43518
760 1 43518
8558 5 43519
2600 3 43520
1411 2 43520
5803 1 43522
8904 1 43522
8862 5 43523
5284 1 43524
3747 3 43524
7269 5 43525
3660 3 43528
6697 4 43528
3253 3 43530
5160 5 43532
4387 2 43532
2153 2 43534
445 5 43534
1583 1 43536
5056 3 43537
6914 1 43538
477 5 43539
9291 1 43539
8599 4 43540
7285 3 43541
3596 4 43542
5482 4 43542
7167 1 43543
4572 3 43543
6384 5 43544
3909 4 43545
6737 4 43546
3369 5 43546
8215 5 43547
8417 4 43547
6313 3 43548
8784 4 43548
3896 1 43550
3353 1 43550
1956 3 43551
5197 3 43551
1437 2 43553
8790 2 43553
1796 5 43554
6445 5 43554
4461 5 43557
9454 5 43558
9365 4 43561
1469 3 43564
2146 5 43564
8306 1 43566
9923 3 43567
9070 5 43567
4488 4 43568
886 2 43568
7044 1 43569
3627 2 43569
3745 4 43570
9850 3 43570
2275 2 43573
2110 1 43574
8273 3 43576
9796 2 43577
1235 2 43578
6458 4 43578
3070 3 43579
5915 5 43579
6202 1 43583
5346 3 43583
3642 4 43586
4979 3 43587
2282 4 43587
2154 2 43588
4782 3 43588
4674 3 43590
6230 1 43592
6407 5 43592
7571 1 43593
5281 4 43593
3770 1 43595
7670 4 43595
2006 2 43597
7994 3 43599
727 1 43599
5572 4 43600
720 3 43601
5408 4 43601
9225 4 43602
6613 2 43603
1737 1 43604
3473 3 43607
495 4 43608
5798 1 43608
5371 2 43609
715 1 43612
7732 1 43612
4766 4 43613
1356 3 43614
3224 3 43616
6162 4 43617
2406 4 43618
9741 5 43619
6941 5 43619
405 3 43621
9950 4 43622
1275 3 43622
4295 1 43623
2619 3 43623
9632 5 43624
7145 2 43625
9466 5 43626
5226 2 43627
6118 5 43627
8484 4 43629
7795 5 43630
3287 4 43631
2093 2 43631
7847 5 43632
9893 2 43635
3044 1 43635
185 5 43638
5229 4 43639
7536 2 43642
2814 1 43642
1853 3 43643
7137 3 43643
8963 4 43644
8080 4 43647
1785 1 43649
8315 2 43650
589 5 43650
9941 5 43651
1764 4 43651
2628 4 43652
7731 5 43652
274 4 43653
6338 3 43654
5848 1 43654
9682 5 43658
6006 4 43658
9650 3 43659
7880 5 43659
2332 2 43660
3518 5 43660
7782 2 43661
5475 3 43661
6742 3 43663
3365 4 43663
8553 1 43664
6431 3 43666
6097 1 43666
2921 5 43667
9250 3 43668
7538 4 43668
5194 5 43671
7657 2 43671
5652 2 43672
5786 2 43673
3059 1 43678
9244 2 43678
5360 2 43680
8012 3 43681
9115 1 43681
1919 5 43682
7407 1 43684
1446 2 43684
2363 1 43687
4723 2 43688
8738 2 43689
7142 5 43689
837 3 43691
1461 5 43691
5018 5 43692
5053 1 43693
448 3 43694
3447 2 43695
2727 1 43695
6867 3 43696
2357 2 43696
3637 4 43697
7899 4 43697
6459 5 43698
6961 2 43699
6793 5 43699
4386 2 43702
6584 3 43703
174 3 43703
6775 3 43704
9001 2 43704
3145 1 43705
3090 3 43707
9629 2 43708
6 5 43708
7311 1 43709
4598 4 43709
9607 5 43713
1252 4 43713
9647 3 43714
7855 3 43716
5304 5 43718
1080 5 43719
4784 2 43719
2620 3 43720
5058 3 43721
9094 3 43722
7013 5 43722
2772 2 43724
258 1 43724
7300 2 43725
9594 2 43726
2510 4 43728
4499 5 43729
3180 1 43729
3756 1 43730
4836 4 43732
6817 5 43733
1746 2 43733
6076 2 43734
2821 3 43734
4457 1 43736
9914 2 43736
9361 2 43737
3969 4 43738
8991 3 43739
6969 4 43739
7308 1 43741
6899 1 43741
3627 1 43742
8505 5 43743
6215 3 43744
9393 3 43744
6384 1 43746
6960 4 43748
4229 3 43748
6738 3 43750
2320 1 43751
4519 1 43752
6536 1 43753
5354 4 43758
8550 3 43758
2077 2 43759
7392 4 43759
2929 2 43761
3694 5 43761
3562 2 43762
5106 4 43763
5962 2 43763
3551 5 43765
814 4 43765
7851 2 43766
753 2 43766
5271 5 43767
5905 3 43769
4957 1 43769
6158 4 43770
3037 4 43770
7782 4 43771
9871 3 43771
3355 4 43772
2283 3 43773
3010 1 43774
4814 5 43775
9681 2 43776
9895 2 43776
132 5 43780
5915 1 43780
5064 4 43781
1578 1 43781
5089 3 43785
6137 2 43786
9300 5 43786
520 2 43788
5065 4 43788
6291 1 43789
315 1 43791
5464 1 43791
6905 5 43794
4732 4 43794
6635 5 43798
7330 4 43799
9130 4 43801
501 2 43801
6296 1 43802
1881 5 43803
6889 5 43803
1091 2 43804
249 5 43806
2271 4 43806
387 5 43808
5947 2 43808
1121 5 43809
5286 5 43809
6794 2 43812
4322 4 43812
6736 3 43814
4458 1 43815
985 2 43815
9488 5 43817
4320 3 43817
4426 4 43818
1193 1 43818
8847 1 43820
9410 2 43821
4350 4 43822
3357 4 43822
78 2 43823
7950 4 43824
5630 2 43825
3085 2 43825
1579 1 43828
8252 1 43833
1586 2 43834
8779 5 43835
2158 3 43836
4027 2 43838
7156 5 43840
7378 3 43842
3969 2 43843
9113 2 43844
5431 1 43845
2531 2 43846
2402 3 43846
22 2 43847
9936 5 43850
5705 3 43852
9583 3 43853
6970 1 43853
1944 4 43856
8770 5 43858
2867 1 43859
194 2 43862
917 3 43863
7480 2 43863
3340 2 43864
2290 4 43864
7530 4 43865
7639 1 43865
9880 1 43866
691 5 43866
8249 3 43867
8028 3 43867
6370 1 43868
9757 2 43869
3453 1 43869
8326 4 43870
2252 1 43871
443 3 43872
9462 3 43874
5546 4 43875
1962 2 43875
2376 4 43877
5119 3 43877
3258 4 43880
7443 4 43881
3485 1 43881
6373 1 43882
514 1 43882
8476 2 43883
9254 4 43883
2071 4 43885
8312 1 43885
2995 4 43887
7465 3 43887
9607 5 43889
2493 5 43890
5890 1 43891
5394 1 43891
3249 4 43892
9575 1 43892
9177 5 43895
608 3 43895
5204 4 43896
8769 5 43897
5445 2 43897
4658 1 43898
9735 5 43898
8188 4 43899
3752 1 43899
2975 1 43900
7735 3 43900
1712 2 43901
2361 1 43903
4227 1 43904
1629 4 43904
1217 4 43905
9314 4 43905
6910 2 43907
7217 2 43908
350 2 43908
4011 1 43909
1939 2 43910
1404 5 43910
9312 5 43912
7948 1 43913
8380 3 43913
457 2 43914
1134 3 43914
4782 4 43917
2542 2 43920
8442 3 43921
3900 3 43921
3335 5 43922
1804 3 43923
5278 5 43923
8066 2 43924
9319 5 43924
503 5 43925
2412 4 43925
3093 5 43927
7756 2 43928
5146 1 43928
4717 2 43929
8461 1 43930
1323 2 43933
5606 3 43933
6215 4 43936
3771 5 43936
3468 5 43937
475 2 43938
7107 1 43939
2512 1 43941
7889 1 43942
557 1 43942
9204 2 43945
4011 3 43945
985 1 43946
6265 5 43947
4218 3 43947
9975 4 43948
8246 1 43949
4040 3 43949
9176 3 43950
4373 2 43953
4425 3 43953
2464 2 43954
3133 5 43954
9013 2 43957
7693 2 43957
7223 2 43961
3858 4 43962
5994 2 43963
1704 3 43963
4099 3 43964
3989 1 43964
5708 4 43965
1351 2 43965
4503 3 43966
9530 2 43967
2379 1 43967
3201 4 43968
8677 3 43969
6156 5 43970
3853 1 43971
2258 3 43971
6196 2 43972
3687 1 43972
4406 3 43973
5045 3 43974
8006 2 43974
3886 5 43976
7364 1 43980
8680 1 43982
9829 2 43982
4033 4 43983
7242 5 43984
1599 1 43987
4848 1 43988
2437 3 43988
9226 5 43990
338 3 43991
1705 4 43992
327 1 43993
6812 4 43993
9086 2 43994
3102 3 43994
3906 3 43995
7292 2 43996
3866 5 43997
6122 5 43998
2258 2 44001
1755 5 44001
2188 2 44004
3962 3 44004
7552 2 44005
7942 2 44005
2502 2 44006
1478 3 44009
2899 4 44009
724 2 44010
409 3 44012
4876 1 44012
1783 5 44013
9628 3 44013
5459 4 44014
671 3 44015
3903 1 44015
978 4 44016
6906 1 44018
6955 4 44018
2247 4 44019
4687 4 44019
2642 2 44020
8590 1 44020
7579 5 44021
5005 1 44021
1984 1 44023
6439 4 44025
1328 4 44025
1443 2 44026
7688 1 44028
1343 2 44028
8591 1 44029
6787 5 44029
5886 5 44030
9939 5 44030
7059 3 44033
339 5 44033
14 3 44034
3140 1 44036
3830 5 44036
5251 5 44037
559 4 44037
2720 4 44039
6495 3 44041
4777 1 44041
3999 2 44044
4660 5 44044
7934 3 44046
3776 5 44046
722 1 44047
8601 5 44048
8358 5 44049
5617 5 44049
4782 3 44050
6231 2 44050
8701 4 44052
8860 1 44052
3373 4 44053
8036 4 44053
1482 3 44054
6283 4 44055
9568 3 44055
9956 3 44056
5882 1 44056
7318 4 44057
514 1 44057
6577 2 44061
7239 2 44062
4712 3 44062
5069 4 44065
561 5 44066
9155 5 44066
1324 1 44068
4441 2 44069
9888 5 44070
4281 2 44070
7261 4 44073
6887 3 44074
3374 4 44075
2831 2 44076
8668 3 44076
9623 3 44079
7286 1 44079
3770 2 44081
545 1 44081
6943 1 44083
531 2 44084
4639 4 44085
7194 2 44085
6949 4 44086
1053 4 44088
2363 4 44089
66 3 44092
9091 2 44093
9358 1 44093
8474 4 44094
9655 3 44094
7306 1 44095
8121 1 44096
7748 1 44097
5977 3 44097
8870 3 44099
2550 4 44100
7020 1 44100
3703 5 44101
7533 2 44101
5500 5 44104
9508 1 44104
9400 1 44105
9913 2 44107
4564 4 44111
9020 2 44111
4076 2 44112
3122 1 44115
5979 5 44115
8775 2 44116
3372 3 44117
8909 2 44118
3742 2 44118
5869 3 44119
8359 5 44120
6081 3 44121
9582 4 44121
4239 1 44124
2886 4 44126
4317 4 44127
4463 1 44127
8645 2 44128
6465 2 44131
7816 4 44131
3784 1 44133
1751 3 44133
7130 1 44134
9914 5 44136
9781 4 44137
4067 4 44138
9051 3 44138
152 1 44139
8352 2 44142
7746 1 44144
6909 1 44149
4850 2 44149
1954 3 44151
8631 3 44157
29 1 44158
2680 4 44158
1838 1 44159
9787 5 44160
4260 1 44160
3792 2 44164
5796 5 44165
6007 2 44166
6621 4 44166
9013 2 44167
5137 3 44168
2657 2 44169
9242 4 44170
4869 1 44170
5724 4 44171
2462 1 44172
6745 5 44176
9908 3 44176
4103 1 44180
1808 2 44181
9534 2 44181
1280 1 44182
6563 5 44185
6196 2 44185
2181 1 44188
8224 3 44188
7579 5 44189
418 4 44190
9860 2 44190
4309 1 44191
977 1 44191
4556 2 44192
8523 3 44193
32 3 44193
2697 1 44196
5905 2 44196
3549 4 44197
2411 2 44198
828 3 44198
4536 5 44200
6713 1 44201
3226 2 44201
213 2 44202
8425 5 44203
9944 3 44203
6161 2 44204
2831 5 44205
4897 3 44205
812 3 44206
4638 1 44206
3952 5 44207
5676 4 44207
2565 5 44208
9684 5 44210
9327 1 44210
7628 4 44211
5307 4 44211
7340 5 44213
8218 3 44215
643 4 44220
1619 5 44220
2973 1 44222
818 2 44222
201 4 44223
3285 3 44225
3926 1 44226
6783 2 44226
5963 4 44227
4626 3 44227
7845 3 44229
3465 2 44231
8587 3 44232
8783 5 44233
1568 1 44234
1221 5 44234
1363 5 44236
3375 1 44236
6642 2 44237
591 5 44238
9444 4 44238
5986 2 44239
4017 5 44239
8279 5 44240
4121 4 44241
3753 3 44241
9546 1 44242
1514 3 44244
2113 5 44244
6449 5 44245
49 3 44246
3498 3 44246
2728 2 44249
7078 1 44253
5034 1 44256
1166 2 44256
844 1 44259
1740 1 44260
8050 3 44264
376 3 44264
8798 4 44265
4955 3 44265
8151 4 44266
5463 5 44268
3304 5 44268
8377 3 44269
3787 2 44270
6661 1 44271
8252 5 44271
253 3 44272
3446 3 44272
573 4 44274
337 2 44274
7630 1 44275
5322 2 44275
2602 2 44276
7829 3 44277
135 2 44277
5365 4 44279
3089 3 44279
8308 4 44280
1935 1 44280
3602 5 44281
6337 5 44282
1064 4 44283
5365 1 44283
8525 3 44284
4837 5 44285
7274 3 44287
6837 2 44289
1747 2 44289
213 2 44290
5572 4 44291
1197 2 44291
5407 3 44292
8739 5 44293
5070 1 44293
5687 5 44294
6160 5 44295
5694 5 44295
6526 1 44296
6462 2 44297
7073 5 44298
5209 1 44299
4217 3 44299
8363 3 44300
3660 5 44301
6534 1 44301
6448 2 44302
1773 3 44302
9889 4 44305
918 1 44305
7990 5 44308
446 3 44309
5704 3 44310
949 4 44310
7672 3 44311
3950 4 44314
64 1 44314
1874 3 44315
808 1 44315
1719 5 44316
6591 1 44318
7402 2 44318
4025 1 44319
1696 2 44321
5905 3 44322
5358 2 44323
6063 1 44324
5591 1 44324
3391 3 44328
1623 3 44329
8447 5 44330
2752 4 44330
9788 1 44331
9826 1 44331
4887 4 44332
8684 1 44334
3544 2 44335
543 1 44337
8716 1 44337
9584 2 44338
8796 5 44338
4706 5 44339
6371 5 44341
4157 5 44342
1389 1 44344
3660 4 44344
1520 1 44345
432 4 44348
447 5 44348
3795 5 44349
7106 3 44351
4393 1 44353
6065 2 44353
5963 2 44354
3784 3 44354
8474 4 44355
4064 5 44355
450 2 44357
180 2 44357
9633 5 44358
4795 2 44362
8807 3 44364
9009 2 44365
6654 5 44365
2652 1 44368
9536 5 44369
2883 4 44370
5207 3 44373
5097 4 44373
4279 1 44375
1830 5 44376
6928 4 44376
6579 1 44377
5816 5 44378
2154 1 44379
4666 5 44379
4545 3 44380
1819 1 44382
689 1 44382
3149 3 44383
9822 1 44386
5748 2 44386
8559 1 44387
7522 1 44387
5941 5 44389
3455 3 44389
7719 5 44392
7809 5 44393
9792 5 44396
2777 1 44397
4656 2 44399
2964 2 44399
7657 4 44403
4878 3 44403
8333 5 44405
6958 1 44405
1793 1 44406
2578 4 44406
1766 4 44407
7654 5 44407
6983 5 44408
4363 1 44408
9368 3 44413
826 1 44414
1614 4 44415
8265 1 44417
627 5 44418
2101 2 44419
6310 2 44419
2908 4 44420
4843 4 44421
7467 4 44424
8314 1 44426
9087 1 44426
8075 2 44428
5438 2 44429
7010 5 44430
4914 5 44431
4456 5 44432
932 3 44433
7126 4 44433
8712 1 44434
5480 5 44435
8671 3 44435
8073 5 44436
8967 5 44436
6190 4 44437
7669 5 44437
1377 1 44438
9974 5 44438
408 4 44440
8347 1 44443
6897 3 44443
1231 2 44444
1757 1 44444
9525 4 44446
527 4 44446
6965 4 44450
931 1 44451
5938 5 44453
3211 2 44453
3356 5 44454
9507 4 44454
9642 5 44456
6184 3 44456
9824 3 44457
916 4 44457
9372 4 44458
9652 4 44458
5943 3 44462
5081 3 44463
9991 1 44464
9901 3 44464
5867 3 44466
7323 4 44468
3729 2 44468
485 2 44470
1110 1 44471
8369 5 44471
152 5 44473
2317 5 44475
5781 5 44475
6851 4 44476
5336 5 44477
4184 2 44477
3165 3 44478
7596 1 44478
4727 4 44481
760 2 44481
7531 3 44482
8935 5 44482
3850 1 44483
3943 4 44483
2525 2 44484
5300 2 44484
2776 4 44486
6067 3 44487
7519 5 44487
755 1 44488
9949 4 44492
4226 2 44492
927 3 44496
3568 5 44496
8448 1 44498
4825 4 44498
9195 4 44501
1129 4 44501
646 1 44503
5896 4 44504
7286 3 44504
4136 4 44505
9701 1 44505
4056 2 44506
8037 5 44506
1640 5 44507
3012 3 44507
8338 4 44515
6301 3 44515
1797 1 44519
2965 2 44519
4884 1 44521
3846 3 44521
7107 3 44522
4931 3 44523
4007 5 44524
9039 1 44524
1077 5 44525
4855 3 44525
2393 1 44526
8192 2 44527
5173 1 44528
5832 3 44528
192 4 44529
4147 1 44529
7894 1 44531
3249 2 44531
302 4 44532
8638 1 44533
6141 3 44534
3896 3 44535
9311 1 44539
2593 3 44541
3087 3 44546
9551 2 44547
6863 2 44547
4740 2 44550
5567 3 44550
2177 3 44552
3886 1 44552
4386 5 44553
4404 1 44554
9009 1 44555
8498 2 44557
3409 4 44557
7631 1 44558
4256 1 44562
1890 4 44562
1165 5 44563
4115 3 44563
9771 4 44567
5606 3 44567
2530 2 44568
2293 4 44568
8035 4 44569
9122 1 44570
7637 2 44570
3943 1 44572
4349 2 44574
3148 1 44579
4165 5 44579
2378 3 44580
144 5 44580
4165 3 44581
8109 1 44581
2301 4 44582
1718 5 44582
4865 5 44583
8144 5 44585
818 4 44585
8715 2 44586
4172 4 44586
2462 1 44587
4229 5 44587
8463 4 44589
5095 1 44589
515 1 44590
6015 4 44591
6336 2 44591
8488 1 44592
8680 3 44592
8985 3 44593
5520 5 44593
1312 5 44594
6895 1 44595
3056 5 44597
7011 3 44597
5148 3 44600
6226 4 44600
7934 2 44602
9916 3 44603
7227 2 44603
655 1 44604
3342 2 44605
2545 5 44607
1033 2 44607
4607 2 44611
2022 1 44611
3539 5 44613
7557 3 44615
8492 2 44615
1764 1 44616
6795 1 44618
7247 3 44618
6516 2 44619
3150 2 44619
7414 2 44622
7207 1 44624
7766 5 44625
7077 1 44625
7151 3 44627
7434 5 44627
6503 3 44628
4784 1 44629
7747 5 44631
918 2 44633
6817 3 44633
8932 1 44635
9442 5 44637
3381 1 44637
7728 1 44638
1343 4 44639
7278 4 44640
178 1 44640
8209 4 44642
1174 2 44643
7560 1 44644
2154 2 44647
9383 1 44648
4501 4 44650
3892 2 44651
9387 4 44652
3030 2 44653
1488 4 44653
4302 2 44654
8987 1 44655
4043 5 44655
4416 4 44656
5455 2 44656
2283 2 44657
4250 4 44657
6139 2 44658
5222 4 44658
5906 5 44659
3450 1 44660
8212 4 44661
297 4 44661
4607 4 44662
7689 5 44662
9145 4 44663
4618 4 44663
305 4 44664
505 2 44665
8741 4 44666
7814 1 44667
4233 1 44667
1527 2 44668
5837 3 44668
6494 3 44670
4371 1 44674
934 1 44674
2452 2 44675
4897 4 44677
9721 4 44679
3147 5 44680
3597 5 44681
7971 4 44681
9599 3 44682
8214 1 44683
5614 2 44684
6365 3 44686
9012 1 44687
411 4 44687
9225 1 44688
871 3 44688
4012 4 44690
2894 4 44690
4961 5 44692
8859 5 44693
7761 3 44693
3717 2 44694
951 1 44694
8785 5 44695
2758 3 44695
349 2 44696
6887 3 44696
5884 1 44698
139 5 44698
9165 3 44699
183 3 44700
61 3 44701
170 5 44701
3413 4 44702
5736 5 44703
217 4 44703
2214 2 44704
5521 4 44706
7134 3 44708
226 4 44712
5866 2 44718
8466 2 44720
581 1 44721
1277 4 44723
5363 5 44723
5 2 44724
2352 5 44725
2269 3 44725
1791 2 44726
9363 5 44730
3537 3 44732
5629 2 44733
5600 5 44733
7159 5 44734
7432 3 44735
449 3 44735
6309 2 44736
427 4 44737
555 3 44737
7645 4 44741
7209 2 44743
2371 4 44746
2143 5 44746
9244 2 44747
9192 5 44747
5995 5 44749
5130 5 44749
7141 2 44750
4093 2 44750
9548 5 44751
7746 2 44752
4325 1 44754
7473 2 44755
5684 5 44755
2552 3 44756
4399 1 44756
5487 5 44757
1937 5 44758
4571 4 44758
2304 5 44760
9911 5 44760
274 1 44761
5217 1 44761
3699 4 44762
3239 4 44763
8112 2 44763
8488 5 44765
8284 1 44767
5663 3 44767
9982 4 44768
4021 2 44769
8091 2 44769
5598 1 44770
855 5 44770
1537 2 44771
7423 5 44771
6363 1 44772
5387 4 44773
8807 5 44773
9333 5 44774
4275 1 44776
6343 5 44776
8279 3 44777
3662 3 44778
1747 3 44779
739 5 44783
7300 5 44785
5502 3 44786
9160 5 44786
9520 3 44787
7439 4 44787
9435 2 44789
6424 3 44789
9654 4 44790
9323 5 44790
6480 5 44791
4070 1 44791
8152 4 44794
1923 3 44795
3497 4 44795
9941 5 44797
3762 5 44797
5733 3 44798
9623 3 44800
2523 5 44802
4638 1 44802
6675 4 44804
5413 4 44805
2231 4 44806
3970 1 44807
9132 1 44808
2932 2 44808
50 3 44809
8219 1 44809
2156 2 44810
9722 2 44812
9686 2 44815
1627 3 44815
9064 3 44816
9242 2 44816
29 4 44817
945 4 44819
5107 5 44821
7020 1 44824
9728 3 44824
2822 4 44826
7105 3 44827
2839 4 44828
1351 2 44828
4842 3 44829
4769 2 44829
5008 5 44830
2391 5 44830
9454 3 44831
1883 1 44834
7099 2 44834
122 5 44836
2154 1 44837
4563 3 44838
4412 2 44839
2612 1 44839
3781 2 44840
7089 1 44841
9511 3 44841
5962 4 44842
1037 2 44844
6808 2 44844
2694 2 44846
5363 1 44846
4974 2 44847
9296 2 44847
9535 4 44848
4189 2 44851
634 5 44854
3811 3 44854
9967 3 44855
1248 5 44855
1218 1 44857
5900 4 44858
6207 3 44858
171 5 44859
3893 5 44859
8259 1 44860
781 5 44862
7920 4 44863
1776 3 44864
2476 1 44864
3589 4 44865
3545 5 44868
1901 4 44870
1977 4 44873
2908 5 44876
963 3 44877
6099 2 44877
3928 1 44878
7118 1 44878
8876 2 44879
9078 3 44879
837 3 44880
7866 2 44880
9052 5 44881
2040 1 44883
9092 2 44884
4223 3 44884
2436 5 44886
3375 3 44888
6915 3 44888
8449 5 44889
9714 5 44892
2583 4 44892
1365 4 44893
6873 2 44893
8439 5 44894
6648 5 44895
3934 1 44895
4335 1 44897
7949 2 44897
9179 3 44898
2578 2 44898
1562 2 44900
9370 2 44900
4151 3 44901
876 4 44902
6803 5 44902
7741 3 44903
2160 4 44904
1193 4 44906
603 5 44907
3511 4 44907
2387 1 44909
4554 5 44910
3348 2 44910
1802 2 44911
7643 4 44913
995 2 44915
3978 4 44915
157 5 44916
2736 2 44916
9210 5 44919
4035 3 44920
5255 5 44920
3337 1 44921
7165 5 44922
6922 3 44922
842 1 44923
7981 4 44924
9316 3 44924
8607 1 44926
2120 2 44927
951 3 44927
4729 3 44928
8050 1 44928
7583 1 44930
2046 3 44931
3945 2 44931
5832 1 44932
4233 2 44932
6043 1 44933
9773 2 44934
8270 4 44936
9646 4 44937
5997 4 44937
3790 1 44939
2337 2 44939
1988 1 44941
5881 1 44942
6709 2 44943
1150 2 44943
4136 2 44944
9357 1 44944
7540 3 44947
9158 1 44947
8061 4 44949
7219 4 44949
3387 4 44950
5428 4 44951
7183 2 44952
7132 3 44952
4121 2 44954
6818 1 44955
4085 5 44957
72 4 44958
1484 1 44958
7042 4 44959
5021 5 44959
1383 4 44961
596 4 44961
2937 5 44963
3911 2 44963
5174 4 44964
5341 1 44965
4879 4 44966
3641 1 44967
1489 3 44967
4566 5 44968
8152 4 44968
2882 4 44969
6985 1 44970
8706 5 44972
4943 5 44972
2421 4 44973
9854 3 44975
7251 4 44975
700 3 44977
4885 4 44977
4232 5 44978
5363 4 44978
5404 3 44980
6552 3 44980
9367 2 44982
5533 4 44983
1709 2 44984
269 4 44984
2374 1 44987
26 5 44987
6433 2 44990
3360 5 44992
2495 4 44992
8286 5 44996
9763 1 44997
6822 4 44998
8855 2 44999
277 5 44999
4345 4 45000
5435 2 45000
4219 3 45002
1230 1 45002
7707 5 45004
6302 5 45005
628 5 45006
5649 3 45008
8216 4 45008
7862 3 45010
2190 5 45011
2248 4 45011
3063 2 45012
9323 1 45013
9383 3 45014
25 5 45014
3717 3 45017
3889 3 45017
9880 1 45019
4557 2 45020
8022 2 45020
3459 1 45022
7320 3 45024
2147 4 45025
9387 5 45025
267 1 45026
1754 2 45027
4183 5 45028
4205 5 45028
1358 2 45029
2685 3 45030
9996 4 45031
2282 2 45032
9146 5 45033
8906 4 45033
8150 4 45034
1775 4 45034
8995 4 45036
6538 1 45038
3706 2 45038
9016 1 45039
362 3 45039
6961 2 45040
1343 3 45040
7713 2 45041
7056 4 45042
8471 3 45042
4039 3 45043
5132 3 45043
8198 2 45044
4302 1 45048
6579 2 45048
1760 1 45049
2413 1 45050
9103 1 45051
377 4 45051
1828 2 45052
3709 3 45055
8650 2 45056
9388 1 45057
7732 5 45057
4047 2 45059
651 2 45062
7275 5 45064
7441 1 45064
6405 1 45065
6690 3 45066
8169 2 45066
9366 1 45067
305 5 45067
3467 5 45068
4368 4 45068
8296 2 45069
8328 1 45071
2060 1 45073
5967 2 45074
7895 3 45074
261 2 45077
3378 2 45078
5837 3 45078
1790 5 45079
8994 2 45080
7934 4 45080
6393 5 45081
9103 1 45081
992 2 45083
5753 4 45083
2070 3 45084
912 4 45086
2886 3 45086
7734 5 45087
8757 5 45088
9693 3 45088
1201 3 45091
6390 4 45091
1209 2 45092
8556 2 45098
8043 5 45103
549 2 45103
2195 1 45105
8197 4 45105
3713 4 45106
9623 4 45106
8118 5 45107
3536 5 45107
3116 3 45108
5110 4 45108
7679 5 45110
1608 5 45111
1744 1 45111
6441 2 45113
4683 3 45114
4563 4 45114
1540 1 45116
5799 2 45116
9921 5 45118
8477 3 45118
8357 3 45119
61 2 45119
6832 1 45121
6397 5 45121
342 3 45123
3281 4 45125
7823 5 45126
4138 4 45127
6984 2 45128
1400 3 45128
4358 5 45129
6566 4 45131
8575 2 45133
8756 1 45133
4715 3 45134
5313 4 45134
3250 3 45137
7219 4 45138
864 4 45139
4294 5 45140
1714 5 45142
1464 5 45143
4140 4 45146
1857 4 45148
4488 4 45148
2188 2 45149
8701 3 45150
8266 1 45150
6951 3 45152
965 4 45152
6876 2 45153
5498 4 45153
2694 1 45154
6757 4 45155
1733 3 45155
6896 2 45156
41 1 45156
6364 5 45157
1969 4 45158
9636 2 45159
7673 1 45159
3065 5 45160
5123 1 45160
4730 2 45161
2181 3 45161
5021 5 45163
5792 1 45165
6179 2 45172
5069 2 45172
3880 1 45173
3976 5 45173
8879 4 45174
2009 2 45175
6953 5 45175
3658 4 45177
6650 2 45177
8221 5 45179
2132 2 45179
1800 3 45184
1055 1 45187
75 5 45188
8780 4 45189
2624 1 45190
3452 2 45191
2240 5 45192
3356 4 45192
2427 4 45193
5027 4 45195
4612 1 45195
8070 5 45198
1005 2 45198
257 4 45199
821 1 45199
4464 5 45201
5123 3 45205
777 2 45206
4629 2 45207
8156 5 45208
412 4 45208
4903 3 45210
5652 4 45211
9136 3 45211
4848 4 45212
290 3 45212
8420 2 45214
8808 3 45215
2839 3 45218
7499 4 45218
5420 4 45219
2754 3 45221
2697 5 45221
4808 5 45225
1849 3 45226
7954 3 45227
358 5 45227
4716 4 45229
8775 5 45231
1819 2 45234
3658 3 45234
5776 1 45236
3272 5 45236
1663 1 45237
3778 3 45238
49 4 45238
2475 1 45239
8854 3 45239
9318 5 45240
6855 3 45244
5557 2 45245
8358 5 45247
2993 4 45248
9999 5 45249
8641 3 45249
6524 1 45250
822 5 45251
3655 4 45251
5501 1 45252
691 4 45253
2555 3 45255
7904 1 45256
2665 1 45258
6224 3 45261
5824 5 45262
3047 5 45262
4700 2 45263
1948 5 45264
8750 3 45265
5531 4 45265
3073 2 45267
1405 1 45268
6688 1 45269
2850 2 45271
5941 2 45273
4225 4 45273
5046 2 45275
6682 5 45275
5791 2 45276
725 5 45277
5319 4 45277
662 1 45280
8303 5 45280
2203 2 45281
7883 2 45281
9741 3 45282
6828 5 45283
6963 4 45283
5539 4 45284
228 5 45285
2549 3 45285
1230 3 45286
8064 5 45286
4280 1 45287
9280 3 45288
5098 5 45289
9435 3 45291
7075 3 45292
6384 1 45292
5161 3 45294
5467 4 45294
8279 3 45296
4032 1 45297
3205 5 45297
7298 4 45298
4044 5 45298
335 1 45299
4555 1 45301
4404 4 45302
2598 4 45304
4424 2 45304
2498 3 45306
8163 2 45307
595 1 45308
999 2 45308
5785 5 45309
8054 1 45310
5311 5 45310
7360 5 45312
4103 2 45312
5818 2 45313
705 1 45313
1888 4 45314
3175 5 45314
1297 2 45315
9888 4 45316
3063 5 45317
5960 4 45318
4612 1 45319
5172 2 45321
7402 3 45323
4396 2 45323
1663 3 45324
5516 3 45324
974 5 45325
7629 5 45325
9702 2 45326
8157 1 45327
9475 4 45327
7188 2 45328
9904 2 45329
9715 2 45334
8109 1 45334
8955 2 45335
6425 5 45336
2510 4 45336
1211 5 45337
9923 3 45341
6471 3 45341
9241 5 45342
1450 5 45342
3856 2 45343
3194 4 45343
7288 2 45344
949 5 45345
6145 2 45345
383 4 45347
6503 5 45347
6237 5 45350
7162 5 45354
4775 3 45354
1582 2 45355
5230 2 45355
146 5 45356
7432 1 45357
3493 2 45360
524 4 45361
4456 1 45362
6920 4 45362
711 5 45363
4023 5 45364
8151 2 45368
1241 2 45368
6389 2 45371
5103 5 45372
4811 3 45373
800 2 45373
4709 4 45375
5278 2 45378
4159 2 45380
1353 3 45382
9759 1 45383
5159 2 45383
3117 5 45386
5903 2 45387
1406 2 45388
9307 1 45389
4083 4 45391
4139 4 45393
754 1 45394
1053 2 45394
8931 5 45395
9802 4 45395
6083 4 45397
7671 2 45397
8944 5 45399
6205 5 45401
487 5 45403
4007 3 45403
5456 1 45405
8909 1 45405
4638 1 45406
5591 4 45410
5388 4 45410
3769 1 45411
8209 5 45412
8455 4 45412
9642 5 45413
6522 2 45414
6699 5 45415
2842 2 45415
6713 5 45416
708 2 45417
2532 2 45418
5575 4 45422
5736 3 45425
4723 3 45426
475 3 45426
2570 5 45427
6033 1 45427
2527 5 45429
6080 3 45430
807 5 45430
8439 5 45431
6336 2 45431
5049 5 45432
9571 2 45433
5813 3 45433
3326 4 45435
9065 3 45436
6825 1 45436
8739 1 45437
9029 4 45437
9894 4 45439
9960 4 45439
5093 4 45440
6398 1 45440
8167 5 45441
3477 4 45441
4821 4 45442
2667 2 45442
3448 5 45443
8745 1 45444
8997 4 45445
1317 2 45446
6289 2 45447
930 2 45448
2281 5 45450
7021 4 45451
5977 1 45451
8520 1 45452
6886 5 45454
6701 2 45456
6929 1 45456
4425 3 45457
9223 3 45457
4520 5 45458
5998 2 45458
3677 5 45459
4987 1 45459
8646 3 45462
3444 5 45463
283 5 45464
2689 2 45465
2674 2 45466
2282 4 45466
6653 4 45468
1931 3 45469
3063 5 45469
1824 5 45470
8085 3 45472
9227 2 45473
4643 1 45473
4640 2 45475
8646 2 45476
7812 1 45476
1903 1 45477
6310 1 45478
1898 5 45478
5326 1 45479
7154 4 45479
8375 2 45481
9032 2 45483
82 3 45486
6049 1 45487
4109 2 45487
6664 4 45489
3099 2 45489
6506 2 45490
7488 3 45490
9033 1 45491
1642 5 45491
1856 4 45492
2715 3 45493
7647 1 45493
9512 2 45495
1505 1 45496
2610 5 45496
8901 5 45497
7097 5 45497
4673 3 45499
2034 2 45499
8209 1 45500
43 4 45501
8852 3 45504
2132 2 45504
6714 5 45506
4324 5 45506
256 4 45508
9287 5 45510
8499 1 45510
6799 2 45511
4298 1 45513
593 4 45514
1331 4 45515
8040 1 45516
1932 2 45516
3277 3 45517
4550 1 45518
52 4 45518
8262 2 45519
1682 3 45519
3946 1 45520
1110 3 45520
6391 3 45521
4816 3 45522
3524 3 45522
9192 3 45523
9894 3 45523
4807 4 45524
6508 3 45524
1149 1 45527
8396 4 45528
1777 2 45528
1637 1 45529
4316 4 45529
9828 1 45531
4739 3 45532
7252 1 45532
8314 4 45533
3329 2 45535
4182 3 45536
8714 4 45536
4048 5 45539
841 4 45539
2261 1 45540
3176 1 45540
1915 4 45541
9895 2 45541
3751 4 45547
8264 1 45547
3667 2 45549
202 4 45549
7064 2 45550
8263 5 45551
2340 3 45555
2071 1 45555
9439 5 45556
6368 4 45557
4218 5 45558
1057 3 45558
2281 5 45560
2383 2 45560
9237 4 45561
915 2 45562
1530 1 45563
7796 4 45564
522 2 45565
1424 2 45565
6370 3 45566
2453 3 45566
2990 2 45567
141 2 45567
5895 1 45568
2382 5 45568
7521 2 45570
6209 5 45570
9998 3 45571
1333 4 45571
1495 3 45572
9636 3 45572
7540 2 45573
7916 1 45574
154 2 45574
9469 3 45575
661 5 45577
9231 1 45577
6647 3 45579
1574 5 45581
2046 5 45581
4698 2 45583
366 1 45583
8045 2 45585
2051 3 45586
2659 2 45586
2113 4 45587
901 1 45587
6174 4 45588
4784 5 45588
3783 5 45589
8412 3 45589
2773 2 45590
3037 1 45590
4266 2 45592
1063 2 45594
4752 5 45595
875 3 45595
7127 3 45599
4931 4 45599
6745 1 45603
6973 2 45603
6757 3 45607
5792 4 45607
5439 1 45608
9185 2 45609
7600 5 45610
2453 2 45610
806 5 45612
5730 5 45612
9639 3 45613
260 2 45616
5465 4 45618
9996 1 45618
9297 3 45619
8100 4 45619
2456 2 45621
7528 4 45621
4658 4 45622
1327 1 45622
3292 1 45624
6008 4 45625
3273 3 45626
758 5 45627
2537 3 45627
8774 1 45628
6224 3 45628
4065 1 45629
4259 3 45629
9834 4 45631
7525 1 45631
605 5 45633
1125 1 45633
8525 2 45636
6827 1 45637
7265 3 45637
1109 1 45638
3036 5 45638
4373 2 45640
3922 3 45640
7680 1 45642
8375 2 45642
4244 5 45643
3346 1 45644
4060 5 45644
1385 2 45646
3781 3 45647
8066 2 45647
8704 5 45648
3039 2 45649
5643 3 45649
1631 4 45650
5010 2 45650
5547 2 45651
7555 2 45651
9971 1 45652
4808 2 45654
4277 5 45655
8220 3 45655
6552 3 45656
4139 4 45657
8907 2 45657
1830 3 45659
9000 1 45660
8284 1 45660
1015 2 45661
4736 5 45661
9700 3 45662
3452 3 45662
1009 2 45663
2963 4 45666
9200 5 45667
1424 1 45667
1513 4 45668
4641 1 45670
3647 3 45670
8512 2 45671
8812 5 45671
3878 1 45672
3368 2 45673
8651 1 45675
8521 1 45675
3245 4 45677
5655 3 45677
5618 3 45678
5972 5 45678
5949 3 45679
4992 5 45679
9418 5 45680
8633 2 45680
6007 4 45681
7514 1 45682
4108 2 45682
2508 1 45683
2202 5 45684
1551 5 45686
7675 5 45687
8542 5 45688
4726 2 45689
7103 5 45691
1783 5 45695
8790 5 45695
4740 3 45696
2112 3 45696
3756 3 45697
5058 5 45697
6871 1 45699
7769 3 45699
1387 5 45700
3479 4 45702
3231 1 45702
9556 1 45704
8606 4 45704
4230 5 45705
5741 3 45707
1942 2 45707
7180 5 45708
929 4 45708
1720 5 45709
1598 1 45712
2916 3 45713
3688 1 45714
8096 2 45714
3369 3 45715
8764 4 45716
705 2 45716
4977 5 45718
6836 5 45718
8201 2 45720
8628 1 45720
7186 2 45722
6431 1 45722
7431 2 45724
9542 5 45725
8576 4 45726
5889 4 45727
9059 1 45728
7077 5 45728
2654 5 45729
9280 1 45734
253 2 45735
9179 4 45737
2794 1 45737
4403 4 45739
2058 4 45739
5471 5 45741
3064 5 45742
2859 2 45742
7554 3 45743
406 4 45743
4748 3 45745
1880 4 45746
8972 1 45746
1761 4 45747
2809 1 45748
1781 3 45748
559 2 45750
3247 2 45750
8346 3 45751
696 1 45751
9653 4 45752
3622 1 45753
6418 5 45753
6089 3 45755
1209 2 45756
2556 5 45757
1738 3 45757
7816 4 45759
6136 1 45759
9282 5 45760
3399 5 45760
6152 3 45761
9628 1 45761
6949 2 45762
4226 4 45764
6082 1 45764
8979 3 45765
8527 1 45765
9115 4 45766
6122 2 45766
8438 2 45768
6367 4 45768
6576 1 45769
1262 1 45771
5336 1 45773
5488 3 45773
8753 2 45775
3754 3 45776
9062 5 45776
2089 2 45777
7242 1 45777
634 2 45778
9147 5 45778
5324 3 45779
8107 3 45779
1484 5 45780
6174 5 45780
7645 4 45782
4610 5 45783
7947 1 45783
5166 2 45784
3282 1 45786
9910 4 45787
5521 5 45788
4303 5 45788
7259 3 45789
5521 5 45789
4560 3 45790
2189 2 45790
1048 3 45791
1546 3 45793
308 5 45793
9932 5 45794
1105 4 45795
433 3 45796
6241 4 45796
838 2 45799
4359 3 45799
2003 3 45800
406 5 45801
4430 2 45801
769 1 45802
1959 2 45803
3118 1 45803
3867 4 45804
8775 1 45805
1252 2 45806
9200 5 45807
6646 1 45807
9505 4 45811
2772 1 45811
5725 3 45814
6022 5 45815
5063 1 45815
8776 5 45816
9839 5 45816
9953 3 45817
2462 1 45818
5363 5 45819
9708 2 45821
1481 3 45821
3561 4 45822
1978 5 45822
6008 1 45823
671 2 45823
6399 3 45824
8031 2 45825
7056 3 45826
7948 5 45826
1582 3 45828
6635 3 45828
5897 3 45829
7148 4 45830
6263 2 45830
7426 4 45833
813 2 45833
7579 3 45835
3892 1 45836
1358 4 45836
7435 2 45837
7377 2 45838
1223 1 45838
1023 3 45839
3822 3 45839
6429 5 45840
4727 5 45841
6038 3 45841
2596 5 45844
1085 5 45845
3696 3 45845
5850 1 45846
4199 3 45846
9868 2 45847
9286 3 45847
676 4 45849
7077 4 45850
2132 5 45850
6577 5 45851
3831 2 45851
1246 2 45853
2212 1 45853
3485 5 45854
4201 1 45854
6316 3 45856
6443 1 45856
3543 5 45857
3083 2 45857
6658 2 45859
704 3 45861
2473 5 45862
7372 3 45863
767 4 45863
6390 4 45865
8755 2 45867
3364 5 45867
8495 1 45869
9301 1 45871
7445 5 45872
7641 1 45873
2721 3 45873
10 3 45874
6960 5 45874
7444 1 45875
635 4 45878
4700 1 45878
5242 4 45880
3603 1 45880
8524 1 45881
725 1 45885
5915 4 45885
4868 4 45886
2928 3 45887
7796 4 45887
6199 5 45889
9786 5 45890
7886 4 45890
5923 3 45892
9268 5 45894
1617 4 45895
6706 1 45895
62 5 45896
7685 3 45896
2488 5 45898
8283 4 45899
5017 1 45900
4953 3 45901
7297 2 45901
1574 2 45903
553 2 45904
4672 1 45905
6848 2 45906
6760 3 45908
186 1 45910
576 2 45910
5242 2 45913
883 2 45913
7110 1 45914
4189 4 45914
8655 1 45915
8012 1 45915
4088 1 45916
3738 2 45917
8852 1 45918
4853 4 45920
4527 4 45920
6592 1 45922
8224 2 45922
4793 5 45924
9165 3 45924
5249 2 45925
3970 5 45925
8533 2 45927
1208 1 45928
2013 1 45931
9604 5 45933
8635 1 45934
829 1 45934
6715 1 45935
1882 5 45935
6456 3 45936
4708 3 45937
1938 2 45938
722 3 45938
7598 1 45939
9075 5 45939
9099 3 45940
6812 2 45940
7819 3 45941
4653 3 45941
576 5 45943
2600 4 45943
427 2 45944
9205 5 45944
4366 2 45946
9393 1 45946
9954 4 45948
5656 5 45948
7447 3 45950
3177 4 45952
2736 1 45952
5287 3 45953
4561 1 45954
7032 3 45956
7604 2 45958
958 2 45961
1312 1 45961
4788 3 45963
8335 1 45965
4964 5 45967
1593 1 45970
4775 3 45970
756 4 45971
7571 1 45971
5943 5 45972
2215 3 45972
2533 3 45973
2641 2 45976
4875 4 45976
8747 4 45978
8308 1 45979
2803 2 45979
2156 4 45981
4472 5 45982
9213 5 45982
2493 2 45984
6767 4 45987
1099 5 45989
7634 3 45991
5037 2 45991
2456 1 45993
2274 5 45993
772 1 45994
888 2 45995
7532 5 45998
7296 3 45999
2607 1 46001
5123 5 46001
1007 4 46003
5406 5 46006
9497 4 46007
5484 2 46008
4820 3 46013
1396 2 46015
8440 5 46015
2081 2 46017
2184 2 46017
4845 2 46020
3186 2 46024
3281 4 46030
2963 3 46030
5818 1 46032
4645 3 46032
9267 5 46033
1515 3 46034
1849 4 46034
5618 1 46036
4600 3 46037
699 5 46040
6851 2 46041
3257 1 46041
4254 2 46042
5857 1 46042
8418 1 46043
7417 3 46044
1780 1 46044
2954 4 46045
1421 2 46046
1176 1 46049
1252 3 46050
3324 4 46052
5285 1 46054
8801 4 46054
1034 3 46057
2275 3 46058
2736 2 46060
6027 5 46060
6217 2 46061
4524 1 46061
5340 1 46062
7333 1 46063
2579 2 46064
797 5 46064
5846 3 46068
9731 1 46070
5277 4 46072
7967 3 46072
5733 2 46074
6260 1 46074
4536 1 46075
2902 4 46076
7299 3 46078
7672 3 46079
4684 4 46079
1602 3 46080
3173 5 46080
8739 2 46081
5681 2 46081
1119 3 46083
665 1 46083
4019 2 46084
2332 1 46084
3207 3 46087
4956 3 46087
214 2 46088
52 5 46088
4772 5 46089
3163 4 46090
9775 1 46091
7825 1 46091
6502 1 46093
8945 4 46093
3794 5 46095
3768 5 46096
8824 4 46097
4358 5 46098
6470 3 46101
8185 1 46101
135 3 46104
9424 2 46109
6103 4 46109
1554 5 46110
62 1 46111
9149 3 46111
1951 3 46112
8522 1 46112
3241 4 46113
319 2 46115
4032 1 46115
126 3 46116
5482 2 46118
3302 4 46118
6705 2 46119
3039 2 46119
9270 2 46120
1916 1 46120
1246 4 46121
7275 5 46121
7673 4 46122
6774 3 46124
7514 5 46124
5329 2 46125
3311 2 46126
6550 1 46130
8122 5 46130
6629 4 46131
321 2 46131
5754 4 46132
7928 1 46134
622 4 46135
1005 5 46135
2546 4 46136
7441 2 46136
535 2 46137
7586 5 46137
6229 2 46138
360 4 46138
1077 3 46139
4759 4 46139
5368 3 46142
1036 1 46143
8159 3 46143
9010 5 46146
7147 2 46146
4197 1 46148
3741 5 46148
8299 4 46149
7063 3 46149
6067 4 46150
6699 5 46151
6314 3 46152
6444 2 46153
5315 3 46153
2431 1 46156
1016 2 46158
8955 5 46161
3329 2 46163
5636 5 46163
7019 1 46164
9681 4 46165
7035 1 46166
9418 2 46171
1783 1 46172
2285 1 46172
3182 4 46173
4309 2 46174
697 2 46174
920 2 46175
5837 2 46176
2351 1 46178
4877 1 46179
7832 5 46179
4201 4 46181
5065 3 46181
3591 2 46183
5746 3 46183
8417 2 46184
9866 2 46185
3758 5 46186
8383 2 46186
5048 5 46187
8533 1 46187
9233 3 46189
719 2 46190
1730 3 46190
1222 3 46191
7192 1 46192
3827 4 46195
8680 5 46196
1553 1 46199
5234 5 46199
2950 5 46200
41 5 46201
5326 4 46201
5046 2 46203
6218 3 46203
4071 2 46206
9868 2 46209
5019 1 46209
7616 1 46211
6410 2 46214
6262 2 46217
9299 4 46218
7668 2 46218
8360 3 46219
9578 5 46219
75 5 46220
9591 3 46222
9625 5 46222
4257 1 46223
5479 2 46223
7799 5 46226
956 5 46226
1045 1 46228
1141 1 46230
8567 5 46231
672 1 46231
8948 4 46232
4223 5 46234
8793 5 46235
1177 4 46235
9209 5 46236
1724 5 46237
4281 4 46238
1560 2 46238
8903 4 46239
6419 5 46239
5768 4 46240
120 1 46240
8479 2 46242
1248 2 46242
5768 3 46246
2219 4 46247
45 5 46247
3425 5 46248
2520 5 46250
3569 1 46251
8625 2 46251
28 5 46252
4379 3 46254
6731 3 46256
3678 1 46256
7626 3 46257
3164 5 46258
5462 5 46259
4197 1 46259
1806 3 46260
2623 4 46260
6559 2 46261
1610 5 46264
9981 5 46264
851 2 46265
8642 4 46266
7400 1 46266
9692 2 46267
3978 3 46267
4065 4 46268
7413 5 46268
9738 3 46270
2400 3 46270
1932 2 46271
7584 1 46272
7282 5 46272
2644 1 46273
8599 5 46278
3814 3 46279
4158 4 46280
889 3 46280
6630 1 46281
1466 5 46281
6284 3 46283
7127 1 46284
3606 2 46284
1438 4 46285
5438 1 46285
3904 3 46287
2908 5 46289
3125 1 46289
894 2 46293
1489 3 46293
8275 4 46294
8346 2 46295
3397 3 46295
5462 2 46296
6385 2 46296
6863 4 46297
9567 4 46297
1702 2 46303
8903 1 46303
1297 4 46304
1354 5 46305
980 3 46305
2919 4 46306
7971 1 46307
138 4 46307
2060 5 46308
2962 4 46309
5315 1 46312
3108 5 46312
39 4 46313
3893 5 46313
4808 3 46314
2725 1 46314
9234 2 46315
7616 2 46315
5984 4 46316
5872 4 46317
3165 1 46318
5794 1 46318
5753 1 46319
3408 5 46319
9799 5 46323
9726 1 46323
9529 1 46324
8461 3 46324
4355 4 46326
1985 5 46327
743 4 46328
8415 2 46328
3672 1 46329
8554 1 46329
662 4 46330
7982 3 46330
8544 2 46333
611 3 46333
667 5 46334
254 2 46334
3903 5 46338
5663 1 46338
4622 4 46339
3262 5 46341
2978 1 46342
9321 2 46344
1443 4 46345
4361 5 46346
4334 1 46346
9482 4 46347
5264 3 46347
9164 2 46348
9898 3 46348
1563 4 46349
6981 5 46350
6444 3 46350
1754 3 46351
5069 5 46351
7680 1 46352
7640 3 46354
3128 5 46358
9006 2 46358
4468 2 46359
8172 3 46361
3250 1 46362
1814 3 46363
6367 3 46364
3547 5 46365
6769 5 46369
6235 4 46370
997 2 46371
8580 4 46373
5252 2 46374
845 5 46374
200 2 46375
1305 5 46376
896 2 46377
6701 5 46377
9744 4 46381
2296 1 46383
8080 4 46384
8315 1 46385
5928 3 46385
846 2 46386
7183 3 46387
8818 3 46387
6615 2 46389
6369 3 46389
1734 5 46393
9702 3 46394
1394 3 46395
2155 2 46396
7432 1 46397
9296 1 46397
3601 1 46402
7012 3 46402
6223 2 46407
1178 2 46408
4987 2 46409
2658 4 46409
3611 3 46410
3092 3 46411
3290 2 46411
9554 4 46412
1033 4 46413
189 3 46413
1551 4 46415
6533 1 46416
7451 3 46416
8520 5 46417
6691 4 46421
4560 2 46421
5208 3 46422
1764 3 46422
9540 4 46424
8844 1 46425
3754 4 46426
5695 2 46426
2510 5 46429
1150 5 46429
2517 5 46430
6355 2 46431
9889 4 46433
5846 5 46435
3943 1 46435
7521 1 46436
8510 3 46437
603 3 46439
975 5 46440
3578 5 46440
1353 1 46441
9982 4 46441
9743 1 46442
5881 5 46443
1736 2 46444
4524 3 46444
2218 2 46447
6864 4 46448
7014 1 46449
1681 2 46449
2015 4 46450
4004 2 46450
6377 3 46452
6999 1 46453
527 2 46453
1276 3 46454
9158 3 46454
7448 4 46455
1067 3 46455
1137 4 46458
5429 1 46458
1888 1 46460
8493 3 46460
4154 2 46463
4552 3 46463
9834 4 46464
8868 4 46464
7573 2 46465
9928 4 46465
4542 4 46466
4600 1 46467
3748 5 46468
1161 1 46469
3877 5 46470
8485 5 46470
2234 1 46471
4506 3 46472
6531 5 46472
1525 3 46473
6980 5 46474
3570 3 46474
6153 4 46475
2371 2 46475
5384 4 46476
1933 5 46477
9737 4 46477
4911 4 46478
2629 2 46478
7016 5 46479
6233 5 46480
6407 5 46480
2072 5 46481
2974 5 46481
2884 2 46482
1365 2 46482
3227 3 46484
1133 2 46485
7200 4 46485
748 3 46487
186 1 46487
6450 5 46488
3954 4 46488
7190 2 46489
5840 2 46489
9527 2 46493
3841 3 46494
8574 4 46496
2995 4 46496
5819 5 46497
2872 4 46498
8132 1 46498
8658 5 46499
4205 3 46500
6255 4 46500
2944 4 46505
956 1 46505
9330 2 46506
8124 5 46506
6779 2 46507
3061 1 46507
5906 2 46508
8535 4 46508
967 4 46509
4747 4 46509
5662 1 46510
9488 1 46510
292 2 46511
9616 1 46511
3191 2 46512
7440 4 46512
8376 4 46514
651 4 46514
7887 1 46515
1558 3 46516
8028 4 46517
3760 4 46517
571 1 46519
8665 2 46519
1451 1 46520
2068 5 46521
8389 5 46521
3057 2 46522
2938 2 46523
1183 4 46523
2832 1 46524
1225 4 46525
3206 3 46525
138 1 46526
1994 3 46529
3616 1 46529
7403 2 46531
5327 5 46533
6041 1 46534
1362 3 46534
2534 2 46536
8807 3 46536
1185 3 46537
3993 2 46537
6600 1 46538
1396 5 46538
8067 2 46540
1995 1 46540
5658 1 46544
2058 5 46544
1045 2 46545
6689 4 46546
2256 5 46547
6137 2 46547
4085 5 46549
4470 5 46549
4908 3 46550
7942 3 46551
8192 4 46556
7887 4 46556
6315 2 46557
2351 5 46557
6577 1 46558
4328 4 46558
7266 2 46561
8551 5 46561
322 1 46562
7245 1 46562
1121 3 46563
7240 3 46564
972 1 46564
5486 4 46565
5359 2 46565
9772 3 46566
7491 1 46566
4117 4 46567
8076 4 46567
5912 2 46569
5783 2 46570
8741 4 46573
492 4 46573
4979 4 46574
955 2 46575
5135 1 46575
4401 3 46576
6058 4 46577
3304 5 46578
913 4 46578
1847 1 46581
5453 4 46581
386 5 46582
4079 2 46582
5701 5 46585
1301 2 46585
8644 2 46588
3008 3 46589
9083 5 46590
2139 4 46590
8954 1 46593
1880 1 46593
1982 3 46594
1261 2 46594
1363 1 46595
7995 4 46595
8152 4 46596
7135 2 46596
7411 1 46598
3797 4 46601
7092 4 46602
8657 1 46604
671 2 46606
6892 1 46608
4249 5 46610
1132 3 46612
6937 5 46612
6258 5 46613
4611 5 46616
3194 1 46616
2789 5 46619
9994 5 46619
8834 2 46620
9428 2 46621
2166 5 46621
1782 3 46623
7838 5 46623
1034 2 46624
5497 1 46624
7108 2 46625
7612 3 46626
6878 3 46626
3018 5 46627
7839 5 46629
2423 1 46630
5701 3 46630
9272 4 46632
8807 5 46632
5402 2 46634
8988 3 46636
7725 1 46636
868 1 46637
7763 2 46637
1258 1 46638
2497 2 46638
7998 4 46641
9416 4 46641
9594 5 46642
5066 3 46643
3008 5 46643
8459 1 46644
192 2 46646
9061 2 46646
3794 1 46650
2045 1 46650
4149 5 46651
6063 4 46651
1694 1 46652
6274 1 46654
4328 1 46654
6726 5 46655
6230 4 46656
6461 1 46656
4400 4 46658
3481 5 46658
2855 2 46659
8989 3 46661
3506 1 46661
8442 4 46662
7070 1 46663
4627 5 46663
2460 1 46664
6962 3 46664
1207 2 46667
8020 4 46669
5834 3 46670
3241 5 46670
8460 1 46671
7968 4 46671
7027 5 46672
4319 3 46672
3081 2 46674
6057 4 46674
3335 1 46675
6196 1 46675
7223 2 46676
5463 1 46677
9021 5 46677
6103 2 46678
4796 4 46679
3012 5 46679
5932 1 46680
1779 5 46681
2594 2 46681
6953 2 46682
2570 2 46685
566 5 46685
4028 5 46687
7959 2 46687
5418 3 46688
3352 2 46693
1058 4 46693
5853 2 46694
7670 2 46694
4756 4 46695
2138 5 46697
3012 3 46698
9616 1 46699
8994 5 46699
2067 2 46701
3015 1 46701
5503 2 46702
3632 2 46703
8223 3 46703
8092 1 46704
5224 2 46704
4007 5 46707
8864 1 46707
5493 4 46709
326 5 46710
6183 3 46710
9924 1 46712
3143 3 46713
8592 3 46713
1602 3 46714
4429 1 46714
5594 5 46715
647 5 46716
8625 3 46716
3193 5 46717
5209 5 46717
619 5 46718
2632 1 46718
2838 5 46720
4637 2 46720
2267 2 46722
7829 1 46722
8847 1 46723
2513 3 46725
4362 2 46725
1705 1 46726
3370 2 46727
1660 4 46728
5800 2 46729
8509 2 46729
8971 4 46732
5888 1 46732
5248 5 46736
8733 4 46736
5689 3 46737
9801 3 46737
8166 4 46738
5768 3 46739
1358 2 46740
8206 1 46740
7250 2 46741
849 4 46742
4705 5 46744
1083 2 46744
7825 4 46746
9947 5 46746
5120 5 46747
2252 3 46752
6844 3 46753
581 5 46754
6828 4 46756
2389 4 46756
2415 3 46757
145 3 46758
2631 5 46758
1591 1 46759
9694 4 46760
8593 3 46762
1259 5 46762
1132 1 46763
4000 2 46763
1110 3 46764
5578 4 46764
2980 3 46765
2148 5 46765
8794 3 46767
6655 5 46767
8846 4 46770
4530 1 46771
1547 1 46771
9727 2 46773
5641 1 46774
9020 1 46777
4812 2 46777
7636 1 46779
7222 4 46779
3188 3 46783
607 4 46784
7632 3 46786
8348 5 46787
5103 2 46788
7812 2 46789
8167 1 46790
6804 3 46790
2192 1 46791
3345 3 46791
4101 3 46792
5907 4 46792
3403 4 46798
6105 1 46802
5174 4 46803
4942 3 46803
9516 5 46804
3600 5 46804
9924 5 46805
7174 4 46805
18 1 46809
4922 5 46811
2441 5 46811
6041 1 46813
7627 1 46813
4425 4 46816
3979 1 46817
2357 1 46819
6180 4 46819
6662 2 46822
9741 5 46823
6690 4 46824
5112 2 46825
1164 5 46825
2790 5 46826
127 5 46826
1164 3 46827
8131 2 46828
908 1 46828
9521 5 46830
4521 5 46830
6018 1 46831
1348 4 46831
7289 4 46833
847 1 46833
1369 2 46834
3170 4 46834
3553 4 46836
1411 5 46838
4476 4 46839
4625 2 46839
4674 4 46840
8631 4 46840
705 3 46842
7637 5 46844
3836 3 46845
5515 1 46846
2112 1 46847
6973 2 46847
6255 3 46853
2927 4 46853
6940 5 46854
9124 2 46854
8440 2 46855
8780 2 46856
4421 5 46857
315 3 46857
4496 2 46860
7894 1 46860
2170 4 46861
601 4 46862
9029 3 46863
4188 4 46863
9164 2 46864
8082 3 46865
3172 3 46867
1196 4 46867
3453 5 46868
3043 5 46869
7388 1 46869
3409 1 46871
5490 5 46872
2297 2 46873
3942 5 46874
1182 1 46875
2404 1 46875
8949 5 46876
1904 3 46878
3449 4 46879
5989 4 46881
9898 4 46882
8787 5 46882
1548 5 46883
4585 1 46883
9894 3 46884
5934 1 46885
9285 5 46886
4947 4 46886
9171 3 46887
5471 5 46887
8131 2 46888
7531 1 46888
3576 1 46890
86 1 46890
8484 5 46893
5433 3 46893
1312 5 46894
6438 4 46894
1086 2 46895
552 4 46895
9508 3 46896
9304 5 46896
316 1 46897
6007 4 46897
9852 5 46898
1334 1 46899
5658 4 46899
8414 5 46900
6574 1 46900
6896 2 46901
911 4 46902
9346 5 46902
4204 5 46904
9967 2 46904
5586 2 46905
4583 3 46905
9231 1 46907
3360 1 46907
3945 3 46908
2256 3 46908
348 3 46909
3662 3 46909
8698 1 46910
3643 1 46912
3945 5 46914
4898 2 46915
2392 2 46919
8606 1 46920
8964 1 46921
606 5 46922
6990 1 46923
147 2 46924
1811 2 46925
8667 3 46925
731 4 46926
7811 5 46927
9198 2 46928
6933 1 46930
8088 5 46931
9274 3 46932
6674 4 46933
1175 4 46933
4886 2 46934
7749 5 46934
9494 3 46936
3000 5 46938
5902 2 46940
7801 5 46940
7812 1 46943
1533 3 46944
8372 1 46945
8827 3 46945
6039 4 46946
9870 5 46946
8904 1 46947
2203 2 46947
9969 2 46948
315 5 46949
3016 1 46949
9901 1 46952
731 1 46953
4564 1 46955
1668 3 46955
5345 3 46956
5995 1 46957
2842 5 46957
303 3 46959
9314 3 46960
8221 1 46961
368 3 46963
286 4 46965
7213 2 46965
4077 5 46967
8313 2 46968
5235 5 46973
7901 5 46974
6138 3 46975
5161 4 46976
669 5 46976
569 2 46979
5726 1 46980
6452 1 46981
9633 3 46982
1759 4 46982
571 3 46985
9895 4 46987
3911 5 46987
7209 1 46988
776 4 46988
9612 1 46989
6622 5 46992
1539 5 46992
5858 2 46994
6750 2 46994
1146 2 46995
6914 1 46995
5184 2 46997
7910 5 46997
6496 1 46998
2385 3 46998
3512 4 46999
7179 3 46999
6307 4 47000
8428 4 47000
8441 1 47001
4206 3 47002
9255 3 47002
924 1 47003
2950 4 47003
2195 1 47005
8693 5 47005
4592 2 47006
25 4 47006
9216 2 47008
9883 4 47009
2173 5 47010
9592 2 47010
1303 4 47011
3479 5 47011
7879 2 47012
9148 1 47014
5489 1 47015
990 4 47016
3832 1 47018
4062 5 47018
8364 2 47020
632 3 47021
5414 3 47022
3789 2 47022
9331 5 47023
301 3 47023
9933 3 47024
7778 2 47024
673 2 47025
3399 2 47026
1418 3 47026
9633 5 47027
7404 3 47027
1208 3 47028
5745 4 47029
2507 3 47030
3588 1 47030
1018 1 47032
9605 2 47034
5515 3 47034
8577 5 47037
5159 5 47038
4751 2 47038
2072 4 47041
2014 4 47041
5508 1 47043
6537 3 47043
3697 2 47044
1247 5 47044
5999 2 47046
6331 3 47047
6214 2 47048
7869 2 47049
1095 3 47050
6264 1 47053
889 2 47054
9809 1 47054
1908 2 47059
9371 3 47059
337 2 47062
6663 2 47062
6786 3 47063
3971 1 47064
3472 1 47064
22 5 47065
5395 5 47066
4460 2 47068
7906 2 47068
2796 3 47070
9273 2 47072
6035 4 47073
2715 2 47075
2852 2 47079
5741 3 47080
3662 5 47081
3828 5 47081
6144 2 47083
8416 2 47083
9035 3 47084
359 3 47084
5596 4 47085
8889 3 47085
287 2 47086
994 2 47086
601 4 47087
6857 1 47090
8092 5 47090
191 2 47091
9007 1 47093
5 4 47094
1369 3 47094
112 5 47097
4361 4 47098
8971 3 47099
9528 1 47101
3779 3 47101
320 3 47102
5571 1 47103
4169 3 47104
5950 4 47104
8450 4 47105
206 3 47107
5101 2 47108
7435 5 47109
5063 5 47110
7012 4 47110
3913 1 47113
9095 3 47114
6607 5 47115
8246 3 47115
7993 4 47116
2471 4 47120
9352 3 47121
7599 1 47122
75 4 47124
2326 2 47125
3489 1 47125
3879 1 47128
7328 3 47128
2701 1 47129
388 4 47129
8357 3 47130
125 4 47130
1264 4 47132
3835 1 47132
5249 3 47133
1240 4 47135
3536 3 47136
3556 1 47137
6564 1 47139
4898 2 47144
8523 2 47144
5967 5 47146
1023 5 47148
9242 4 47150
6769 3 47150
6132 2 47151
7269 4 47151
5147 3 47152
8829 4 47152
6722 2 47153
7247 2 47155
7590 1 47156
8341 3 47157
2300 2 47157
9672 3 47160
365 5 47161
2651 3 47161
6599 2 47163
8427 2 47163
8824 2 47166
6862 3 47166
6783 1 47167
4558 4 47168
832 5 47169
2647 5 47172
9246 5 47173
2651 5 47175
3446 2 47176
220 4 47177
8911 1 47179
2631 3 47181
3975 4 47181
3247 2 47182
2826 5 47182
512 5 47184
8683 1 47184
7150 3 47187
850 1 47188
1809 1 47188
1224 5 47190
5043 2 47192
3847 3 47194
7689 1 47194
6902 4 47196
2034 3 47198
5090 3 47199
7903 4 47199
735 5 47200
5949 3 47200
7599 1 47202
5777 5 47203
4373 3 47204
1832 3 47204
3158 4 47205
8329 2 47206
9513 2 47206
3224 3 47207
283 1 47209
5490 4 47209
6370 5 47210
5077 1 47210
5139 2 47211
5469 5 47212
8776 1 47215
1290 5 47215
8093 1 47216
3287 1 47217
825 3 47217
8264 5 47222
8168 5 47222
8000 2 47225
1975 5 47227
5352 1 47228
1426 2 47229
9277 4 47230
6952 4 47232
5090 1 47232
8353 2 47234
8883 5 47235
6953 2 47237
4453 5 47237
9091 5 47238
9894 1 47241
8356 2 47241
5238 2 47242
9253 1 47243
7344 1 47244
7290 3 47244
9854 2 47245
7623 4 47245
2085 4 47246
4204 1 47246
2558 3 47248
1380 4 47249
7900 4 47250
8721 4 47250
5985 5 47251
1727 2 47251
7389 2 47252
3481 1 47252
6571 4 47253
8027 4 47254
2043 1 47254
5239 3 47255
3396 5 47256
2997 3 47256
2379 1 47257
9568 3 47257
8636 4 47258
9614 3 47258
7338 4 47259
4646 1 47259
9881 4 47260
4006 1 47265
6137 2 47265
9842 1 47266
4901 5 47267
1098 5 47267
2245 3 47268
5351 3 47269
3607 3 47271
8910 4 47272
9668 2 47273
3712 5 47273
788 4 47274
2672 3 47274
9713 5 47275
4556 5 47275
7603 2 47277
1360 2 47277
6307 3 47278
8601 2 47279
3495 2 47280
6017 4 47280
4124 5 47282
1431 3 47282
7124 3 47283
1736 5 47283
5594 5 47284
5687 3 47285
4663 3 47286
4758 1 47286
81 4 47290
7630 1 47290
4363 1 47291
7752 3 47291
5522 2 47292
8221 4 47295
4390 2 47296
2824 1 47296
404 3 47297
4047 1 47297
3191 1 47298
8392 1 47298
7425 1 47300
9145 2 47300
9036 1 47301
9256 4 47302
5990 5 47303
7659 2 47303
4553 4 47306
7549 1 47306
1920 5 47307
1719 4 47307
8591 1 47310
1927 5 47311
8423 5 47312
9096 4 47313
8028 3 47317
614 3 47317
8643 4 47320
6864 5 47320
8663 2 47321
5387 5 47322
8489 3 47325
7830 5 47326
4519 5 47328
7758 1 47329
4429 1 47330
3537 4 47330
2038 3 47331
9603 5 47331
9362 2 47332
6138 1 47336
1072 5 47337
8028 1 47339
154 5 47339
8249 4 47342
907 1 47342
2669 2 47343
3574 2 47345
4601 4 47345
8388 2 47346
7361 2 47347
4781 2 47347
2588 4 47350
3593 5 47350
4471 5 47351
7821 4 47351
970 1 47352
4213 1 47353
7922 1 47353
3421 4 47354
7045 4 47355
9253 1 47357
8699 5 47359
5091 3 47359
7984 5 47360
8221 2 47361
1009 1 47361
2379 1 47363
6040 3 47366
2609 4 47366
5603 5 47369
6228 5 47369
9517 4 47370
832 2 47372
6789 5 47372
7819 3 47373
7881 5 47374
3293 5 47375
198 4 47376
9513 5 47379
1734 5 47385
5563 4 47385
2033 5 47386
7332 1 47387
6687 1 47387
6260 1 47389
7373 3 47390
5787 2 47391
9781 4 47391
7652 1 47392
1505 3 47394
3214 2 47394
2075 3 47397
274 4 47397
1843 1 47399
2529 2 47401
4357 4 47401
9798 2 47402
2384 4 47403
4447 2 47403
8778 2 47404
5566 3 47405
7626 4 47405
9213 3 47406
3316 4 47406
9781 3 47407
9212 4 47407
474 2 47409
1498 1 47409
7099 4 47410
1314 4 47411
8292 1 47411
7432 5 47413
144 5 47413
9346 5 47414
271 2 47414
4771 4 47415
7503 1 47416
7972 4 47416
1495 3 47417
3800 5 47417
1070 3 47420
8591 5 47420
9357 5 47421
5852 2 47423
2922 3 47423
7959 3 47424
1344 2 47424
3341 5 47425
8731 5 47426
3997 3 47432
1322 2 47432
4007 3 47433
4411 3 47434
3989 5 47434
525 2 47436
3573 5 47436
9471 5 47437
7921 1 47437
2632 1 47438
8810 4 47438
1451 4 47440
3451 1 47440
2191 5 47443
2392 5 47443
4498 4 47444
2392 4 47444
4982 1 47445
8356 1 47445
9640 2 47447
3009 4 47448
626 5 47450
2878 1 47451
7499 2 47452
6015 2 47454
2933 5 47458
6762 5 47458
3702 3 47459
5929 2 47459
2444 1 47460
2630 5 47460
7719 5 47461
3869 2 47462
5157 3 47463
9749 2 47464
5167 3 47464
8339 4 47465
8939 1 47465
2338 3 47466
879 1 47466
9088 2 47467
2949 5 47469
1546 1 47472
284 4 47472
8642 1 47474
5828 2 47478
8735 2 47478
943 1 47479
7694 3 47480
5976 2 47481
5792 2 47481
6626 2 47482
7238 2 47482
8485 2 47484
1683 4 47485
7956 2 47487
3292 2 47489
762 2 47490
9243 4 47493
1266 2 47494
457 1 47494
2646 5 47495
7416 3 47496
3776 1 47496
2040 1 47497
4130 2 47498
4589 4 47499
7934 2 47503
8586 5 47504
2698 3 47505
9354 2 47505
9602 3 47508
3565 5 47508
720 1 47509
3092 5 47510
2782 4 47510
407 5 47512
2556 5 47513
1647 2 47513
9228 5 47514
4322 4 47514
7014 5 47516
3827 1 47516
9083 2 47519
8916 1 47520
8017 2 47521
1089 1 47521
5562 1 47523
6726 5 47526
6426 5 47527
8546 4 47527
5256 5 47529
8991 5 47531
5268 5 47531
3017 4 47532
4619 4 47532
1984 3 47533
1036 3 47534
5901 5 47535
4521 3 47535
4380 5 47536
9775 5 47537
9509 1 47537
8552 2 47538
6380 4 47539
956 1 47539
5830 4 47540
7931 3 47540
5539 4 47543
8282 4 47543
2946 5 47544
9203 2 47549
3215 2 47551
2952 1 47553
781 1 47555
240 2 47556
6753 2 47556
6594 3 47559
7809 2 47559
2447 4 47560
7039 2 47561
5424 1 47562
6990 5 47563
8739 3 47564
150 2 47565
1926 4 47565
2134 4 47567
3147 4 47567
2905 1 47569
6035 1 47569
8709 1 47570
1205 4 47571
8545 4 47573
1193 1 47574
7011 4 47576
2941 5 47576
4074 4 47577
2885 5 47577
8076 3 47578
6981 2 47579
7791 1 47580
4932 3 47580
4702 1 47581
405 2 47584
6131 2 47585
6128 3 47585
3800 2 47586
4815 1 47590
2589 5 47591
9570 4 47591
2828 3 47593
1726 1 47593
942 3 47594
5103 3 47596
4621 3 47596
629 3 47597
1699 1 47598
5358 3 47599
4728 5 47599
4646 3 47601
2821 4 47601
4576 3 47603
2119 4 47603
2079 2 47604
4766 1 47605
5633 3 47606
9655 5 47608
253 4 47609
7705 3 47610
7103 1 47610
4497 2 47612
5920 1 47613
4587 3 47613
6987 5 47614
8022 1 47615
1939 4 47615
9707 2 47616
4676 4 47616
9432 4 47618
4213 3 47618
8554 2 47620
9872 1 47622
3924 1 47623
718 4 47624
7075 1 47625
8701 2 47626
1521 3 47627
2914 5 47627
6092 5 47629
3707 4 47629
9177 1 47630
1693 5 47631
1095 5 47632
7389 1 47632
906 5 47633
4222 5 47634
854 4 47634
3548 1 47638
2783 2 47642
4860 4 47642
7371 5 47643
9237 1 47644
2334 4 47645
5387 5 47645
3400 4 47646
7576 5 47647
5272 2 47647
6220 5 47650
5779 1 47650
4940 3 47651
8429 1 47651
110 3 47652
5484 2 47653
6574 3 47653
3449 5 47655
5254 5 47656
1950 3 47656
3905 4 47657
7068 3 47657
174 4 47658
5658 5 47659
895 5 47659
4976 2 47660
3800 4 47661
4262 5 47663
8706 2 47666
5170 5 47666
1514 2 47667
662 5 47667
2447 4 47668
6914 2 47669
6141 4 47670
6938 1 47672
9357 3 47674
1180 2 47675
9896 5 47675
4718 2 47676
6654 5 47676
4479 4 47677
1923 3 47677
3062 5 47679
9758 3 47680
7008 5 47680
4549 1 47681
1384 5 47681
2091 3 47684
5761 4 47686
5141 3 47686
4114 5 47687
867 3 47688
8319 4 47688
73 3 47689
4518 4 47690
3708 5 47691
5698 5 47691
1300 4 47692
4507 1 47693
5409 2 47693
6206 5 47694
3108 3 47695
7715 4 47696
671 4 47696
5607 5 47697
3596 3 47697
1 2 47699
2566 3 47699
7106 5 47701
3735 4 47701
7102 2 47702
7941 1 47702
1058 1 47703
8107 1 47704
9247 3 47704
1750 4 47707
6944 2 47707
9218 4 47710
4155 2 47710
4951 1 47712
6540 3 47715
3056 4 47715
1361 2 47716
2383 1 47718
2698 2 47719
5540 2 47719
7965 3 47720
9438 3 47720
2240 5 47721
7344 5 47721
218 1 47722
5354 1 47724
4531 3 47725
2843 4 47725
3825 4 47726
638 5 47727
7101 1 47727
969 1 47730
6921 5 47731
5337 1 47733
8740 2 47734
1725 4 47734
3186 1 47735
1691 4 47739
7717 3 47739
2165 5 47740
3551 3 47741
5757 2 47742
2702 5 47746
1730 4 47748
6486 5 47748
7732 1 47749
765 5 47750
3329 3 47756
9441 5 47756
6949 1 47760
4711 1 47760
8639 5 47761
9962 5 47761
1337 3 47764
3880 4 47764
4102 4 47765
5762 5 47766
5063 2 47766
9679 1 47767
6232 1 47769
9213 3 47769
7702 3 47770
1931 1 47770
4696 1 47771
2712 2 47771
3347 4 47772
8199 2 47772
8945 5 47773
2592 4 47774
497 2 47776
8047 1 47776
3369 4 47777
4231 4 47777
2662 2 47779
2158 5 47780
9447 1 47782
6571 2 47782
1918 5 47783
8449 4 47784
7999 2 47785
7169 1 47785
6866 3 47787
7784 2 47787
91 2 47789
756 2 47789
1682 4 47790
867 4 47791
7711 1 47791
6044 3 47792
1722 2 47792
545 2 47793
6246 2 47794
1714 3 47794
2059 5 47796
4283 4 47796
730 4 47801
252 5 47801
8517 5 47803
1161 5 47804
6072 5 47804
8033 4 47805
4662 4 47806
1737 5 47806
4902 1 47811
8154 4 47812
9215 2 47812
2318 3 47814
8733 5 47814
4721 3 47818
4260 1 47821
6902 3 47821
1894 5 47823
7141 2 47824
4360 1 47824
7677 1 47827
5029 1 47828
553 5 47831
5738 3 47834
1583 5 47835
6908 5 47836
1723 4 47836
5555 2 47837
2123 4 47839
1181 4 47842
4669 5 47842
8501 5 47843
7613 4 47843
3639 4 47845
7731 5 47845
2436 3 47846
7021 3 47846
7859 5 47849
2635 3 47852
5291 4 47853
4447 3 47854
7076 3 47854
3489 2 47856
1423 5 47856
3487 3 47859
9975 3 47862
7164 2 47863
7009 1 47863
3459 4 47864
4577 5 47864
2098 3 47867
395 2 47867
3014 4 47868
8962 1 47869
4869 1 47871
1654 5 47871
8849 2 47872
9302 1 47872
1892 1 47873
8886 4 47874
726 5 47875
5971 2 47876
2743 2 47877
3190 3 47879
3394 2 47879
8071 3 47881
4249 5 47883
8082 3 47883
5405 3 47884
8499 1 47884
2607 4 47887
4224 3 47889
6133 3 47889
4670 3 47891
7573 1 47891
867 5 47893
2190 4 47895
8606 3 47898
6660 3 47899
4676 5 47900
701 4 47901
8056 3 47903
1903 1 47903
1420 3 47906
5185 3 47906
3495 1 47907
7157 5 47907
1968 4 47910
8865 4 47911
583 5 47912
3089 1 47912
2303 3 47913
5170 1 47913
228 2 47915
1662 4 47916
2452 3 47917
9378 1 47918
5338 3 47918
8338 1 47919
1033 4 47920
7949 1 47920
5183 5 47922
8618 3 47922
7153 3 47923
208 5 47924
3559 2 47925
2106 4 47926
8566 3 47927
5607 3 47928
190 5 47928
1292 3 47929
1110 5 47929
8167 4 47930
1168 5 47930
385 1 47931
3468 5 47932
5895 2 47932
5565 1 47934
5213 2 47935
231 1 47936
8180 2 47936
2938 1 47937
1303 5 47937
3556 1 47941
7902 4 47941
7430 5 47942
3178 5 47942
9789 4 47943
8557 4 47943
2429 1 47944
5099 1 47944
7019 2 47947
9018 2 47948
7097 3 47949
7834 4 47949
5924 3 47950
4658 5 47951
3817 2 47952
927 5 47953
6966 5 47953
5351 1 47954
6806 5 47956
2054 3 47957
9193 3 47960
9576 4 47964
2300 3 47964
4373 3 47966
5944 4 47967
3534 4 47967
3832 1 47969
1381 4 47969
2328 1 47971
8540 4 47971
6347 3 47973
287 1 47973
3499 4 47976
9548 4 47977
4643 1 47978
9918 2 47978
1776 3 47980
1306 1 47981
2070 2 47981
5318 2 47982
9811 3 47982
4983 1 47983
7551 3 47983
4480 3 47985
406 5 47985
6830 1 47986
6415 2 47986
5495 2 47988
6744 5 47989
6929 3 47990
160 3 47994
4396 2 47994
8533 4 47997
9736 3 47998
5592 4 47998
2639 3 47999
3662 5 48000
9178 3 48000
9124 5 48002
1353 3 48002
3573 4 48003
2042 1 48004
3507 3 48005
6826 1 48007
9891 3 48007
1512 5 48010
6306 1 48011
40 1 48011
9489 3 48013
9589 3 48013
4294 5 48014
9737 4 48015
1647 4 48020
792 3 48021
1200 3 48021
2248 2 48022
3939 5 48022
1997 1 48023
9452 5 48023
7256 4 48024
5113 2 48027
3999 4 48028
910 5 48029
2222 3 48029
1116 1 48030
5882 5 48030
4085 3 48032
364 3 48032
2937 1 48033
1364 1 48033
2143 1 48034
4320 2 48036
4903 4 48037
5465 4 48037
1078 2 48038
168 3 48040
793 1 48041
4539 3 48042
8214 3 48042
754 5 48043
2720 1 48043
8419 1 48044
1825 4 48045
2864 3 48045
979 4 48046
8353 3 48046
5961 1 48047
8869 5 48050
3188 4 48050
66 3 48051
6557 1 48052
4812 3 48052
2660 2 48053
3051 1 48054
8513 2 48054
9492 3 48055
4560 4 48055
1178 2 48060
1003 1 48064
6553 5 48066
5601 2 48067
2237 5 48067
6945 4 48068
3896 3 48068
181 2 48070
2254 5 48070
2380 3 48075
3684 4 48076
7970 2 48076
9232 4 48077
4319 3 48077
1161 5 48078
7899 5 48078
9761 1 48080
2349 2 48080
9216 4 48081
9943 2 48081
828 2 48082
5206 5 48082
8448 5 48084
6878 1 48085
7737 1 48086
6643 1 48089
9444 3 48090
3935 5 48092
6867 1 48092
6175 4 48093
4049 3 48093
172 2 48095
4332 3 48095
1817 2 48100
6621 2 48100
6935 1 48104
192 3 48105
6027 2 48106
3222 3 48107
7528 3 48110
5684 4 48112
5913 1 48113
6973 3 48113
8864 3 48115
1879 1 48116
5250 1 48117
1473 1 48119
8566 4 48121
6555 5 48122
4230 2 48123
8932 2 48124
6587 1 48124
2096 3 48125
2161 5 48125
6814 1 48126
9758 1 48126
5776 4 48127
8987 4 48127
5276 2 48128
3068 4 48129
8529 3 48130
7047 1 48130
2657 3 48131
1888 1 48131
8745 1 48132
8109 2 48132
3417 4 48134
1441 4 48134
3558 1 48135
1762 2 48135
6819 2 48136
9537 5 48136
283 5 48138
4004 1 48138
7414 1 48139
9163 3 48140
5775 1 48141
5279 4 48146
9055 2 48146
6538 1 48147
4048 1 48147
367 3 48148
158 2 48148
6833 2 48149
4595 3 48149
4252 5 48151
3526 4 48152
5971 4 48153
6489 1 48154
8426 4 48155
688 5 48156
446 3 48156
449 5 48160
9199 2 48160
7837 3 48161
8906 5 48163
2382 5 48163
2298 4 48164
4027 2 48165
3539 5 48166
6933 1 48167
4829 4 48169
5698 2 48172
9094 1 48173
5330 2 48173
4311 4 48175
7483 3 48175
7885 1 48177
2628 1 48178
5167 5 48180
7423 1 48183
4908 5 48183
7765 3 48186
3186 5 48186
1729 3 48187
1817 1 48188
1605 3 48191
9722 1 48191
4016 3 48192
9138 5 48192
7303 1 48194
8715 3 48195
1681 3 48196
8511 1 48197
6545 1 48198
8621 2 48199
5690 4 48200
5459 2 48200
1469 2 48201
3863 1 48201
6971 1 48202
4651 2 48202
5836 3 48204
9853 5 48204
8588 4 48205
9565 3 48205
8779 2 48207
2234 2 48208
1786 4 48208
1098 4 48212
8684 3 48213
5470 3 48215
3295 3 48215
3693 2 48216
6745 4 48216
9058 1 48217
3433 1 48217
8476 4 48218
6205 3 48220
1463 2 48221
5551 3 48223
7228 4 48223
5704 3 48224
9160 5 48226
9267 3 48229
7580 1 48229
366 2 48230
9240 1 48231
2188 4 48235
8666 2 48235
5474 1 48236
9003 3 48236
1296 3 48237
2028 3 48237
3763 3 48238
7072 2 48240
3893 1 48240
3001 3 48242
1869 1 48243
3675 5 48245
5227 3 48246
1816 5 48246
1318 3 48247
1111 3 48247
4607 4 48250
9184 1 48253
3689 3 48253
3574 1 48254
1264 1 48256
4965 4 48256
9573 4 48258
8396 3 48259
7337 1 48261
3227 2 48262
2813 4 48263
7105 2 48263
1577 5 48264
1154 5 48264
8995 5 48265
5667 3 48265
8735 4 48267
6069 1 48268
5293 1 48269
8756 3 48270
5001 5 48272
2120 5 48273
543 5 48277
1347 2 48278
6542 1 48279
943 3 48279
2054 1 48282
758 5 48282
920 2 48283
618 4 48284
1196 5 48285
1524 4 48285
3361 3 48286
3208 2 48287
9837 4 48287
8127 5 48289
7675 2 48289
2518 4 48290
6584 1 48291
3838 4 48291
8229 2 48292
5146 5 48292
7168 2 48293
1375 4 48293
3065 3 48294
6744 4 48295
2302 5 48295
1115 1 48297
2825 2 48299
3836 4 48301
4311 5 48303
4784 5 48303
206 4 48304
4413 2 48304
8407 4 48307
9563 5 48308
3702 4 48308
182 2 48311
2614 5 48312
8989 5 48313
2479 1 48313
7360 5 48314
714 2 48315
4285 4 48315
82 1 48316
7549 3 48316
4889 5 48317
4136 3 48317
3667 5 48318
5088 2 48318
6641 1 48319
4879 3 48319
9713 4 48324
2764 2 48325
5863 5 48325
1455 1 48327
2116 1 48328
1820 3 48328
9618 4 48329
9855 3 48329
4634 1 48330
2230 3 48331
4379 2 48332
4060 1 48333
9195 1 48335
4124 1 48335
6779 2 48336
4762 2 48336
6121 3 48337
5856 4 48338
9792 4 48339
4948 3 48340
9094 4 48340
8689 1 48341
2610 3 48342
7819 5 48343
9156 4 48343
5824 4 48344
5994 1 48345
2422 4 48346
7925 3 48347
928 4 48347
946 1 48350
5952 3 48350
6175 1 48351
5348 4 48351
6592 5 48352
3213 4 48354
5546 4 48357
291 3 48357
5014 2 48358
7906 1 48361
750 4 48361
6304 2 48365
8940 1 48367
3942 3 48367
268 1 48368
7954 1 48368
2030 4 48369
8266 1 48371
4459 5 48374
2935 2 48374
4021 4 48375
9684 2 48377
1865 4 48379
3651 5 48379
6721 4 48381
9778 4 48382
1667 2 48384
7092 3 48385
2763 4 48385
2085 4 48386
7995 3 48387
3053 5 48387
3145 1 48389
6196 3 48389
1185 3 48391
9500 4 48393
3814 4 48393
8857 1 48396
4875 3 48397
827 4 48397
435 4 48399
4524 1 48399
3551 1 48400
3849 1 48400
8200 4 48401
8677 4 48401
6847 4 48402
7996 2 48404
9497 4 48404
132 4 48407
5981 3 48407
679 1 48408
9765 3 48409
8391 4 48410
1042 1 48410
8465 1 48411
3897 1 48411
241 2 48412
2889 1 48414
1231 1 48414
7858 5 48415
7351 2 48416
476 2 48416
703 5 48417
3254 2 48418
7373 4 48420
7302 4 48420
6422 1 48421
4190 5 48421
5401 4 48422
3270 5 48422
2567 5 48423
5855 5 48423
7140 4 48425
8505 4 48427
7967 3 48431
7550 3 48431
2029 4 48432
1031 4 48433
8310 5 48436
2311 2 48437
8310 5 48439
5116 4 48440
290 3 48446
3787 3 48446
6481 1 48447
7571 4 48447
7546 4 48448
2198 3 48449
7731 4 48449
8220 2 48450
9018 2 48452
5012 5 48455
5027 2 48456
6838 3 48456
7147 5 48457
1654 1 48458
8569 2 48458
8403 3 48460
4527 3 48460
7662 2 48461
5804 2 48462
5034 1 48464
7037 4 48464
7112 2 48465
9931 4 48467
7053 5 48467
8499 1 48468
5065 4 48473
8740 4 48474
126 2 48475
8694 5 48476
689 1 48476
2874 4 48478
5878 3 48478
1152 4 48479
8317 2 48479
5746 4 48481
604 5 48481
93 5 48482
9389 2 48482
5847 1 48483
9606 1 48486
5518 2 48487
3660 5 48488
3249 5 48488
1988 5 48489
9017 2 48489
1614 4 48490
9459 3 48490
1649 4 48491
9860 3 48491
6418 2 48492
2878 1 48493
5601 4 48494
8108 2 48495
7292 5 48495
5519 5 48496
5020 4 48496
1943 5 48503
6700 5 48503
8182 2 48504
8783 2 48505
690 5 48507
4381 3 48512
4512 5 48514
448 2 48514
9532 4 48515
9230 2 48515
775 1 48516
4836 1 48518
719 1 48518
826 1 48519
2603 3 48523
4944 5 48524
7915 1 48527
8158 2 48530
8541 4 48530
4553 5 48533
9593 3 48533
4740 4 48537
5760 1 48538
9122 1 48538
9169 4 48539
9682 2 48539
6025 1 48540
1619 3 48540
7139 3 48541
7494 5 48542
7825 2 48542
2433 2 48543
9835 4 48546
6048 1 48547
9225 2 48548
5745 5 48549
9308 1 48551
6776 4 48551
3393 5 48552
3501 5 48553
3373 4 48553
8584 3 48554
9182 4 48557
4034 1 48558
1891 3 48559
7092 3 48559
8000 3 48561
5046 4 48563
1537 4 48564
2770 4 48564
7265 4 48566
9766 2 48566
2810 3 48567
8106 3 48567
2072 1 48568
6654 1 48568
6398 3 48569
8126 3 48569
7448 1 48570
7651 3 48572
8828 1 48573
8058 5 48574
2392 5 48575
2074 3 48576
54 3 48576
3262 4 48577
4800 1 48577
6424 3 48578
8671 3 48580
2013 5 48580
2659 3 48582
7441 5 48585
8182 1 48586
6217 3 48586
1306 4 48587
2399 5 48588
4768 4 48589
3451 1 48591
5082 1 48591
3309 4 48592
7348 5 48592
3422 1 48593
1917 5 48593
3938 2 48595
1541 5 48596
4674 2 48596
4029 4 48599
4519 1 48601
4239 1 48602
6377 1 48602
1927 2 48603
8584 3 48603
6177 1 48604
4345 5 48604
3288 2 48605
5629 3 48605
822 4 48606
5338 2 48607
1294 5 48607
2132 2 48608
4189 3 48608
5499 2 48609
6271 3 48609
7895 1 48610
8141 3 48610
7290 1 48611
6060 4 48611
8582 5 48612
4624 3 48613
2669 3 48617
1929 2 48619
860 3 48619
1533 4 48622
7009 5 48623
1902 5 48624
2146 5 48624
7170 2 48625
720 2 48625
6361 1 48626
5886 3 48627
6482 3 48627
3554 1 48628
4283 3 48628
5731 2 48630
1205 4 48630
6550 1 48631
5622 4 48631
1479 4 48632
1924 5 48633
7421 4 48633
1038 2 48634
373 2 48636
3460 1 48637
580 2 48637
8011 5 48639
775 4 48640
754 5 48642
1932 3 48646
4713 5 48646
1487 3 48647
1752 4 48648
8285 5 48649
959 2 48649
5797 3 48652
6376 2 48654
5854 2 48654
6538 3 48658
3404 3 48658
4316 3 48660
9384 5 48661
3285 2 48661
1863 5 48662
8385 1 48662
9490 3 48663
2350 4 48663
7122 4 48664
1565 3 48664
4975 2 48665
5166 3 48665
8318 2 48667
5806 3 48668
7247 5 48668
2395 2 48671
9005 2 48672
3110 1 48672
8378 4 48674
6640 4 48674
4753 3 48677
9652 2 48678
7878 5 48680
4092 3 48680
4543 4 48681
9508 2 48681
3324 2 48682
6109 5 48682
8165 3 48683
2146 3 48683
5414 2 48684
201 2 48685
7360 2 48685
662 5 48687
9229 1 48687
4635 3 48688
9627 1 48689
8093 5 48691
5776 2 48691
2859 2 48692
5394 5 48692
8188 1 48693
5435 1 48693
3425 4 48694
2857 5 48694
1523 5 48695
9550 1 48695
192 1 48697
5052 2 48697
9965 1 48698
8423 5 48698
8990 4 48699
6055 3 48699
9774 2 48701
3836 5 48701
5376 5 48702
9340 3 48703
6579 4 48703
4144 4 48704
2233 3 48705
7702 1 48706
751 1 48707
7537 2 48708
3578 4 48708
4565 3 48709
559 5 48709
3027 5 48710
8947 5 48712
1792 5 48716
1398 4 48717
1428 2 48718
9903 5 48719
7285 5 48720
3067 4 48722
73 1 48723
5270 1 48723
3672 5 48724
4180 3 48724
4542 3 48725
624 3 48725
3593 4 48726
2507 2 48727
8487 2 48728
9307 5 48730
2062 3 48731
7906 1 48732
6159 5 48732
6958 3 48735
9211 5 48735
6141 4 48737
1777 2 48737
6770 4 48739
8355 5 48740
9547 2 48741
9797 4 48742
9490 4 48743
6182 3 48744
5060 5 48745
2824 3 48747
5231 2 48748
5380 5 48750
6381 3 48750
9513 4 48751
7766 3 48752
3433 4 48752
9910 4 48754
6168 4 48755
4840 1 48756
5069 3 48759
3768 5 48759
8432 1 48760
1403 1 48762
6067 3 48762
5794 3 48763
1281 5 48763
8162 4 48764
5360 1 48764
2846 3 48767
4321 1 48767
3697 5 48768
9088 1 48769
9036 4 48771
7356 2 48772
8586 5 48772
968 4 48773
1684 3 48774
6607 2 48775
6809 1 48775
5709 3 48777
2862 3 48778
4598 1 48778
2260 4 48779
666 5 48779
1985 5 48780
3895 1 48780
4486 2 48782
3006 4 48782
9982 4 48783
5300 3 48783
6338 1 48785
776 3 48786
7025 5 48787
6792 5 48787
8724 2 48788
174 5 48789
8556 5 48793
939 5 48793
8227 3 48794
6506 3 48794
3722 5 48795
4147 3 48795
4171 4 48796
8074 3 48796
9884 2 48797
1954 4 48797
1509 4 48798
181 2 48798
6 1 48800
9288 1 48802
9479 2 48802
6012 5 48803
2224 5 48803
3439 4 48804
9518 5 48804
2987 2 48806
4352 4 48807
1258 5 48807
4999 2 48808
1988 3 48808
9312 4 48811
4247 5 48812
3447 3 48812
9906 2 48813
4360 1 48814
5401 5 48814
2646 4 48815
677 1 48816
8011 3 48818
3382 1 48819
4376 3 48819
1540 5 48820
4095 2 48820
958 2 48822
1958 1 48822
8877 3 48823
8639 3 48823
4879 3 48824
2592 5 48824
8241 4 48825
4029 3 48825
7011 3 48828
4567 3 48828
1898 1 48829
1742 3 48830
1964 1 48831
4666 2 48831
964 4 48834
7755 4 48835
8045 5 48836
9563 1 48836
2507 4 48840
3694 4 48842
3730 3 48843
6989 2 48843
8743 4 48846
8780 5 48846
5666 1 48847
4330 3 48849
2734 5 48849
4096 2 48850
1427 5 48851
8582 4 48851
7691 5 48852
8170 4 48853
6195 4 48853
3565 1 48854
4049 2 48854
2827 1 48856
2494 2 48857
2062 2 48858
7383 3 48859
1858 4 48860
2614 1 48860
8667 5 48862
3422 1 48863
9553 2 48863
5327 1 48864
260 1 48865
6897 1 48865
2159 4 48866
7988 3 48869
8717 4 48871
3374 3 48873
1516 5 48874
1281 5 48874
9256 4 48875
5755 1 48875
3215 3 48876
5304 3 48876
5701 5 48877
695 5 48878
9032 3 48878
2937 2 48879
3268 4 48879
1132 4 48880
5774 3 48883
8425 3 48883
9575 2 48885
3257 5 48885
4953 4 48886
1543 3 48886
4274 5 48889
2849 5 48890
9249 2 48891
4841 5 48891
5312 4 48892
2045 4 48892
3854 4 48896
9336 1 48899
7919 2 48899
5415 4 48900
8677 5 48900
561 5 48905
7996 4 48909
3760 3 48910
9394 3 48910
5510 4 48911
4652 4 48911
4319 5 48915
5151 3 48915
2083 3 48922
8696 5 48924
1689 1 48924
6925 3 48925
579 1 48925
2768 2 48926
9750 5 48926
5575 5 48927
1331 4 48927
7696 2 48928
1249 2 48928
1207 4 48929
2171 1 48931
7507 1 48931
5097 4 48932
7037 4 48934
93 2 48935
6598 2 48937
8380 3 48938
1400 2 48938
6796 2 48940
9251 5 48942
9506 3 48942
7425 1 48943
6671 5 48943
6775 5 48944
8861 4 48945
876 5 48945
3185 2 48947
2019 5 48949
3380 5 48950
6606 4 48953
4398 3 48953
1882 3 48955
7411 3 48956
6433 4 48958
1321 3 48958
9501 1 48959
9367 5 48959
4896 5 48962
5848 3 48962
3016 2 48963
1981 3 48963
8118 2 48966
5396 4 48966
9448 5 48967
850 5 48972
328 2 48972
9110 5 48974
1484 2 48974
21 1 48978
8319 1 48979
9665 1 48981
1332 4 48983
1301 3 48983
4571 3 48987
1294 2 48987
2376 4 48988
6691 5 48989
6900 1 48989
4964 2 48990
3541 3 48991
4790 2 48992
79 5 48993
2006 5 48995
756 4 48995
5547 3 48996
1622 4 48997
9101 3 48998
8077 2 48999
9824 2 48999
3482 1 49002
678 2 49004
1650 5 49004
9147 1 49005
8058 1 49006
1021 4 49008
7273 1 49011
3188 4 49012
4164 1 49012
4931 1 49013
1533 1 49015
6656 1 49019
9065 3 49020
4055 1 49020
3562 3 49021
6950 3 49022
4381 5 49022
7520 4 49023
4698 3 49023
4720 5 49024
4413 1 49024
8589 2 49025
1905 3 49025
7960 1 49026
8492 3 49026
4753 1 49027
8942 2 49027
9799 1 49028
1191 4 49029
469 1 49029
4059 4 49031
9054 5 49031
3858 2 49032
3854 4 49033
1749 4 49033
7948 3 49035
8031 4 49037
4426 3 49037
9898 3 49038
5799 4 49039
201 4 49040
238 2 49040
4673 3 49041
6940 5 49041
6697 1 49042
9950 5 49044
5443 3 49044
7097 3 49045
1946 3 49045
4394 4 49046
1732 5 49047
3896 4 49047
8846 1 49049
3560 4 49049
2241 5 49050
216 3 49052
4137 5 49052
6441 2 49054
4961 1 49054
1758 2 49055
8902 2 49055
1921 4 49056
4054 1 49057
1851 3 49058
1016 2 49058
8345 3 49059
2872 3 49059
5987 2 49060
9264 3 49060
895 1 49061
3740 4 49061
7375 4 49062
6680 4 49063
9537 3 49063
9398 4 49064
6669 3 49064
1659 2 49066
6414 1 49066
9137 1 49067
8919 4 49067
6999 5 49068
8941 1 49069
4112 4 49069
7773 5 49070
7611 5 49070
3590 4 49073
6728 5 49075
417 1 49075
5696 3 49077
6948 2 49078
8226 4 49079
15 1 49080
3896 3 49080
8880 3 49081
1005 5 49081
5858 3 49082
3636 5 49082
1785 1 49083
1441 2 49083
6486 1 49084
7057 5 49085
865 2 49086
6543 1 49088
3728 3 49090
7581 1 49093
4825 1 49095
5062 2 49095
9035 5 49096
7832 3 49097
9612 3 49098
1480 5 49098
5222 2 49099
8821 1 49100
8469 4 49100
3277 5 49103
922 3 49103
9349 4 49104
6511 5 49104
4100 1 49107
4800 5 49107
1170 3 49108
2074 4 49109
4407 2 49109
866 1 49110
2122 3 49110
9362 4 49111
1073 2 49112
5918 2 49113
5475 5 49114
978 2 49114
7281 3 49119
6313 5 49119
3399 3 49122
4552 1 49122
8140 1 49124
6870 3 49125
3834 4 49125
416 5 49127
5481 4 49127
5389 4 49128
7228 3 49128
7952 3 49130
6396 3 49130
7662 4 49132
6148 1 49132
357 1 49134
6578 4 49134
9749 2 49135
809 5 49135
5694 1 49136
8650 2 49137
3984 2 49137
7615 5 49138
4105 4 49138
8448 4 49140
724 3 49140
5447 5 49141
5885 1 49142
6129 4 49144
7339 2 49144
4384 5 49145
505 1 49145
9901 2 49150
2499 4 49150
5151 4 49152
2927 1 49152
9358 1 49155
2661 2 49155
6112 4 49156
6092 4 49156
8734 3 49159
6926 5 49159
263 5 49160
4336 2 49160
7572 5 49161
7589 5 49161
8715 2 49162
9508 2 49162
6847 1 49163
163 3 49164
4924 2 49166
6924 1 49166
2618 1 49167
3096 3 49168
4276 4 49168
4657 5 49169
7880 1 49171
164 3 49171
1563 2 49172
1235 3 49172
4978 1 49174
9884 4 49174
9981 1 49177
7539 2 49178
7900 2 49178
9375 4 49179
1086 3 49182
1789 2 49185
9244 4 49185
2131 5 49186
5725 4 49186
840 3 49187
229 2 49187
3312 1 49188
1400 3 49189
1915 1 49189
962 5 49191
2663 3 49194
6504 5 49196
2891 2 49198
553 5 49200
2288 3 49200
46 4 49203
5593 4 49205
8983 1 49207
5608 5 49209
823 2 49210
4736 5 49210
1301 1 49211
9115 1 49213
5987 3 49213
9311 3 49214
3498 1 49215
193 1 49215
2633 4 49216
642 4 49216
4800 3 49217
1639 4 49217
2593 2 49220
5847 5 49220
1858 3 49221
9463 2 49223
7852 3 49223
6208 4 49224
6136 3 49224
6423 3 49225
5071 1 49225
2109 4 49226
6325 2 49227
4445 4 49227
1622 3 49229
2983 1 49230
6545 4 49230
4299 2 49231
6936 3 49231
2344 2 49232
1449 4 49232
923 3 49234
4751 5 49236
2734 3 49236
9505 5 49237
2604 1 49239
8900 2 49239
9772 5 49241
1335 5 49241
9812 1 49242
3536 2 49242
4196 5 49243
55 1 49244
1453 3 49244
3351 5 49245
7264 3 49247
2256 2 49248
8781 5 49248
9198 1 49249
4783 1 49250
740 5 49250
2798 4 49251
8438 2 49251
1489 3 49252
2879 3 49253
264 2 49254
9993 3 49254
392 3 49255
9042 3 49255
6075 4 49256
4732 4 49256
8768 5 49257
5766 3 49257
9756 2 49260
1091 2 49260
6552 5 49262
6587 5 49262
1907 3 49263
5132 5 49265
2686 2 49266
2129 5 49266
6026 1 49267
8813 1 49267
1379 2 49268
9652 5 49270
4034 2 49270
5734 1 49272
3521 4 49272
6068 4 49273
9247 3 49273
4273 1 49274
6532 5 49277
4552 1 49277
6253 5 49278
8815 5 49279
5138 4 49279
3274 1 49280
9853 2 49281
7480 4 49283
4315 1 49286
8748 4 49289
8650 1 49290
6764 3 49290
7247 3 49292
3995 4 49292
8350 1 49293
5938 2 49293
4124 4 49294
5259 5 49294
7671 2 49295
5684 2 49297
2015 2 49298
5545 3 49299
9305 5 49301
7217 4 49303
4926 4 49303
5977 1 49304
8102 4 49304
3339 2 49309
3332 2 49309
4788 5 49310
2740 5 49310
4391 4 49311
4492 5 49312
8761 5 49313
5426 1 49314
4580 1 49314
5692 4 49315
9511 1 49315
5935 3 49316
5456 1 49316
5435 5 49317
3050 3 49317
8159 2 49318
8287 5 49319
3837 4 49319
4718 1 49320
3001 2 49320
2898 3 49322
1054 2 49322
6686 4 49323
2118 2 49324
1386 4 49324
8464 4 49325
9404 3 49325
1445 4 49327
8715 4 49328
9656 2 49329
4436 3 49330
5636 4 49331
598 4 49331
9778 4 49332
2794 1 49334
2857 4 49334
9278 2 49335
3263 1 49335
6446 5 49336
5695 5 49337
3847 2 49339
7043 3 49339
6441 3 49343
4633 3 49345
764 5 49346
581 5 49349
4131 2 49349
5316 2 49350
4087 1 49350
9121 5 49351
5806 1 49351
1358 3 49352
2199 3 49353
6799 1 49354
3759 3 49354
9353 2 49355
951 2 49355
2806 5 49360
4001 4 49361
9777 5 49363
3290 5 49363
2997 4 49364
3669 2 49365
2197 1 49366
1464 5 49366
1370 4 49367
7495 3 49369
5024 1 49369
8584 2 49371
1664 5 49371
7958 3 49373
8026 5 49373
7578 1 49374
7869 5 49374
9490 5 49375
6328 5 49376
3440 3 49377
6825 1 49378
5517 4 49379
1040 1 49379
7166 1 49380
1960 1 49380
3009 5 49381
44 1 49382
5468 2 49383
4217 4 49383
3383 2 49384
4163 5 49384
4024 5 49385
5247 5 49385
8691 2 49386
300 1 49386
7878 2 49387
5340 1 49388
9569 2 49388
4989 1 49392
3780 3 49393
3109 3 49394
2874 4 49394
1550 1 49395
2661 5 49396
6272 3 49396
6926 1 49397
5049 4 49399
7156 1 49402
7510 2 49402
4761 5 49404
8498 1 49405
4392 1 49405
3560 5 49406
663 4 49407
1148 1 49407
8483 2 49408
7333 1 49408
7447 1 49409
4731 2 49409
4631 2 49410
2536 4 49411
6059 5 49411
2295 4 49414
9053 2 49416
6985 1 49416
4505 1 49417
7120 2 49417
1438 1 49418
1781 2 49420
4813 4 49423
9360 4 49425
3028 3 49426
4947 3 49427
6415 3 49428
7630 4 49428
2320 4 49430
4800 5 49431
599 3 49431
2232 1 49432
669 4 49433
8129 3 49434
5926 5 49434
5284 5 49437
8631 3 49438
2823 2 49438
9245 4 49441
2711 1 49441
7046 1 49443
7386 3 49445
4633 4 49446
9759 3 49447
2010 1 49447
997 5 49448
1576 4 49449
8799 1 49449
8592 1 49450
2755 2 49450
805 5 49451
7801 5 49452
1706 2 49452
826 2 49454
2732 5 49458
2272 1 49459
2490 1 49461
7628 3 49461
3507 5 49463
3352 4 49463
6746 5 49464
2059 1 49465
6618 2 49465
4667 4 49467
230 2 49468
1618 2 49470
262 5 49473
6706 5 49473
4074 1 49475
6870 1 49475
1121 4 49476
6583 1 49476
9010 3 49477
6822 4 49477
2624 4 49479
2983 1 49480
6366 1 49480
9556 2 49481
5639 1 49481
9019 3 49484
3346 4 49484
3347 3 49487
2040 2 49489
3836 2 49491
5771 2 49491
5238 1 49492
3503 2 49493
8739 3 49495
9732 5 49496
7365 5 49497
3939 3 49497
3042 2 49498
9584 5 49499
9831 4 49499
4921 4 49502
4318 4 49502
6623 2 49503
7492 2 49503
1104 4 49504
784 5 49504
8788 3 49505
731 2 49506
3553 4 49507
7591 5 49510
4616 5 49510
8801 1 49511
760 5 49513
3213 2 49514
584 1 49514
7417 2 49517
5442 4 49519
9327 3 49520
3727 4 49521
1226 4 49521
5795 3 49523
6487 5 49523
2346 4 49525
9977 2 49525
8281 5 49527
2088 3 49528
4836 3 49528
5675 5 49529
51 2 49529
4012 2 49530
3814 4 49531
3280 2 49532
9866 2 49533
3016 2 49534
6042 3 49534
9476 4 49536
3866 2 49536
6603 5 49538
1457 2 49540
1736 1 49540
3991 4 49542
3905 1 49544
2924 5 49545
382 5 49545
6944 2 49548
216 4 49548
1055 5 49550
8746 4 49552
6137 3 49553
6365 5 49556
558 3 49556
5614 2 49557
2357 5 49559
6568 5 49560
6726 5 49563
307 5 49563
4772 4 49564
6968 3 49565
991 2 49570
5226 1 49570
658 3 49571
2016 4 49572
1523 2 49574
2724 1 49576
9419 1 49579
5580 3 49579
6568 1 49580
2715 5 49580
9506 4 49581
9757 1 49582
7812 1 49582
7200 5 49583
646 3 49584
3844 4 49585
1816 5 49585
6617 3 49586
3819 5 49588
6396 1 49588
787 3 49589
2708 4 49589
73 5 49591
7192 3 49592
2890 2 49592
3353 5 49593
4775 2 49595
3910 2 49596
6838 2 49597
7152 1 49597
5017 3 49600
857 1 49600
5236 2 49601
803 1 49601
8173 3 49602
5284 1 49602
9548 1 49604
9517 1 49605
9710 3 49606
226 4 49608
9090 3 49608
3315 5 49609
7709 5 49610
9195 1 49613
8162 1 49614
9223 2 49617
258 5 49618
408 5 49618
2698 3 49619
3686 5 49619
4805 3 49620
5616 5 49621
7739 5 49622
8566 5 49623
7706 5 49623
8881 3 49625
6741 3 49625
6584 4 49626
751 2 49626
9297 3 49627
2061 3 49627
4118 1 49628
8471 2 49630
384 1 49631
5189 1 49632
3849 5 49633
3298 4 49634
5382 1 49634
4734 2 49635
4776 3 49637
7814 2 49641
8503 2 49641
6092 4 49642
1495 2 49642
3808 3 49643
7233 3 49643
6150 3 49645
8760 1 49645
4514 3 49646
4212 3 49647
9993 1 49648
6114 1 49648
1342 4 49649
6433 5 49650
3157 5 49650
9878 1 49651
829 3 49651
1326 2 49652
6885 3 49652
3518 2 49653
6025 3 49654
1274 5 49654
6764 5 49655
9284 4 49655
9736 4 49656
6570 5 49657
4134 1 49657
7908 3 49658
7904 4 49659
4223 3 49659
457 1 49660
824 3 49661
3428 5 49661
7058 4 49663
7526 1 49664
8225 1 49664
9812 1 49665
5430 1 49665
4962 1 49666
9974 3 49666
7688 1 49667
5249 4 49668
7157 3 49668
1170 4 49669
9835 3 49669
512 5 49671
6051 5 49672
3561 5 49677
9478 3 49678
2986 3 49679
53 4 49680
7356 5 49680
3068 3 49682
2828 2 49682
8824 1 49684
8117 1 49684
7837 2 49687
6683 2 49687
1021 3 49688
6051 3 49689
5499 4 49691
4702 3 49692
237 5 49692
2120 3 49693
9871 5 49695
3266 1 49695
7719 5 49696
9749 1 49697
163 4 49697
4237 2 49699
2734 2 49701
5423 2 49701
5762 4 49703
2328 3 49704
2137 5 49705
8735 5 49706
440 4 49706
6823 3 49707
3359 1 49707
7354 3 49709
2196 3 49712
3410 1 49713
3388 4 49713
2568 4 49715
9805 3 49716
492 4 49716
4184 3 49718
2212 3 49722
4355 2 49722
9601 3 49723
7577 3 49726
4358 3 49726
698 2 49727
2220 1 49727
9737 2 49728
615 1 49728
6309 4 49731
3030 1 49733
8949 2 49734
4962 2 49734
4536 4 49735
9138 3 49735
1859 1 49736
9830 1 49736
3427 2 49737
4491 4 49737
4378 1 49738
7965 4 49740
2809 5 49740
4783 5 49741
33 2 49741
8636 1 49742
7862 4 49742
7484 1 49743
169 5 49743
3044 4 49744
6888 4 49745
881 2 49748
4414 5 49748
8910 4 49751
3020 3 49751
5581 1 49753
4836 3 49753
1437 4 49754
1429 1 49754
3514 2 49755
495 5 49755
539 5 49756
1577 2 49756
4138 5 49758
9290 5 49759
5631 4 49760
9705 1 49760
8680 4 49761
3640 4 49761
5597 3 49762
9649 4 49762
1602 4 49764
3898 1 49765
454 4 49765
9763 3 49768
8812 4 49771
9119 4 49772
362 3 49772
1241 1 49774
6261 5 49774
6027 4 49775
2442 3 49775
9355 2 49776
1549 4 49776
1080 2 49777
7617 2 49778
1303 1 49782
1408 5 49782
3497 1 49783
5741 2 49784
7112 2 49785
5051 3 49785
7275 5 49786
7489 4 49786
3069 5 49788
1457 1 49788
7771 1 49789
1413 3 49790
7356 4 49791
8296 2 49791
3369 1 49792
3626 1 49792
2909 4 49794
7509 1 49795
8035 2 49795
7201 2 49796
6222 4 49796
8603 5 49797
5529 2 49799
418 3 49800
1067 5 49801
3769 1 49801
4807 4 49802
2229 3 49805
1548 4 49805
3624 1 49806
5513 1 49807
2263 5 49808
6416 3 49808
6227 4 49809
1959 5 49809
31 1 49811
6220 5 49813
2543 3 49813
5023 3 49814
341 5 49815
7939 5 49816
8931 2 49816
5254 3 49818
8597 5 49819
7784 5 49819
324 5 49820
877 3 49821
4480 2 49821
5447 2 49822
7318 5 49823
3468 5 49824
2361 1 49825
2942 1 49826
1743 5 49827
926 1 49827
3227 3 49830
5922 4 49831
7672 4 49831
5192 5 49834
2568 1 49834
5886 4 49838
2850 2 49838
1272 4 49839
7327 3 49841
5726 5 49842
3573 5 49843
8279 1 49843
1767 3 49846
2433 5 49846
8938 4 49847
7697 1 49848
5817 3 49849
2416 1 49852
4534 5 49852
4521 4 49853
1724 5 49854
9579 1 49854
2166 3 49855
3749 2 49857
9266 4 49858
7539 4 49860
215 3 49860
7290 2 49861
1924 3 49861
9782 4 49862
5321 5 49862
5188 3 49863
5344 4 49863
3946 5 49864
3125 3 49864
7680 2 49865
141 2 49865
8720 3 49866
1711 3 49868
762 2 49868
3746 3 49869
4548 2 49869
4455 3 49870
3312 4 49871
493 3 49872
6848 5 49873
1458 2 49875
4500 1 49875
3505 5 49877
6073 3 49877
2571 2 49878
3235 3 49878
3497 4 49880
9278 5 49880
7751 5 49881
9229 2 49881
3773 2 49884
4467 1 49885
2458 2 49886
3108 1 49886
9807 4 49888
8348 5 49888
1326 2 49889
9993 5 49891
6733 1 49895
6938 4 49896
9677 4 49897
4537 4 49897
4730 3 49898
8944 3 49899
3964 4 49900
9932 4 49901
8900 3 49901
5095 4 49903
3945 2 49903
6879 1 49904
9736 1 49906
150 1 49907
2444 2 49907
9003 4 49909
8390 5 49910
1469 1 49912
9002 1 49913
5812 5 49914
9065 5 49917
4952 5 49917
3865 4 49918
3335 4 49918
2229 4 49920
3622 1 49921
3304 4 49921
2298 1 49922
286 1 49923
1404 3 49924
4300 4 49925
8725 3 49926
5713 2 49927
4159 1 49928
2438 1 49928
5671 5 49929
6281 1 49930
8766 3 49931
8716 5 49932
2349 1 49933
4629 2 49933
9517 5 49934
868 5 49935
8887 4 49936
2039 2 49937
1433 2 49937
9935 2 49938
5173 1 49940
7505 3 49943
9201 3 49943
267 1 49945
7659 4 49945
7746 3 49948
9002 2 49949
7454 3 49950
2635 3 49950
9970 5 49954
3176 2 49954
5873 2 49955
2200 4 49955
3281 4 49956
4879 4 49956
5918 3 49957
850 5 49957
2376 1 49960
288 4 49961
3836 2 49961
4217 2 49963
8679 2 49964
2629 3 49964
7113 2 49965
5554 1 49965
5930 3 49967
8125 4 49969
6003 4 49973
5439 1 49974
566 1 49974
8443 4 49975
3312 2 49976
2862 3 49976
237 1 49977
1430 1 49979
7843 5 49979
8317 2 49982
1592 4 49982
2593 4 49984
4439 4 49984
312 1 49985
5440 4 49985
8649 3 49986
1049 1 49987
9839 3 49987
3479 1 49991
4678 5 49991
3061 4 49993
6977 2 49993
8495 3 49994
9235 4 49994
6475 2 49995
1038 5 49996
5739 2 49996
8409 5 49997
2863 5 49999
4704 2 50001
4425 2 50002
3613 3 50002
934 3 50004
3351 5 50004
5783 3 50006
8089 2 50007
3330 5 50007
1873 5 50008
7077 1 50009
5108 5 50009
2627 4 50010
4054 4 50011
6776 3 50013
9139 5 50014
984 3 50015
8787 2 50016
6086 5 50016
2240 2 50018
3742 5 50018
9391 5 50019
2951 5 50019
4030 4 50020
6338 4 50021
2106 5 50021
6407 2 50022
3674 1 50023
3446 4 50027
4596 2 50027
6878 3 50028
5918 3 50028
2224 4 50031
570 4 50031
1325 4 50034
2495 3 50035
5738 1 50038
9388 4 50040
90 1 50042
5012 1 50043
2294 4 50044
3474 1 50045
8763 3 50046
7741 1 50048
2382 4 50048
3941 1 50049
4141 2 50050
7053 4 50050
7652 5 50051
4785 5 50052
7920 1 50054
5939 3 50055
3546 4 50056
4686 2 50056
7062 1 50058
8545 3 50059
5239 5 50062
900 4 50062
1926 5 50063
2953 5 50064
7687 2 50065
2115 5 50067
2872 3 50067
268 1 50068
6786 1 50070
4070 1 50070
2524 4 50071
6149 4 50071
9322 2 50073
4586 4 50074
8719 4 50075
580 5 50075
726 5 50076
5755 3 50078
9810 1 50082
4638 4 50082
9323 1 50083
9902 2 50085
6820 5 50086
5511 1 50089
33 4 50089
7397 2 50090
2088 1 50090
3247 1 50091
1510 5 50091
2153 5 50092
7216 1 50095
6592 3 50097
2304 2 50097
1057 5 50100
3252 5 50100
7666 2 50102
62 5 50103
2080 5 50104
231 1 50105
7280 1 50109
6245 4 50110
2400 3 50110
8515 4 50111
4324 2 50111
4989 4 50112
8535 1 50113
9683 5 50113
1077 1 50114
3989 2 50114
3009 1 50115
820 4 50115
2962 4 50116
5591 3 50116
6616 4 50117
7572 1 50117
7228 2 50119
3354 3 50119
2756 1 50120
9778 2 50121
2017 4 50121
1496 2 50123
3137 4 50125
7526 4 50126
934 5 50127
1002 1 50127
5705 2 50129
5776 2 50129
1031 1 50130
4770 3 50130
6573 1 50131
1703 2 50131
3758 4 50132
9271 5 50133
9565 2 50134
7747 1 50134
1553 4 50137
9193 3 50138
7707 2 50138
8529 4 50139
2375 4 50139
9020 3 50140
7960 1 50140
9938 3 50141
560 1 50141
4713 5 50142
7739 3 50142
2334 5 50145
9336 3 50145
6695 3 50146
1552 3 50146
7284 5 50147
3504 5 50147
9103 1 50151
9465 5 50151
4568 5 50154
4024 2 50155
7135 2 50155
3720 5 50156
1079 4 50157
9501 2 50157
6328 1 50159
4897 2 50159
9959 5 50160
4945 1 50161
5445 3 50161
1528 1 50163
2183 4 50165
9115 1 50166
6592 4 50167
3948 5 50168
4382 3 50169
6843 4 50169
3519 5 50170
143 5 50171
4704 5 50171
5639 1 50172
507 1 50172
8373 5 50173
917 2 50176
3274 1 50177
7178 2 50180
9728 2 50181
4163 5 50181
5547 2 50182
8617 3 50184
8790 4 50184
5370 5 50186
5514 1 50186
961 1 50187
6131 5 50187
4019 1 50188
7455 1 50189
9068 2 50189
5668 2 50190
8867 5 50195
6411 3 50195
6404 5 50196
962 2 50196
3278 1 50197
2538 3 50197
2567 5 50198
5767 5 50199
7790 1 50202
7599 1 50203
6926 5 50205
1737 3 50206
296 3 50206
6679 1 50207
5005 5 50207
7169 5 50208
7766 3 50208
7675 2 50211
3722 2 50211
4733 5 50212
6026 4 50213
9951 1 50216
8699 1 50218
449 1 50219
9635 5 50220
1831 3 50220
9059 4 50221
727 4 50221
5714 2 50223
4227 5 50223
7503 3 50224
3652 3 50225
856 3 50226
136 4 50227
5399 3 50227
6827 4 50228
8152 5 50229
5300 4 50230
4490 3 50232
3088 2 50233
8114 1 50233
3589 1 50234
9408 2 50235
5562 4 50235
4485 5 50236
8286 4 50238
8807 2 50238
160 1 50239
5749 5 50239
8200 5 50241
2985 4 50246
827 4 50247
8555 4 50248
9010 2 50248
4777 5 50249
5751 5 50251
5699 1 50252
392 2 50253
7784 2 50256
4107 4 50256
6424 3 50258
1657 5 50260
3524 2 50260
4547 2 50262
5301 2 50262
2266 4 50263
4925 5 50265
9220 2 50266
568 1 50266
5508 2 50267
5459 2 50269
9372 2 50270
704 1 50271
916 2 50273
4925 4 50275
6862 3 50275
5279 3 50278
3369 3 50278
2326 1 50279
5233 5 50279
1368 3 50282
6416 1 50284
4521 3 50285
8830 5 50285
5825 2 50286
4529 5 50286
7832 1 50287
275 3 50287
2023 3 50288
6298 5 50290
9797 1 50291
4492 5 50292
8152 4 50292
6687 2 50293
5714 1 50293
9063 2 50294
2191 4 50294
7940 5 50298
316 4 50298
854 5 50299
7269 5 50300
1041 4 50300
4444 5 50301
2562 2 50301
1929 3 50302
7508 4 50302
7270 4 50303
1503 3 50303
5592 5 50304
7227 1 50305
4486 4 50305
3941 1 50308
2180 4 50308
8830 4 50309
3016 5 50313
1314 4 50314
5295 3 50317
6963 5 50319
9111 3 50320
2327 5 50320
8038 1 50321
451 2 50322
1052 5 50322
6575 1 50324
1660 5 50324
8002 5 50325
2837 4 50325
7180 2 50326
854 2 50326
2912 1 50327
7388 1 50328
6699 5 50328
8945 2 50329
4745 1 50329
8359 1 50330
1964 2 50330
2814 1 50332
3736 5 50333
907 5 50333
9064 5 50334
9274 2 50337
3505 2 50339
4217 3 50340
8794 5 50341
6746 5 50342
9794 1 50342
9643 5 50345
5625 4 50345
9571 4 50346
9022 1 50346
607 4 50349
8861 5 50349
5559 4 50350
8357 1 50350
6873 2 50351
1461 4 50351
295 4 50353
5430 1 50353
4109 3 50355
8245 2 50355
5690 4 50358
1418 5 50358
8882 4 50359
8599 2 50360
774 1 50361
7736 5 50361
7762 2 50363
9523 1 50363
6578 4 50364
8433 1 50365
6757 5 50367
4257 3 50367
8158 1 50371
6335 2 50371
2711 5 50374
1718 4 50374
8133 5 50377
2680 5 50377
9177 4 50378
786 4 50381
265 4 50382
9609 3 50383
8478 2 50386
8014 5 50391
5103 5 50391
3959 4 50392
5178 3 50393
6218 5 50394
3236 5 50394
1877 1 50397
897 5 50398
290 4 50399
2761 1 50399
1316 4 50400
5744 1 50400
6856 5 50401
6466 4 50402
9881 4 50402
5054 3 50403
4008 2 50406
8955 4 50407
2330 2 50407
3044 5 50408
4282 3 50408
6225 5 50409
5446 3 50410
7826 4 50410
2734 2 50412
4305 4 50412
8625 4 50413
1367 4 50413
8812 5 50414
9056 5 50414
3270 3 50415
177 2 50415
5598 3 50417
5253 5 50417
3064 3 50419
8496 5 50419
3602 1 50420
5351 4 50421
375 5 50422
2651 1 50422
9166 1 50423
3963 1 50423
7961 4 50425
6771 3 50428
4018 3 50429
5941 4 50429
7675 3 50432
1538 5 50432
8021 3 50433
4489 4 50433
7978 3 50434
5311 2 50434
9233 2 50435
6096 4 50435
3466 3 50436
3704 5 50437
4228 5 50437
2235 4 50438
5250 3 50439
1255 5 50440
9035 5 50440
2263 5 50442
6671 4 50444
1297 5 50444
7437 3 50446
1985 2 50446
8938 5 50447
6478 1 50447
2228 5 50448
6175 1 50448
9374 5 50449
8711 3 50452
7889 1 50452
9130 1 50454
6749 1 50455
1506 3 50457
8420 3 50461
3437 4 50463
3931 4 50464
8412 5 50468
8993 5 50468
3016 1 50469
466 1 50469
8805 4 50473
8899 5 50473
5922 4 50474
4542 4 50474
3355 4 50475
1305 5 50476
6146 5 50478
710 5 50478
377 4 50479
6778 3 50480
1368 2 50481
3813 3 50481
9534 3 50482
8244 3 50484
4895 4 50484
2752 2 50485
9978 1 50486
605 2 50489
4163 4 50489
6240 2 50490
4392 5 50490
4556 1 50493
818 3 50493
1133 1 50495
2882 3 50497
4777 5 50497
3543 3 50499
2357 4 50499
9509 2 50500
5570 1 50500
5027 4 50501
4483 1 50501
871 2 50502
5703 5 50502
9872 2 50503
2637 5 50503
7921 4 50504
164 4 50507
3729 2 50507
2769 4 50508
6665 4 50508
9093 4 50509
4617 5 50511
5922 3 50511
672 5 50515
1701 2 50515
9163 2 50516
4414 1 50516
4405 2 50517
9681 2 50518
2904 4 50518
9916 3 50519
3177 1 50520
4302 1 50521
6392 2 50521
7002 2 50522
4744 5 50522
6788 1 50523
9378 5 50524
8676 3 50525
7979 2 50526
3466 4 50527
3765 1 50528
5301 2 50528
5953 3 50530
5714 5 50530
8924 4 50532
6187 2 50533
614 3 50536
4739 1 50537
967 3 50537
2918 4 50538
8677 1 50540
8256 3 50540
6453 4 50543
2116 2 50545
7040 1 50547
9927 4 50547
9305 2 50548
5351 4 50549
6331 5 50550
9403 1 50550
1501 5 50551
9013 5 50551
466 1 50553
7210 1 50553
3352 1 50555
4750 4 50555
8458 4 50556
4389 1 50556
2394 4 50557
1793 5 50558
3360 2 50558
9858 3 50559
5281 2 50559
5474 1 50560
879 3 50561
2732 3 50561
8582 3 50564
8851 4 50565
6965 3 50565
6289 1 50566
9434 3 50572
8169 1 50572
2258 2 50573
6787 3 50574
413 1 50574
2630 5 50575
9053 4 50575
8634 3 50576
2223 5 50576
3377 2 50577
5337 3 50577
8002 4 50579
6403 3 50579
9002 3 50581
6001 1 50582
6770 2 50582
9888 3 50583
9567 2 50586
5904 2 50587
8197 4 50587
6884 3 50588
6790 5 50588
1933 5 50591
13 1 50591
7418 1 50593
5383 3 50593
2241 1 50594
7378 3 50595
3733 2 50595
5729 1 50597
3016 3 50598
44 2 50599
4657 2 50603
2656 4 50604
3883 4 50604
9203 2 50606
9478 2 50607
2040 2 50608
354 5 50608
958 2 50609
5110 4 50610
2695 4 50613
559 1 50614
4500 3 50615
6565 4 50615
2608 5 50616
5206 5 50616
9227 2 50617
8759 3 50618
7046 4 50619
4787 4 50619
7690 5 50620
3745 4 50620
5022 2 50621
1934 1 50621
2093 1 50622
9275 1 50624
375 3 50626
5941 5 50629
4847 4 50630
3969 2 50632
4037 5 50633
4510 4 50636
724 5 50636
2711 3 50637
6673 3 50637
54 5 50638
9728 4 50638
6109 2 50642
802 1 50643
4866 2 50643
261 3 50644
488 4 50647
7357 4 50648
7867 1 50650
3768 2 50651
8204 5 50651
6245 1 50653
4437 5 50654
9192 5 50654
6031 1 50656
2849 4 50656
4946 5 50657
9141 5 50657
9515 1 50660
5431 5 50660
1411 4 50661
563 5 50661
3668 2 50662
8424 5 50664
9288 5 50664
6803 4 50665
9516 5 50665
2529 1 50667
7344 4 50668
3157 2 50668
359 1 50669
6230 5 50669
9014 4 50670
3169 1 50671
9318 1 50672
6816 1 50672
6522 4 50673
4793 2 50675
5414 3 50676
9741 3 50677
4853 4 50679
6548 3 50680
2612 1 50681
6207 3 50683
4857 4 50683
787 5 50685
5391 5 50686
4224 5 50686
6640 5 50687
8924 4 50688
8139 1 50689
3214 3 50689
6881 5 50690
6397 5 50691
6680 3 50691
5495 5 50692
8923 5 50693
7736 4 50693
1851 1 50694
731 3 50695
8708 1 50695
5549 4 50696
5900 1 50698
1084 1 50698
399 5 50699
6182 1 50700
7957 3 50701
3167 5 50701
2389 1 50702
63 5 50704
6481 2 50704
4093 1 50705
7931 2 50706
5280 5 50707
5065 5 50708
1812 4 50708
1981 1 50709
3983 3 50710
9984 1 50712
1896 3 50712
4761 4 50713
1503 3 50714
8952 1 50715
7539 3 50718
9956 4 50719
3427 3 50720
7596 1 50720
6384 2 50721
8113 1 50721
2835 3 50722
8772 5 50722
6547 2 50723
5089 1 50723
2317 5 50725
4829 2 50725
9362 5 50727
3454 1 50728
3950 4 50728
4907 5 50729
5654 4 50729
1373 2 50730
2281 3 50730
2104 4 50731
4108 5 50734
7951 3 50734
9175 2 50735
553 1 50735
4095 5 50737
4927 3 50737
1492 5 50738
2062 3 50740
5061 3 50742
8168 2 50742
4489 4 50743
6947 1 50746
906 3 50747
7927 3 50748
6516 5 50753
8680 5 50753
5683 1 50754
7304 2 50756
9267 3 50756
109 2 50760
4941 4 50761
9196 3 50761
1011 4 50762
3472 3 50762
8299 5 50763
4605 5 50763
3514 3 50764
3438 4 50766
8628 5 50766
6728 2 50767
526 4 50771
1789 3 50772
9702 1 50773
2399 1 50773
5129 4 50775
4715 4 50775
966 1 50776
2782 1 50778
13 2 50778
4468 1 50781
9471 2 50782
9661 4 50783
1885 2 50785
9106 5 50786
747 3 50786
4473 4 50787
2750 2 50787
1526 4 50788
4140 2 50789
3788 2 50791
574 5 50792
2011 5 50792
7328 5 50793
9740 5 50793
3645 4 50794
9842 1 50795
3529 1 50795
1220 5 50796
1932 1 50796
4265 1 50797
3396 1 50799
27 1 50799
9799 4 50801
1899 5 50802
1035 5 50802
2659 3 50803
732 3 50804
7452 5 50805
2014 2 50806
3688 2 50806
5176 4 50808
4204 5 50808
6624 3 50809
3146 3 50809
1170 2 50810
8325 2 50811
5500 2 50811
5519 3 50812
3612 2 50812
6910 5 50814
1087 1 50814
9960 1 50815
8411 4 50815
5946 3 50817
3705 1 50817
7079 5 50819
9529 4 50821
2184 4 50821
4298 5 50822
4212 2 50823
1565 1 50825
7719 5 50828
9999 4 50828
5020 2 50829
9844 4 50829
2116 3 50831
1417 5 50831
7945 3 50836
4934 3 50838
8554 4 50839
8394 2 50841
1176 1 50842
5096 2 50843
1828 2 50844
425 5 50844
2483 5 50846
6926 2 50850
1387 1 50851
4607 4 50853
9561 5 50853
3882 5 50856
6146 4 50860
7660 5 50861
7644 5 50862
1357 5 50865
7983 2 50865
4836 4 50867
4245 5 50867
6964 3 50868
8617 1 50869
3204 2 50870
5394 2 50870
8826 3 50871
9599 5 50872
8727 5 50873
1704 3 50874
62 2 50874
3875 2 50875
8860 5 50875
8236 5 50877
4492 5 50877
5098 4 50878
5227 3 50878
4173 4 50879
688 3 50880
1756 3 50880
3156 2 50881
3968 2 50882
5953 5 50882
6302 2 50883
1540 4 50884
4042 4 50885
8692 4 50886
1927 5 50886
7115 5 50887
5141 3 50887
7952 3 50888
9311 2 50888
7762 1 50889
533 4 50889
6676 4 50890
2429 5 50890
442 2 50891
4822 4 50891
7297 1 50892
3583 4 50893
5068 3 50893
3535 5 50895
7053 4 50896
3475 3 50896
2012 1 50898
554 5 50898
7582 2 50900
6798 1 50900
404 1 50901
6372 5 50902
8731 5 50902
5845 5 50903
8240 3 50904
7610 5 50904
7306 4 50905
3036 3 50905
7380 4 50909
1333 1 50911
5549 1 50914
4337 5 50914
8094 5 50915
6551 5 50919
4252 4 50919
1161 4 50920
1054 2 50921
1352 5 50922
8294 4 50923
295 4 50924
5041 3 50924
2407 4 50926
8266 4 50926
4460 5 50928
2172 2 50928
3161 5 50929
8178 2 50929
8388 4 50930
5949 2 50930
9440 1 50931
7133 2 50931
1542 4 50932
9547 3 50932
4942 4 50933
4961 5 50934
7151 4 50934
9957 4 50935
170 3 50935
8144 5 50937
7061 2 50937
2850 4 50941
6818 3 50942
635 1 50942
1758 1 50943
3971 1 50944
4587 1 50944
5528 4 50946
9633 1 50947
2767 5 50947
4799 1 50948
7116 3 50949
3905 4 50950
3858 2 50950
3290 3 50952
4572 1 50952
323 2 50954
8026 1 50954
9603 2 50957
9197 3 50957
3361 3 50958
9247 5 50958
6344 5 50959
1975 2 50961
1503 1 50962
4130 3 50963
4240 3 50963
9351 4 50964
6606 2 50964
2667 5 50965
606 5 50965
3826 4 50966
4962 4 50966
61 1 50967
9751 2 50968
170 5 50970
339 2 50972
3508 4 50973
2508 3 50974
3008 3 50975
5867 2 50976
1419 2 50977
8217 4 50977
5003 3 50978
6510 4 50981
7745 4 50984
8205 4 50984
4735 4 50985
3582 5 50985
1221 2 50986
4703 4 50986
3292 3 50987
6105 1 50987
919 1 50988
4953 3 50990
6312 2 50992
7244 1 50992
4691 5 50993
3221 3 50994
3634 4 50994
2973 1 50995
216 3 50998
5629 2 50999
8561 3 51000
250 5 51000
2878 5 51001
3167 4 51001
2104 2 51003
9834 5 51004
2200 2 51004
6164 3 51005
2659 3 51006
9865 4 51009
6640 1 51009
9164 3 51011
4682 5 51014
2294 4 51014
1895 1 51015
7440 1 51015
1447 2 51016
5472 4 51016
2673 5 51017
7820 2 51017
7970 1 51018
825 4 51019
8386 5 51020
8249 4 51020
5381 5 51021
4169 4 51021
8104 2 51023
2163 1 51026
1924 3 51026
4167 2 51030
5905 2 51031
2170 5 51032
1389 1 51032
5751 5 51036
2129 5 51038
934 2 51038
2563 1 51040
7250 3 51040
228 3 51043
9461 4 51047
696 2 51047
6540 5 51048
9722 5 51048
4701 4 51049
7092 3 51050
5744 4 51050
5492 2 51051
4611 1 51051
3755 1 51053
3613 3 51054
1727 4 51054
1419 4 51055
3520 4 51056
7910 3 51056
3445 5 51057
315 4 51058
6027 5 51058
8316 2 51059
8662 1 51061
3331 5 51062
9230 3 51063
618 5 51064
7479 1 51064
7929 2 51065
8457 4 51067
2327 5 51070
3086 4 51070
3542 3 51071
9356 5 51072
7386 2 51073
5007 5 51074
5422 2 51074
1194 3 51075
4708 5 51075
1735 4 51076
5759 2 51076
2416 3 51077
5810 2 51080
4195 5 51080
896 5 51081
1657 3 51082
6404 4 51084
540 3 51085
1325 2 51086
5977 2 51086
6956 4 51087
5967 1 51087
2129 4 51089
101 4 51090
6771 1 51091
1180 5 51091
7076 1 51095
1490 2 51095
6251 3 51097
6772 3 51097
3511 5 51098
5643 2 51099
6322 5 51099
1217 3 51100
8204 3 51103
2167 2 51104
1272 2 51104
7729 3 51107
228 3 51107
8842 1 51109
7427 1 51109
1787 2 51110
9996 1 51111
2059 5 51111
62 1 51112
3919 1 51114
7846 2 51116
3973 2 51118
141 3 51119
9398 5 51119
9881 5 51121
9202 5 51121
4574 1 51122
813 2 51122
8060 1 51123
1351 2 51123
6129 2 51124
9182 4 51126
331 1 51127
7321 2 51128
7828 1 51129
7570 2 51130
2734 3 51130
4968 3 51131
2031 3 51131
2325 3 51132
4651 4 51132
6163 5 51137
4476 4 51138
9620 3 51138
7536 3 51139
5634 3 51139
8324 4 51140
8902 5 51140
9235 1 51141
3985 1 51142
9304 2 51143
8086 1 51143
2973 3 51145
1527 4 51145
5318 2 51146
3601 2 51147
4402 2 51148
5099 2 51148
4978 5 51150
91 4 51150
878 5 51153
4007 5 51153
3364 2 51154
8858 5 51154
9834 3 51155
6663 2 51157
9957 3 51159
4330 2 51159
7035 1 51160
2862 3 51160
3706 4 51162
9955 2 51163
9415 3 51163
9217 2 51164
4535 5 51164
2023 5 51165
9853 3 51166
4423 4 51166
8552 5 51167
2828 3 51168
3531 4 51171
9110 3 51171
7882 3 51172
6423 5 51172
4615 4 51173
5565 2 51175
704 3 51175
6702 1 51179
219 5 51179
2120 3 51182
9393 4 51184
1582 3 51184
4574 4 51185
2609 4 51187
9836 2 51188
7223 1 51189
2560 4 51189
8015 4 51191
4327 2 51191
9224 5 51192
8493 1 51192
5453 5 51194
5159 2 51194
533 4 51195
534 2 51195
4693 2 51196
5561 1 51196
9629 1 51197
8082 3 51197
3048 3 51198
85 2 51199
88 5 51199
7081 3 51200
2544 5 51200
7282 5 51201
129 2 51201
4655 1 51202
9266 3 51203
5299 4 51204
4228 1 51205
924 4 51205
8473 1 51206
8888 5 51206
424 5 51208
1653 4 51210
9052 4 51211
7923 5 51211
7709 2 51212
3425 5 51213
3082 4 51213
5249 2 51215
6324 3 51216
8551 3 51216
6377 1 51217
883 2 51218
5218 4 51219
618 4 51219
4370 4 51220
4203 5 51221
5116 5 51222
2237 3 51222
6001 5 51223
7710 2 51224
5028 1 51224
4141 1 51226
8058 1 51226
4790 5 51228
8046 2 51228
3029 4 51229
9139 3 51230
7768 2 51231
3617 4 51231
5131 4 51232
5762 3 51233
4509 2 51233
3755 3 51234
2882 2 51234
4517 3 51235
6822 4 51237
40 4 51237
3188 2 51238
8666 1 51238
9204 4 51239
3945 3 51239
7767 1 51241
7207 1 51241
2728 5 51242
776 5 51244
7132 2 51244
4 4 51246
406 2 51246
5076 4 51248
6634 2 51250
9554 1 51250
5432 5 51251
7990 5 51251
6241 2 51252
9059 4 51252
9655 5 51253
6626 3 51254
4844 3 51254
3375 2 51255
7602 1 51256
4134 5 51257
4334 1 51258
9222 3 51261
5036 1 51262
7328 4 51262
8468 4 51263
5936 2 51263
9101 1 51264
2337 4 51265
6305 5 51265
1566 3 51266
3195 3 51267
6856 4 51267
9595 4 51268
3778 2 51268
3979 3 51269
2333 4 51269
1316 4 51271
3901 1 51273
5800 4 51275
1260 5 51275
3324 3 51276
6409 1 51276
1406 3 51277
6016 2 51278
4286 5 51278
557 5 51279
8396 3 51279
4330 4 51280
5656 1 51280
5090 3 51281
6232 2 51282
3784 5 51282
9357 2 51283
1312 1 51284
395 5 51284
8155 2 51285
741 1 51285
224 3 51286
7865 5 51287
6419 2 51287
4573 2 51289
3082 4 51290
9302 2 51292
4664 5 51293
2709 5 51293
5728 5 51295
7131 4 51296
9251 2 51297
7257 3 51298
9033 1 51299
2284 5 51299
9170 3 51301
8394 3 51302
8802 3 51303
1856 1 51304
302 4 51306
7 1 51306
2104 2 51307
7284 3 51308
5946 1 51308
7642 2 51309
7393 3 51310
2824 2 51312
8014 5 51313
7990 2 51313
5114 4 51314
8225 3 51314
3909 5 51315
8344 2 51316
6226 4 51316
2940 1 51317
8664 1 51317
629 2 51318
932 4 51318
460 4 51320
1356 5 51320
1184 4 51321
9781 2 51321
4826 5 51322
3963 2 51323
5977 4 51324
7811 4 51325
5787 5 51328
8667 3 51328
8200 1 51330
2332 1 51330
8201 4 51331
6173 5 51331
6831 1 51332
2209 4 51333
6147 4 51333
2961 4 51334
9586 2 51334
5521 2 51338
6925 3 51340
3319 2 51340
7083 4 51342
7075 1 51343
4216 5 51343
9792 1 51345
9076 2 51345
6826 5 51346
9179 1 51347
6440 4 51347
737 4 51349
6908 3 51349
1629 3 51351
1681 1 51352
4048 4 51353
575 2 51353
6027 4 51355
3370 4 51356
6158 2 51356
6454 4 51357
9564 5 51357
5401 3 51358
9531 3 51358
4129 5 51362
9139 1 51363
2673 4 51363
8752 1 51364
3273 1 51364
8305 3 51365
396 1 51366
7851 1 51370
6024 2 51371
8807 5 51371
1169 2 51372
4296 3 51374
876 4 51374
4220 5 51375
3411 1 51376
5688 4 51381
9707 3 51381
8320 3 51382
3717 1 51383
9748 5 51383
4841 3 51386
126 2 51387
789 2 51390
2466 1 51390
9382 3 51391
6390 5 51391
649 5 51392
657 3 51393
4448 5 51394
8403 1 51397
6480 4 51397
836 5 51398
14 3 51398
2932 5 51399
6658 1 51399
8998 2 51400
8705 2 51400
214 2 51401
2956 1 51402
9078 4 51406
4288 3 51408
7774 2 51408
1760 3 51409
7769 5 51410
4961 3 51411
8305 5 51411
3308 3 51412
9919 1 51412
8875 2 51414
5268 4 51414
9643 4 51416
9373 5 51416
9975 1 51417
2959 5 51417
7703 1 51418
8943 4 51419
1954 2 51421
2663 1 51421
4699 1 51423
7639 3 51427
1005 5 51428
5102 3 51429
9990 4 51429
396 5 51430
813 1 51434
2522 2 51435
8677 4 51442
2795 4 51442
5871 3 51443
6828 5 51445
3399 3 51445
722 1 51446
6554 2 51446
2554 1 51448
2633 5 51449
7469 5 51449
9453 1 51450
5569 3 51452
5366 2 51452
5563 4 51454
3156 3 51457
9564 3 51458
8452 5 51458
7609 1 51459
9793 1 51460
4551 2 51462
8278 1 51463
6233 4 51465
2104 1 51465
7635 2 51466
5327 5 51466
7701 2 51467
8407 1 51468
3743 4 51469
6625 1 51470
669 2 51470
850 4 51472
6218 2 51472
7626 1 51473
2620 2 51473
5269 3 51474
1521 3 51474
9645 2 51475
2948 4 51476
9150 2 51476
9235 4 51481
6519 2 51483
2966 2 51483
5857 3 51484
9664 1 51484
5768 1 51485
8083 5 51487
192 4 51487
2643 5 51489
6225 3 51489
1333 2 51490
5046 4 51492
5927 2 51494
1709 1 51494
7539 2 51496
4179 4 51497
8027 2 51498
1513 3 51498
3373 2 51499
7635 3 51500
6173 4 51500
3532 1 51503
775 1 51504
6225 2 51505
1510 2 51505
6203 4 51507
4229 1 51507
5063 3 51512
7970 2 51512
3129 2 51513
7990 1 51514
3571 5 51515
1154 5 51515
2844 1 51516
3221 3 51518
5865 2 51518
6010 5 51520
4876 1 51520
9677 4 51521
8592 2 51521
8706 4 51522
8800 1 51523
1133 5 51523
5005 3 51524
9671 5 51524
1855 1 51525
4675 5 51525
526 2 51528
5635 3 51531
4007 2 51531
9998 2 51532
5210 5 51533
9466 3 51533
9531 3 51534
812 1 51536
6248 4 51536
3733 5 51537
997 4 51539
2483 4 51540
4035 4 51540
7607 5 51541
7836 2 51541
5812 5 51542
7082 5 51543
3922 5 51543
1471 5 51545
7224 3 51545
552 3 51546
176 3 51546
906 2 51547
6150 2 51547
7091 2 51549
53 3 51549
4402 5 51550
5314 4 51551
7608 3 51551
2580 2 51554
5854 5 51554
7031 5 51556
4937 5 51557
8687 3 51558
2394 4 51561
3761 3 51561
7942 3 51562
5014 3 51564
2129 4 51564
9023 3 51566
4092 5 51567
6262 5 51569
3941 1 51571
9272 4 51574
8366 1 51574
2502 5 51576
1371 2 51576
7850 1 51578
2071 3 51578
6232 5 51581
2874 3 51581
6946 1 51584
2210 3 51585
2015 2 51585
3604 4 51586
4302 2 51587
2231 4 51587
9364 2 51588
3582 2 51590
1964 2 51592
8234 4 51592
6564 2 51593
6211 1 51594
469 1 51594
2561 5 51595
9409 1 51595
64 3 51597
4869 1 51597
4525 4 51598
1374 1 51598
1473 5 51599
2275 4 51601
7165 4 51601
4515 1 51602
8720 1 51605
2276 2 51608
5992 1 51608
9136 1 51609
2019 5 51610
4189 5 51610
2181 2 51611
6419 5 51612
4318 4 51612
7512 1 51613
9482 2 51615
7113 4 51616
6392 4 51616
1407 4 51617
6748 2 51618
9218 5 51618
8555 5 51620
8092 2 51620
6531 4 51621
8293 1 51621
3719 3 51623
1487 5 51624
817 4 51627
3706 4 51628
8817 5 51628
1147 5 51629
8546 3 51629
760 4 51630
2635 3 51630
5472 3 51631
3569 5 51633
1219 3 51633
9315 1 51634
6529 2 51635
3566 3 51635
2281 5 51636
2896 5 51638
4935 5 51640
9497 2 51640
2224 5 51641
368 1 51641
2677 1 51643
9064 3 51644
1743 3 51645
4295 2 51648
4644 1 51649
4737 1 51650
2742 2 51650
4038 2 51652
6515 4 51654
5514 4 51654
4856 2 51655
9883 3 51656
5327 2 51656
5777 3 51657
9878 3 51657
647 4 51658
8910 2 51658
4553 2 51659
5397 1 51660
2227 1 51660
1831 5 51662
5406 4 51662
6099 2 51663
5538 3 51664
4803 2 51664
7592 2 51667
336 2 51669
4417 2 51669
9199 1 51670
6072 4 51674
6138 4 51675
8113 2 51675
8208 2 51676
5878 1 51677
3125 3 51677
6054 4 51678
278 2 51678
3448 5 51679
3389 1 51682
40 4 51682
4769 4 51684
6140 2 51684
7944 3 51688
9995 3 51688
3869 5 51689
3611 1 51689
3423 4 51690
4222 2 51692
202 4 51692
4482 5 51693
568 1 51694
1498 1 51695
195 4 51695
400 4 51696
4689 1 51696
8178 3 51697
9878 1 51698
1129 5 51699
6607 3 51699
685 1 51703
1999 5 51705
7874 2 51706
5937 3 51707
3845 4 51710
3013 2 51710
3450 5 51711
5132 5 51712
1939 1 51712
3879 5 51713
2454 3 51714
5713 2 51714
4840 5 51715
997 2 51717
9693 5 51717
6371 2 51718
9222 2 51720
208 3 51722
4586 4 51722
116 2 51723
7204 3 51723
822 1 51724
7733 2 51725
4376 5 51726
598 4 51726
6486 4 51727
3426 1 51727
8572 2 51729
2080 4 51729
625 3 51731
5311 3 51731
3316 5 51732
6687 2 51733
7994 3 51734
1563 4 51735
4844 5 51737
9352 1 51738
5117 4 51741
3696 5 51742
9540 1 51743
7206 5 51744
3398 4 51744
2248 4 51745
3265 3 51751
6619 3 51751
9561 3 51752
9153 2 51753
2020 1 51754
4628 1 51754
5246 3 51755
8138 5 51755
9768 1 51759
2979 2 51760
820 3 51762
6258 3 51762
4478 1 51763
7778 4 51766
2456 3 51767
2305 4 51768
1452 2 51768
750 2 51769
9916 1 51769
2247 3 51770
5645 5 51771
8680 5 51773
8660 4 51774
4742 1 51774
5056 5 51775
4694 3 51776
2294 4 51777
4851 2 51781
2473 3 51782
5742 2 51782
1758 4 51783
1655 5 51783
3633 5 51784
1256 1 51784
4399 1 51786
7613 5 51786
205 4 51788
9592 5 51788
1487 1 51791
5321 4 51791
500 1 51792
688 4 51793
2224 3 51793
8352 1 51794
622 5 51795
8091 1 51796
6852 1 51797
1952 3 51798
8978 5 51799
713 4 51799
7865 3 51801
2127 2 51801
2593 5 51802
9076 2 51805
8852 1 51805
6756 3 51806
943 5 51808
6237 3 51808
826 2 51809
9221 3 51810
1136 5 51810
297 4 51811
6262 3 51812
2198 4 51812
4064 3 51816
959 4 51816
3259 3 51818
6571 5 51818
1418 1 51819
4823 1 51819
7187 1 51820
9054 3 51822
3933 3 51822
581 1 51823
3895 2 51824
6569 5 51825
3509 5 51826
6657 1 51826
3377 2 51827
8343 3 51833
6486 3 51834
5034 4 51834
8984 4 51835
8007 4 51835
2179 2 51836
7305 2 51836
8205 2 51837
9610 4 51838
1633 1 51839
4943 1 51841
4461 4 51841
8835 2 51842
6231 3 51843
2074 2 51844
154 5 51845
2946 2 51846
8512 1 51846
5847 1 51848
6285 1 51849
448 3 51849
4783 5 51850
5248 5 51852
1898 5 51854
4015 2 51854
4964 4 51855
869 3 51859
2836 3 51860
6173 1 51861
6314 4 51861
8880 4 51862
4551 1 51863
7139 4 51864
2259 2 51864
4685 4 51866
6286 1 51866
5974 2 51871
7982 4 51871
8009 1 51874
2361 2 51876
3100 5 51876
7756 2 51877
4719 2 51879
4471 1 51879
6718 1 51880
6868 3 51881
3448 3 51882
6014 2 51883
3237 4 51884
5179 4 51888
2517 2 51889
5830 5 51890
630 5 51890
3758 3 51892
3325 1 51892
4440 4 51893
4800 3 51893
6901 1 51894
3748 2 51894
7061 4 51895
3145 5 51896
6204 3 51900
2975 2 51900
3119 1 51902
655 1 51903
3240 4 51904
7504 2 51906
3175 5 51906
3478 2 51907
7505 5 51908
4369 5 51909
8720 4 51910
5141 3 51910
1818 2 51911
5812 1 51912
3354 5 51912
9299 1 51913
8691 2 51913
1979 2 51915
2398 4 51916
8799 5 51916
5829 5 51917
9564 1 51917
4900 1 51918
6021 3 51918
365 4 51920
2683 3 51920
4003 2 51922
5394 3 51922
402 3 51924
5503 1 51926
6737 3 51929
5470 3 51930
9548 1 51930
6916 5 51931
9093 2 51931
6967 5 51934
375 2 51934
9420 4 51935
161 5 51935
2310 3 51937
1769 3 51938
3440 2 51939
84 1 51940
4279 3 51940
1648 1 51942
9385 5 51942
995 1 51944
5224 3 51944
5932 5 51945
9897 5 51945
5499 2 51946
821 5 51947
4386 1 51947
8098 4 51948
688 4 51948
9200 3 51950
4562 5 51950
5734 5 51951
9011 4 51953
9357 3 51955
4462 3 51956
8098 2 51956
5604 5 51957
59 5 51959
5365 4 51960
9935 1 51960
8277 3 51961
7722 5 51961
5211 5 51962
7092 5 51962
4666 1 51963
6878 2 51965
7871 3 51965
3310 3 51966
5021 2 51966
6855 4 51967
2872 4 51967
2312 2 51968
9050 5 51968
3042 1 51969
1592 2 51970
2395 4 51972
5055 1 51974
7074 2 51976
620 2 51976
8214 1 51977
1488 1 51978
7611 4 51983
9372 3 51984
1573 1 51984
6728 5 51985
5032 2 51986
7391 4 51986
8276 5 51988
4659 3 51990
4086 5 51991
1050 5 51991
9502 4 51992
477 4 51992
7476 5 51993
7384 1 51993
7734 1 51994
6539 1 51995
3538 5 51995
2789 5 51997
9768 4 51997
9243 5 51998
9563 5 51998
5801 5 51999
4729 3 51999
2622 2 52001
3093 4 52002
5064 4 52002
1952 1 52004
155 2 52004
3906 2 52005
6690 2 52005
8220 2 52006
4728 5 52006
7000 5 52007
7485 4 52007
4887 3 52008
4197 1 52008
6203 3 52009
1181 1 52009
3435 3 52010
3805 3 52010
7874 2 52011
6471 5 52011
4179 4 52012
4606 3 52012
6984 4 52015
9168 4 52016
7843 1 52016
3714 2 52019
8765 2 52020
3169 4 52020
1440 5 52021
769 1 52021
8404 1 52022
4166 4 52022
3231 5 52024
1570 2 52025
2731 5 52025
1720 3 52027
9982 1 52028
9598 3 52028
9999 5 52029
8774 4 52030
4094 1 52030
4837 5 52033
4105 5 52033
7397 3 52034
8317 3 52035
2046 4 52035
8297 3 52036
221 1 52038
9542 4 52039
9407 5 52040
270 4 52041
1945 3 52042
4741 2 52043
8146 2 52044
6897 3 52045
1250 1 52045
6895 5 52049
8870 5 52051
8478 5 52051
9638 2 52053
7132 3 52055
4363 4 52056
5032 5 52056
3222 3 52057
5897 1 52057
3776 2 52058
620 5 52058
8441 2 52059
7956 1 52059
6506 5 52060
2278 3 52060
7797 1 52063
5357 1 52063
632 3 52064
8554 2 52065
1734 2 52065
3417 3 52067
3586 2 52067
7133 1 52070
7214 4 52070
2837 5 52073
7660 5 52073
8852 3 52074
2532 2 52078
2391 1 52078
8022 4 52080
8069 4 52080
4174 4 52082
4359 4 52082
9094 5 52083
725 2 52083
1021 4 52084
3466 1 52084
7683 2 52085
4873 2 52085
4291 5 52086
4043 2 52087
1032 1 52087
4967 3 52088
2220 3 52088
7075 3 52090
2985 1 52090
2250 3 52091
1372 2 52091
9400 2 52092
5485 5 52092
8578 4 52093
7464 2 52093
8547 2 52094
1673 3 52094
7603 5 52095
5477 2 52096
2078 4 52098
220 2 52099
1067 4 52101
5439 1 52101
6581 1 52102
9105 3 52103
8988 5 52105
1315 3 52106
4900 4 52106
7646 2 52109
8252 4 52109
9163 2 52110
3848 2 52111
9534 2 52111
6644 3 52113
9042 5 52113
6758 2 52115
6506 4 52119
3136 1 52120
2754 3 52122
6321 3 52122
671 5 52123
7232 1 52125
9789 3 52126
6297 5 52126
718 4 52129
6683 1 52134
268 2 52135
6224 4 52136
1418 2 52136
4597 2 52137
7927 3 52137
9117 5 52139
7121 1 52140
5314 1 52140
5956 1 52141
1812 2 52141
1456 2 52142
9535 1 52143
8409 4 52146
1828 1 52146
8548 4 52147
9600 1 52148
1892 3 52148
1567 4 52150
9929 5 52150
5239 1 52151
4969 3 52151
2559 4 52152
9854 5 52153
4786 3 52153
633 5 52155
1798 3 52156
5732 3 52156
2407 4 52157
2750 1 52158
8180 4 52158
3665 3 52159
4457 2 52159
2891 3 52160
6785 5 52160
3909 4 52161
8948 1 52161
6070 4 52165
7010 1 52165
9762 3 52166
3393 3 52169
2654 5 52171
70 1 52171
6508 4 52172
5511 1 52174
4733 4 52177
68 5 52178
211 3 52179
4121 1 52179
5433 2 52182
492 2 52183
6548 5 52186
8183 2 52187
3357 1 52190
6633 5 52194
2653 2 52194
759 4 52195
9466 4 52198
9096 4 52198
3413 2 52201
9996 1 52202
5378 5 52202
5705 4 52203
9796 4 52203
6015 2 52206
3026 3 52206
6963 2 52207
9894 2 52211
4544 4 52211
3127 5 52212
4500 1 52214
6960 2 52217
4671 3 52218
9088 1 52218
7742 1 52221
7251 3 52221
2044 3 52222
2248 2 52223
7476 3 52224
9533 4 52225
6809 2 52225
8264 2 52227
2950 4 52228
3700 2 52228
32 4 52231
8631 4 52232
2620 5 52234
5162 3 52234
3148 5 52236
6292 3 52237
1188 4 52238
1620 4 52239
518 3 52240
6730 3 52240
191 3 52242
7761 1 52243
4434 1 52243
489 3 52244
5283 5 52245
3771 5 52245
5652 4 52246
1598 5 52248
7124 1 52248
8758 5 52249
35 5 52250
22 5 52250
4931 1 52251
3394 4 52253
119 2 52254
2034 3 52255
3559 1 52255
3922 4 52256
8592 3 52257
5045 4 52257
5938 1 52259
260 4 52259
347 3 52261
7520 5 52261
7639 5 52262
2108 1 52265
6695 3 52265
9956 2 52266
4206 4 52266
4462 4 52267
6490 2 52270
6506 4 52270
1483 2 52271
6141 2 52271
9161 1 52272
9343 2 52272
5943 5 52273
119 2 52273
3236 2 52277
6534 5 52277
4580 2 52278
8759 5 52281
6782 4 52281
5183 1 52282
4958 2 52282
4905 4 52284
7768 3 52285
2858 5 52285
941 5 52286
5353 3 52288
2425 3 52289
9650 1 52291
2486 5 52291
714 1 52293
893 4 52293
4109 3 52294
1404 5 52294
3336 2 52295
801 2 52296
7547 2 52297
4576 2 52297
7490 5 52298
9053 4 52298
5577 5 52299
3283 1 52305
1836 1 52311
5886 3 52312
4218 2 52313
6598 3 52315
4797 4 52315
4685 3 52317
7828 1 52317
2127 5 52318
5973 3 52318
1052 1 52320
7097 5 52321
1659 1 52321
2616 5 52322
9148 4 52323
5828 2 52324
1747 5 52324
6212 3 52325
8329 1 52325
8998 1 52326
5505 4 52327
7153 3 52327
2449 3 52328
1108 3 52328
3015 4 52329
2832 4 52329
5880 2 52331
9017 2 52332
4605 3 52333
6603 5 52335
4150 1 52335
5895 2 52336
3609 3 52336
3467 3 52337
4589 2 52338
6209 5 52339
9063 5 52339
102 3 52340
3947 3 52343
2835 4 52343
2261 3 52344
8410 2 52344
1390 5 52345
6489 1 52347
8002 2 52347
9068 4 52348
2023 1 52348
1099 1 52349
380 1 52351
5786 3 52351
8800 5 52352
3941 1 52352
2369 3 52354
575 5 52356
1887 3 52359
3663 4 52365
1760 2 52365
779 4 52366
2431 4 52367
7229 3 52367
9590 1 52368
3036 1 52368
8562 1 52370
4671 1 52370
1963 2 52372
9567 4 52373
749 4 52374
4105 2 52374
4260 2 52375
4501 4 52377
3484 4 52378
6110 4 52379
5434 3 52381
7807 2 52381
8663 1 52382
478 4 52386
9882 2 52389
9024 5 52389
8341 3 52390
2772 3 52394
2122 2 52394
1586 1 52395
1161 4 52395
71 5 52397
383 1 52399
1030 5 52400
8426 1 52402
7671 1 52403
5421 4 52405
5596 1 52405
5805 2 52406
4570 1 52407
853 4 52408
5106 3 52408
6097 1 52409
3788 5 52409
4015 4 52410
705 2 52410
5752 2 52411
1631 3 52411
5924 1 52418
376 2 52421
6381 1 52421
2257 2 52423
9883 3 52423
3716 2 52425
2142 2 52426
9840 1 52427
8165 1 52427
5393 5 52429
1605 1 52430
4516 2 52430
7108 2 52432
1939 4 52432
1233 1 52433
6807 1 52433
1719 2 52435
782 2 52436
7881 3 52438
7207 3 52439
9458 5 52440
9704 2 52441
3018 4 52441
9342 1 52443
8009 3 52443
9272 4 52444
3038 1 52445
6903 1 52445
9520 2 52446
83 1 52448
852 5 52450
1285 4 52450
6012 3 52451
1964 3 52452
4301 2 52456
6581 3 52457
995 4 52457
7474 1 52458
5515 3 52459
2165 4 52459
743 4 52460
4417 5 52460
6198 2 52461
7304 2 52462
9044 1 52463
4070 4 52464
7520 5 52465
3202 3 52467
3628 1 52468
8779 4 52468
7500 3 52470
9556 4 52470
2534 2 52473
3669 4 52474
1985 5 52475
464 1 52475
4114 5 52477
1769 4 52478
3045 2 52479
8920 1 52479
5535 2 52480
6266 2 52480
4612 3 52481
8280 3 52483
9794 3 52483
7324 5 52484
2547 3 52485
5450 3 52486
652 4 52486
3056 5 52487
4428 2 52487
2599 5 52488
9386 1 52489
9572 3 52490
4552 5 52492
7944 5 52493
7325 3 52493
4405 4 52496
6204 2 52496
1340 4 52497
3330 1 52498
1517 4 52500
9042 1 52503
6939 3 52504
3131 1 52504
5346 3 52506
1046 1 52507
4425 4 52508
8438 3 52508
5858 4 52509
2487 2 52509
4801 5 52510
2764 3 52511
169 1 52511
7684 4 52512
6285 5 52512
3564 2 52515
6401 1 52515
5444 4 52516
1961 3 52517
3645 3 52518
3127 3 52518
3415 1 52519
3004 1 52519
7903 1 52521
5194 3 52523
2999 4 52524
202 4 52524
3234 4 52526
5280 3 52526
7418 4 52527
1866 2 52527
6602 1 52528
5483 3 52529
6800 3 52530
8183 4 52530
7286 3 52532
7037 4 52535
2357 5 52535
8928 2 52539
7795 5 52539
6680 5 52540
332 4 52541
187 4 52541
3985 5 52542
4329 3 52542
9088 2 52544
782 2 52545
951 5 52546
7529 3 52546
1223 5 52547
867 5 52547
8138 3 52548
375 5 52548
7316 2 52550
3602 5 52552
853 1 52553
2615 1 52554
6027 1 52555
9265 1 52556
8770 1 52559
7919 1 52560
6035 5 52560
6151 5 52562
1607 4 52563
4900 3 52566
4051 2 52568
2413 1 52568
651 3 52571
5103 4 52572
9167 1 52572
8912 5 52575
139 5 52575
1799 3 52576
9510 2 52576
4410 5 52577
9216 3 52578
1009 3 52578
1537 1 52579
2539 1 52579
10 2 52580
2737 1 52580
8883 2 52582
7143 3 52582
7832 5 52583
5594 1 52583
8654 5 52584
3119 4 52585
270 4 52586
1367 2 52588
6698 2 52589
6388 2 52590
4179 5 52591
6130 2 52592
7257 2 52593
1842 4 52596
2310 1 52596
723 3 52597
3387 2 52599
1726 4 52600
4393 1 52600
4714 3 52601
5144 3 52601
2236 2 52602
8634 5 52602
1687 3 52603
6335 4 52603
4895 4 52605
1395 1 52606
9960 3 52609
3241 2 52610
3537 4 52612
7073 2 52613
4546 3 52618
4895 3 52619
60 4 52619
2504 2 52621
7758 3 52622
4796 1 52624
4880 4 52624
6204 2 52626
9670 4 52627
8347 3 52628
6822 1 52628
1149 5 52629
1190 4 52632
9728 1 52632
8537 1 52634
7931 1 52634
2853 1 52635
3810 5 52635
8265 2 52637
1032 2 52638
1477 5 52638
8882 3 52640
8539 3 52641
4388 2 52644
7818 3 52644
1652 1 52648
4459 2 52650
1497 4 52650
4482 4 52651
8399 1 52656
4194 2 52657
5285 2 52658
1287 2 52660
5337 1 52661
9598 2 52661
2651 2 52664
8263 5 52664
8346 5 52665
341 2 52670
4971 1 52670
217 3 52671
1247 4 52671
8620 4 52673
8999 4 52673
1263 5 52675
5489 2 52675
4764 3 52676
7283 4 52677
8538 5 52678
1466 4 52680
7899 1 52681
1828 5 52682
4600 3 52683
8492 1 52683
1620 2 52685
764 2 52686
5638 3 52687
3760 2 52687
5249 3 52688
3880 5 52689
7794 1 52689
264 5 52692
8367 4 52693
7279 3 52693
6586 3 52695
5051 2 52696
1168 3 52697
253 3 52698
1541 5 52698
3855 2 52699
8501 1 52699
6703 1 52700
7360 1 52701
4236 4 52702
4875 3 52702
4396 3 52705
6134 5 52705
6277 2 52707
277 4 52708
4663 3 52708
1230 4 52710
2196 3 52711
3776 5 52711
3972 1 52713
400 5 52713
5314 5 52714
8062 5 52714
9714 4 52715
485 5 52717
5918 3 52717
2146 1 52718
4509 5 52721
1623 5 52721
6961 2 52722
4725 1 52722
6765 5 52724
9708 3 52724
5402 4 52725
782 3 52726
6885 4 52726
2489 3 52728
7311 4 52731
452 4 52731
2081 5 52732
3163 5 52733
9248 4 52733
173 5 52734
4152 3 52736
3331 1 52736
1048 2 52737
8368 3 52738
5820 3 52739
4984 5 52740
3540 5 52741
7612 4 52743
7856 5 52743
7309 4 52745
5850 2 52745
9693 2 52747
5156 5 52748
8591 4 52748
8511 5 52750
6208 5 52750
9464 1 52751
7946 3 52751
6985 3 52753
3470 1 52755
2865 3 52757
4267 3 52757
4888 1 52758
7597 2 52759
828 3 52759
3727 2 52760
3448 1 52761
3562 3 52761
6197 1 52762
320 3 52762
6113 1 52763
631 5 52767
9761 2 52768
4506 5 52768
1231 4 52769
8443 3 52769
9833 4 52770
2769 2 52771
6421 4 52771
835 3 52774
149 3 52775
7211 4 52776
6949 3 52776
8010 4 52777
2138 5 52778
8741 1 52781
9402 4 52781
795 3 52783
2595 3 52783
556 5 52784
8236 3 52787
2973 3 52788
4062 3 52790
5743 5 52790
1330 4 52791
2279 1 52792
1541 5 52792
7624 1 52793
948 4 52793
9805 2 52795
6684 2 52795
6780 5 52796
6023 1 52796
534 5 52799
6798 3 52800
7567 3 52801
4686 1 52801
513 3 52802
988 2 52804
5639 1 52804
2771 5 52807
341 1 52807
6853 3 52808
8828 4 52809
6923 3 52811
867 1 52812
9340 1 52812
8688 2 52813
4942 3 52813
2648 3 52814
7272 4 52814
8708 4 52815
3892 5 52815
4110 1 52817
4276 4 52817
9563 3 52818
8964 1 52818
550 4 52819
9696 1 52819
8475 3 52820
7330 2 52820
6162 5 52821
5766 5 52822
8308 4 52822
2842 1 52823
6989 3 52823
8682 3 52825
7013 4 52825
4887 2 52827
6977 2 52828
3537 5 52828
8596 3 52829
4733 2 52830
8404 5 52830
4795 3 52831
2935 3 52832
2211 3 52835
7533 1 52839
2111 3 52839
3033 2 52840
7423 2 52840
4766 2 52843
8066 2 52844
2417 1 52844
572 3 52845
1244 1 52846
4845 5 52847
4926 4 52849
6687 4 52849
1746 5 52851
4126 5 52853
9347 4 52854
142 5 52855
473 4 52855
6718 2 52856
9418 5 52858
6423 3 52861
8171 3 52862
2192 2 52863
7782 4 52865
8413 5 52866
7219 3 52866
6399 5 52870
3232 5 52872
4350 2 52872
6377 3 52873
3852 1 52873
4133 4 52874
8760 4 52874
3006 2 52875
7589 3 52877
200 1 52879
7453 5 52879
3388 4 52880
6518 4 52880
203 3 52881
2544 2 52881
6485 4 52882
8000 3 52882
9158 5 52883
2801 4 52884
8119 3 52884
3258 3 52885
5528 2 52886
4812 5 52886
4489 3 52887
4694 1 52888
1586 4 52888
4776 5 52890
2306 4 52891
7307 5 52892
3351 4 52892
9683 3 52893
4004 2 52896
767 5 52896
4051 3 52897
316 4 52898
3317 1 52899
1531 3 52899
9920 2 52900
5282 5 52900
5633 1 52901
8017 4 52901
4746 1 52902
7429 5 52902
8958 4 52903
8131 4 52904
4936 5 52905
8996 1 52905
7695 2 52906
2198 4 52906
3789 3 52907
3728 4 52907
231 3 52908
1417 1 52908
4129 4 52909
7799 5 52909
5703 3 52911
4282 5 52912
4846 4 52912
5935 1 52916
6304 4 52919
1553 2 52919
3509 2 52920
6896 5 52920
4646 2 52924
3275 4 52924
256 4 52925
1108 3 52927
4906 5 52928
8600 1 52931
2699 2 52931
5945 5 52934
3700 2 52934
8116 3 52937
2354 1 52937
7762 3 52939
74 4 52940
3871 1 52940
335 3 52941
5490 1 52941
7143 3 52942
5487 4 52944
1342 5 52945
7832 1 52946
460 4 52946
295 3 52947
7822 2 52947
8790 4 52951
3117 1 52953
8685 3 52953
2462 1 52954
361 2 52955
9707 5 52956
5428 1 52957
4918 4 52959
2127 1 52960
9746 3 52960
6716 3 52961
9805 1 52962
1945 4 52963
290 3 52963
9556 1 52964
699 5 52965
647 3 52967
3905 5 52968
3245 4 52968
9466 5 52969
5196 5 52969
1194 3 52972
1969 4 52972
7188 5 52973
4154 3 52974
6579 4 52975
3000 1 52978
8356 1 52978
4863 1 52979
4654 1 52980
9067 4 52980
8837 2 52981
2268 1 52981
7609 1 52983
5834 2 52983
4155 4 52984
7049 2 52985
4449 3 52986
4843 3 52988
9603 5 52988
5307 1 52989
7761 2 52989
4883 5 52990
2270 5 52990
2520 1 52991
2736 1 52991
8596 5 52992
6775 4 52992
9838 1 52993
2243 1 52995
3319 4 52995
6650 3 52996
4490 4 52996
3942 2 52997
4950 4 52999
7471 1 53000
3053 5 53000
1389 3 53001
6096 5 53001
329 5 53002
757 2 53003
1160 4 53003
4727 3 53005
518 4 53005
7357 4 53006
3 2 53007
8810 2 53008
63 1 53008
2290 3 53009
4374 4 53010
8564 4 53010
1580 1 53012
5408 2 53012
8508 4 53013
6655 5 53014
2271 4 53014
2514 2 53015
4813 1 53015
4423 2 53016
1983 4 53016
3050 5 53019
80 4 53020
7533 3 53021
4445 4 53022
2488 1 53023
229 5 53024
6505 2 53025
7583 1 53025
2487 1 53026
8340 2 53026
1741 1 53027
1800 5 53028
423 5 53029
9029 1 53029
1743 1 53033
9397 3 53034
8664 1 53035
1455 4 53035
558 3 53036
6627 5 53036
5496 4 53037
6313 2 53038
4021 3 53038
7810 1 53039
4300 3 53040
7963 4 53040
5671 1 53041
3666 3 53041
9933 2 53044
5032 1 53046
6209 5 53046
6526 4 53048
48 4 53048
1610 2 53049
9397 5 53050
1592 5 53051
2285 2 53051
9256 4 53052
4155 5 53053
2428 2 53054
15 2 53054
7953 2 53055
9736 5 53056
5864 2 53056
8854 5 53057
7040 4 53058
221 3 53058
9364 5 53060
5552 3 53060
8729 2 53061
9339 2 53062
1599 5 53063
8640 3 53064
623 5 53064
6311 1 53066
6267 4 53068
2526 2 53070
2238 5 53075
60 4 53075
3125 3 53076
9575 1 53077
8813 2 53078
5236 5 53080
2768 2 53081
9319 1 53081
588 2 53082
5060 2 53083
2876 2 53085
7585 5 53086
5816 4 53086
3228 1 53087
9575 1 53091
5197 3 53092
777 4 53096
5809 1 53097
3823 5 53099
2215 3 53099
9480 5 53100
2155 1 53100
6626 5 53101
2088 3 53101
8894 3 53104
7438 3 53106
8311 3 53106
6135 2 53107
3980 2 53107
4767 1 53108
7127 4 53110
1867 5 53113
6067 1 53114
7576 4 53114
5588 2 53116
6507 5 53116
5 1 53117
5210 5 53118
7213 4 53120
5754 4 53120
7130 4 53121
4137 3 53122
2760 5 53122
3794 3 53125
950 4 53125
6845 5 53126
3351 1 53126
8864 5 53127
1635 2 53127
3150 5 53131
3155 2 53132
3354 4 53132
6079 2 53134
2468 5 53134
4226 5 53135
1632 2 53137
8696 4 53138
8689 3 53138
1802 5 53140
3568 1 53141
3499 1 53141
3867 3 53143
1325 2 53143
7954 3 53144
6271 2 53145
6057 3 53145
9141 1 53146
6519 4 53146
8394 1 53147
6561 4 53147
6704 2 53148
4762 1 53148
7532 2 53149
4666 2 53150
503 5 53151
8963 5 53152
4741 2 53153
2595 1 53153
4463 5 53154
2696 1 53156
7621 4 53157
537 3 53160
2229 1 53160
369 2 53162
974 4 53163
3240 4 53165
5523 5 53166
3304 1 53166
6782 1 53168
364 4 53170
2267 5 53171
5317 1 53171
3171 4 53172
28 5 53172
2048 5 53176
9217 2 53176
8332 2 53178
2489 1 53178
2954 2 53180
3172 5 53181
3131 4 53181
8260 4 53182
614 5 53182
526 1 53185
6795 1 53185
9788 1 53186
63 3 53186
3423 2 53187
6219 3 53187
6528 4 53188
165 4 53188
9341 1 53189
6153 2 53192
3037 2 53193
9884 1 53194
3075 5 53194
7437 1 53197
7101 3 53197
5665 2 53198
1068 4 53199
6435 1 53199
8853 2 53200
3549 3 53202
4989 1 53202
8820 1 53203
5083 4 53204
1520 4 53205
443 4 53205
9192 2 53206
5663 5 53207
9662 3 53208
2075 3 53208
1075 2 53210
8402 1 53210
2566 4 53211
4395 2 53211
7562 4 53213
9440 2 53214
7407 2 53214
8780 1 53215
5112 2 53217
9059 5 53217
9995 3 53218
4841 3 53218
9493 4 53219
3713 4 53220
6232 5 53222
3881 4 53222
3613 5 53226
681 4 53226
5996 2 53227
1914 3 53228
1444 3 53229
7070 3 53229
3910 1 53230
5641 5 53232
9909 1 53232
571 3 53233
879 4 53233
489 2 53234
4711 1 53235
4776 3 53235
5338 4 53236
8928 4 53237
6109 1 53239
3621 5 53239
3492 4 53240
3201 2 53240
1115 1 53241
513 4 53242
6741 3 53242
9762 4 53247
1115 4 53247
3852 2 53248
6685 2 53249
6938 5 53249
5871 5 53251
4309 5 53251
6149 3 53252
5159 1 53253
6005 3 53253
4363 3 53254
7682 3 53255
9924 4 53256
2370 4 53257
5242 5 53258
997 4 53259
7383 1 53261
6565 1 53261
7933 4 53264
596 5 53265
8072 2 53265
970 3 53267
4233 4 53267
9557 2 53268
4159 5 53269
9350 4 53270
631 5 53271
7163 3 53271
4787 1 53272
884 3 53274
7549 4 53275
6154 2 53277
4297 3 53277
4085 1 53280
9337 3 53281
2635 2 53281
3713 1 53282
8801 4 53282
2627 4 53283
193 3 53285
4113 1 53285
7669 5 53286
2891 2 53286
5422 2 53289
5031 4 53289
3033 4 53290
74 3 53292
2609 1 53294
2014 2 53294
2890 4 53295
1666 1 53296
3333 4 53297
7446 5 53298
8318 2 53298
1423 4 53299
112 2 53300
635 1 53300
9309 5 53301
9359 3 53302
6746 5 53302
2852 5 53303
3427 4 53304
1557 1 53304
8897 2 53307
9889 1 53309
7801 1 53309
7183 5 53310
6889 3 53311
9377 2 53312
5539 3 53312
9095 2 53315
5221 1 53318
8500 3 53318
8112 5 53319
1131 3 53323
8307 2 53324
9122 2 53324
1450 3 53325
3196 3 53326
5204 2 53326
4011 5 53327
5689 2 53327
4783 5 53328
6513 5 53328
2733 2 53329
5324 1 53330
7224 5 53335
1875 2 53335
6263 4 53336
170 3 53336
9515 2 53337
6770 2 53338
6970 4 53338
9787 3 53339
909 1 53339
3580 2 53340
7899 2 53341
1079 3 53341
3828 1 53342
9972 4 53343
7801 4 53343
7305 2 53344
4160 3 53344
7198 4 53345
6298 4 53345
6864 1 53346
3918 2 53351
8960 4 53352
518 1 53352
8747 1 53353
1073 4 53356
9416 4 53356
8656 2 53358
230 2 53358
930 4 53359
2842 2 53359
9154 4 53360
8434 2 53360
5536 1 53362
3170 4 53363
5312 3 53364
1483 4 53365
2903 2 53366
4079 5 53367
4030 1 53368
9105 2 53369
7047 2 53369
8756 3 53371
6968 3 53371
9404 4 53372
1337 1 53372
5530 4 53376
5086 4 53378
7561 1 53379
6216 5 53380
3205 5 53382
195 2 53382
9373 1 53384
1452 3 53385
2386 4 53386
5258 2 53386
763 4 53387
6563 3 53388
4678 3 53388
2649 2 53389
8036 4 53391
9750 5 53391
6112 4 53392
3305 3 53392
2752 1 53393
4721 1 53394
2113 5 53394
6599 4 53395
3915 3 53395
7344 1 53396
9205 4 53396
8802 2 53400
694 3 53401
2168 2 53402
9150 3 53402
3674 2 53404
3363 1 53406
8107 2 53406
997 2 53407
7793 1 53407
3072 4 53409
8773 2 53409
2093 4 53410
3404 4 53410
6889 3 53411
6863 2 53413
9184 3 53413
5903 4 53414
2361 3 53414
3001 1 53416
6470 4 53419
1872 4 53419
4678 2 53420
7151 5 53420
5008 5 53421
7755 2 53422
2676 1 53422
7132 4 53423
7884 1 53425
4291 5 53425
3434 5 53427
5647 2 53428
198 4 53429
4934 4 53430
4958 2 53430
7448 5 53433
7408 3 53434
7475 2 53435
1879 4 53435
9566 3 53437
3490 2 53438
5504 3 53438
1137 1 53441
4073 3 53442
8734 5 53442
9713 3 53444
5781 5 53444
9488 4 53445
153 4 53446
1156 5 53447
3178 5 53447
908 2 53448
8606 5 53448
5114 1 53449
2292 1 53449
4705 3 53450
3778 3 53451
9518 1 53451
1579 2 53453
1256 5 53455
2395 4 53455
6410 3 53456
8178 5 53456
7422 4 53457
6740 1 53457
3143 1 53458
8815 3 53458
3991 2 53460
402 5 53461
1943 5 53461
4302 1 53462
3796 5 53462
3730 5 53463
8302 2 53465
4173 3 53466
2198 4 53466
4769 5 53467
6238 1 53468
9335 5 53471
6525 5 53471
1869 4 53472
2638 3 53472
2278 1 53473
7896 2 53473
2313 3 53474
3263 2 53474
391 2 53475
6716 5 53476
7827 1 53479
6448 2 53479
2428 5 53481
4492 5 53482
841 2 53483
9167 5 53483
1460 3 53484
8701 2 53485
6951 1 53486
5831 4 53489
1511 2 53489
9220 2 53490
8959 2 53491
133 1 53491
1920 4 53492
1847 5 53492
40 5 53496
9987 3 53499
4992 4 53499
1848 2 53500
4970 2 53500
5781 2 53501
3697 2 53502
4331 5 53505
975 5 53507
3804 5 53507
324 4 53509
548 5 53509
2651 1 53510
1019 2 53510
7226 2 53511
6279 2 53513
5511 2 53514
8261 4 53514
9304 4 53516
5374 4 53516
6436 4 53517
9728 1 53517
3425 4 53518
1950 2 53518
1612 3 53519
5894 2 53520
9726 4 53520
6158 5 53522
3454 3 53522
774 3 53524
3657 1 53524
4991 4 53525
9015 3 53526
6581 1 53527
7469 4 53528
4561 3 53529
313 5 53532
1108 3 53532
3240 5 53533
1521 5 53533
5590 5 53534
2248 2 53534
968 1 53535
377 2 53537
628 5 53538
6787 2 53538
5083 5 53539
2104 5 53540
2093 4 53542
2022 1 53542
6229 5 53543
2839 4 53544
5149 3 53546
5043 5 53550
2113 4 53550
8274 2 53553
7950 4 53553
9828 5 53554
2956 4 53554
2435 3 53558
2062 5 53560
6181 5 53561
9645 3 53561
8242 2 53562
8372 1 53562
566 4 53564
5176 1 53566
2471 3 53566
8319 3 53567
1008 1 53568
1313 4 53569
6811 4 53570
6492 2 53571
1457 5 53571
4703 1 53573
5764 4 53574
5078 4 53574
9831 5 53579
4582 5 53579
5276 3 53581
7860 1 53582
3049 2 53582
5746 5 53584
132 1 53586
5265 2 53586
2637 4 53588
5052 1 53589
8346 1 53590
378 4 53590
2196 4 53592
5010 5 53594
4484 4 53595
9471 4 53595
7269 2 53597
1425 5 53598
5199 1 53598
1553 1 53599
7867 1 53599
9078 3 53600
7295 3 53601
1231 1 53601
6451 3 53602
3479 5 53602
437 5 53603
9048 1 53603
2688 3 53604
4140 3 53605
442 3 53605
6476 3 53607
1177 2 53608
564 1 53609
395 5 53610
7430 4 53610
7512 5 53611
8908 4 53611
3523 4 53612
5751 3 53614
3858 1 53614
5609 4 53615
1751 3 53615
7226 4 53618
5945 3 53619
7043 4 53620
5290 5 53620
41 2 53621
4285 4 53622
2248 5 53623
4753 2 53624
7114 5 53624
9428 4 53625
7067 3 53626
2868 1 53628
3718 3 53628
8789 4 53629
1479 3 53629
7425 1 53631
181 2 53631
6558 3 53633
7491 2 53634
4893 5 53635
142 4 53635
849 3 53636
9584 3 53637
3069 1 53639
6398 3 53639
9203 1 53640
755 5 53641
1423 5 53641
1880 5 53643
3355 5 53645
5202 4 53646
5922 5 53647
6463 2 53648
9253 3 53648
3006 4 53650
3467 1 53655
1679 3 53655
1821 2 53656
5493 2 53656
8649 5 53659
8343 5 53659
8093 5 53662
3415 3 53662
8088 1 53663
7721 5 53663
3138 3 53665
9737 3 53666
5330 4 53666
6616 3 53669
9655 4 53670
3862 4 53673
6276 2 53675
835 4 53675
6479 3 53680
3537 4 53680
9313 2 53681
3467 4 53681
1349 2 53683
5367 4 53685
9958 1 53685
7077 1 53688
5953 2 53689
5971 4 53692
5400 2 53693
7350 2 53694
5930 3 53696
5170 2 53696
860 4 53697
3590 1 53698
3897 2 53698
8643 5 53699
6979 3 53702
1883 5 53703
3900 5 53704
6395 2 53705
4976 4 53706
2091 4 53707
2236 2 53711
9477 2 53711
9303 3 53712
5527 4 53714
850 1 53716
3772 4 53717
619 3 53718
5759 5 53718
8547 2 53719
7783 4 53719
3224 2 53721
6858 5 53722
310 2 53722
209 1 53723
6717 2 53723
6126 4 53724
8164 2 53724
5310 2 53725
4373 5 53725
1404 2 53726
9266 4 53731
616 4 53732
1503 2 53734
1935 2 53734
2635 4 53735
1997 1 53735
9451 1 53736
5185 4 53737
6672 5 53738
5088 4 53738
8170 4 53739
6698 5 53739
6528 5 53741
9195 3 53742
4487 3 53745
5739 5 53748
7772 1 53748
8470 3 53749
1577 2 53749
2634 4 53751
7995 5 53752
5289 5 53754
8894 2 53755
9549 3 53756
1971 3 53756
485 5 53758
6341 5 53758
3369 5 53761
4315 5 53762
3202 3 53763
9529 1 53770
6759 1 53770
2153 5 53771
3693 3 53772
8066 2 53772
5283 4 53774
9871 1 53774
2042 5 53775
8599 4 53775
6831 5 53776
6903 4 53776
6772 4 53777
9966 5 53778
5821 5 53778
3362 3 53779
7446 1 53780
1592 4 53782
5759 3 53784
7976 5 53784
1051 1 53785
5684 1 53789
7697 3 53789
6424 1 53790
3616 1 53791
9420 5 53791
8968 1 53792
7423 3 53792
606 4 53794
339 2 53794
9928 2 53796
6100 1 53796
3293 5 53797
5114 4 53799
7996 3 53799
872 1 53801
3167 5 53802
6209 5 53803
1227 3 53804
2080 5 53805
8712 2 53807
7231 5 53808
3427 1 53808
9863 1 53809
4548 2 53809
7924 1 53810
934 5 53811
5608 4 53814
7356 3 53815
4976 2 53815
4325 1 53816
431 3 53816
657 4 53818
9884 3 53819
5228 2 53822
8147 5 53822
2990 3 53823
6680 2 53825
7582 2 53826
3701 3 53827
8465 4 53828
4152 3 53828
277 5 53829
1591 4 53831
393 5 53831
1928 5 53832
9824 4 53832
3650 5 53837
4330 5 53838
7088 2 53838
1722 3 53840
6239 2 53842
4644 2 53842
6291 4 53843
4976 3 53847
5144 1 53847
4551 2 53848
9293 1 53849
2949 2 53849
4669 5 53850
2330 5 53850
1446 1 53851
1300 4 53851
8759 2 53854
932 2 53854
6073 1 53858
6065 4 53858
3530 1 53859
2205 5 53860
8327 2 53860
1388 4 53861
9573 1 53862
3433 1 53862
3461 2 53863
5738 5 53865
3979 4 53866
3745 3 53869
2625 1 53870
1942 1 53872
1247 5 53873
8287 3 53874
8061 1 53875
8395 1 53876
7497 3 53876
457 4 53877
819 4 53879
6683 3 53879
327 1 53880
2102 4 53881
4170 5 53881
3907 1 53883
726 1 53883
310 2 53884
1004 2 53887
2753 5 53888
6000 5 53888
2443 5 53889
1548 1 53892
1977 3 53894
3350 4 53895
8334 1 53895
2535 2 53896
7991 4 53896
2481 3 53898
3337 4 53900
3783 5 53901
2673 3 53901
5478 2 53902
6905 2 53902
8120 5 53903
492 4 53903
7300 5 53904
6735 5 53905
5037 3 53905
2741 1 53906
5809 4 53907
2490 3 53909
9153 4 53909
9122 1 53912
4386 3 53912
8628 5 53913
7266 5 53914
384 1 53914
3253 4 53916
5396 1 53917
5606 3 53917
5046 3 53918
8920 5 53918
9001 4 53919
1627 5 53919
7921 4 53921
2108 3 53922
2750 5 53923
5357 5 53924
7461 4 53925
7825 5 53925
1674 4 53926
6711 2 53927
2984 5 53931
700 1 53931
8765 3 53932
7021 2 53933
4569 2 53933
3192 4 53934
5775 4 53935
1345 5 53936
7276 4 53937
2534 3 53937
7774 3 53938
676 1 53938
8256 5 53939
2498 1 53941
530 3 53943
1150 3 53944
2228 2 53945
5614 3 53945
1699 4 53947
8365 5 53947
3482 2 53948
9982 1 53948
2393 5 53949
6285 3 53949
9854 5 53950
6729 1 53951
7633 4 53952
8281 5 53952
4736 3 53953
7900 3 53955
5779 5 53955
2216 4 53958
9698 3 53961
5610 2 53962
1252 5 53965
8633 4 53966
3742 3 53967
7411 1 53967
2213 4 53968
2282 5 53970
6988 5 53970
1155 1 53971
7533 3 53972
2441 1 53974
9916 1 53976
9703 4 53976
2007 4 53978
2775 5 53979
4963 4 53982
5782 4 53984
639 1 53984
8999 1 53985
5214 3 53985
8236 5 53986
3412 2 53986
4167 5 53989
8053 1 53989
6590 2 53990
8083 2 53992
1124 5 53992
6187 3 53994
8484 5 53994
8429 2 53995
4056 5 53995
5833 1 53997
5978 3 53999
2055 5 54000
4225 5 54000
6156 2 54001
2050 2 54001
269 3 54002
5389 4 54002
8302 5 54003
4844 4 54004
1666 5 54004
7532 2 54006
1553 2 54007
8162 5 54007
9088 4 54009
757 2 54011
6522 4 54012
1123 4 54014
3359 5 54015
4517 3 54015
8466 4 54019
6075 2 54021
9019 5 54022
7566 5 54022
6240 2 54023
5024 2 54023
4942 5 54024
7631 3 54025
1582 3 54027
6554 2 54030
6848 2 54030
52 3 54034
9436 4 54035
3760 3 54037
