32000 21863
7557 5 0
3808 5 0
9476 3 0
9875 5 0
9746 2 0
4397 4 0
3952 4 0
290 4 0
7139 1 0
6047 3 0
6817 2 0
7205 4 0
6457 5 0
9713 4 0
8063 4 0
3709 1 0
7620 2 0
1852 2 0
9231 3 0
9369 2 0
2985 5 0
903 2 0
7212 5 0
85 3 0
4373 4 0
6051 3 0
2229 5 0
6393 5 0
5905 2 0
1053 1 0
602 1 0
464 5 0
7242 4 0
4007 5 0
8651 2 0
6993 2 0
3214 2 0
1541 5 0
1705 4 0
5508 1 0
6769 5 0
228 3 0
7545 5 0
359 1 0
6073 1 0
5893 2 0
728 4 0
7577 2 0
908 4 0
9131 3 0
8932 5 0
6884 2 0
3582 4 0
8691 5 0
618 5 0
533 4 0
8842 1 0
3108 4 0
7769 5 0
5478 3 0
6890 3 1
8562 1 1
2591 2 2
979 2 3
7399 1 3
4627 1 5
363 5 5
8569 1 6
6039 3 7
7467 5 7
2119 5 8
7220 3 8
9878 1 9
7645 3 9
4040 1 11
4900 2 11
2984 1 13
9732 3 13
9823 1 14
8396 3 14
1223 2 16
3466 4 17
2647 2 17
6593 2 20
6422 1 21
2159 2 22
4883 2 22
8167 3 25
6524 1 25
9526 1 26
4531 4 26
4360 3 27
4273 1 28
1294 4 28
1114 4 29
5961 2 29
5436 2 30
301 1 31
6398 5 31
3484 3 32
8426 2 34
535 1 35
6766 5 37
6559 5 38
396 1 38
9649 1 40
8139 3 43
4230 5 43
7568 5 45
1278 1 46
9130 3 49
1532 3 50
5169 2 52
8268 2 52
7702 1 54
8993 2 54
9791 1 56
1289 1 56
98 3 58
1068 4 60
8819 1 62
1356 3 62
5167 2 63
4906 3 63
4425 4 64
6003 3 65
8580 1 65
8147 3 66
8878 2 67
3405 1 67
2362 2 68
8602 1 68
1273 2 69
221 5 70
3769 5 71
3705 1 71
8355 4 72
9345 5 75
1905 2 76
9078 3 76
9907 1 78
1693 4 79
9513 5 79
3773 2 80
9308 5 80
3920 2 81
4950 2 82
3301 5 82
164 4 84
3540 2 84
6274 4 86
947 4 86
3137 2 87
1652 3 89
7307 5 89
987 5 90
8363 4 90
1289 4 91
459 2 92
1270 2 92
2729 3 93
8342 4 94
7363 1 94
9776 2 95
2580 2 96
6098 4 96
8673 4 97
5517 2 97
6755 5 98
250 2 99
9424 2 99
2262 2 100
5049 1 102
103 5 103
3521 3 103
936 5 104
6293 5 104
7282 2 105
2414 3 106
8035 2 108
6922 2 108
4791 3 109
4787 1 109
2818 3 110
2086 1 110
8528 4 111
5007 1 111
587 1 112
8249 5 112
7629 3 113
452 3 113
3674 5 114
8601 3 114
4663 5 115
3171 2 117
8932 3 117
8051 4 118
6999 5 119
3045 5 120
5142 1 123
5695 3 124
7038 5 124
1104 2 125
3869 4 126
9781 5 126
9272 2 127
9097 4 127
8527 2 128
521 1 130
7195 2 130
9615 5 131
2418 1 133
4963 3 134
1404 5 134
8815 1 135
8430 2 137
4626 3 140
9637 2 140
9713 1 141
2107 2 142
5315 4 144
9865 2 148
9694 1 148
8451 5 149
7802 5 150
9155 1 152
854 1 152
5340 1 153
7507 2 153
7384 1 154
2657 4 155
5365 2 159
3801 3 159
2378 5 160
5213 2 160
1729 1 161
4817 4 161
5103 2 163
8349 3 163
4136 2 164
9596 4 164
5063 2 166
8446 3 166
2851 2 167
3741 2 167
6553 1 168
4763 3 168
6428 3 169
7224 3 169
9436 1 170
6540 2 172
1953 3 173
6469 2 173
1959 1 174
4399 5 175
4338 5 176
7683 2 178
440 3 179
3331 5 180
6318 4 181
2038 2 184
3943 2 184
4319 3 185
147 4 185
5397 4 186
9418 5 187
4699 5 187
9151 2 188
7492 4 188
1975 1 193
4864 4 194
1030 1 197
8990 3 197
157 4 198
2330 3 198
4155 1 200
5901 2 200
6923 1 201
4140 2 203
8334 3 203
235 1 204
3217 2 205
7284 3 205
5114 3 206
8023 1 206
2242 2 207
2417 2 208
1526 3 209
9742 3 209
6218 3 210
5741 4 210
5043 1 211
6688 2 212
5323 2 213
9010 5 213
2024 1 214
6512 5 217
7331 3 219
3504 3 220
5928 1 221
243 4 221
8935 4 222
8096 3 222
6664 5 223
8635 2 224
6367 3 227
684 4 228
359 1 228
8586 2 230
198 1 230
9275 2 231
4971 3 232
9496 3 232
2637 1 233
8501 3 234
6900 3 235
4356 1 236
8418 4 236
4830 3 238
887 3 239
6155 2 240
6813 2 240
9536 2 241
4871 1 242
7245 5 244
8960 2 245
243 4 245
8281 4 246
2544 2 247
443 4 247
4845 1 249
3642 1 249
5694 3 251
2282 4 251
4757 5 252
1207 5 252
1172 1 254
7316 4 255
3646 4 256
7368 4 256
4498 1 257
1250 2 258
2405 3 260
5613 5 260
6569 5 261
2090 2 262
6021 4 262
4973 5 263
5861 1 263
3201 5 264
6697 5 265
3090 2 265
1265 2 267
9154 3 267
5011 4 268
209 5 268
2790 5 273
7528 1 273
4850 5 274
9124 3 275
1588 1 275
188 4 277
4098 4 279
8690 4 281
2945 1 281
4630 3 282
4367 4 282
8355 1 283
1496 4 284
5952 2 286
9444 1 286
1417 5 287
6082 5 287
1763 3 288
8056 1 288
2 5 289
3132 4 294
5642 4 294
9949 4 295
8760 5 295
6163 5 296
6132 3 297
8188 2 297
8836 4 299
7864 3 299
443 3 300
4396 2 301
5311 3 302
4627 2 303
3048 1 307
2810 5 307
8359 5 308
6528 1 308
2847 4 311
683 2 311
249 2 312
6237 5 313
3044 2 313
9597 4 314
8568 4 314
3965 4 317
1397 5 319
1976 5 321
4640 4 322
9382 5 324
6231 3 324
1427 3 325
5758 2 326
8809 1 328
9729 3 329
4290 5 329
9709 2 331
554 1 331
8326 3 332
9531 4 333
6707 4 333
3443 4 334
4008 1 336
1045 1 337
263 2 337
8877 4 338
7878 5 339
2656 1 339
1355 4 340
9819 3 340
2135 4 341
7193 4 342
6588 5 345
8406 1 345
7112 3 347
9001 4 347
7757 2 348
7819 1 349
6831 3 349
421 1 350
4596 3 350
4216 4 353
6386 1 354
1656 5 356
2391 2 356
6787 5 358
2617 4 359
5985 4 360
2983 2 362
4410 1 364
6845 4 365
2516 4 366
5466 2 368
7824 4 370
9355 2 371
1791 1 372
6657 3 373
6542 4 373
9822 4 377
1654 2 381
2746 1 382
6919 5 382
8081 1 383
2542 1 383
8846 3 384
2345 3 385
4261 1 385
7374 4 386
3661 2 387
664 5 387
553 2 389
2825 3 392
9917 3 394
8531 3 395
9158 5 396
7096 1 398
633 1 402
6299 1 405
540 1 405
4475 3 406
9294 2 406
7157 4 410
2211 5 410
6535 3 411
5039 5 411
5208 5 413
8185 2 414
9117 5 414
763 4 416
3515 1 416
9535 1 417
8094 4 417
7833 3 418
9353 2 420
3901 4 421
8034 4 422
7378 4 423
3385 4 423
1421 4 424
8750 1 424
1055 2 426
6799 4 426
7530 1 429
5844 5 430
7515 3 431
2074 3 431
4085 5 432
511 3 433
8610 2 433
1136 1 435
2262 4 435
6272 3 436
47 4 436
6276 3 437
3210 5 437
4917 4 438
2280 5 438
1272 3 439
7028 1 439
5311 3 441
7558 4 442
7213 4 444
6761 3 444
5974 5 445
2410 4 448
5459 5 450
7504 5 451
5727 1 451
8373 1 452
2860 2 453
7272 5 453
6485 4 456
9303 1 456
3061 2 457
192 4 457
2444 4 458
7252 3 459
3788 2 461
2749 5 462
4491 3 463
2613 3 463
9875 4 464
9949 2 464
9933 4 465
4480 4 466
4595 3 466
311 5 467
8448 2 468
7955 1 469
7401 2 469
8388 5 470
8997 2 472
8276 1 474
3054 2 474
109 1 476
5638 3 477
353 3 477
8810 2 478
6558 1 479
8962 2 482
9301 2 482
9082 2 483
4618 1 483
4464 2 484
5737 2 484
8519 2 486
7518 2 486
4061 5 487
7290 3 488
6108 2 489
9854 5 489
8168 1 490
2273 5 490
7399 1 491
1286 3 491
768 3 494
8941 3 496
9464 1 496
4407 3 498
3280 1 500
2681 3 500
4056 3 501
2096 3 502
5619 2 502
4062 3 503
7997 2 508
7213 2 508
8318 4 510
8758 1 512
8810 5 513
8536 2 515
2794 1 515
7332 5 517
8237 3 517
2982 1 518
928 4 519
1651 5 519
5310 3 520
534 2 523
3585 4 525
6262 5 526
9071 4 526
9886 1 528
9001 2 529
2723 2 530
2918 1 531
4903 5 533
2718 3 533
9958 2 535
1550 3 538
4221 5 538
4194 2 540
131 2 540
7488 5 541
5285 1 542
3587 1 543
7492 3 544
4999 5 544
5339 4 545
9891 4 546
6338 2 547
6421 3 548
5467 3 548
1689 2 549
6430 5 549
7389 3 550
3617 4 552
2947 4 552
6336 2 554
5149 4 554
406 2 558
5975 5 558
2508 3 559
5448 2 559
8079 2 560
1447 3 560
7571 1 561
2107 2 561
70 3 564
9455 4 564
1854 4 565
9440 2 568
5168 1 571
9180 5 571
7252 2 572
4663 5 573
9319 1 574
1374 2 575
6948 1 575
3829 5 577
8750 2 577
8494 5 580
9909 4 582
1079 2 582
335 2 583
8994 4 586
3519 3 587
8868 4 592
6516 2 593
4251 4 593
8274 1 596
4461 4 596
3567 1 597
8016 4 597
6709 3 598
4166 2 598
5610 5 599
8866 1 599
3459 5 600
370 2 600
5908 1 601
9767 4 601
2578 5 603
6048 2 605
3153 5 605
131 5 607
9304 5 607
2503 4 608
7703 3 609
455 2 610
8767 5 610
1404 4 611
1286 3 612
8658 5 612
7915 3 614
8862 3 614
2271 3 615
3553 2 615
9574 1 616
9592 4 616
4634 3 617
1723 5 618
6137 1 619
3824 4 620
8493 2 621
5312 3 622
1476 1 623
1951 2 628
8011 2 629
3480 1 629
7608 3 630
927 1 631
1852 4 633
5576 1 634
1796 1 635
6497 4 640
6992 2 641
7447 2 645
8834 4 651
3807 1 652
9417 5 654
9755 4 655
5696 4 655
4499 4 656
9336 2 657
7480 4 658
3782 1 659
1560 5 659
8979 1 661
7513 3 662
5619 4 663
3706 4 664
7945 4 665
756 5 666
9981 2 666
6388 5 667
3095 3 667
5159 3 668
5723 4 668
355 5 669
9970 2 669
3350 3 670
5579 1 670
276 3 671
8998 4 671
8289 5 672
5569 1 674
7713 5 674
3431 5 678
8761 1 681
5564 3 685
503 5 686
3873 3 687
3125 1 687
3742 3 688
527 2 690
6049 5 690
7697 2 692
9802 3 694
7679 1 694
6320 2 695
5375 1 695
3476 4 696
6436 2 698
2348 3 698
3549 4 699
9856 1 699
1241 5 701
4436 4 701
9386 3 703
5540 5 704
9931 2 704
2780 2 707
5115 5 707
8095 5 709
9779 2 709
8916 2 711
8064 4 713
6437 3 714
3021 1 715
7998 3 715
2103 4 716
7375 1 716
5073 4 717
137 3 725
9382 1 725
8736 3 726
3862 2 727
9413 2 727
2772 1 731
7630 4 731
9184 4 732
5065 3 734
2372 5 735
4943 1 736
3237 5 736
7026 2 738
7960 2 738
3904 3 740
8339 2 741
1600 5 741
6417 4 742
7169 3 742
713 3 744
476 2 744
8708 4 745
8805 1 745
7513 3 746
130 2 748
7002 5 748
5427 2 749
7286 5 750
1569 4 751
4833 4 753
4326 4 753
2687 1 754
9757 4 755
9567 2 755
68 5 756
7181 2 756
9388 4 759
3859 2 759
3182 4 760
3421 2 760
5694 4 761
9921 1 762
1941 2 762
8786 4 763
8060 3 764
4240 1 764
50 2 765
3027 4 765
2203 1 766
4213 3 767
2941 5 767
646 4 770
8617 4 771
1096 1 771
6791 3 772
3714 5 775
8640 5 775
8197 2 776
6389 2 777
8205 1 778
4664 2 778
6206 3 779
4640 2 781
2360 5 782
9506 1 783
1058 1 784
7821 5 785
6066 3 785
4853 4 786
1564 2 788
6187 2 788
3737 2 790
2039 1 790
8847 2 792
5807 4 793
7541 3 793
7113 1 796
5039 2 796
3222 3 797
9990 2 798
4882 3 799
3291 3 800
4395 1 802
3207 4 802
6194 2 805
1662 5 806
8077 3 810
2662 3 810
8985 2 811
6300 1 811
6442 2 812
3012 2 814
3357 2 815
1735 4 817
9870 3 818
2422 1 818
1030 2 820
2438 1 820
1316 5 821
8486 3 822
5641 1 823
4676 4 824
3801 1 824
6177 2 825
6629 1 825
5291 1 826
4296 3 826
6005 4 827
844 2 827
5627 4 828
6705 2 831
4342 1 831
6821 1 832
2243 5 835
3441 1 835
6189 1 836
4650 5 837
2080 4 837
9607 1 838
6063 3 838
129 5 841
4345 3 841
832 2 842
3265 2 846
5774 5 846
3788 2 850
844 2 850
484 4 851
6156 3 853
2351 5 853
3971 5 854
5603 1 854
7945 3 855
4028 5 855
8693 3 857
2314 3 859
9375 3 859
5880 1 860
7007 4 861
9659 5 865
4282 1 865
4680 3 867
9686 5 871
4270 4 873
6799 2 873
1033 5 876
7535 1 877
5332 5 879
9500 5 880
8376 1 882
810 4 883
6217 4 883
8768 3 884
8193 3 886
9841 1 886
5785 1 887
3709 2 889
6001 5 893
1067 5 894
5118 3 894
215 1 895
578 3 895
8459 2 896
462 5 898
4632 4 899
8417 1 901
1960 3 903
4989 4 903
8164 2 905
1212 4 905
4509 1 906
8753 1 908
3028 3 908
7470 5 909
2546 2 910
7199 1 910
1801 1 911
4855 3 911
3818 3 912
8642 5 912
1732 1 913
9412 4 913
1067 1 914
3393 5 914
3448 1 915
4059 2 915
7611 4 916
2079 2 918
9849 1 918
5517 1 919
5782 2 919
8387 5 920
1025 1 921
9186 4 922
1010 1 925
6641 4 926
1200 2 926
7024 2 927
2109 1 927
4856 1 928
777 5 928
9155 1 929
7979 4 929
3223 4 930
3921 4 930
3380 3 931
8332 5 933
2438 3 934
8993 3 934
5935 2 935
6562 2 935
686 3 937
6982 4 938
3926 3 938
4743 3 939
2337 1 939
2572 5 944
4897 1 945
4278 2 946
2842 1 946
583 1 947
4627 2 947
7207 3 948
696 5 948
8820 3 950
8557 3 950
4903 5 953
9639 1 953
36 4 956
6516 4 957
8894 4 958
26 4 958
8584 4 959
8205 3 962
9003 1 962
5880 4 963
8742 3 963
7991 1 964
4886 1 965
8417 5 965
2683 1 966
3970 2 966
3303 1 968
193 2 970
8648 2 971
6936 1 971
8935 2 972
1564 3 976
8787 2 976
1533 5 977
3602 5 978
3254 5 978
1875 1 979
752 3 979
5165 3 981
3765 3 982
2985 4 983
7616 3 983
7299 2 985
6747 4 986
9115 4 986
7112 2 987
1434 1 987
9313 4 988
3752 2 988
6669 3 990
337 5 993
9040 1 994
6187 5 997
103 5 998
162 1 1001
3421 3 1001
9453 3 1002
494 5 1003
5767 3 1003
5083 1 1004
1886 5 1004
1907 3 1006
7945 2 1006
5671 4 1010
121 3 1011
8927 5 1011
6016 2 1012
6536 1 1013
4212 3 1013
9279 1 1015
8135 3 1017
3567 1 1019
582 2 1019
5737 5 1020
8097 4 1020
558 2 1021
7551 2 1021
2140 4 1022
2968 1 1022
2876 4 1023
5282 4 1025
9137 2 1025
2329 4 1026
3053 1 1027
2371 2 1029
2038 4 1029
5690 2 1032
8670 2 1032
3085 1 1033
8981 5 1033
6248 3 1034
2061 4 1035
8023 2 1035
7778 5 1036
6046 1 1036
9154 1 1037
6467 3 1037
3791 4 1039
6917 1 1040
1368 4 1041
8636 2 1041
991 5 1044
3758 3 1046
6096 5 1046
938 4 1047
5242 3 1048
1455 2 1048
9238 2 1049
1776 4 1050
8638 2 1050
5315 5 1051
9910 5 1053
4455 2 1054
3471 2 1054
1744 5 1055
7877 4 1055
2054 2 1057
5459 1 1058
5475 2 1059
213 3 1060
8844 5 1063
436 3 1063
6737 2 1064
421 1 1064
8482 4 1065
8232 3 1066
9780 4 1066
941 2 1067
9031 4 1068
3049 1 1068
1167 4 1072
1549 2 1074
1142 5 1075
3453 4 1075
2580 4 1076
1760 2 1077
75 5 1078
6965 3 1078
2274 1 1080
8806 5 1083
8687 2 1085
5608 5 1086
8058 5 1087
7407 1 1089
7752 2 1090
2148 4 1092
415 1 1093
8825 3 1094
1992 2 1095
1955 1 1095
9893 5 1096
5782 5 1096
4987 5 1097
8869 2 1097
9678 2 1099
3121 5 1100
6907 5 1100
4215 2 1101
4378 4 1102
1021 4 1102
424 2 1103
3620 3 1103
1051 3 1104
1063 3 1105
982 2 1107
4132 1 1107
9988 1 1112
4348 1 1112
7612 2 1113
8820 2 1114
7144 3 1114
4400 2 1115
7695 3 1115
1640 3 1116
5147 1 1118
8242 5 1118
6710 4 1119
3783 2 1119
8653 2 1121
5 5 1125
4692 3 1125
8100 5 1126
5192 4 1126
2752 5 1127
9826 2 1127
4570 5 1129
4349 2 1130
216 3 1130
5112 5 1131
7737 1 1132
9654 5 1132
699 3 1133
21 2 1134
1130 3 1135
5597 5 1135
3880 1 1136
3186 1 1136
6448 5 1137
7234 5 1142
6787 3 1144
6121 1 1145
1930 5 1145
6133 1 1146
8194 2 1148
7970 1 1148
7135 5 1150
9472 2 1150
2153 2 1151
1619 1 1151
4892 2 1152
4333 1 1152
2384 1 1153
4942 3 1154
1163 4 1154
2842 4 1155
3011 4 1156
2108 4 1158
5811 4 1158
8476 4 1161
4951 3 1163
2022 5 1167
4110 2 1168
8026 3 1169
6432 1 1169
795 5 1170
3016 3 1170
9601 1 1171
3826 2 1172
7595 3 1172
5988 4 1173
5315 1 1173
2155 2 1178
6254 1 1179
3416 4 1179
4494 1 1180
9865 3 1180
3409 5 1182
2368 3 1184
2386 3 1184
9498 4 1186
4249 4 1187
2424 3 1190
171 4 1190
5568 3 1193
4357 2 1196
3671 5 1198
1537 5 1199
358 2 1199
4021 4 1202
6235 2 1203
7431 5 1203
4611 2 1204
3845 3 1204
4082 4 1205
5662 1 1207
3088 5 1210
5500 2 1210
5256 3 1211
9744 1 1211
812 2 1213
8496 4 1213
8217 1 1214
6156 1 1216
502 5 1217
7890 5 1220
5750 3 1221
8502 2 1221
6980 3 1222
2483 2 1223
6271 5 1223
3983 5 1224
6042 4 1225
5837 3 1225
2109 1 1226
772 3 1227
8563 1 1227
6632 5 1228
5679 2 1229
9153 3 1230
8553 4 1231
2471 3 1232
1024 1 1233
5642 2 1233
7966 3 1238
8052 1 1238
6656 1 1239
990 5 1240
205 4 1241
1691 2 1242
598 4 1242
6078 5 1243
8805 5 1245
4888 3 1245
7166 1 1246
4632 2 1246
6557 3 1248
8664 3 1248
851 3 1249
6687 2 1250
7070 4 1250
224 2 1251
197 1 1255
398 3 1256
1887 5 1258
669 4 1258
3948 2 1259
1852 4 1260
2095 3 1261
2746 1 1261
2250 3 1262
1628 2 1262
1257 2 1264
2134 2 1264
4166 1 1265
1300 1 1265
7183 3 1269
9773 1 1269
3137 5 1270
9695 3 1271
8837 4 1272
6279 3 1272
1513 4 1274
2154 4 1274
7754 4 1276
1696 2 1277
3491 3 1278
8259 4 1279
8057 1 1279
2660 4 1280
6991 2 1281
2977 1 1282
4147 2 1282
8203 1 1285
2173 5 1285
9908 1 1286
8097 3 1286
6639 4 1287
5125 2 1287
2911 3 1289
866 2 1290
1434 3 1290
2167 4 1292
1241 2 1292
6370 3 1293
103 1 1293
2740 3 1297
986 4 1303
3220 1 1305
2398 2 1306
2228 3 1307
8875 2 1307
6227 4 1308
9758 5 1308
5036 2 1309
791 1 1311
1880 3 1311
4047 1 1313
3501 4 1314
9406 5 1314
7768 4 1315
4716 1 1315
4445 2 1316
1440 5 1318
2805 3 1318
1320 2 1319
7494 5 1322
7993 4 1325
3540 3 1325
354 4 1326
3021 3 1328
2106 1 1328
2920 4 1331
4664 1 1331
1591 3 1334
7466 4 1334
3087 4 1335
6919 3 1335
3232 5 1339
4088 4 1339
9493 3 1340
8781 1 1341
3218 5 1342
4903 4 1344
1928 5 1344
6791 1 1345
932 3 1347
1381 2 1348
9909 2 1348
5216 3 1349
7272 3 1349
5748 3 1353
4313 2 1354
5694 2 1354
7689 4 1356
5707 2 1358
8900 2 1360
9775 3 1360
3688 2 1362
8007 1 1363
8288 4 1363
4119 2 1364
7791 3 1365
8181 5 1365
7280 4 1367
5373 1 1367
9093 2 1368
9348 3 1369
7194 2 1369
3851 1 1370
7998 5 1370
2249 5 1371
6109 2 1372
326 4 1372
8879 2 1373
440 1 1374
227 1 1375
8245 3 1375
2678 5 1376
5678 1 1376
5874 3 1378
6954 5 1378
4558 1 1379
551 5 1379
9455 5 1381
3359 5 1381
1986 2 1382
5392 4 1382
1693 4 1385
2955 4 1385
5807 3 1387
3368 4 1388
744 4 1390
3977 5 1390
2853 1 1392
9193 3 1393
5036 1 1393
4256 4 1394
8779 1 1394
4252 2 1396
411 2 1396
1874 5 1398
1729 3 1398
7633 5 1399
3415 2 1400
9328 3 1401
8725 3 1401
1262 5 1402
798 2 1402
4622 4 1405
4344 1 1405
1760 2 1406
8372 4 1406
6207 4 1407
9658 4 1410
1614 3 1410
4937 4 1412
9623 1 1412
7263 1 1414
1964 3 1414
8165 3 1415
4025 4 1415
561 1 1417
2321 2 1417
2989 3 1418
8072 5 1424
1030 4 1424
113 3 1425
516 4 1425
9870 1 1428
8674 5 1428
677 4 1429
6786 1 1429
3913 3 1430
7258 3 1431
4318 2 1433
3945 2 1434
3012 5 1434
1214 4 1435
9557 1 1435
3920 4 1437
4215 2 1440
5165 5 1441
5616 4 1441
6411 1 1442
4584 3 1442
202 5 1443
9417 1 1443
9765 4 1444
9274 1 1445
7486 1 1445
5909 2 1446
5953 3 1447
2047 5 1448
8502 1 1448
6488 4 1450
4176 2 1450
8422 4 1451
2855 5 1451
7633 3 1452
4315 1 1454
7476 5 1454
2655 3 1455
4974 2 1455
7953 2 1456
6451 5 1458
6435 4 1458
4410 1 1459
7316 2 1463
9553 5 1465
9720 3 1467
129 1 1467
1785 4 1468
3963 4 1469
9521 5 1469
9432 4 1470
4906 2 1471
7752 2 1472
8938 5 1472
1235 2 1473
7638 2 1473
2306 1 1474
824 4 1474
9587 5 1475
3666 5 1478
6533 1 1479
802 2 1479
3675 5 1482
4057 1 1482
1996 3 1484
1376 5 1485
1021 3 1486
3187 3 1487
2921 2 1488
6148 5 1488
3028 1 1489
6117 3 1489
2008 1 1490
6449 1 1492
5403 2 1492
4946 1 1493
1135 1 1493
130 2 1494
1287 4 1495
7527 2 1495
6736 1 1496
5622 2 1496
7120 1 1497
8287 2 1498
100 5 1499
2048 4 1499
5178 2 1503
8407 2 1504
9139 3 1505
9125 1 1505
2522 1 1506
8724 2 1506
1700 2 1507
3427 4 1508
6220 3 1509
5703 5 1509
743 5 1511
9810 3 1511
6745 3 1512
4659 4 1516
713 1 1516
7714 3 1517
8642 2 1517
1919 1 1518
8589 4 1518
1690 4 1519
7689 4 1521
5104 2 1522
1359 5 1523
1881 1 1523
8130 4 1524
3581 1 1525
2716 3 1526
6164 1 1527
547 2 1527
9004 1 1528
1337 5 1528
7393 4 1529
2833 3 1529
3493 5 1530
9738 5 1530
847 3 1532
7551 4 1532
9164 3 1534
2987 4 1534
929 5 1535
4214 5 1535
1636 5 1536
8261 1 1536
9737 3 1537
8112 2 1538
5764 1 1538
8501 1 1539
2007 4 1540
6921 1 1542
4834 1 1542
200 4 1544
9311 4 1544
1313 4 1546
9555 4 1549
9753 5 1549
7171 3 1553
6536 1 1553
1603 2 1554
8198 3 1555
5951 4 1556
8170 4 1556
9506 2 1558
8039 1 1558
595 2 1559
1674 2 1559
4038 1 1561
7800 2 1563
3809 4 1563
8481 5 1565
8667 3 1569
1066 1 1570
2206 3 1571
8396 2 1571
2077 1 1572
7698 4 1573
2460 3 1574
4209 2 1575
8324 5 1575
2304 2 1576
5066 3 1576
4787 4 1582
4067 3 1582
1312 5 1583
9385 5 1583
9459 3 1587
7552 4 1587
3617 4 1589
7785 3 1589
4386 5 1590
7842 4 1591
9881 1 1591
4846 2 1601
7017 5 1603
5015 2 1604
8958 4 1606
9907 2 1608
659 3 1609
2845 3 1609
9921 3 1610
3394 3 1610
2816 4 1611
895 4 1613
357 1 1616
2417 5 1616
3388 2 1618
3149 4 1622
2884 2 1624
6060 1 1624
8522 1 1625
7887 2 1628
775 4 1630
9668 1 1631
8090 4 1635
8153 5 1636
5546 3 1638
107 5 1639
6824 4 1639
8045 4 1640
1439 4 1640
4476 2 1641
7905 3 1641
2488 5 1647
9043 1 1648
5843 1 1648
9005 2 1649
8196 5 1649
1467 1 1650
7314 2 1651
161 3 1652
5196 2 1653
4637 2 1654
8518 5 1654
9609 4 1655
7830 4 1655
5424 2 1656
8088 3 1657
7255 5 1659
3121 4 1659
7467 5 1660
5562 3 1660
9591 2 1663
4662 2 1664
107 3 1664
3225 4 1665
4451 3 1666
9041 5 1666
4441 2 1668
1534 1 1669
6479 2 1669
1703 4 1670
2336 3 1670
1418 5 1671
4926 4 1674
7822 2 1677
1955 1 1679
1613 1 1679
1154 5 1681
1770 3 1681
3907 3 1682
8298 1 1682
3272 1 1683
4240 4 1683
2756 4 1684
3185 3 1685
3199 5 1686
794 3 1688
1435 5 1688
4675 3 1689
2705 1 1689
4058 1 1690
7127 4 1690
775 5 1691
2826 5 1692
3976 1 1693
5121 3 1694
3062 1 1698
7851 5 1698
556 3 1699
1367 2 1699
5948 2 1700
6706 1 1702
5891 2 1704
4521 2 1704
2863 2 1706
436 3 1707
7037 5 1707
180 3 1708
4098 4 1709
9845 4 1709
7900 2 1711
5882 5 1713
1272 2 1717
1773 1 1717
5402 4 1718
694 3 1720
9253 5 1721
362 1 1721
1371 3 1722
6980 3 1723
2207 2 1723
8343 5 1724
1578 1 1724
6826 3 1725
5083 5 1725
5674 3 1726
7137 3 1727
4016 4 1728
6211 4 1731
500 1 1731
1788 4 1732
117 3 1732
8993 2 1735
3689 3 1735
9403 3 1736
3741 1 1736
7784 2 1737
4131 4 1737
7227 1 1739
2585 4 1740
4102 1 1741
7652 3 1743
7614 3 1743
5221 3 1744
9368 4 1744
9574 2 1745
7881 3 1745
7270 4 1746
6304 5 1749
1402 4 1750
9702 1 1751
7572 1 1752
4850 1 1752
653 1 1753
7513 3 1755
2027 2 1755
2031 1 1756
1862 4 1756
3831 1 1758
1012 1 1759
3797 5 1760
1434 1 1760
6033 3 1761
3342 2 1761
4587 4 1763
2588 4 1764
4655 3 1764
7027 4 1765
3890 3 1765
8827 5 1766
8927 3 1766
2012 3 1770
6375 5 1771
2087 4 1771
7600 4 1772
6911 1 1775
8241 5 1775
1386 1 1776
9747 2 1777
3561 1 1778
1118 2 1780
2884 2 1781
5137 5 1781
5735 5 1782
2553 4 1783
5866 2 1783
8459 5 1787
7116 4 1787
9510 1 1788
7335 1 1788
8633 2 1789
1175 4 1790
1976 4 1791
7667 1 1791
4201 2 1794
7131 3 1794
6146 2 1796
9572 1 1797
2569 4 1798
656 5 1798
28 5 1800
3117 5 1800
4858 5 1802
524 3 1804
4670 1 1804
2572 1 1805
459 4 1805
8643 3 1806
9515 3 1806
5047 3 1807
6570 2 1808
2839 2 1808
2600 1 1809
182 3 1810
3917 2 1811
2766 3 1813
160 2 1816
2014 4 1819
7445 1 1820
1982 4 1820
510 2 1822
1512 2 1822
8174 1 1823
1958 4 1823
3199 2 1824
7722 2 1825
437 3 1826
3786 5 1827
9701 5 1828
5828 2 1828
886 1 1829
4409 3 1829
4201 2 1830
9735 4 1831
3972 1 1833
9013 2 1833
204 2 1834
3070 2 1834
6684 4 1836
8810 3 1836
7895 3 1837
632 3 1837
3862 5 1839
6111 4 1839
5352 4 1841
478 4 1841
1971 5 1844
6096 1 1845
2536 3 1845
2100 1 1846
7201 1 1846
7532 1 1847
3724 1 1848
2416 4 1850
1270 4 1851
2103 2 1851
5739 1 1852
2173 2 1852
4750 4 1853
8945 5 1853
6297 1 1854
9677 5 1854
1751 2 1855
7725 1 1855
366 1 1856
3976 5 1856
3437 3 1857
3928 1 1858
6119 1 1858
3951 4 1859
2417 5 1859
2253 3 1860
5439 4 1860
1033 5 1862
2496 4 1863
2578 2 1864
5844 4 1864
6287 1 1866
8363 3 1866
2533 1 1869
3666 5 1870
1111 3 1870
6933 4 1871
7564 3 1875
8435 2 1876
7014 1 1876
1733 3 1877
5074 2 1877
5994 3 1878
9194 3 1878
447 1 1879
7676 1 1879
2819 4 1880
2187 4 1880
5667 2 1881
2689 4 1882
7571 1 1883
9284 5 1883
8952 1 1885
8750 5 1886
5451 1 1886
7315 2 1887
1333 1 1887
2763 1 1888
7785 3 1890
5619 4 1892
3310 3 1892
6491 2 1893
8153 4 1896
4405 5 1897
5169 4 1898
6217 4 1900
3539 1 1900
3030 4 1902
8112 1 1903
2183 5 1905
123 4 1906
8800 5 1910
3051 5 1910
2929 5 1911
7184 3 1911
1895 3 1913
3173 3 1913
9985 3 1915
2596 2 1916
2224 1 1919
324 5 1919
3511 1 1920
377 1 1920
6893 5 1921
7974 2 1921
9600 5 1922
206 4 1922
275 2 1923
2225 4 1924
1791 1 1926
1610 1 1926
948 4 1930
5973 5 1930
9327 4 1933
2749 5 1936
9514 2 1939
4033 3 1939
5714 2 1940
129 5 1940
7013 2 1941
6754 3 1941
2848 3 1944
7535 4 1944
9584 2 1945
8046 5 1946
134 1 1947
2158 3 1947
1443 5 1948
1411 2 1948
1774 3 1949
188 5 1950
4372 2 1952
40 1 1956
7628 1 1956
4351 3 1957
5267 5 1957
7130 1 1960
9586 5 1960
566 2 1962
6283 2 1962
5682 2 1965
5313 1 1967
6185 1 1967
7807 1 1969
9602 3 1969
2801 4 1970
2310 3 1971
2175 3 1972
4167 3 1973
975 3 1974
8338 2 1974
5644 4 1975
4605 2 1976
1372 4 1976
3213 5 1977
8385 3 1977
8467 5 1978
7670 3 1979
3673 3 1980
8479 3 1981
6335 5 1981
8599 2 1983
5737 5 1983
3187 4 1984
1777 1 1985
6671 2 1985
5771 1 1986
7509 3 1986
679 4 1988
4153 3 1989
7025 4 1992
8261 5 1992
4007 3 1993
9395 5 1993
4110 3 1994
3267 2 1996
7365 2 1998
3749 5 1999
9466 5 1999
720 1 2000
8910 4 2000
6258 4 2001
5297 3 2001
2693 1 2004
2738 3 2004
6724 3 2007
642 3 2009
4236 2 2009
3808 2 2010
8215 3 2010
7505 2 2012
4755 4 2012
5797 2 2013
9449 5 2013
4732 5 2014
9435 5 2014
6958 3 2015
1703 5 2016
4533 4 2020
1782 2 2020
6995 3 2023
5199 4 2023
7423 1 2024
2902 5 2024
7652 3 2026
2255 2 2027
3894 3 2031
4833 4 2032
9880 2 2036
7642 2 2037
5668 2 2038
3873 1 2038
8577 4 2040
848 2 2040
8749 2 2041
3837 2 2041
2040 2 2043
5406 3 2043
1711 2 2044
6670 4 2044
3069 5 2045
8239 2 2045
7311 5 2046
8667 3 2046
5806 3 2048
6058 3 2048
1752 3 2049
8968 2 2049
8541 5 2050
5735 4 2051
9880 1 2052
1207 3 2055
4080 4 2055
3586 1 2056
5648 4 2056
7633 2 2057
5078 3 2057
6700 4 2058
2384 2 2059
3870 5 2059
1567 4 2061
3018 3 2063
9191 1 2064
2158 3 2064
9860 1 2066
3409 4 2067
2780 2 2068
6055 5 2069
4129 1 2069
6432 3 2070
7017 4 2070
8953 2 2071
476 2 2071
1536 1 2072
9438 5 2073
8977 5 2074
3027 2 2074
1901 2 2076
6884 3 2076
4064 1 2077
4533 2 2078
5505 4 2079
5907 3 2080
1736 1 2081
1915 4 2082
1204 4 2082
6339 2 2083
5364 1 2085
1799 2 2086
280 3 2087
342 2 2087
3219 4 2088
381 4 2089
9858 5 2090
6762 5 2090
792 4 2092
9052 1 2093
9526 2 2093
4765 3 2094
2038 5 2095
6823 5 2097
822 2 2097
1804 4 2098
5424 5 2099
5748 4 2101
2756 2 2101
5275 5 2103
7562 3 2104
4858 1 2106
2505 2 2106
7075 3 2107
5603 4 2107
6071 4 2109
9876 2 2109
7856 5 2110
5944 4 2111
260 3 2112
7889 3 2112
871 1 2113
804 3 2113
886 1 2114
7084 3 2115
7413 3 2115
6253 2 2117
8985 3 2117
710 2 2119
8919 3 2119
430 2 2120
9509 3 2122
2185 3 2122
490 3 2123
4520 5 2124
3133 2 2124
4444 5 2125
871 5 2125
4177 1 2126
8967 4 2126
353 3 2128
6523 3 2128
4204 2 2129
7822 2 2130
1211 3 2131
8976 1 2131
6688 1 2134
8783 4 2134
764 4 2135
7125 1 2137
1912 2 2138
3652 1 2139
7273 1 2139
3294 4 2142
9504 2 2143
860 1 2144
7179 1 2145
3066 2 2145
783 3 2148
8893 2 2149
8184 1 2149
7327 5 2150
9942 2 2151
1956 2 2152
4850 1 2153
5444 4 2153
3906 2 2157
2545 5 2157
1974 3 2158
4743 5 2162
381 1 2162
9790 1 2164
8233 1 2164
4439 3 2165
8138 4 2165
5400 5 2166
3308 5 2168
5299 5 2170
6655 2 2170
16 2 2171
9942 3 2173
3609 1 2175
350 4 2175
3284 4 2176
1691 2 2178
1897 2 2180
5847 2 2180
1280 4 2181
3752 1 2182
9756 4 2182
9508 1 2183
4959 5 2183
4822 1 2185
5738 4 2187
234 1 2189
4532 1 2189
91 4 2190
8618 1 2190
2940 3 2191
6771 3 2191
4466 5 2192
6583 3 2193
8546 3 2195
1041 3 2196
3738 1 2196
4944 2 2197
8013 5 2198
666 1 2201
3834 5 2201
3948 3 2202
9196 3 2202
2149 1 2203
9674 2 2203
7358 1 2205
8229 1 2207
7262 2 2208
2638 4 2209
885 5 2209
4408 5 2210
6386 3 2210
674 3 2211
8466 3 2211
7987 5 2212
2107 3 2213
1997 1 2214
7238 2 2214
7248 1 2216
3150 2 2216
4221 2 2217
3986 4 2218
490 4 2219
376 1 2222
3914 1 2224
591 5 2225
2481 3 2225
2769 2 2226
7567 5 2227
1574 1 2227
5671 4 2228
4577 5 2229
8624 5 2231
9896 5 2231
5925 2 2232
3878 2 2233
5295 3 2234
6540 4 2234
2385 1 2235
3946 5 2235
5916 5 2236
6457 3 2239
2934 4 2239
4036 3 2240
3576 4 2240
7909 1 2241
475 2 2241
2857 2 2243
3087 3 2244
1373 1 2245
2557 5 2246
3104 4 2246
8136 2 2247
3976 2 2248
6948 1 2248
4063 2 2249
5911 5 2249
8556 2 2250
9598 5 2251
3864 2 2254
5631 1 2255
2968 4 2256
3390 3 2257
1474 2 2258
4266 2 2260
8645 2 2261
6645 5 2261
9489 5 2262
1109 3 2262
5008 3 2263
4574 2 2263
9312 1 2264
6043 4 2265
3725 1 2265
9708 5 2266
5266 2 2266
3357 5 2267
368 2 2269
9093 1 2269
9775 1 2273
8459 5 2274
6780 3 2274
3549 5 2275
1467 3 2276
979 3 2278
6273 3 2280
8914 4 2280
1141 1 2282
7474 1 2282
7377 2 2284
2598 1 2284
4467 2 2285
3509 1 2285
4433 4 2286
5608 1 2290
4681 2 2290
5323 1 2291
9106 5 2292
7258 5 2292
4399 1 2295
9611 5 2296
4971 2 2297
922 3 2298
1716 5 2299
7886 1 2301
622 2 2301
6717 3 2302
7279 5 2308
957 5 2308
1682 2 2309
9633 1 2310
7268 3 2310
3004 1 2311
6005 1 2312
8681 1 2312
6673 5 2314
4183 2 2315
7489 2 2315
7339 4 2316
3064 3 2317
7140 5 2318
960 5 2318
4574 3 2319
6582 3 2320
960 4 2323
1771 2 2324
930 4 2325
838 2 2325
8303 3 2327
3057 2 2327
7836 3 2328
8636 2 2328
9171 4 2330
8055 5 2330
9313 5 2331
2803 1 2331
3931 4 2332
2164 2 2332
2738 2 2335
7860 4 2335
7318 1 2336
3543 5 2337
9632 2 2338
4914 4 2338
4224 3 2339
2853 4 2340
3476 2 2340
2721 1 2341
6016 5 2342
1407 5 2343
3448 3 2343
8590 1 2345
1540 5 2345
4533 5 2346
3770 1 2347
3275 5 2349
5778 2 2350
3077 3 2350
3791 5 2351
4893 4 2352
5255 1 2352
3752 1 2353
2088 3 2353
21 1 2354
3136 1 2355
3879 4 2355
459 5 2356
3051 4 2356
6009 2 2358
5379 3 2358
8475 2 2362
4510 1 2362
252 3 2363
4276 5 2363
6739 3 2366
7124 5 2366
7491 2 2367
4280 4 2367
999 4 2370
3605 2 2371
8919 3 2372
5314 2 2373
8329 3 2373
8192 4 2374
8705 2 2374
9764 2 2379
7980 5 2380
4537 2 2380
7974 3 2381
2952 4 2382
8206 2 2382
7986 5 2386
158 4 2387
6214 3 2388
5150 1 2388
2180 1 2389
9062 5 2392
6390 2 2392
6789 2 2393
9809 5 2395
6465 3 2395
3415 1 2397
5180 4 2399
1419 4 2400
5337 3 2400
8459 4 2403
2040 1 2403
8091 5 2405
6539 3 2406
2102 4 2407
5112 1 2408
768 1 2409
1812 2 2409
5374 3 2410
2915 1 2410
7215 3 2411
5647 5 2411
9137 4 2414
9856 3 2415
3248 1 2415
1149 2 2419
2591 2 2419
4978 2 2421
3738 5 2422
5857 1 2422
4217 1 2423
5864 3 2425
4467 2 2426
3292 2 2426
6227 3 2427
4402 1 2428
3451 4 2430
851 4 2431
9134 2 2431
1816 3 2433
878 3 2434
8374 3 2434
3690 3 2436
6318 4 2438
854 1 2441
3145 2 2445
2727 1 2447
3002 3 2448
5963 5 2448
841 4 2449
6762 1 2449
6237 1 2450
5338 5 2451
2806 3 2452
8400 5 2452
1112 4 2456
5321 1 2458
9211 3 2458
8616 4 2459
7395 2 2460
7334 2 2461
6412 1 2462
7690 1 2465
3297 4 2465
5236 1 2466
4047 3 2466
9802 2 2467
6803 4 2467
3049 4 2468
5545 3 2470
4278 2 2470
8370 2 2472
472 2 2472
8148 4 2473
4944 4 2473
4498 4 2475
8870 5 2475
4113 3 2476
8804 5 2476
5610 1 2477
1798 4 2480
2778 3 2480
4185 4 2481
7595 3 2481
1816 5 2482
6484 4 2482
1285 4 2483
248 1 2483
3548 4 2484
3156 4 2487
8176 2 2488
5852 2 2489
899 4 2489
1681 5 2490
4090 2 2492
8807 5 2492
1411 3 2493
5291 5 2493
2690 3 2494
9731 5 2494
1242 4 2496
6056 5 2496
1514 4 2497
9940 4 2498
8087 1 2499
6933 3 2499
4264 5 2500
2747 3 2500
9159 1 2501
3091 1 2501
4203 1 2502
1589 1 2502
101 2 2503
9322 2 2504
8238 2 2504
9854 4 2506
618 5 2506
3088 1 2508
2135 3 2508
2358 4 2509
8321 4 2511
3153 4 2512
1863 2 2513
1220 4 2515
8767 3 2515
5311 2 2516
4049 3 2516
3851 2 2517
2175 5 2518
539 5 2520
8560 2 2521
9477 5 2522
996 4 2522
8888 2 2523
8344 3 2525
6422 4 2526
6750 4 2526
8870 2 2527
3795 5 2528
7597 3 2529
8911 3 2531
5216 2 2531
4834 3 2532
3530 2 2532
9790 3 2533
922 2 2534
1785 1 2534
2118 4 2535
2104 5 2536
6701 4 2537
902 5 2537
6532 5 2538
2975 1 2538
8153 5 2542
3843 4 2542
4866 3 2543
1113 3 2543
9970 1 2544
6916 3 2544
8431 2 2545
9555 5 2546
3270 2 2548
683 2 2549
9893 1 2549
4701 5 2550
9105 1 2550
2868 2 2551
7365 1 2553
9456 3 2553
1555 4 2554
4293 3 2556
1594 1 2558
9769 3 2558
5683 1 2559
9824 2 2559
9222 3 2565
1218 3 2565
4198 4 2566
7884 4 2566
8279 3 2568
1239 4 2568
8945 2 2569
4888 4 2570
5191 4 2570
9350 2 2572
5938 5 2572
5069 3 2573
1063 5 2573
7315 2 2574
1184 5 2574
7549 3 2575
1319 1 2575
3314 3 2579
6676 1 2580
4166 4 2581
5230 2 2581
2839 2 2582
4527 1 2584
6777 2 2586
8298 3 2586
9946 4 2588
5895 3 2588
8437 3 2589
7484 1 2589
5343 3 2590
3627 5 2590
6016 2 2591
6800 5 2591
1009 1 2592
8573 4 2592
7296 3 2593
4303 2 2596
7036 1 2596
1530 1 2597
6158 5 2598
5636 1 2598
3458 3 2599
691 3 2599
2370 1 2600
9593 4 2600
3370 2 2602
9193 1 2603
1360 1 2603
2427 1 2604
6660 1 2606
4834 3 2606
8738 1 2607
5452 4 2608
7457 3 2608
1079 1 2609
2163 3 2609
4383 2 2610
5746 3 2610
3479 2 2611
3566 1 2611
4107 5 2615
2618 2 2615
2575 4 2616
5680 3 2616
9249 1 2617
9675 1 2619
7122 1 2619
6815 4 2620
8352 2 2622
1966 1 2622
9556 5 2624
3584 4 2624
2550 1 2625
9924 1 2625
7305 2 2626
8859 3 2628
3158 1 2628
2696 1 2629
5429 4 2630
8061 4 2632
8404 3 2632
8899 3 2633
7837 2 2634
7446 4 2634
3346 3 2636
8278 1 2636
1145 5 2637
5234 5 2638
3463 3 2638
4364 5 2639
7968 4 2640
2067 1 2640
8694 2 2642
2578 2 2642
5834 5 2643
3851 4 2643
551 1 2644
8142 1 2644
8958 5 2645
5338 4 2645
5036 5 2646
9043 3 2649
3917 4 2649
9868 1 2650
7711 1 2650
9150 1 2653
4176 2 2654
2414 4 2654
8659 4 2656
5875 1 2657
7625 1 2657
6724 3 2658
4648 4 2659
7302 2 2659
9682 1 2660
8001 4 2660
2010 5 2661
2305 1 2662
44 1 2662
6193 2 2663
6162 5 2664
1878 4 2668
5425 5 2668
548 2 2669
6483 5 2670
5202 1 2670
624 1 2671
7742 5 2672
5100 4 2673
2350 4 2674
8757 4 2676
3557 4 2677
1807 3 2678
5088 4 2679
7967 2 2679
9767 4 2682
4730 4 2682
9436 1 2683
1876 3 2683
2274 4 2684
7115 5 2684
5418 3 2685
5220 3 2686
3759 2 2686
5648 2 2687
4255 5 2688
2813 4 2688
3814 4 2690
8165 3 2690
794 1 2692
6564 4 2694
63 3 2694
5253 5 2697
3823 1 2697
252 1 2699
5763 5 2700
889 5 2700
8414 5 2701
9805 2 2701
3944 2 2702
4258 5 2703
4757 4 2704
7428 3 2705
2506 3 2705
7961 1 2706
1866 1 2707
83 4 2707
2305 2 2708
82 4 2709
2345 2 2710
4429 4 2710
5447 3 2711
222 3 2712
9107 1 2712
3231 4 2713
7785 4 2716
7574 5 2719
8530 1 2723
3380 1 2724
1197 5 2724
5053 2 2725
41 3 2725
6493 3 2732
2767 1 2733
3597 5 2734
5086 3 2734
2535 4 2735
730 4 2735
790 5 2737
8039 1 2737
6547 5 2738
3985 3 2738
9102 1 2739
6002 2 2739
2973 2 2740
2317 4 2740
1978 2 2741
3432 4 2741
3914 5 2742
2528 5 2742
5175 1 2743
2020 5 2743
9717 1 2745
2727 1 2746
673 5 2747
9411 3 2749
7564 1 2749
2424 1 2751
5026 4 2752
5735 4 2752
9763 2 2753
9359 2 2753
8341 1 2755
4424 3 2755
2195 1 2756
8907 3 2756
8152 3 2757
9349 4 2758
3714 3 2760
8118 4 2764
4726 1 2765
3372 2 2766
6190 5 2766
3873 3 2768
7871 5 2768
9858 5 2771
5375 3 2771
17 3 2774
7051 5 2774
2135 4 2776
2276 2 2778
8093 1 2778
8877 5 2779
7481 1 2780
1158 1 2781
1022 5 2783
3567 4 2785
5300 4 2786
2837 4 2786
7759 4 2787
6890 3 2787
4348 5 2788
235 5 2788
9603 3 2790
2221 4 2791
358 1 2792
173 2 2793
5591 1 2794
1318 3 2794
2211 3 2795
8241 1 2795
2167 5 2796
5943 3 2796
3636 5 2797
5738 3 2798
4851 1 2798
8239 5 2799
7566 3 2799
6476 3 2800
8815 3 2800
3628 3 2802
4597 3 2802
4142 2 2804
5071 2 2804
157 5 2805
2148 3 2806
4062 5 2806
9104 5 2807
5560 2 2807
9338 3 2809
3288 2 2809
7001 2 2812
370 3 2813
3958 3 2813
7471 3 2814
1564 4 2815
9312 2 2815
1156 1 2816
3688 4 2817
1393 5 2817
2048 3 2818
9629 4 2820
9073 2 2821
2590 1 2822
9879 1 2822
9439 2 2824
9561 1 2824
4007 5 2825
1587 1 2827
3524 2 2828
1010 5 2828
965 4 2829
9337 4 2830
3318 5 2830
343 4 2831
650 1 2833
5644 4 2833
3472 3 2835
4297 1 2835
5150 2 2836
3417 4 2836
7411 5 2837
2030 3 2838
3527 1 2839
9557 1 2840
7432 5 2841
9496 2 2841
2887 4 2843
9508 5 2844
7284 1 2844
54 5 2845
2487 5 2847
2778 3 2849
4476 1 2849
8044 1 2853
2795 5 2853
6958 1 2854
2166 4 2854
4720 5 2855
7128 5 2855
4673 2 2856
4778 4 2856
1353 2 2857
786 2 2859
3839 1 2860
858 1 2861
8762 1 2861
8879 4 2862
2905 4 2864
7279 3 2869
6195 3 2869
6975 5 2870
9709 5 2870
6388 5 2871
8854 2 2876
8186 2 2877
2796 2 2877
5241 3 2878
4896 1 2881
4442 3 2882
2949 4 2883
2811 5 2884
138 1 2884
354 4 2885
3627 3 2885
5791 1 2886
8194 1 2886
1209 1 2887
9006 4 2888
531 1 2888
8454 5 2889
5518 4 2889
5992 2 2894
9871 3 2895
7851 3 2897
1780 4 2897
2484 3 2898
5186 1 2898
5368 5 2899
9005 5 2900
3404 4 2900
3001 3 2901
5901 4 2902
5328 2 2903
8606 1 2903
2896 2 2904
9395 2 2904
9886 2 2905
3431 2 2906
3224 4 2906
1011 5 2908
6768 4 2908
7091 2 2910
9142 3 2911
5644 4 2913
145 4 2913
1710 4 2914
5498 3 2916
9625 5 2916
7791 4 2918
4364 2 2918
2224 3 2919
3011 3 2919
9162 3 2922
4843 3 2922
6213 3 2923
3883 4 2925
3278 2 2926
3236 2 2927
9603 4 2927
4734 4 2928
4142 4 2928
1629 2 2929
5192 5 2929
8873 1 2930
3650 3 2932
6969 4 2933
244 2 2933
4570 1 2934
1743 1 2936
971 1 2936
3577 2 2937
2291 1 2938
8043 5 2938
6594 3 2939
6207 1 2939
8199 1 2940
9303 5 2940
4692 4 2941
4314 1 2942
7837 2 2942
5941 5 2944
2216 1 2945
319 2 2945
4997 2 2946
4288 4 2947
1347 2 2947
9552 4 2948
8641 5 2948
2498 3 2950
7816 5 2952
8834 1 2953
2808 5 2953
2800 5 2954
7682 5 2954
9333 1 2960
3906 1 2960
4640 3 2961
6560 4 2962
1272 5 2962
6006 3 2963
6262 5 2963
2338 4 2964
5234 2 2967
4752 3 2967
9523 5 2968
6380 3 2969
3447 2 2970
5459 2 2971
3845 4 2971
2685 1 2972
3058 5 2974
9225 1 2976
2756 5 2977
2238 3 2977
3181 1 2978
3808 2 2978
9422 1 2979
4849 4 2979
152 2 2980
3749 4 2980
2723 5 2983
5440 1 2987
1549 1 2987
4157 2 2988
1269 2 2989
7113 2 2989
5176 3 2990
9529 2 2991
1711 1 2991
7188 4 2992
2418 4 2992
7472 5 2993
3631 3 2993
3608 2 2995
2303 5 2996
4969 2 2996
8673 2 2997
653 2 2998
8676 5 2999
887 2 3001
8781 1 3001
4356 4 3002
7970 2 3002
7328 1 3005
8662 3 3006
24 5 3006
2758 1 3008
9722 3 3009
1487 4 3011
389 1 3012
5484 4 3013
2645 3 3013
316 3 3014
9386 2 3015
1587 3 3015
2583 3 3016
4581 1 3017
3708 5 3017
6036 1 3018
1898 4 3018
2569 5 3019
163 4 3021
205 5 3022
5755 5 3022
3123 5 3023
3144 2 3023
4327 5 3024
2990 2 3024
8173 1 3028
8556 5 3029
844 2 3029
6984 5 3030
9283 5 3031
8743 4 3032
2958 3 3032
1996 4 3033
3963 1 3038
9107 4 3040
1260 5 3041
6556 3 3041
6560 5 3042
2153 1 3042
8960 1 3043
7551 1 3044
2515 5 3044
3354 5 3046
8520 4 3047
8786 5 3047
2743 3 3048
5329 1 3048
4302 1 3049
5387 5 3049
635 3 3052
2666 2 3052
8860 3 3054
3940 2 3056
1650 4 3056
5547 3 3059
4590 1 3060
6383 5 3060
8493 2 3061
3519 2 3062
5220 1 3063
8805 2 3065
6740 1 3066
7463 1 3067
9759 4 3068
9082 4 3068
3739 1 3072
392 5 3072
8680 2 3074
6952 4 3076
8417 4 3078
5367 1 3080
9230 3 3080
6652 5 3082
8147 5 3083
6730 2 3085
852 3 3085
5215 1 3086
6068 2 3086
1112 3 3088
2121 5 3089
8735 5 3089
3321 1 3091
3087 2 3092
9644 4 3092
8045 3 3093
2346 5 3095
2003 4 3096
3971 4 3097
2297 2 3098
1880 5 3098
7871 5 3101
9042 4 3101
2028 5 3102
5454 1 3102
8077 5 3103
9072 1 3104
9420 4 3104
173 2 3106
3231 1 3106
45 1 3107
7579 3 3107
6686 2 3110
3390 4 3110
8279 1 3111
8189 5 3113
3137 2 3113
5233 5 3114
6462 5 3115
979 4 3116
4408 4 3120
5707 4 3122
7318 1 3122
569 1 3123
3385 5 3123
4008 2 3124
3799 5 3124
9542 4 3125
8757 4 3125
7862 2 3128
4047 3 3131
4560 2 3131
1272 3 3133
6077 4 3133
3184 3 3136
131 4 3136
2856 1 3138
8113 2 3139
8492 5 3139
7799 3 3140
1289 5 3141
7979 4 3142
7895 4 3142
6733 5 3143
9930 1 3143
3536 5 3149
8344 3 3149
3175 3 3150
9674 3 3151
5776 3 3152
3937 2 3152
3964 2 3153
5571 5 3153
5331 5 3157
1297 2 3158
2029 5 3158
8314 3 3159
6663 3 3160
8128 4 3163
5866 4 3163
3214 3 3166
7245 5 3167
5971 4 3168
5036 4 3168
8427 3 3169
9989 3 3169
2616 2 3170
9957 1 3172
328 3 3173
637 4 3174
7306 3 3174
7416 1 3175
6067 4 3175
7785 3 3178
754 2 3180
8899 4 3180
5850 3 3181
6516 3 3182
503 4 3182
141 5 3185
3159 5 3185
6606 1 3186
1123 3 3186
6389 1 3188
5115 4 3188
5992 3 3190
4162 3 3190
6237 5 3192
143 1 3194
3149 2 3194
6990 4 3195
7400 3 3195
9151 4 3196
5146 2 3197
1293 2 3198
7461 1 3198
9288 1 3200
1962 4 3200
3515 3 3201
1039 1 3202
1875 1 3203
1124 5 3205
7049 3 3205
5888 5 3206
9844 3 3206
3134 3 3207
9794 4 3207
8325 5 3208
803 2 3209
6894 5 3209
3170 4 3214
9381 5 3214
7812 1 3216
3629 3 3216
1947 1 3217
8609 1 3219
5987 2 3220
4863 1 3220
3514 3 3221
4173 1 3222
5201 2 3224
9563 1 3224
5359 1 3225
8019 2 3227
2551 3 3228
990 2 3229
9616 5 3229
9131 3 3231
2520 3 3232
6054 4 3236
2364 1 3238
8666 4 3241
6415 2 3242
2877 2 3244
9184 3 3244
7846 1 3246
1380 5 3247
9219 4 3248
5029 2 3249
3199 2 3251
3187 2 3251
3660 2 3252
4599 3 3252
3577 1 3254
4941 4 3255
2730 3 3257
3804 5 3257
1470 3 3259
3598 2 3260
726 3 3260
594 4 3261
5225 4 3261
3997 5 3262
7597 3 3264
9098 1 3264
1460 3 3267
1582 3 3267
4227 2 3268
2758 3 3269
4001 3 3269
4866 5 3270
8075 5 3271
6888 2 3271
5472 1 3272
8545 4 3273
2482 1 3274
5830 1 3275
6636 3 3275
6987 1 3276
9144 1 3276
9491 5 3281
4635 4 3281
6817 4 3282
482 2 3284
9528 5 3284
2958 1 3288
2965 1 3290
6231 1 3292
6839 3 3294
769 2 3296
8529 5 3297
6823 5 3297
8226 2 3298
3865 3 3300
9912 5 3301
4418 3 3301
8865 3 3302
1361 4 3303
1774 2 3304
4312 3 3304
7155 4 3306
5565 2 3306
242 2 3307
3303 4 3307
3681 3 3309
9756 5 3309
795 3 3311
7295 4 3311
8179 4 3312
5182 4 3313
4936 4 3314
1867 5 3314
7204 4 3315
874 1 3315
663 5 3316
2762 3 3316
8055 5 3318
5987 5 3318
4473 2 3319
5440 1 3319
4287 5 3320
9689 1 3321
1743 2 3322
5103 5 3323
2789 1 3325
1844 1 3325
6590 3 3326
6193 1 3327
1447 3 3327
2338 5 3328
1658 4 3330
6919 2 3330
4875 4 3331
1622 2 3332
3990 5 3332
3452 1 3334
4540 4 3335
6005 3 3336
562 3 3341
2961 3 3344
2475 3 3345
8973 5 3345
4416 1 3347
4776 1 3347
3861 5 3349
1671 3 3349
1580 3 3351
4357 2 3352
7284 5 3353
751 3 3354
183 2 3355
9667 3 3356
4395 5 3356
5894 2 3357
8024 5 3359
1286 5 3359
2481 4 3361
9679 5 3362
6559 3 3362
8022 2 3363
960 2 3365
887 2 3365
5507 2 3367
878 1 3369
9310 5 3370
1463 3 3370
7513 3 3372
9439 5 3375
9812 2 3376
8489 4 3379
1456 1 3380
753 4 3380
2829 2 3381
3412 3 3381
7599 3 3384
3210 4 3385
1675 2 3386
8411 1 3386
6839 5 3387
2616 1 3387
3607 4 3388
3225 5 3391
4891 2 3391
9595 2 3392
566 2 3394
3207 2 3394
6019 1 3395
4143 3 3396
3522 5 3397
3102 1 3398
6041 1 3400
2654 3 3400
7983 5 3402
3429 5 3404
2291 5 3405
144 5 3405
6124 1 3406
6026 5 3407
9244 5 3409
8385 1 3409
3792 5 3411
4863 2 3412
1624 5 3414
3031 5 3415
5827 1 3415
9854 3 3417
6252 1 3417
4469 1 3418
4571 4 3420
1490 5 3420
7056 2 3421
1910 5 3423
8899 1 3425
8943 2 3425
2879 2 3429
8329 4 3429
9424 5 3431
2294 5 3431
6736 1 3432
7255 4 3432
5593 3 3433
7458 1 3434
3620 5 3434
5338 2 3435
2260 2 3435
4259 5 3437
7834 4 3437
8279 2 3440
7242 1 3440
1995 2 3441
2005 4 3444
560 2 3444
7142 4 3445
8621 1 3445
9783 4 3446
7298 1 3446
1485 5 3447
8679 4 3448
3592 1 3448
7279 5 3449
1264 4 3449
8872 4 3450
997 2 3450
3133 1 3451
392 5 3452
5921 2 3452
7794 2 3453
3406 1 3454
5583 5 3454
2962 4 3455
1461 4 3456
6887 3 3456
5577 2 3457
8923 5 3458
9320 1 3458
1147 5 3461
2754 1 3462
1377 1 3463
3430 5 3465
5612 4 3465
4612 2 3467
4864 4 3467
3724 3 3471
3270 4 3471
1230 5 3472
7038 2 3472
9223 4 3473
2836 5 3473
4684 5 3475
5028 4 3476
8881 4 3476
7582 3 3480
9097 4 3480
4959 4 3481
7476 4 3482
5297 4 3482
2376 3 3483
2694 5 3485
9650 1 3486
102 5 3487
2299 3 3487
7914 2 3488
5037 1 3488
2543 1 3489
6968 4 3490
7262 2 3490
3715 2 3492
4668 5 3492
1176 2 3493
5892 4 3493
3310 2 3494
6389 1 3495
8555 4 3495
3789 1 3496
648 4 3498
2983 1 3498
6429 4 3500
4165 1 3502
3825 1 3504
363 4 3505
6229 3 3505
3796 1 3506
7025 3 3506
3730 4 3507
8249 3 3509
2642 4 3510
9972 5 3514
9501 5 3514
2709 1 3516
4587 2 3516
3771 1 3518
6377 3 3520
5001 2 3522
2321 2 3522
8685 4 3525
8921 3 3525
9022 5 3526
1769 3 3529
1704 2 3529
3437 1 3533
4290 2 3533
746 2 3534
349 2 3534
2370 4 3537
7964 1 3537
241 3 3538
1981 4 3538
1366 3 3539
4714 5 3539
9507 4 3540
8415 3 3541
6137 2 3542
2786 2 3543
9621 5 3543
5050 1 3545
2232 4 3547
8042 1 3547
2428 1 3548
9338 4 3549
5941 4 3549
1784 2 3551
7288 2 3551
3323 3 3552
1163 1 3553
2618 1 3553
9093 1 3554
1359 4 3554
5910 5 3557
7139 3 3557
9977 1 3559
5656 2 3559
37 5 3560
531 3 3560
5787 2 3561
6287 1 3563
4020 3 3563
2198 1 3565
9845 3 3565
2017 3 3566
9094 5 3567
8907 5 3568
1665 4 3569
7374 4 3571
8431 1 3573
1239 5 3573
9952 3 3574
7179 2 3574
384 2 3576
554 5 3576
9198 1 3577
9043 1 3577
7296 5 3579
506 4 3579
9999 5 3580
6216 2 3582
4423 3 3584
2199 4 3585
8993 5 3585
3352 4 3586
7851 3 3586
1930 3 3588
4644 4 3589
3451 5 3589
2571 3 3590
1288 1 3590
948 2 3591
1308 2 3592
9886 4 3592
8412 5 3594
6893 2 3594
4966 5 3599
9004 1 3600
4633 2 3600
2669 3 3601
7472 2 3602
9889 3 3603
7371 1 3604
9275 5 3605
5025 1 3605
3380 2 3606
6618 3 3606
2840 2 3609
1788 1 3609
4753 5 3610
5890 5 3610
9292 4 3612
910 1 3612
7521 4 3613
8050 4 3614
2142 3 3614
1369 3 3617
1442 3 3617
4321 3 3618
1934 5 3620
5676 4 3621
6503 4 3622
5724 3 3622
3647 3 3623
3154 1 3623
3368 4 3624
1857 5 3625
7555 1 3625
421 1 3627
8536 3 3628
6184 5 3630
3690 3 3632
1499 1 3632
4572 5 3633
4373 3 3634
1240 5 3634
4910 5 3636
4547 4 3637
9458 5 3637
4986 4 3638
4482 1 3638
1710 1 3640
7447 5 3641
1290 4 3643
3392 1 3644
2341 1 3644
7699 3 3647
7554 5 3647
8536 2 3648
3812 1 3648
4914 4 3650
6049 3 3650
7206 1 3652
3274 3 3653
3877 1 3654
7659 5 3654
6436 4 3655
6123 3 3657
8719 2 3658
7322 3 3658
8779 5 3659
9595 4 3661
868 2 3662
6657 2 3663
6859 4 3663
671 1 3664
2999 4 3666
3778 3 3666
6289 4 3667
5906 5 3668
9148 5 3669
5522 5 3670
45 2 3673
9661 3 3675
6510 2 3675
3941 5 3676
9778 3 3676
3767 2 3677
4704 2 3677
2996 2 3678
1825 2 3678
1599 5 3679
97 5 3680
3754 1 3680
4375 3 3683
1567 2 3684
9300 1 3684
4980 4 3687
7256 4 3687
2389 2 3689
8253 5 3689
364 1 3690
1922 2 3690
2887 2 3691
2083 3 3692
1339 2 3693
7827 4 3695
3622 1 3696
4053 2 3696
394 1 3697
9036 5 3698
6572 1 3699
2461 1 3699
9772 1 3700
4204 5 3701
3647 4 3702
9507 4 3702
520 3 3706
48 2 3708
3577 1 3708
511 3 3709
6003 3 3709
8443 3 3710
2741 3 3710
1231 4 3711
8178 4 3711
1805 1 3712
5726 2 3713
3308 5 3713
1191 5 3714
7535 3 3716
7600 1 3716
545 3 3719
1614 4 3720
2168 3 3720
9247 4 3721
7759 5 3721
6115 3 3723
415 2 3723
1716 4 3724
7951 3 3725
3824 4 3727
4056 4 3727
1093 5 3729
8155 2 3729
2779 1 3731
5528 3 3732
8767 1 3733
2607 4 3733
1204 3 3735
2984 1 3735
8320 3 3736
4932 5 3736
4523 3 3737
7938 4 3738
6449 3 3738
20 5 3739
6324 2 3739
908 5 3740
9163 4 3740
8708 4 3742
7313 4 3742
3240 3 3743
1476 4 3743
7334 1 3744
1253 5 3745
6739 5 3745
4009 1 3747
6960 1 3748
8531 1 3749
8521 4 3750
538 2 3751
4755 3 3751
5549 3 3752
1778 4 3753
5945 5 3754
5892 1 3756
4207 5 3757
3021 4 3757
7189 1 3759
3463 4 3761
8792 2 3762
2285 3 3762
6420 1 3765
8689 5 3766
5431 2 3769
5848 5 3769
5937 2 3770
1088 5 3770
6634 2 3771
2276 5 3773
5999 2 3775
5444 5 3775
8507 2 3777
3642 2 3777
7736 3 3778
3534 5 3778
1342 5 3780
8265 5 3780
8621 1 3782
3138 5 3783
7034 3 3785
556 4 3786
7773 5 3786
3388 5 3788
3602 5 3788
4523 3 3789
347 4 3790
2382 5 3790
4512 1 3791
9598 4 3791
4209 1 3793
7141 1 3793
365 5 3794
5258 3 3796
230 5 3796
2131 2 3798
9000 2 3798
6844 3 3799
7638 2 3799
3520 5 3800
6525 2 3802
8067 4 3803
3528 4 3803
3003 2 3804
3687 4 3804
9477 3 3805
1576 5 3808
1395 5 3809
1044 5 3809
4766 5 3810
8204 1 3811
9388 3 3814
1517 4 3814
1727 1 3815
2081 4 3816
6261 4 3816
5177 4 3818
2876 2 3818
3404 4 3820
3371 2 3821
844 5 3822
8526 2 3822
4264 2 3823
6961 1 3823
3195 3 3824
553 1 3824
4160 2 3825
7964 1 3825
8917 4 3826
7527 5 3827
2093 5 3827
1184 1 3828
2555 4 3828
624 4 3829
6259 2 3834
9773 2 3835
7037 5 3835
4270 1 3836
6583 4 3836
3727 4 3838
1867 5 3838
9630 1 3840
94 2 3840
4834 3 3841
8469 1 3841
1212 5 3842
4947 5 3842
9128 2 3843
469 3 3844
1038 2 3844
2856 4 3845
542 2 3845
7591 5 3848
8917 2 3848
9320 4 3849
2694 5 3850
9394 1 3850
9654 5 3851
7344 4 3851
4423 5 3852
6217 4 3852
9481 5 3853
2392 3 3853
3668 2 3854
3398 4 3856
4013 4 3856
5400 3 3858
3876 4 3858
9490 2 3859
4879 2 3859
9963 1 3860
9454 3 3862
6180 4 3863
7474 2 3864
8838 1 3864
7011 4 3865
5071 2 3866
4230 2 3866
1391 4 3869
7063 3 3870
1393 1 3870
2864 4 3871
7240 3 3873
7546 4 3873
9642 1 3874
6991 3 3874
9025 5 3875
2261 2 3876
5666 4 3877
5350 5 3878
7476 4 3878
8684 2 3879
1554 2 3880
5282 5 3880
5111 1 3881
4225 4 3881
4070 4 3883
2344 4 3883
4893 1 3884
172 4 3885
3853 3 3887
1740 5 3887
3107 3 3888
3261 4 3890
6156 3 3890
4433 5 3891
2449 5 3891
2348 4 3893
1975 4 3893
9667 2 3894
968 1 3895
2624 5 3896
391 3 3897
7434 4 3897
6305 1 3899
3043 2 3900
1391 5 3901
7458 5 3901
8032 1 3902
8960 1 3903
6337 5 3903
5550 1 3904
129 3 3906
3528 1 3906
6150 2 3907
4870 1 3908
4604 5 3910
2497 1 3910
8046 4 3912
1603 5 3913
3315 2 3915
178 4 3915
2060 2 3916
1405 1 3916
9519 4 3917
3363 3 3918
2109 3 3919
5985 1 3919
9787 2 3920
5787 4 3920
242 1 3922
3762 5 3922
2088 1 3923
6981 3 3924
5013 5 3927
639 4 3927
8327 5 3929
2194 4 3929
2991 5 3930
8967 1 3931
1914 4 3931
8409 3 3933
5899 4 3934
3419 4 3935
390 3 3935
1788 4 3938
1562 1 3939
4046 1 3941
5822 2 3941
3294 5 3942
7096 5 3943
4646 5 3943
3058 5 3944
7261 2 3945
8841 4 3946
6240 1 3947
5606 5 3947
5049 2 3948
3502 1 3949
7950 3 3949
4360 3 3950
7782 5 3950
7965 1 3951
8024 3 3951
7902 1 3952
6759 4 3952
1113 2 3953
9681 1 3954
4626 2 3954
3735 1 3955
7132 3 3955
1176 2 3958
349 3 3958
591 1 3959
1892 3 3959
5167 5 3960
6033 5 3963
521 1 3963
7130 3 3964
8826 1 3964
4730 2 3967
6002 4 3968
7372 3 3968
9559 2 3969
710 2 3969
6174 5 3971
6101 5 3972
1497 1 3974
9547 1 3974
5100 4 3975
7052 5 3976
8105 1 3977
8932 1 3977
8596 1 3978
4498 3 3978
6651 3 3979
7933 4 3979
9814 2 3980
3838 5 3981
1779 1 3981
5083 3 3982
6145 1 3982
3513 3 3984
894 2 3989
2692 5 3989
1826 3 3991
3079 1 3991
964 4 3993
4828 2 3994
4772 4 3995
458 1 3996
5078 2 3996
4073 1 3997
9369 4 3997
6024 1 3999
4016 2 3999
3845 1 4000
9623 3 4000
4723 2 4001
7446 4 4002
6789 1 4002
4088 2 4003
1476 4 4004
7107 1 4004
1739 1 4005
2612 5 4005
6501 4 4006
470 3 4006
1620 3 4007
2136 4 4009
1948 3 4010
571 3 4010
5091 5 4011
5908 1 4014
5781 2 4014
4201 4 4015
2420 4 4016
2210 1 4019
5731 4 4021
2865 4 4022
1994 5 4022
4605 3 4023
5361 2 4023
4911 5 4024
4422 1 4024
2823 4 4027
4332 1 4027
4348 3 4028
9083 5 4028
1046 2 4030
6728 1 4031
2850 3 4032
9650 5 4032
9304 3 4036
5680 5 4037
4115 1 4037
7735 5 4038
206 3 4040
7298 4 4040
1915 4 4043
2970 1 4044
5524 3 4045
8057 3 4046
3111 3 4047
6562 4 4050
7895 3 4051
7941 2 4054
7778 3 4054
8987 4 4056
8555 5 4059
7838 1 4061
8755 5 4061
5451 5 4062
2661 3 4064
6078 1 4064
2579 5 4065
5145 2 4066
7035 1 4067
12 2 4071
2674 3 4073
7879 2 4073
2975 4 4074
908 4 4075
2220 1 4075
8496 5 4076
4143 3 4078
9100 3 4079
7785 5 4080
6762 4 4083
1570 5 4083
9885 4 4086
671 3 4087
3864 1 4090
3511 1 4091
8694 5 4091
3737 2 4093
4385 4 4093
5522 2 4094
7974 2 4094
5054 4 4095
1690 4 4095
9461 1 4097
9206 4 4097
7967 5 4099
1545 1 4099
7318 1 4100
2852 1 4100
2860 4 4101
1672 1 4103
6309 2 4104
2416 1 4104
4894 5 4105
5295 3 4108
4779 2 4111
722 3 4111
3824 2 4113
3374 1 4113
4478 2 4114
877 5 4115
4040 2 4116
2531 4 4118
2542 1 4118
5950 4 4119
7023 2 4122
9788 2 4123
5133 1 4125
8696 3 4125
5049 2 4127
7247 3 4127
6345 2 4130
6628 4 4132
3359 4 4132
6625 5 4133
7031 5 4133
5006 5 4134
8738 5 4134
4056 5 4135
8158 3 4136
5288 5 4136
4264 5 4138
4794 3 4138
4947 1 4139
2100 2 4140
2000 1 4141
513 1 4141
1378 1 4143
3494 4 4144
9606 5 4144
1419 3 4146
3050 4 4146
8897 2 4147
9851 2 4148
1462 4 4148
5069 5 4150
1105 3 4151
4834 2 4151
1460 4 4154
6871 2 4154
4093 3 4156
8335 5 4156
1382 5 4157
2385 4 4158
5525 5 4159
3180 2 4160
7615 3 4161
7943 1 4161
8780 3 4162
4915 4 4162
8024 2 4165
7732 4 4166
8214 4 4169
1203 5 4170
611 2 4170
9998 5 4171
2586 1 4171
2149 5 4174
327 1 4174
9166 5 4175
2798 4 4179
8596 1 4179
9996 4 4181
2193 5 4181
4363 4 4182
8013 4 4183
3223 3 4183
9484 3 4188
7483 2 4189
1918 2 4189
7545 2 4193
5339 1 4193
950 1 4195
5739 3 4195
8301 5 4196
8766 1 4196
3564 3 4197
6428 5 4197
1758 1 4199
9712 5 4203
6437 1 4206
2607 2 4206
3435 4 4208
2056 3 4208
2576 4 4209
7525 1 4211
3242 3 4212
1345 1 4212
1063 3 4213
5579 2 4213
6748 5 4214
6033 5 4214
7128 5 4215
4813 1 4216
6155 2 4216
1843 2 4218
1754 1 4219
842 4 4219
8291 2 4222
6292 3 4224
6207 3 4224
6665 1 4225
27 1 4227
5910 3 4229
2162 1 4229
3809 1 4230
9134 3 4230
7946 3 4231
5395 3 4232
5894 4 4233
4628 2 4234
9410 5 4234
7392 1 4235
1571 1 4236
4130 3 4236
9428 4 4240
1212 2 4240
7879 5 4242
1693 4 4242
3203 5 4243
5612 3 4244
2722 3 4244
9478 1 4245
891 5 4245
1482 3 4251
4605 5 4251
6513 5 4253
5742 3 4255
3034 3 4255
7386 3 4256
5974 5 4256
960 2 4257
3025 5 4258
6282 3 4258
2041 1 4259
8303 3 4260
6716 4 4261
8259 1 4261
631 3 4262
3658 5 4265
4763 1 4266
1153 4 4266
5483 2 4267
7420 3 4267
9249 1 4268
4411 2 4269
4657 3 4270
4156 2 4273
3685 4 4274
5066 3 4274
7494 3 4275
6417 3 4277
1524 1 4278
3836 1 4278
7590 1 4279
8747 3 4280
6466 4 4280
3083 1 4281
3063 1 4281
4388 2 4282
6764 1 4283
6978 5 4283
1592 5 4286
4045 5 4286
448 4 4287
9669 2 4288
2824 2 4291
7889 5 4291
8368 1 4293
5041 4 4293
3834 2 4294
6632 1 4294
5525 4 4295
331 2 4295
7254 2 4296
1030 3 4298
218 3 4300
8959 2 4301
8675 4 4304
1013 4 4306
5423 3 4308
5320 3 4308
7453 4 4309
9474 4 4310
4211 1 4312
9893 1 4312
1083 2 4315
8869 5 4315
1474 1 4316
1039 2 4317
9101 4 4320
2990 1 4320
9219 2 4322
7391 3 4324
4278 4 4325
4540 5 4325
1462 2 4326
3643 1 4328
7127 4 4328
5933 4 4329
9049 2 4329
2555 5 4331
2833 2 4331
5842 2 4332
1375 3 4332
2251 5 4334
7854 4 4335
9555 1 4335
1191 3 4336
146 4 4336
4387 3 4338
9189 4 4338
2243 1 4339
2986 1 4340
1687 5 4341
4333 3 4341
9596 3 4342
166 5 4344
7134 2 4346
4789 4 4348
5182 1 4348
4538 4 4349
9940 1 4349
3693 5 4351
4233 2 4351
1929 3 4353
6114 5 4354
3614 4 4354
353 4 4355
3707 4 4356
4040 5 4356
8481 1 4357
4632 4 4357
9049 2 4358
751 2 4359
7524 4 4360
6060 3 4361
9024 3 4362
5918 3 4362
4284 5 4363
2685 1 4363
4022 2 4364
5593 4 4364
4313 1 4365
2743 3 4366
3146 2 4368
8494 2 4369
7202 3 4370
4815 2 4372
2730 2 4372
4658 1 4375
6322 5 4376
5451 2 4376
4411 1 4377
5256 2 4379
9625 4 4379
6606 5 4380
7747 4 4380
8864 2 4382
670 4 4383
9204 1 4384
7441 1 4384
6595 5 4385
4468 3 4385
6005 3 4388
2860 3 4388
3886 4 4391
3157 4 4391
3851 5 4392
941 4 4392
7081 4 4393
5689 2 4394
9548 3 4394
6869 2 4395
9039 1 4395
3488 5 4396
1741 3 4397
3451 2 4397
3390 3 4399
8290 2 4400
3451 2 4401
5260 5 4403
6777 5 4404
6741 3 4404
7108 2 4405
2452 3 4406
8452 4 4406
6547 1 4408
5687 3 4409
9142 5 4410
71 5 4410
5089 3 4412
5568 1 4413
6118 5 4417
4626 2 4417
121 1 4420
4690 1 4420
8146 5 4422
1380 1 4424
2506 4 4426
9537 2 4426
4473 1 4429
1851 5 4429
8114 4 4430
2689 3 4432
3776 2 4433
624 4 4433
5291 2 4434
394 1 4435
8868 2 4436
9282 3 4437
6242 4 4438
2522 1 4439
1700 4 4439
9800 2 4440
8982 2 4441
8840 5 4444
4862 2 4449
2657 3 4449
1862 3 4450
1700 4 4453
8488 5 4454
3313 1 4456
3574 2 4457
5410 2 4457
7314 3 4460
743 3 4461
346 4 4462
1104 1 4463
9876 1 4463
3239 3 4464
9908 4 4464
4248 5 4465
6450 2 4466
7896 4 4466
2301 2 4468
459 5 4468
8484 3 4470
1074 5 4470
3242 3 4471
1374 5 4472
3321 2 4473
1449 3 4474
6054 1 4474
9000 3 4479
1718 2 4479
9575 2 4482
5479 5 4484
1633 3 4484
5190 4 4486
617 5 4487
1380 5 4491
4031 4 4491
3983 5 4492
4918 3 4493
1972 1 4493
3151 4 4494
8662 4 4494
2343 4 4495
4186 3 4495
2595 4 4496
5256 5 4496
6791 1 4499
3077 4 4499
7032 3 4500
9243 1 4500
102 2 4501
7976 1 4501
8033 4 4502
6460 2 4504
3807 1 4505
3422 2 4505
6288 4 4506
2920 3 4506
1335 5 4507
2704 3 4507
2674 4 4509
3419 3 4509
8534 2 4511
5074 1 4511
1530 4 4512
4767 2 4512
3076 4 4514
6302 5 4514
672 1 4517
2813 5 4517
7426 1 4518
1698 4 4518
7529 3 4522
1196 4 4523
9220 2 4525
5419 3 4526
3964 1 4526
1016 5 4527
8302 1 4527
4241 1 4528
9648 5 4529
9705 2 4529
2054 2 4534
180 5 4534
4912 2 4535
7618 1 4535
7592 2 4537
3539 4 4539
7525 5 4539
5258 4 4540
776 3 4542
1344 3 4542
5283 3 4543
7565 3 4544
7230 2 4544
4024 2 4545
1118 1 4546
4391 2 4546
2242 3 4547
6893 1 4549
9689 3 4550
7492 2 4551
5935 5 4554
1383 3 4554
3484 3 4555
2096 5 4556
9551 5 4558
976 3 4560
1358 5 4560
2172 2 4561
3520 3 4561
2109 3 4562
7184 5 4562
1216 5 4563
3910 3 4563
7409 3 4564
3195 5 4564
7833 5 4565
6648 2 4566
7033 5 4566
1137 1 4569
8091 2 4570
9040 5 4570
2349 4 4571
8576 5 4572
5441 1 4572
1357 3 4574
992 3 4575
322 4 4575
8665 2 4576
9876 2 4576
4353 2 4577
2280 4 4578
6598 4 4579
2268 2 4579
6454 2 4581
6734 1 4582
7862 1 4582
6103 3 4583
4540 3 4584
2854 3 4584
4446 5 4585
3754 2 4585
6941 2 4586
880 3 4589
2966 1 4589
2587 2 4590
3669 1 4590
786 3 4592
8862 1 4592
2096 2 4593
6256 4 4594
177 4 4594
1019 4 4597
2800 4 4598
3106 1 4599
2155 5 4599
9775 2 4600
9997 3 4602
4984 3 4602
6228 4 4603
5721 1 4604
8189 1 4604
1834 2 4605
4826 4 4606
9991 3 4608
1812 5 4608
5654 1 4609
4486 4 4610
8968 5 4612
6474 4 4612
167 2 4613
6227 5 4614
249 3 4615
6759 4 4615
221 4 4616
8751 2 4618
5573 3 4618
3860 4 4620
2759 1 4621
8232 3 4623
7175 1 4624
488 4 4624
8813 1 4625
6386 3 4626
2999 2 4627
6359 4 4628
8648 4 4628
1528 4 4629
8960 5 4629
8533 4 4631
9301 5 4631
2269 1 4632
8633 4 4632
5520 5 4633
5306 3 4633
2029 1 4636
7028 5 4636
667 5 4637
1756 1 4637
3953 5 4638
7950 2 4638
9114 1 4640
4249 4 4640
246 4 4641
6713 3 4641
8043 5 4643
3147 3 4644
1524 5 4644
7259 1 4645
9717 3 4645
8054 4 4646
8185 2 4646
328 1 4648
314 3 4648
856 5 4649
5134 5 4649
9001 1 4650
8681 3 4652
426 4 4653
4136 5 4654
5073 1 4654
3084 4 4655
1220 5 4658
1442 2 4659
8192 2 4660
3355 5 4661
9993 5 4662
6820 2 4662
4660 5 4664
3134 4 4665
1210 1 4667
2753 1 4667
8443 3 4668
6341 3 4668
3905 2 4670
6569 4 4670
1184 2 4671
9258 4 4671
7224 4 4672
2891 2 4672
7361 3 4673
2807 4 4674
1556 5 4674
4574 3 4675
5311 3 4675
8167 4 4676
7205 3 4676
160 1 4678
3080 3 4679
1913 4 4679
8957 3 4680
5001 3 4681
625 5 4682
5577 5 4682
1210 3 4683
2192 1 4684
8990 4 4688
1350 2 4688
8325 2 4689
3455 1 4690
5991 2 4692
5406 4 4693
4554 4 4693
29 4 4695
5378 4 4695
6294 1 4696
1233 5 4696
2161 4 4698
5009 2 4698
2385 2 4699
7468 1 4700
883 3 4701
9880 5 4703
3981 5 4704
262 1 4704
3461 2 4705
2123 2 4706
8911 5 4707
8562 2 4708
621 2 4708
5600 4 4709
5558 1 4710
9022 4 4710
242 3 4712
2410 5 4714
2863 1 4715
1303 3 4716
3810 1 4716
7421 2 4717
334 1 4718
9082 1 4718
4895 2 4719
515 3 4719
8984 5 4722
1920 3 4726
3884 3 4726
1358 5 4727
8852 1 4728
9615 1 4730
6364 5 4732
2580 3 4734
8951 1 4735
5913 3 4735
5380 3 4737
7918 2 4739
1356 5 4742
6508 1 4742
3839 4 4744
8788 3 4744
2534 3 4745
4202 3 4747
6759 4 4747
4418 1 4748
6619 4 4748
7741 5 4749
5258 5 4749
5938 3 4751
8709 4 4751
8223 3 4752
3310 4 4753
2393 4 4753
6132 1 4754
4575 1 4754
5215 2 4755
7501 2 4756
5091 2 4756
7156 4 4760
1983 5 4760
4875 1 4761
2090 5 4762
3685 5 4762
1877 2 4763
5178 4 4764
3049 2 4764
9198 5 4765
9525 3 4765
1927 3 4766
518 2 4766
8976 5 4767
8567 2 4767
8950 4 4768
1915 2 4768
204 4 4769
6492 3 4769
1118 2 4773
9547 1 4773
8120 2 4774
4963 3 4774
3563 3 4775
6786 5 4778
4980 3 4778
9875 5 4779
9445 4 4779
276 4 4780
5013 3 4780
3104 4 4781
3936 1 4781
3629 4 4783
5595 3 4785
994 4 4785
205 4 4786
7621 4 4789
6457 5 4789
4466 1 4790
8833 4 4791
9064 5 4793
5262 2 4794
3132 4 4794
396 4 4798
3602 1 4800
9564 5 4801
2315 4 4801
5189 2 4802
1395 3 4802
169 2 4803
7794 5 4804
6384 3 4806
5065 4 4807
7453 2 4807
4566 3 4809
7052 5 4809
7935 1 4810
8069 4 4810
8105 5 4811
708 3 4811
3753 4 4813
6202 4 4813
4151 2 4815
6685 5 4815
1743 4 4816
9788 5 4817
9872 1 4817
5026 2 4818
4013 5 4819
7162 3 4820
8976 1 4823
6333 3 4823
2390 1 4824
174 1 4826
9498 1 4826
7690 1 4829
1094 5 4829
4024 4 4830
868 1 4830
3859 2 4831
6123 3 4831
8778 5 4832
7165 2 4832
6765 2 4834
9814 4 4835
2241 1 4835
4802 1 4840
2886 5 4840
8314 4 4842
1073 5 4843
786 2 4844
452 4 4845
7143 5 4847
9218 4 4847
4403 3 4848
1412 2 4848
8403 1 4849
9372 5 4851
417 4 4852
5616 2 4852
5894 4 4854
4908 3 4854
3177 1 4856
91 1 4857
6493 4 4858
3447 5 4858
8963 5 4859
7775 4 4860
4667 1 4861
3347 4 4861
5484 2 4862
8835 1 4862
6143 2 4863
8479 4 4865
1050 5 4865
6471 1 4866
7281 2 4866
2675 5 4867
2090 3 4867
1194 1 4868
985 1 4868
5161 4 4869
1770 2 4871
5074 1 4872
73 1 4877
3201 2 4877
6705 1 4879
5993 3 4880
4080 4 4880
1516 4 4882
8282 2 4883
9799 4 4884
395 2 4884
3466 2 4889
3465 3 4890
5237 1 4891
7413 3 4891
4460 5 4894
1878 3 4894
4003 4 4895
9675 5 4895
9782 5 4896
6847 5 4897
4143 2 4897
9886 4 4899
9638 2 4899
719 2 4900
5879 4 4904
5931 4 4906
2520 5 4907
7028 1 4907
4210 1 4908
5515 1 4908
4118 3 4909
8147 3 4909
9391 2 4910
1793 5 4910
2097 1 4911
7342 5 4912
3831 5 4912
7056 5 4913
3186 5 4913
4550 3 4914
888 3 4915
3293 5 4917
7001 4 4917
6191 2 4918
9881 2 4918
5935 1 4919
1351 5 4920
9299 5 4920
8761 5 4925
383 2 4925
7353 1 4927
138 1 4928
1653 5 4928
9570 5 4929
3047 1 4929
2795 5 4930
3431 5 4931
40 5 4933
6799 1 4933
231 3 4934
3326 1 4938
3828 1 4939
6273 5 4939
56 3 4940
6610 1 4941
568 1 4941
7334 3 4943
7526 4 4943
7164 5 4944
3944 5 4944
6313 4 4947
7263 2 4949
7532 2 4950
4684 4 4951
1873 4 4951
5471 4 4952
8938 2 4953
5053 2 4953
7034 5 4954
9356 4 4956
6388 1 4956
7022 3 4957
4866 3 4957
6879 1 4958
7317 4 4958
2858 4 4959
1630 4 4959
5719 5 4961
2343 3 4962
8646 3 4962
8559 1 4963
530 4 4963
8388 1 4964
680 4 4965
4696 4 4966
7898 3 4966
8009 4 4969
5769 1 4970
875 5 4970
8427 2 4971
8088 1 4973
5428 2 4974
6966 2 4974
9201 1 4975
5151 2 4977
9406 5 4978
5005 1 4978
2051 1 4980
848 4 4980
6667 5 4981
9236 5 4982
1049 2 4984
136 1 4984
8633 2 4985
9503 1 4985
2648 3 4986
6433 3 4986
9662 3 4987
2710 2 4987
3297 1 4988
5036 4 4988
5664 4 4989
7027 1 4991
1611 1 4992
4985 2 4992
777 2 4993
3623 1 4994
1835 1 4994
5004 3 4995
7222 4 4996
2050 5 4997
7692 5 4998
7191 4 4998
1399 2 4999
4195 4 4999
3910 1 5000
518 5 5001
3166 2 5001
5250 1 5003
3576 1 5004
8907 5 5004
3604 1 5005
8876 5 5005
4767 4 5007
3852 1 5007
4547 2 5010
6134 2 5010
6997 1 5012
4415 3 5012
3564 4 5014
7497 2 5015
351 1 5016
1191 2 5017
3615 2 5019
2094 3 5020
1805 2 5020
2072 1 5021
6155 5 5021
5371 4 5022
1108 1 5024
8982 5 5024
1933 1 5025
3475 3 5027
206 3 5027
2306 4 5028
5495 3 5028
5746 5 5029
8030 3 5030
9737 5 5030
6133 3 5031
8362 4 5034
6283 3 5035
2623 3 5035
803 4 5036
621 5 5037
9607 1 5037
7860 4 5038
4911 1 5039
2704 1 5041
916 5 5042
4163 5 5045
5719 2 5045
8488 3 5049
7263 5 5049
2779 2 5051
454 5 5051
5473 2 5054
457 4 5056
7579 5 5057
8322 4 5057
2732 4 5058
1727 3 5058
3895 4 5059
6507 1 5061
638 4 5061
376 3 5063
6722 4 5063
7449 4 5064
330 4 5066
3202 5 5067
5330 1 5067
9747 2 5068
8267 3 5069
8998 5 5069
9945 2 5070
8365 1 5071
1756 2 5071
9027 3 5074
9085 1 5076
8442 4 5078
8957 3 5078
3938 3 5079
6414 5 5082
5870 3 5083
6680 1 5083
4173 5 5084
5910 3 5084
4790 2 5088
6762 1 5089
1088 5 5091
8536 2 5091
7937 2 5093
3095 5 5094
6315 4 5094
8498 4 5095
5794 1 5097
1078 2 5097
3176 2 5098
4941 1 5098
1238 3 5099
4180 5 5102
4516 3 5102
7254 4 5103
5856 1 5103
2188 4 5104
5920 3 5105
5405 3 5106
3365 1 5106
4869 3 5107
2795 3 5107
4610 5 5109
3550 3 5110
2211 1 5110
3367 2 5111
4642 5 5111
8708 1 5112
9628 4 5112
6156 4 5115
9306 5 5115
4263 2 5116
6935 1 5117
2339 3 5118
9021 2 5120
7524 2 5121
3666 3 5122
6727 5 5122
2662 3 5124
1851 1 5124
3360 2 5125
547 2 5127
2185 4 5128
2388 4 5130
3986 3 5131
700 4 5133
215 1 5135
4489 2 5136
9951 5 5136
5615 1 5137
9811 3 5138
7819 3 5138
1539 2 5139
5398 3 5139
7626 4 5141
7383 2 5141
236 5 5142
6564 1 5143
8775 5 5144
2674 5 5144
5767 4 5145
2883 3 5145
9708 5 5146
163 3 5146
8139 5 5147
465 4 5148
3387 2 5148
369 5 5149
3327 5 5151
3998 2 5153
4525 3 5153
7464 2 5154
2765 2 5154
8825 3 5158
1991 5 5158
1042 3 5159
5561 4 5159
9668 1 5160
9586 2 5160
4464 5 5161
7872 5 5161
1943 1 5162
2310 5 5164
222 2 5164
9584 1 5165
1724 5 5165
7137 3 5168
6799 1 5169
2037 1 5175
2360 5 5175
7273 1 5176
1360 1 5176
4718 5 5177
9904 4 5178
2855 4 5178
1181 4 5179
4 2 5180
915 2 5181
9761 4 5181
9968 5 5184
2028 1 5186
292 1 5187
8193 4 5187
1324 5 5188
6745 2 5188
9284 2 5189
1520 2 5190
8122 3 5190
8386 4 5191
8558 4 5191
9203 1 5192
7533 4 5192
6611 3 5194
6503 4 5196
4308 5 5197
2402 3 5200
4402 1 5202
9353 3 5206
3804 3 5208
5631 1 5208
151 2 5209
7165 3 5210
2992 4 5210
765 3 5211
9157 4 5212
35 4 5212
8488 2 5213
2025 5 5213
6678 1 5215
5564 2 5217
7320 4 5217
3080 1 5218
5860 5 5218
6370 2 5220
4762 4 5220
5067 4 5223
7406 5 5224
5599 4 5225
8010 4 5226
4294 5 5227
7503 3 5230
5150 5 5230
365 2 5235
1694 3 5235
6283 1 5237
7621 1 5237
7380 5 5238
3918 1 5238
8154 1 5239
5796 3 5240
1229 5 5241
1619 1 5242
2538 4 5243
8223 4 5243
3099 2 5244
2067 2 5244
4462 5 5246
9710 5 5247
3221 2 5247
6471 1 5252
6473 2 5252
7155 4 5253
6841 5 5254
4589 1 5254
4181 5 5256
4358 3 5257
7616 5 5257
6313 4 5258
4686 1 5259
343 5 5260
9667 4 5264
1400 5 5264
1950 5 5265
4925 5 5265
8787 1 5266
1027 5 5266
5442 3 5267
3436 5 5268
5941 5 5270
7221 1 5271
803 2 5275
8900 5 5275
2584 3 5276
3495 2 5278
307 1 5280
950 5 5282
2265 2 5285
7062 2 5285
2358 5 5287
5180 4 5288
9194 3 5288
7473 3 5289
9307 5 5290
2968 1 5290
6727 4 5291
768 2 5292
2459 2 5292
1877 5 5295
8320 1 5295
8013 1 5296
651 3 5296
4909 5 5297
4696 5 5301
3206 3 5301
9879 4 5303
8916 4 5304
3222 4 5305
6230 5 5305
748 5 5307
1095 3 5308
5666 3 5310
5809 4 5315
4258 1 5319
1526 5 5320
959 4 5320
5718 2 5322
154 2 5322
3691 2 5323
1816 2 5323
5177 2 5324
4433 2 5325
9230 1 5325
7882 1 5326
8901 3 5327
9619 4 5328
2242 2 5328
9248 5 5330
7788 3 5330
1762 3 5335
1493 5 5336
8431 5 5336
6936 1 5337
3851 3 5337
535 1 5339
9797 2 5339
5120 2 5340
7524 5 5340
7187 3 5342
1533 1 5343
6483 3 5344
3366 5 5345
6515 3 5345
3945 3 5346
3310 2 5347
3066 1 5348
2638 3 5350
4524 2 5350
9778 1 5351
455 1 5355
8733 3 5355
3042 3 5359
5255 4 5359
7134 1 5361
2344 4 5362
6587 3 5363
9285 5 5365
4370 2 5365
5937 5 5366
5965 4 5367
8736 3 5367
4326 5 5368
8749 3 5369
7482 3 5370
3603 3 5371
661 3 5371
5381 4 5372
3274 4 5373
1888 2 5375
8107 4 5376
7001 1 5376
1602 5 5377
1288 4 5378
3947 4 5379
8518 5 5380
4876 1 5380
5337 5 5381
5020 5 5383
1720 1 5383
7939 3 5384
2159 5 5384
5294 4 5386
3235 2 5391
1298 2 5392
4449 1 5392
6165 1 5393
569 3 5394
6541 1 5394
8255 3 5395
9503 4 5395
6179 3 5396
485 3 5397
8299 1 5397
2189 3 5398
4841 1 5398
8996 2 5399
8463 3 5400
7505 3 5400
9150 1 5401
9681 2 5401
561 3 5403
9006 3 5405
1214 2 5405
1628 5 5408
9019 1 5409
5718 4 5410
9034 5 5411
8563 1 5412
1261 1 5412
9058 3 5413
9206 3 5416
7183 1 5420
9263 1 5420
4110 3 5421
4952 4 5423
5032 4 5424
4942 5 5424
8625 3 5425
8331 3 5425
9675 4 5426
9549 5 5426
9872 3 5428
4960 4 5428
1500 1 5429
7016 2 5431
2358 3 5432
9316 5 5434
3788 2 5435
7193 2 5435
1070 1 5437
1661 4 5440
8262 5 5440
7013 4 5441
7123 3 5441
9266 3 5443
2601 5 5443
7672 1 5444
62 2 5446
3614 5 5446
5846 2 5447
8491 3 5447
210 5 5450
401 1 5450
4204 1 5451
3125 1 5451
5990 1 5453
6549 3 5453
9067 5 5454
6396 3 5456
9517 5 5457
4034 2 5459
6156 3 5460
8666 2 5460
4649 3 5462
577 3 5462
5317 3 5463
8637 3 5466
3864 3 5466
8631 2 5470
927 1 5470
5676 4 5473
9127 1 5473
8949 5 5474
5410 2 5476
5892 4 5476
8899 4 5478
5974 2 5478
8998 3 5479
9452 3 5480
2931 5 5482
2490 1 5483
9173 5 5484
5027 3 5485
9875 4 5486
2953 3 5486
6938 4 5488
7103 1 5488
2689 1 5489
2515 1 5490
2540 4 5492
6963 3 5492
3062 5 5497
9170 3 5498
9265 4 5499
8990 4 5499
7591 2 5500
9726 4 5500
1330 2 5502
7516 2 5504
2517 2 5504
485 4 5505
1620 1 5507
1048 3 5507
17 2 5509
4702 1 5510
8236 2 5514
7518 5 5514
485 2 5515
5771 1 5517
4265 1 5517
8016 3 5518
7018 3 5519
8564 3 5519
9566 2 5523
1059 4 5524
2775 3 5525
3200 2 5525
4515 4 5527
6091 1 5527
3841 1 5528
7508 4 5528
6182 3 5529
578 1 5529
2339 2 5530
8865 3 5531
2261 5 5533
6535 4 5534
9564 3 5537
7496 4 5538
5847 3 5538
7585 5 5539
7718 5 5539
4364 2 5540
7130 4 5541
9576 5 5541
2127 3 5542
640 5 5542
7838 2 5543
7095 2 5544
4184 5 5545
6445 5 5545
4338 4 5546
9671 1 5546
9986 4 5547
3007 3 5549
8351 5 5549
1038 5 5551
6659 3 5551
1842 4 5552
7384 2 5553
7412 5 5553
6003 3 5554
2507 2 5555
9429 4 5559
5575 1 5561
8223 3 5561
8718 1 5562
1285 4 5562
7482 3 5563
9193 5 5563
6424 2 5564
3193 1 5565
7305 3 5568
2578 5 5569
732 2 5569
8013 4 5570
6863 2 5570
6795 5 5571
7383 3 5572
6768 3 5573
8934 2 5573
3964 4 5574
8852 5 5574
6076 3 5575
6751 5 5575
2346 2 5576
4789 2 5576
1738 4 5577
31 1 5578
5586 3 5578
8831 1 5579
7999 1 5579
9076 3 5580
1746 3 5580
4909 2 5583
6526 5 5583
2356 4 5585
5161 2 5585
4832 3 5586
8382 1 5587
7705 1 5588
2606 4 5588
1958 4 5589
7979 1 5589
3952 4 5592
6919 4 5593
4230 4 5593
2268 2 5594
8408 1 5596
366 1 5596
643 3 5597
3881 3 5598
8607 5 5599
5042 1 5600
7430 1 5600
6921 3 5601
5169 5 5601
7670 4 5603
465 4 5603
7118 2 5604
8932 4 5607
338 2 5609
3914 3 5610
3075 1 5610
249 3 5612
757 4 5613
2089 4 5613
6977 1 5614
7520 2 5614
400 4 5615
7831 4 5617
9782 3 5618
4155 5 5621
8439 2 5624
6634 2 5625
5070 2 5625
7013 3 5626
3789 1 5629
6186 5 5629
3278 4 5630
6381 2 5631
1948 4 5633
1694 2 5634
4580 1 5635
3570 4 5635
6922 4 5636
701 3 5637
653 5 5640
1389 3 5640
3790 3 5641
1984 3 5642
9467 4 5642
3523 3 5643
3356 2 5643
4072 5 5644
3932 2 5644
55 3 5645
8017 1 5645
8595 3 5646
6111 2 5647
5430 2 5647
9238 3 5650
5268 1 5652
4939 1 5653
8919 5 5655
2638 3 5657
3344 4 5658
82 3 5659
1156 2 5659
9875 3 5661
8137 1 5662
9797 4 5663
8260 4 5667
902 1 5668
2313 1 5668
2267 2 5669
1256 1 5671
5002 1 5672
9729 4 5672
3790 4 5673
2042 3 5673
5388 3 5674
9484 1 5674
4150 3 5675
3284 3 5675
3759 1 5676
3120 1 5676
7307 3 5678
8487 5 5678
3589 4 5679
8063 3 5679
5297 3 5680
8105 3 5682
7100 5 5683
4856 5 5683
3185 5 5684
9421 2 5685
7883 4 5687
1251 3 5688
9049 1 5688
2816 3 5689
1577 3 5690
9581 5 5690
8152 1 5692
2444 2 5693
2481 1 5693
1758 2 5694
6418 5 5695
2597 2 5695
1496 3 5697
5819 4 5698
240 3 5698
2564 2 5699
5000 2 5699
5031 1 5701
8875 5 5701
9587 5 5702
3721 5 5702
4160 3 5703
2300 4 5704
7570 2 5705
7400 3 5705
5212 3 5706
4941 1 5708
3960 4 5711
3533 2 5713
8581 1 5714
3727 5 5715
4396 1 5715
1375 1 5717
4791 1 5717
1239 5 5718
6559 2 5719
8026 1 5719
8502 2 5721
3879 3 5722
6176 4 5722
8828 2 5724
7014 2 5726
8397 5 5726
5313 3 5728
9293 1 5728
2606 5 5729
6033 4 5729
7322 4 5730
5903 1 5730
5520 4 5731
2641 2 5731
8761 1 5732
2873 4 5733
31 1 5734
2989 4 5735
3725 1 5736
1960 4 5737
7004 4 5738
4909 4 5738
3739 2 5739
1700 5 5739
5674 4 5740
1821 5 5741
521 4 5741
667 1 5742
7566 5 5744
3487 4 5747
1465 2 5748
819 1 5748
6896 2 5749
4379 2 5749
355 1 5750
8919 4 5751
9102 2 5751
8147 5 5752
532 4 5753
1793 5 5754
5522 4 5754
1687 5 5755
9739 5 5755
5520 5 5758
807 1 5758
829 3 5759
9173 1 5759
756 1 5760
5324 2 5760
2313 5 5762
9099 1 5762
8958 2 5766
3861 2 5767
6822 1 5768
2411 4 5770
8743 3 5771
5683 4 5771
3393 5 5774
1906 3 5775
1948 1 5778
1840 2 5778
3337 4 5779
6342 5 5779
29 5 5781
489 1 5783
5155 1 5784
9545 1 5784
969 4 5787
7330 4 5788
9992 5 5789
6644 5 5789
665 1 5790
6790 2 5790
9277 5 5793
3866 2 5795
8786 4 5796
9492 2 5797
9973 5 5797
8055 4 5798
8261 3 5800
6360 4 5800
4371 5 5801
1690 4 5801
6568 2 5803
4580 3 5805
2267 5 5807
7159 2 5807
1821 3 5809
1708 5 5810
865 5 5812
4349 2 5812
555 3 5813
4744 2 5813
1115 2 5815
5783 4 5816
8437 1 5816
9058 1 5817
7090 3 5819
7173 5 5820
4516 5 5822
2727 2 5823
6079 2 5824
4721 5 5825
2078 4 5825
1227 4 5827
5503 2 5827
3309 3 5829
1344 2 5830
799 4 5830
5202 3 5831
9323 4 5831
1546 5 5834
6624 3 5834
8069 3 5839
2209 4 5840
1335 1 5840
5386 4 5842
5069 5 5843
4349 5 5844
9 5 5846
2868 4 5847
7988 1 5847
6358 3 5848
7879 1 5848
3172 2 5850
9135 1 5853
2114 1 5853
9078 3 5855
6669 1 5855
7101 3 5856
1751 3 5857
7875 4 5857
7608 5 5859
9639 2 5859
2891 4 5860
2936 1 5860
2532 1 5861
1220 4 5862
8933 4 5864
1654 3 5865
7951 4 5865
1585 5 5867
5959 4 5867
4914 3 5870
1956 5 5872
5702 4 5874
5024 3 5874
7842 1 5876
7733 2 5876
2869 1 5877
847 2 5878
254 5 5878
6884 4 5879
641 5 5880
1022 2 5880
501 4 5881
6505 1 5881
8588 1 5882
5328 3 5883
9537 1 5883
1036 1 5886
1163 5 5887
3292 3 5888
2605 4 5889
5377 5 5890
5230 2 5890
8775 5 5891
6209 5 5892
5915 1 5893
3158 1 5893
995 1 5895
6592 1 5897
3390 2 5900
3906 1 5902
4172 5 5902
8861 5 5903
7275 2 5904
7957 5 5904
7933 1 5905
3162 2 5906
2909 2 5908
2796 5 5908
6301 4 5909
1313 3 5909
4978 4 5911
5875 5 5912
5699 5 5912
2991 2 5913
8587 2 5914
7798 2 5914
5940 3 5915
7472 1 5915
9038 4 5916
6362 4 5916
234 4 5917
4836 3 5917
9548 3 5918
9471 5 5920
2434 2 5920
3646 1 5923
8602 2 5924
4817 4 5925
4283 4 5925
3631 4 5928
2207 2 5929
7071 2 5929
4743 4 5930
2728 5 5930
815 5 5931
3116 1 5934
4695 4 5934
8422 2 5937
2837 3 5937
7855 4 5938
4141 5 5939
4023 3 5940
9450 3 5940
3383 3 5942
8889 1 5943
9002 4 5946
9923 4 5946
1766 3 5947
4547 2 5948
2212 1 5949
6810 1 5950
433 2 5950
4636 3 5951
5254 3 5951
1198 1 5955
7893 4 5955
5595 1 5956
3582 1 5957
235 3 5959
6343 1 5959
5435 5 5960
5169 3 5960
2310 5 5961
9830 2 5961
7594 2 5962
1283 2 5966
1285 2 5966
9965 4 5967
8810 3 5968
6258 5 5970
2433 3 5971
9582 5 5972
3310 2 5972
6786 2 5974
4320 2 5974
4909 1 5976
9323 4 5977
7393 2 5978
67 3 5978
5731 3 5980
5973 3 5980
3020 3 5981
1743 4 5982
9450 3 5982
7820 5 5983
3428 4 5984
8725 4 5984
2854 1 5985
1132 1 5986
2513 3 5986
3369 2 5989
5121 5 5989
2841 1 5990
74 4 5991
6181 2 5992
1893 5 5993
8896 1 5994
6061 4 5996
7533 1 5998
6714 5 5999
4210 3 6000
6533 5 6004
325 5 6004
2518 3 6005
2102 3 6006
4291 4 6008
9015 4 6008
6955 4 6009
6562 5 6011
4617 2 6011
7528 5 6012
5564 3 6015
201 3 6016
5835 5 6017
7722 3 6018
2479 1 6018
1991 5 6020
4442 3 6020
1600 4 6021
396 2 6021
5779 4 6022
3445 5 6022
6868 5 6024
3960 5 6024
6822 5 6025
9005 3 6025
2468 4 6026
3084 5 6026
4826 3 6028
5978 2 6031
9813 1 6031
6110 5 6035
6041 1 6035
1394 3 6036
659 3 6038
9642 2 6038
8994 1 6039
5051 5 6040
4199 2 6040
8405 5 6042
8824 2 6042
2974 2 6043
8473 4 6043
6037 4 6044
376 4 6044
2331 5 6045
3110 2 6047
6080 1 6047
3604 3 6048
6619 2 6050
4910 4 6050
9763 2 6051
6164 5 6051
1316 5 6052
4443 1 6053
9680 2 6055
9327 5 6056
8522 2 6056
8031 1 6057
3713 1 6057
5926 2 6058
9703 3 6058
7397 3 6059
7944 5 6060
6996 2 6060
6264 2 6061
6376 3 6063
4391 5 6063
7554 3 6064
6093 2 6066
9311 5 6068
2297 1 6070
5596 2 6072
3805 2 6073
4820 1 6074
5762 5 6074
478 5 6075
4604 1 6078
2641 1 6078
7541 1 6079
1514 1 6079
9093 4 6080
2767 1 6082
8793 5 6083
7632 3 6084
690 2 6085
2491 5 6087
6822 2 6087
8066 3 6088
649 5 6088
787 2 6090
7356 3 6090
7800 2 6091
4112 5 6092
1384 3 6092
7234 5 6093
439 4 6093
6716 5 6094
6605 3 6094
4076 1 6095
4586 3 6096
872 5 6097
1322 5 6097
2412 1 6099
2939 1 6102
1987 3 6102
7957 2 6104
8299 1 6105
1894 2 6106
9434 1 6106
4853 3 6107
7496 4 6109
697 5 6109
2796 4 6113
579 4 6114
2679 4 6115
4569 5 6118
3917 1 6118
5623 3 6122
8576 3 6124
7983 2 6124
9478 2 6127
6588 2 6128
5538 4 6131
4875 1 6131
4828 2 6132
3010 1 6132
4056 5 6133
1804 3 6133
6782 2 6136
5968 1 6136
675 3 6137
1458 4 6137
5105 1 6138
820 5 6141
3449 3 6141
3345 2 6143
8639 4 6143
2701 2 6144
1790 3 6144
1189 4 6145
4550 4 6146
506 5 6147
5754 5 6147
4108 1 6150
6749 1 6150
372 4 6151
4373 5 6151
2524 4 6154
2092 1 6156
7066 3 6158
4556 3 6159
880 4 6160
1611 4 6161
6331 1 6163
7625 5 6166
10000 3 6167
5361 5 6168
8496 3 6168
5632 2 6169
9993 3 6170
6028 5 6170
4544 1 6171
9357 1 6171
4010 4 6173
724 4 6173
2783 1 6177
1957 5 6177
5196 1 6180
133 3 6182
1650 1 6183
8560 2 6186
7598 2 6187
9779 2 6187
3980 1 6188
9456 2 6189
2803 5 6189
8862 2 6192
6487 5 6194
2859 1 6194
2026 3 6195
220 1 6195
9603 4 6197
7656 1 6199
3044 4 6199
3248 5 6201
8906 2 6202
1928 1 6203
298 4 6203
9761 3 6206
208 1 6206
5072 2 6207
8824 5 6209
6664 4 6210
9716 5 6211
8744 3 6212
2857 1 6213
2421 4 6217
8242 2 6218
3203 2 6219
2204 5 6220
4897 5 6220
7296 2 6221
2349 2 6222
4668 2 6223
7954 3 6224
8555 3 6224
6965 2 6226
3379 4 6227
1438 4 6229
4189 3 6231
8434 5 6231
8607 2 6232
9198 5 6232
8313 2 6233
176 1 6233
2538 4 6234
5609 5 6235
6842 4 6235
3007 4 6236
7150 3 6236
5818 2 6237
5967 1 6238
3592 4 6238
2567 3 6240
6914 1 6240
5383 3 6241
4761 5 6241
4755 3 6242
693 4 6247
1215 3 6249
7257 4 6250
8033 2 6250
6306 4 6252
1451 5 6253
9412 5 6253
263 4 6254
918 2 6254
163 1 6255
5965 3 6255
8643 3 6259
5761 5 6259
8701 5 6260
7164 5 6260
5505 1 6261
507 1 6262
2606 4 6263
6123 5 6264
1137 4 6264
5325 5 6265
6433 2 6265
2703 5 6267
4570 4 6267
7759 1 6268
3526 4 6268
1179 4 6269
4738 2 6269
7071 5 6270
6324 5 6273
923 2 6274
9925 1 6274
6262 4 6276
3621 3 6277
5091 4 6277
6490 3 6278
7278 5 6280
3802 4 6282
9009 1 6282
3619 5 6284
5617 5 6284
4067 4 6285
9525 3 6286
4348 5 6289
4307 1 6291
7792 2 6292
2440 1 6292
5101 4 6294
3756 2 6295
1816 2 6295
2126 2 6296
560 4 6298
5662 3 6298
3606 2 6299
3918 4 6300
1107 2 6302
9796 2 6303
3092 2 6305
5823 3 6306
6631 2 6306
1159 4 6307
3309 3 6307
6092 2 6309
4408 4 6311
7964 5 6312
1407 2 6312
9903 4 6313
1330 3 6313
2286 5 6315
1161 5 6315
8458 3 6316
8925 5 6316
1676 1 6317
4422 2 6317
3897 2 6318
9049 5 6319
2793 2 6320
8701 3 6320
7190 2 6322
6870 4 6323
1980 3 6323
2046 3 6324
1888 3 6324
5660 1 6325
1177 1 6325
9937 1 6326
9749 5 6326
7366 3 6327
1966 5 6327
631 3 6328
5109 5 6328
2764 5 6329
2265 3 6329
4305 4 6331
387 1 6332
6498 2 6333
9222 1 6333
5490 2 6335
2028 5 6335
1568 3 6336
1151 2 6336
4293 3 6337
1601 3 6337
9013 3 6338
6556 3 6339
5159 4 6340
1040 3 6341
9307 3 6342
8893 4 6343
2134 2 6343
4508 4 6344
3761 1 6344
1736 3 6345
9017 5 6351
1338 5 6351
5974 5 6352
6775 5 6352
2215 3 6353
2876 4 6356
7679 2 6356
2079 1 6357
1785 2 6357
7589 5 6358
2487 4 6358
2370 3 6359
2453 4 6359
3685 3 6360
1988 4 6361
8218 5 6362
7241 4 6363
5250 2 6363
2281 5 6365
8078 2 6365
4389 3 6366
9169 2 6366
7031 3 6368
8046 3 6370
7649 2 6370
9079 1 6372
7034 2 6372
4011 2 6374
9651 4 6374
6729 4 6375
778 4 6375
8569 3 6376
655 3 6376
6780 3 6378
327 1 6378
3929 2 6381
9855 1 6382
1537 4 6383
7974 5 6383
836 1 6385
6947 2 6385
1838 5 6386
834 3 6386
3122 4 6387
5733 3 6387
508 5 6388
198 2 6389
831 1 6390
474 2 6392
2114 4 6392
9339 2 6393
4068 5 6393
2163 5 6394
3461 1 6396
6869 3 6396
7542 2 6397
5000 1 6397
9037 5 6398
99 4 6399
7190 2 6399
2471 1 6400
6371 2 6400
8978 5 6401
1327 5 6401
4 1 6402
3425 2 6403
6611 3 6405
9114 3 6406
9019 3 6409
3551 1 6410
8406 2 6411
5334 5 6412
782 2 6413
9188 2 6414
9356 5 6415
4016 1 6416
4283 3 6416
4727 5 6419
9348 3 6419
8746 3 6421
6752 5 6421
8568 5 6422
510 4 6422
2945 3 6423
9893 5 6426
9367 1 6427
4686 2 6427
1952 5 6429
4032 3 6430
7773 4 6431
9587 5 6432
8905 4 6434
6411 1 6434
3159 4 6435
7282 5 6436
1375 1 6436
6722 2 6437
7261 2 6437
2180 4 6438
8714 2 6440
103 4 6440
7458 4 6442
9477 1 6443
1542 5 6444
8887 4 6444
4614 3 6446
2404 4 6446
8411 2 6447
2569 5 6447
6346 1 6449
5824 1 6450
8537 5 6451
7690 5 6455
3705 4 6456
7697 4 6456
9211 4 6457
4565 5 6458
9109 4 6459
5922 2 6460
6036 1 6460
7436 2 6461
8270 1 6463
4189 1 6463
3380 5 6465
8201 5 6466
5161 3 6466
638 4 6467
4953 4 6467
9048 5 6469
8930 4 6472
5272 5 6473
9645 3 6474
9959 5 6474
2203 5 6477
9273 4 6479
7555 4 6479
9057 1 6481
8430 5 6481
4324 3 6483
5633 2 6484
1691 4 6484
286 2 6489
9776 3 6492
6385 3 6493
2086 3 6493
5254 5 6494
473 3 6495
2616 5 6495
8829 1 6496
3531 2 6497
229 1 6499
4034 2 6502
9915 5 6503
6936 2 6506
365 3 6507
5960 5 6508
4989 2 6511
7315 5 6512
6987 4 6513
5090 2 6514
5897 2 6514
2617 5 6515
1914 3 6517
5732 5 6518
1170 5 6520
8907 3 6520
1996 1 6521
8096 2 6521
9317 2 6522
785 1 6523
9302 1 6523
434 4 6525
8882 1 6525
9726 3 6526
4571 4 6528
4731 4 6530
7924 5 6530
7423 2 6531
8925 1 6533
4149 3 6534
9650 1 6534
7545 1 6535
1665 4 6536
7161 1 6536
7822 1 6537
7663 2 6538
6297 2 6540
4994 4 6542
1993 4 6542
6390 3 6543
1154 1 6544
5037 5 6544
3315 1 6545
3059 1 6546
8559 4 6546
3762 2 6547
620 4 6548
2551 5 6548
651 5 6549
4471 3 6550
9883 2 6550
3740 4 6551
8451 2 6553
9162 5 6554
4929 2 6554
7143 5 6556
3817 5 6557
268 4 6557
1689 4 6558
8586 2 6558
9141 2 6559
7301 2 6559
7698 3 6560
6763 4 6563
5660 5 6566
6178 2 6566
3614 3 6567
9964 2 6568
1699 3 6569
4033 3 6569
4459 1 6570
9295 2 6571
1967 5 6571
3756 4 6574
4555 4 6574
7423 1 6578
2838 4 6578
7014 4 6579
9983 4 6581
6360 1 6583
52 4 6583
5029 3 6587
6995 4 6588
1033 1 6588
2352 2 6591
251 1 6592
7826 3 6592
1546 3 6593
8969 3 6595
1098 2 6597
2915 2 6600
3367 3 6600
3531 1 6601
7144 4 6601
9174 5 6603
8929 4 6605
40 4 6605
406 4 6606
6086 2 6607
356 1 6608
7996 5 6608
3970 2 6609
2935 3 6610
8080 3 6612
4987 3 6613
4950 1 6613
4043 1 6615
162 2 6615
1990 5 6616
5923 3 6616
7057 4 6617
4975 1 6617
3717 4 6618
6737 5 6622
2356 4 6626
1047 1 6627
4698 1 6628
4295 4 6628
840 2 6629
1652 3 6630
9295 4 6631
613 1 6632
4991 3 6634
3869 1 6635
6152 3 6635
7340 2 6636
2882 2 6636
6409 3 6637
1483 2 6637
9471 1 6638
1821 5 6639
8865 3 6639
5916 1 6640
4290 4 6643
6498 3 6643
9199 4 6644
3274 2 6645
7997 4 6645
5110 1 6646
4061 1 6646
1219 2 6647
7548 3 6647
6082 2 6648
5927 4 6648
3525 2 6649
2538 2 6649
2765 4 6650
2909 1 6650
7119 1 6651
5435 4 6651
5835 2 6652
8999 2 6653
863 3 6657
742 4 6659
6080 4 6659
414 5 6661
6784 5 6663
6753 3 6663
141 5 6667
3799 4 6667
7396 1 6668
9890 1 6669
310 4 6669
3928 4 6670
3859 5 6670
984 2 6671
9296 1 6672
1932 5 6674
5520 5 6674
3601 2 6676
5884 3 6676
1275 3 6677
2871 5 6680
4157 1 6681
9170 4 6682
2731 3 6683
457 1 6683
5135 2 6684
2625 1 6686
9324 4 6686
5365 3 6687
5828 3 6687
1025 1 6688
8764 5 6689
8272 5 6690
7343 3 6690
4393 2 6693
4862 1 6694
4368 3 6694
3403 4 6695
6673 4 6696
2885 1 6696
7924 4 6698
513 2 6700
4182 5 6701
4754 3 6701
6044 3 6702
1661 3 6702
9450 4 6707
3924 2 6707
8382 4 6708
5724 1 6709
4887 2 6709
5191 3 6710
3788 2 6710
6112 4 6711
4715 5 6711
5147 3 6712
3517 5 6715
3199 1 6715
6384 5 6716
7019 4 6716
8736 2 6718
7133 2 6719
4064 1 6719
8175 3 6720
3285 2 6720
6128 5 6721
3203 5 6721
5797 5 6722
4729 2 6722
2832 2 6723
4862 1 6723
3706 3 6724
6801 3 6724
259 1 6727
4492 5 6728
3699 1 6728
1224 1 6729
957 2 6729
4892 3 6734
3009 4 6734
5217 4 6736
5879 4 6737
9208 1 6738
2015 4 6740
3964 4 6742
3580 3 6742
1721 2 6744
2391 5 6744
6183 4 6746
855 1 6748
9667 3 6749
2650 4 6749
7987 3 6754
8596 2 6755
1993 1 6755
1332 1 6756
5386 2 6757
1830 2 6757
8496 4 6759
8241 2 6759
359 1 6760
2874 1 6760
2288 4 6765
6279 2 6767
7300 2 6767
748 1 6769
3956 2 6769
5029 1 6770
6371 2 6770
3675 5 6771
8900 1 6771
649 3 6773
2628 3 6774
9584 2 6776
7439 4 6776
9413 2 6777
8795 4 6777
3648 1 6778
5977 4 6781
363 4 6781
2749 4 6782
4588 3 6785
6253 4 6785
5473 4 6787
5660 2 6787
821 3 6789
5166 2 6789
6741 2 6791
3132 5 6792
2143 3 6792
375 1 6793
1850 2 6797
2670 3 6797
3544 2 6798
1363 2 6798
3810 5 6801
8438 5 6802
7531 5 6802
4770 5 6803
8486 2 6803
6220 1 6804
7687 5 6804
3380 2 6805
9147 2 6805
1205 5 6806
2761 4 6806
6181 5 6809
3204 5 6811
8631 1 6812
2243 3 6813
9785 5 6813
9600 1 6814
6363 3 6814
7620 4 6817
906 4 6817
722 2 6818
3307 1 6819
5666 5 6819
2673 2 6820
9519 5 6820
8016 5 6823
101 2 6823
378 1 6824
965 1 6824
8842 3 6826
5290 2 6826
4385 2 6828
1302 4 6828
164 4 6829
7621 4 6830
3416 2 6832
465 1 6832
2800 2 6833
1795 5 6833
547 3 6834
893 3 6834
8480 5 6835
9629 3 6835
3093 1 6836
2252 3 6837
2843 1 6837
9516 2 6838
12 1 6838
6502 4 6841
7128 4 6844
2392 5 6844
5431 2 6845
3005 4 6846
9640 1 6846
8563 3 6847
6768 4 6848
5470 4 6850
9345 4 6852
1315 3 6853
1674 1 6856
4946 3 6858
3847 4 6858
8809 2 6861
2956 5 6862
1766 4 6863
1172 2 6863
8233 2 6867
7585 1 6868
4508 1 6868
8271 4 6872
4853 4 6872
987 1 6873
4471 1 6873
9199 5 6874
3218 4 6874
3291 2 6876
1208 4 6876
9249 3 6878
2668 3 6878
8992 2 6879
8358 4 6879
9194 1 6880
2800 2 6880
3797 3 6881
8308 5 6882
6613 1 6886
3159 5 6886
8038 4 6887
3932 4 6888
6143 1 6891
1781 2 6892
3729 3 6892
8149 3 6893
7636 4 6897
454 4 6898
3906 2 6898
6670 5 6899
6507 3 6899
6275 5 6900
3194 4 6900
1469 4 6902
2532 5 6902
2864 4 6903
1840 3 6903
7359 5 6904
4698 4 6906
9319 2 6906
2646 5 6908
1247 2 6908
5890 3 6910
9015 5 6910
7678 3 6911
3020 5 6912
2242 4 6913
2290 4 6914
4480 3 6915
9432 1 6915
140 2 6916
5399 2 6916
7124 2 6918
7361 2 6920
4466 5 6920
2252 5 6923
8093 1 6924
6127 2 6925
9598 1 6925
7624 3 6926
7573 5 6926
8752 2 6927
7016 5 6928
7896 5 6931
1900 5 6931
2493 5 6932
8053 2 6933
8145 3 6935
5733 1 6935
5561 1 6937
6812 3 6937
9695 1 6938
1344 1 6938
6829 4 6939
9725 2 6940
5897 2 6940
8948 1 6944
8592 1 6944
9548 2 6946
2397 3 6948
3495 5 6948
9152 1 6949
9160 3 6949
5076 5 6950
3435 4 6952
1578 5 6952
2203 2 6954
2165 4 6955
7842 5 6956
4981 4 6956
2613 2 6957
2400 1 6958
883 5 6958
8631 2 6960
7232 3 6960
5629 3 6961
5768 1 6963
5323 1 6963
7811 2 6965
1633 2 6966
8443 5 6966
2509 4 6967
1965 1 6970
5089 2 6971
5732 5 6971
1281 5 6972
5833 4 6972
8827 4 6973
5564 1 6975
5213 4 6975
8780 4 6976
3872 4 6976
3121 1 6977
1143 1 6978
3559 4 6978
1065 1 6979
9343 1 6980
4525 1 6980
7714 2 6981
1045 5 6981
1610 4 6983
9626 3 6983
1591 4 6984
2558 3 6987
8154 4 6987
1650 2 6988
2904 4 6989
7231 4 6989
3098 2 6992
3746 3 6993
6226 1 6995
7717 3 6995
5002 5 6996
2960 5 6996
2224 1 6997
28 1 6997
9396 2 6998
3953 2 6999
4177 3 7001
6907 4 7001
1217 5 7002
3442 2 7002
429 4 7004
1362 2 7005
7850 2 7005
6234 2 7006
7882 5 7006
8524 4 7008
3902 1 7009
8098 5 7010
7593 1 7010
9124 1 7011
3645 1 7011
952 4 7013
8924 1 7014
3731 5 7014
5542 1 7015
6204 3 7015
3290 2 7016
2996 5 7016
9922 3 7018
9740 3 7018
6646 5 7019
8651 5 7019
7095 4 7020
7342 3 7021
7038 2 7022
4045 4 7022
7285 4 7023
2852 2 7024
7927 4 7025
1414 1 7029
7506 5 7031
4836 2 7031
4158 2 7033
4837 1 7034
5816 4 7035
5254 5 7036
5149 3 7036
8053 2 7038
6940 1 7038
1517 2 7039
1646 1 7040
2402 1 7043
6241 3 7043
2352 1 7044
7507 1 7044
2954 1 7047
8560 3 7048
8986 2 7048
5929 2 7049
2766 4 7050
8797 4 7050
8897 5 7053
8740 2 7053
4270 4 7055
9224 3 7055
5122 2 7056
5747 5 7057
2920 1 7057
7434 1 7061
8724 2 7062
8782 5 7064
5222 4 7064
937 1 7066
184 3 7066
7844 5 7067
4536 3 7067
7691 3 7069
3142 4 7069
4941 1 7070
9462 1 7071
9412 4 7071
9544 4 7072
8326 2 7072
6414 3 7073
1989 2 7073
5677 1 7074
3674 4 7074
1733 3 7076
2401 5 7078
6759 1 7079
1340 5 7079
8156 3 7080
9440 1 7082
3774 1 7083
9641 1 7083
5289 4 7086
9908 2 7086
3746 4 7087
490 1 7088
9606 5 7088
5650 1 7089
7555 2 7090
3940 3 7091
8039 4 7091
4122 5 7098
9113 1 7099
2065 3 7101
8274 3 7102
950 2 7102
6423 2 7103
4218 2 7103
5300 1 7104
5365 3 7105
3352 5 7105
5365 3 7106
7946 2 7106
170 1 7107
9690 1 7107
3729 5 7108
3195 3 7108
5172 4 7111
2780 1 7111
6184 5 7113
7067 1 7117
34 1 7118
6280 1 7118
7490 4 7119
6616 4 7119
7951 5 7120
3422 4 7120
4973 1 7125
1638 1 7125
149 3 7126
8063 2 7126
3576 2 7127
4288 4 7127
6786 5 7129
6954 3 7129
5083 2 7130
920 1 7130
8057 4 7131
6840 4 7133
7590 1 7133
6318 5 7134
6732 2 7137
173 2 7137
9840 5 7138
1587 4 7138
871 1 7140
1148 5 7140
3607 4 7141
8075 3 7141
4375 2 7142
640 1 7143
9385 3 7144
1458 1 7144
1597 4 7146
1099 5 7146
4730 1 7147
9318 4 7148
563 3 7148
6486 4 7149
1577 4 7150
7211 3 7150
8133 4 7151
8880 5 7151
2438 3 7152
1579 4 7152
9644 2 7153
3936 1 7154
1750 5 7155
6075 2 7156
135 3 7156
2235 1 7157
5686 4 7161
6909 5 7162
7896 4 7163
1184 1 7163
8252 1 7164
787 5 7165
2702 2 7165
8681 1 7166
156 3 7166
9309 4 7167
9494 2 7169
4479 3 7171
5976 3 7172
3020 3 7173
6190 4 7174
4469 2 7175
5999 3 7175
9838 2 7176
5631 2 7177
4493 5 7177
8723 4 7179
7298 5 7180
4008 3 7182
9786 2 7182
6356 1 7183
3728 3 7183
7395 2 7184
628 3 7185
3368 2 7185
6127 1 7186
4024 5 7186
6570 2 7187
2673 2 7188
3854 4 7188
9329 5 7189
6953 3 7190
9825 3 7191
1142 3 7191
9434 4 7192
8773 3 7192
8450 4 7193
7733 1 7193
7311 5 7195
4438 1 7195
9435 1 7196
2948 1 7197
3245 3 7197
8069 5 7201
9698 2 7201
4423 4 7202
9966 4 7203
2560 2 7204
9395 1 7205
6714 5 7206
9269 2 7208
290 4 7208
1127 1 7209
2239 2 7209
9637 1 7210
1552 2 7211
9550 5 7212
9851 2 7213
3777 2 7213
1910 4 7216
5229 2 7216
3149 2 7218
1985 2 7218
3546 2 7219
8065 3 7221
1381 1 7224
156 3 7224
2182 1 7225
4270 2 7227
5530 5 7228
6903 5 7228
4783 5 7230
3804 2 7230
1996 1 7231
2468 2 7231
2840 5 7232
819 5 7232
3706 4 7233
8634 1 7234
741 5 7234
8368 5 7237
5271 3 7237
1407 5 7239
2266 1 7239
7373 5 7242
4240 2 7244
1896 4 7244
6369 2 7245
3304 2 7245
7049 3 7246
25 3 7246
8203 4 7247
8411 2 7248
3524 4 7249
7394 3 7249
6237 1 7250
2337 3 7252
9131 1 7253
5818 5 7253
3237 1 7254
3860 2 7255
5306 4 7257
4384 5 7257
1099 1 7258
1424 1 7258
779 1 7259
7980 5 7259
6773 4 7260
7113 3 7260
1162 4 7262
4764 4 7263
2902 4 7264
1528 3 7264
9590 3 7267
7991 4 7271
9193 5 7276
1281 3 7276
6424 3 7277
2838 4 7278
5797 1 7278
2878 5 7279
7341 2 7282
4284 3 7288
240 3 7288
8481 1 7289
6382 1 7290
7300 2 7291
5469 5 7292
8394 5 7293
2201 3 7293
9463 3 7294
2892 2 7297
8946 4 7298
7119 2 7298
6260 2 7300
5493 5 7300
7929 3 7303
3487 2 7304
8536 3 7304
7794 2 7305
7400 5 7306
9745 3 7306
3741 5 7307
8462 4 7307
4595 3 7308
6151 1 7308
6127 3 7310
1824 1 7312
8864 5 7312
8908 4 7314
8052 4 7315
970 1 7315
5497 3 7316
2441 1 7317
1155 2 7318
2460 3 7319
3094 2 7319
7922 3 7320
747 3 7323
4432 3 7324
6711 4 7324
3323 2 7325
4740 1 7325
2000 4 7326
4270 1 7327
5361 1 7327
4444 3 7328
3859 1 7328
3165 5 7329
4273 5 7329
7612 5 7330
5309 5 7330
2479 2 7333
1014 4 7333
173 1 7335
9757 3 7339
7624 5 7341
714 2 7342
3976 2 7347
1583 2 7347
2372 4 7349
4528 5 7351
7468 5 7351
3760 2 7352
4910 1 7353
7544 1 7353
1942 1 7355
5677 1 7355
4588 3 7356
8844 1 7357
911 5 7357
2749 4 7359
1955 1 7359
9537 2 7361
492 5 7363
7468 2 7363
644 1 7365
5665 2 7366
8488 3 7366
8319 2 7367
662 4 7367
7794 2 7368
4451 3 7369
75 4 7370
971 4 7371
1710 2 7371
7112 1 7372
7637 3 7377
1721 2 7378
789 4 7378
4378 3 7379
2728 4 7380
8177 5 7380
251 2 7381
3927 1 7384
1175 1 7384
6450 1 7385
9836 1 7387
1045 5 7387
8811 2 7388
6688 1 7389
5715 1 7390
4009 2 7391
3361 5 7392
5163 4 7392
7916 3 7394
9292 3 7394
1313 3 7395
4148 3 7395
6359 2 7396
7838 5 7398
2843 5 7398
7466 1 7399
2417 4 7400
2007 3 7401
4609 5 7401
7071 5 7402
1840 2 7402
3224 2 7403
2653 3 7403
3536 3 7405
3917 5 7405
5171 3 7407
4153 4 7408
256 3 7408
8385 3 7409
8350 5 7411
36 4 7414
9375 1 7414
3739 2 7415
5249 2 7415
1757 4 7416
3712 2 7416
8204 3 7417
4072 5 7418
7307 1 7418
4845 3 7421
1905 5 7421
2649 3 7422
1887 2 7422
4965 2 7423
3289 2 7424
1329 2 7424
6898 2 7426
9864 4 7426
8763 5 7428
8562 5 7428
6871 3 7429
7497 3 7430
6001 5 7430
4981 5 7431
4046 2 7431
9116 1 7432
5818 3 7432
9037 3 7433
6538 5 7433
2577 2 7435
6981 2 7435
6864 5 7438
8919 1 7438
1291 3 7439
3793 5 7439
7103 5 7440
7118 1 7440
2892 2 7441
8211 1 7441
6628 4 7442
8904 2 7442
4839 5 7443
8139 2 7444
3854 3 7445
7305 5 7445
7509 5 7447
2288 5 7450
4743 1 7451
402 2 7451
6574 1 7453
5875 3 7459
110 1 7460
8336 5 7463
3047 5 7463
4104 1 7464
528 5 7465
1246 1 7465
1082 3 7466
121 3 7466
794 3 7467
7383 5 7468
2027 1 7468
9399 5 7470
5009 2 7470
8158 5 7473
7032 5 7473
6062 2 7475
7055 4 7475
8538 1 7477
7182 4 7477
5777 3 7479
8091 2 7479
3795 4 7480
1204 5 7481
8506 2 7482
940 4 7485
2644 3 7486
3290 3 7486
9486 5 7488
204 1 7488
6693 1 7490
9258 4 7490
7345 2 7492
9498 5 7492
7090 2 7493
1800 1 7494
7060 3 7495
6086 5 7495
3816 3 7496
160 2 7497
5937 5 7497
6125 5 7498
5491 2 7498
9723 4 7499
1334 2 7499
949 3 7502
6060 1 7505
2361 4 7505
9035 2 7506
9018 4 7506
940 4 7508
413 3 7509
4981 4 7510
3339 2 7511
2255 4 7516
3616 4 7519
7722 4 7519
1741 3 7520
6735 2 7520
4324 2 7521
3001 5 7524
1246 2 7525
6970 4 7527
5259 3 7527
6486 2 7532
4903 1 7533
116 4 7533
8648 2 7534
1237 4 7537
8891 3 7537
2127 3 7541
7251 3 7541
1685 3 7545
1931 3 7545
3790 2 7546
5658 2 7547
3876 1 7547
7275 3 7548
3561 2 7549
1617 3 7551
5660 3 7551
1349 4 7555
6189 1 7556
3412 1 7556
8658 2 7557
7988 4 7559
2053 5 7559
217 1 7561
3097 3 7561
3571 3 7563
8550 2 7566
2761 5 7568
9810 3 7570
2206 4 7570
4449 3 7572
5679 2 7573
1703 5 7574
2645 3 7574
6680 2 7577
7569 3 7578
4500 5 7578
518 1 7580
4659 5 7580
145 2 7581
4998 4 7581
373 2 7582
6067 5 7583
3385 5 7584
8058 1 7584
5748 5 7585
5643 3 7586
9639 5 7587
9698 3 7588
2307 1 7589
1218 2 7590
6857 3 7591
8224 4 7591
6578 1 7592
8309 1 7592
8694 1 7594
5577 1 7594
9612 1 7595
6581 5 7595
7210 4 7596
1104 4 7596
5259 2 7597
5294 5 7597
9896 2 7598
7479 2 7601
5199 4 7602
4690 1 7604
6317 3 7604
8480 1 7605
8757 3 7605
1593 3 7607
1552 4 7607
7373 2 7608
4209 1 7609
6538 1 7610
5321 2 7611
9049 1 7612
7330 1 7612
7418 4 7614
7695 3 7614
3503 4 7615
723 2 7615
2309 1 7616
7063 4 7616
1062 5 7617
6353 2 7618
5092 4 7618
1722 4 7619
1565 5 7620
1637 2 7623
2447 4 7625
6603 1 7625
9649 5 7627
7859 4 7628
2317 2 7628
9382 2 7630
6801 1 7630
5237 5 7631
8104 2 7631
5209 1 7632
5307 3 7632
4414 4 7633
7119 2 7634
5074 4 7635
6903 2 7635
8981 2 7637
5849 1 7637
4329 3 7638
844 2 7638
9940 2 7640
7325 1 7641
3955 5 7641
5373 4 7643
3552 3 7643
8598 3 7644
104 5 7645
1980 1 7645
7111 1 7647
1445 4 7648
6811 2 7650
2274 4 7650
3491 3 7652
3145 5 7653
6772 2 7653
6566 5 7654
1543 4 7654
8480 4 7655
4458 1 7657
8116 5 7657
628 2 7659
1238 4 7659
4375 5 7660
3733 2 7660
1830 5 7661
2462 5 7662
3852 5 7664
5157 1 7664
7058 2 7667
9624 1 7667
6738 3 7668
1087 3 7669
2767 2 7670
7188 1 7670
4345 3 7672
9779 4 7673
4693 1 7673
7332 4 7674
1408 4 7675
9355 2 7676
6857 2 7677
7138 2 7678
5402 1 7679
2897 4 7680
4665 2 7681
3362 3 7681
6344 1 7682
9315 5 7684
7419 1 7684
1440 1 7685
4801 3 7686
9464 1 7686
6169 2 7688
9520 1 7689
6599 5 7690
8981 2 7690
9595 2 7692
2297 3 7693
5682 4 7694
9501 1 7694
3210 4 7695
2460 3 7697
9574 5 7697
1291 5 7698
3038 4 7699
3459 4 7701
589 1 7701
8553 3 7702
5188 2 7702
9502 4 7703
7916 5 7705
9024 5 7707
1389 1 7708
2513 5 7709
986 2 7709
2170 4 7710
4624 2 7710
3408 3 7711
7612 5 7713
636 1 7713
1717 1 7714
2685 5 7715
9169 4 7715
7560 3 7716
5343 4 7716
931 5 7718
6579 5 7721
6405 5 7721
7123 5 7722
1551 3 7722
8008 3 7723
8092 5 7723
316 5 7724
1662 4 7724
5573 1 7725
8712 5 7725
4755 5 7727
7963 2 7727
9968 1 7729
6066 1 7732
2760 3 7732
9126 3 7733
1308 3 7734
3003 2 7735
7287 5 7736
6706 3 7736
3082 4 7738
2386 3 7739
4884 3 7739
2631 2 7740
6488 1 7740
3483 5 7741
2788 4 7742
9153 3 7742
2188 2 7743
4848 2 7744
7044 4 7744
5651 3 7745
9633 1 7746
493 2 7747
151 2 7747
3552 5 7748
3443 3 7750
3945 2 7750
7523 2 7753
7671 4 7753
609 3 7757
5327 1 7758
5492 1 7759
8332 3 7760
3059 2 7761
2187 2 7762
6030 4 7762
1176 5 7764
9435 2 7764
343 3 7767
7845 3 7767
3598 2 7768
2561 1 7769
697 3 7769
4376 1 7770
9224 4 7771
3305 1 7771
4484 5 7772
2577 5 7772
6096 4 7773
6227 4 7776
9195 1 7776
2132 2 7778
8591 5 7780
6538 3 7780
9626 2 7781
3581 2 7782
1153 5 7783
4415 2 7784
6180 3 7785
2693 5 7785
7090 1 7787
6954 4 7787
6334 5 7788
4595 2 7789
5663 3 7789
424 5 7790
875 4 7790
7887 3 7791
9064 2 7791
4842 1 7794
8295 1 7795
9352 5 7796
3328 5 7796
1015 1 7800
4034 5 7800
3400 4 7802
2384 3 7803
9370 5 7805
5975 5 7808
7342 1 7809
2993 1 7810
3129 4 7810
1766 1 7811
315 5 7811
6858 1 7812
7595 2 7814
9296 5 7814
9733 3 7815
6764 3 7815
8168 1 7816
1871 3 7817
8274 1 7817
7807 3 7818
8902 1 7821
1729 2 7821
387 1 7822
4971 2 7825
1800 1 7825
1239 5 7828
8396 3 7828
4333 5 7829
4040 5 7830
2741 4 7830
4654 1 7831
1937 3 7833
3535 5 7834
8138 4 7835
7598 3 7835
1128 3 7836
3691 4 7838
3854 2 7838
6432 5 7840
3440 4 7840
1498 4 7842
6745 1 7843
862 3 7843
4948 3 7844
7611 1 7845
5585 1 7846
6294 4 7847
5875 1 7847
8638 4 7848
1474 4 7849
8457 5 7850
2461 3 7850
4812 3 7851
1248 2 7853
6828 4 7854
1449 1 7854
1068 4 7855
3581 2 7856
8841 3 7856
820 4 7857
3933 3 7859
95 4 7859
6504 3 7860
3470 1 7861
7714 2 7862
5495 4 7863
8444 2 7863
6408 5 7864
398 2 7867
1150 2 7867
8484 2 7869
4755 1 7869
6613 4 7870
6126 5 7870
2116 1 7871
2757 2 7872
633 1 7873
9882 3 7874
2125 3 7874
8464 2 7875
4432 5 7875
6910 5 7876
5217 5 7877
5898 5 7877
3555 5 7878
1423 3 7878
7826 1 7879
2649 1 7879
1757 4 7880
1081 5 7881
6205 3 7881
9793 4 7885
6923 1 7887
4 4 7887
6451 5 7888
8958 5 7889
3035 5 7889
6952 5 7890
9661 1 7890
6750 2 7891
8520 4 7892
315 1 7893
1906 5 7896
8868 4 7898
3448 5 7898
5683 1 7899
9507 1 7899
2089 2 7902
7976 3 7903
9053 1 7904
2748 2 7904
3141 4 7905
2085 5 7905
6513 3 7906
3016 3 7906
3725 3 7908
8008 5 7908
3987 2 7909
9964 1 7909
8404 3 7910
1542 5 7910
9920 3 7912
3588 1 7912
9985 2 7913
1517 2 7913
8511 4 7915
8074 4 7916
284 5 7916
2320 5 7918
4748 4 7919
4994 2 7920
8940 1 7920
7901 2 7923
3124 5 7923
5602 3 7924
395 4 7924
3061 5 7925
6883 2 7925
2372 4 7926
32 4 7926
4521 2 7927
8474 5 7928
6155 5 7930
3906 3 7930
844 5 7931
7119 3 7932
1246 5 7933
3888 1 7934
2674 1 7935
8107 1 7935
7749 4 7936
7079 3 7940
2837 2 7941
6379 2 7944
9901 1 7946
3902 2 7946
3533 1 7950
9687 3 7953
8118 4 7955
878 4 7955
2191 2 7957
700 3 7960
6254 4 7961
5132 5 7962
5763 1 7962
6957 2 7963
5917 3 7964
6802 4 7965
996 3 7965
5890 2 7966
5770 4 7966
4480 4 7967
9765 1 7968
2527 3 7968
4895 3 7969
5896 3 7970
61 1 7971
6505 3 7972
4616 5 7972
7524 4 7975
5163 2 7975
7330 3 7976
5759 5 7976
8977 3 7977
4599 2 7978
104 2 7980
8713 3 7980
8649 4 7981
8844 4 7982
728 2 7982
4572 5 7983
8367 5 7984
6038 3 7984
8003 1 7986
2013 4 7986
9236 4 7987
5143 4 7989
2123 1 7991
909 1 7993
2760 4 7994
3220 1 7996
1690 1 7997
7390 4 7998
2051 5 7998
5974 1 7999
3102 3 8000
447 3 8001
6612 5 8002
9555 5 8004
1896 1 8006
2152 1 8007
3949 4 8008
5100 3 8008
8009 5 8010
6538 2 8010
1036 4 8011
304 4 8012
1847 4 8012
9334 4 8017
5982 4 8017
2773 5 8018
620 5 8018
311 3 8019
2873 1 8022
6293 2 8023
1677 1 8023
5645 5 8024
9461 2 8024
6109 1 8025
3090 1 8027
892 5 8028
2558 3 8028
2114 5 8029
2050 2 8029
1189 4 8031
8683 2 8031
2396 3 8032
6276 4 8033
3700 3 8034
1388 1 8035
4274 4 8035
3130 3 8036
188 5 8036
3183 2 8038
4914 4 8038
9912 5 8039
9658 3 8040
8152 1 8040
8281 1 8041
2535 1 8043
8817 3 8044
3796 4 8046
5703 5 8046
1258 4 8047
9750 4 8048
5938 3 8048
8516 2 8051
9594 1 8051
2946 1 8052
8243 1 8053
8397 1 8053
1889 1 8055
8823 5 8056
5371 4 8056
4294 2 8057
154 3 8060
6790 5 8061
1845 2 8062
8496 2 8062
1724 2 8064
9017 5 8065
2191 1 8067
8 5 8067
4199 4 8068
587 2 8069
2514 4 8069
1522 1 8071
516 1 8071
2895 4 8072
6672 4 8072
1792 2 8074
5957 5 8074
339 4 8075
3221 4 8076
1700 4 8077
7191 3 8077
9370 1 8078
2900 1 8078
4078 4 8079
8547 5 8079
809 4 8081
3091 4 8083
27 3 8083
1866 4 8088
3506 2 8089
8204 3 8089
98 5 8091
9196 2 8091
8214 4 8092
7688 3 8092
1790 5 8093
5157 3 8093
6033 2 8094
4565 3 8095
2082 4 8095
194 3 8097
9383 1 8098
6696 4 8099
384 3 8102
5797 3 8103
8942 5 8103
5031 1 8105
6390 1 8106
9867 3 8107
2960 3 8108
3587 3 8108
4540 5 8111
8404 5 8111
7708 5 8112
2867 1 8114
8068 4 8114
3348 4 8116
4889 4 8117
4846 3 8118
7208 3 8118
2344 1 8119
6470 3 8121
6908 5 8121
1461 4 8122
2184 5 8122
1519 2 8123
7708 5 8124
8578 1 8126
753 3 8128
2439 2 8128
6512 3 8130
1009 4 8130
3663 2 8131
1707 5 8133
7741 1 8134
2040 4 8134
6535 1 8135
1797 5 8135
1758 4 8136
145 5 8136
8443 1 8137
9712 2 8138
5788 2 8138
2742 5 8139
9918 5 8142
5841 2 8142
8091 4 8143
3435 2 8144
2832 2 8144
5463 1 8145
4049 1 8145
6047 3 8146
3969 5 8147
2297 3 8147
1694 3 8148
4475 5 8148
3085 2 8149
1958 3 8149
7311 5 8150
3985 3 8150
5618 5 8151
8883 4 8151
4477 1 8152
6046 5 8154
3399 4 8155
8937 4 8155
9471 2 8156
7 2 8156
5370 1 8158
3248 3 8158
7486 1 8159
2097 4 8159
7191 4 8161
3062 3 8161
813 2 8163
2674 3 8163
4861 2 8164
1334 1 8165
6028 3 8167
3515 2 8167
2173 2 8168
2131 1 8168
8689 3 8169
8440 5 8170
5371 5 8170
1716 5 8171
8193 2 8171
4559 2 8173
8855 5 8173
4167 2 8174
2397 5 8175
3365 5 8177
9510 2 8177
9006 1 8179
4488 1 8179
2528 4 8180
7366 5 8180
95 1 8181
9598 3 8183
3979 5 8183
804 5 8185
8033 5 8185
3059 5 8186
9291 4 8187
441 4 8187
6352 3 8188
6442 5 8188
5159 4 8189
8511 3 8189
5724 3 8190
8301 3 8190
7025 1 8191
2010 5 8192
4100 3 8193
4 1 8193
3707 5 8194
3173 1 8195
1968 4 8195
7652 3 8196
9739 5 8196
6800 5 8198
4304 2 8199
2061 4 8199
657 2 8200
95 3 8200
4916 5 8201
989 4 8201
4741 4 8202
7871 5 8203
6507 3 8203
8653 4 8204
5741 1 8206
1585 4 8206
6901 4 8207
6393 2 8207
1622 4 8209
6409 4 8209
4617 4 8210
2265 3 8211
3109 3 8211
1288 3 8212
799 2 8213
8092 1 8213
6852 2 8215
4576 5 8216
7258 3 8216
6936 5 8217
3735 5 8218
48 1 8218
9573 2 8219
743 3 8219
7033 3 8220
5258 5 8221
5835 3 8221
8770 1 8224
9656 2 8224
200 5 8225
4915 5 8226
1581 2 8226
9658 1 8228
8971 3 8228
6465 2 8229
8019 1 8231
6600 3 8232
7366 2 8232
1146 5 8233
2767 3 8235
2471 5 8235
3974 3 8237
6178 2 8238
9800 3 8238
7302 3 8239
5156 5 8239
4028 4 8241
2778 4 8241
6379 1 8242
3146 3 8242
6870 2 8244
5776 3 8245
1077 5 8245
8992 5 8246
9599 3 8247
4206 5 8249
2985 1 8249
4200 4 8250
5626 4 8250
5550 2 8251
9688 2 8252
6693 2 8253
7118 4 8253
6331 1 8254
4795 4 8254
4593 2 8255
204 5 8255
1332 1 8256
9727 2 8257
8143 5 8257
378 1 8258
8714 3 8259
317 2 8260
1983 2 8263
9633 3 8263
3425 3 8264
1723 2 8265
6913 3 8265
5801 2 8266
4914 5 8268
4842 1 8269
5451 1 8271
8067 5 8271
8705 5 8273
2251 2 8274
4598 2 8274
1720 1 8275
8772 1 8276
1735 1 8276
5914 4 8277
5266 2 8277
5950 3 8278
5754 4 8279
3080 1 8279
3658 4 8282
6005 4 8282
7930 2 8283
7961 3 8284
4174 4 8284
5165 1 8285
3698 4 8285
5223 4 8287
9357 1 8287
7327 5 8288
7492 1 8288
5706 5 8289
7432 3 8289
9402 4 8291
4791 1 8294
3020 2 8296
8785 2 8296
6654 2 8297
1961 5 8298
6412 4 8298
8502 5 8300
7125 1 8302
702 1 8304
3215 3 8305
5627 4 8306
1898 2 8307
7668 5 8307
5398 2 8310
2865 2 8311
1657 1 8311
2536 2 8312
1576 1 8314
9359 2 8314
1574 5 8315
909 1 8316
6057 5 8316
6927 4 8317
8727 3 8320
2491 4 8320
8996 4 8321
8309 5 8321
7140 5 8322
9219 2 8323
3208 1 8324
8567 5 8325
5283 2 8326
4781 4 8326
9797 5 8327
3291 3 8327
9332 5 8328
1992 5 8328
3933 4 8329
6916 4 8329
8286 4 8330
3001 4 8330
1024 3 8331
5091 3 8332
4320 2 8334
7855 4 8334
6849 3 8335
8825 5 8335
8461 5 8337
8317 1 8337
5873 1 8338
2833 3 8338
4515 3 8340
9324 4 8340
7222 1 8341
6575 4 8342
541 1 8343
1886 2 8343
741 1 8344
4078 2 8345
98 4 8345
7344 3 8346
6402 1 8346
7422 4 8347
9495 1 8348
9671 4 8348
2617 5 8349
2186 5 8352
9216 5 8353
4541 3 8354
3825 3 8355
9419 2 8356
4924 5 8356
5226 1 8358
6218 4 8359
746 3 8359
1586 2 8360
9922 5 8360
2984 2 8361
2635 2 8361
4454 3 8362
8352 1 8363
9726 5 8363
7094 2 8368
3530 2 8370
5103 5 8372
615 1 8372
3063 5 8373
2145 1 8373
1286 3 8374
192 3 8374
678 4 8375
5380 1 8376
5083 4 8376
9294 3 8377
1340 4 8378
7861 2 8382
4500 3 8382
9535 4 8384
5802 1 8387
4387 3 8387
6153 3 8390
9325 1 8390
3640 4 8391
4427 4 8396
2236 3 8396
810 3 8397
9707 1 8398
317 2 8399
2291 1 8399
2103 4 8401
7628 5 8403
7579 5 8403
2253 4 8408
1138 4 8408
5645 4 8409
4921 5 8409
271 3 8410
9824 4 8411
5004 3 8412
9430 1 8413
8412 4 8415
102 5 8418
1417 2 8419
415 2 8419
8236 4 8424
3014 5 8424
7334 2 8427
9073 1 8428
2664 1 8428
545 2 8430
9641 3 8431
9000 4 8432
7549 3 8432
4607 3 8434
832 5 8435
5673 5 8438
2195 1 8438
4858 3 8442
5928 4 8443
3190 3 8444
1803 5 8448
1406 1 8451
731 4 8451
9863 3 8452
7427 3 8452
1603 5 8454
3120 1 8454
7354 2 8455
3367 4 8456
9817 3 8457
5725 2 8457
8407 3 8458
996 1 8460
793 3 8460
8939 5 8461
1045 5 8461
1782 4 8463
4147 1 8463
5936 2 8464
6397 2 8464
5959 3 8466
4304 5 8466
7319 5 8467
2212 3 8467
9158 5 8468
525 3 8468
1795 3 8471
7954 2 8471
7883 5 8472
6114 5 8472
4004 3 8473
5098 4 8473
5490 4 8474
4348 2 8474
7412 4 8475
7418 2 8476
8862 4 8477
3253 1 8478
1005 2 8480
9050 4 8481
3901 3 8485
2153 1 8486
6692 1 8486
9978 1 8488
4022 1 8488
7079 1 8490
4894 5 8490
8701 3 8492
3283 3 8496
9183 3 8497
5396 1 8498
5137 1 8498
6080 2 8501
1107 2 8504
6956 3 8505
4509 2 8506
7137 2 8507
1321 5 8507
3032 1 8510
1637 2 8510
9517 5 8513
2090 2 8513
21 3 8514
8251 4 8515
821 1 8516
9709 5 8516
8902 4 8517
264 1 8517
685 3 8518
3532 3 8519
6363 4 8520
1613 2 8521
7455 2 8521
9912 3 8523
8088 3 8523
9298 5 8525
7650 5 8525
6000 3 8526
4641 1 8527
3838 1 8528
6110 2 8528
5992 5 8534
1864 2 8535
1486 4 8535
9080 3 8536
7002 4 8537
7284 3 8540
6662 5 8541
7284 2 8542
4720 5 8542
3698 5 8543
2106 4 8545
4154 4 8545
7627 4 8546
4535 2 8547
5053 3 8548
2153 5 8549
2574 2 8549
7746 5 8550
492 3 8551
148 5 8551
6465 5 8552
1930 4 8554
7013 4 8554
1584 3 8556
4039 1 8556
5570 1 8557
6118 1 8558
7600 2 8560
4960 4 8560
6994 2 8561
6219 4 8561
5095 4 8564
7064 4 8565
1525 3 8565
4280 4 8567
595 1 8568
6389 4 8569
4103 2 8569
3247 1 8570
6889 3 8570
4027 5 8571
341 1 8571
1395 1 8573
7064 4 8573
3763 4 8575
5589 1 8576
2379 5 8576
7838 4 8577
7072 3 8578
8415 2 8578
2782 4 8579
6084 1 8579
6461 3 8580
3025 3 8580
8064 5 8581
5589 2 8582
1613 5 8582
5792 2 8583
3154 1 8585
6515 5 8585
4150 1 8588
304 5 8588
3043 5 8590
3668 3 8592
9498 4 8593
3254 2 8596
3933 2 8598
6930 2 8598
1966 4 8600
8430 4 8601
1283 3 8603
1560 1 8604
7856 3 8604
1647 2 8605
3627 2 8605
7462 3 8606
9427 1 8607
385 5 8607
5618 5 8608
3582 4 8608
5549 5 8609
4257 2 8609
1533 5 8611
7236 3 8612
4440 5 8612
7772 1 8613
6913 5 8613
450 1 8614
3642 4 8614
5020 1 8615
7212 3 8615
3770 4 8618
5862 4 8618
9035 5 8619
8695 4 8620
6541 2 8620
8139 2 8622
1448 1 8623
8653 2 8623
8559 3 8625
1518 4 8625
6953 3 8626
5569 3 8630
3947 4 8631
2049 1 8632
2533 4 8633
8766 5 8633
9052 5 8634
3791 2 8635
3288 1 8635
8116 4 8637
7603 2 8639
2227 5 8639
8090 2 8640
941 5 8640
9876 5 8643
2383 5 8644
1084 2 8645
2650 5 8646
9009 1 8646
6385 2 8647
7466 2 8647
7515 4 8648
338 1 8648
2388 5 8651
459 3 8651
9510 3 8653
2309 1 8653
5008 5 8654
1125 1 8656
1324 1 8656
7077 2 8657
4948 4 8658
8446 1 8661
2998 3 8662
7183 5 8663
7150 2 8665
9576 4 8665
8182 2 8666
9055 2 8666
4727 1 8667
1491 4 8669
1053 3 8670
74 2 8671
2147 1 8671
8415 3 8673
8205 4 8673
2812 3 8674
9903 2 8674
1906 4 8675
1431 3 8675
1768 1 8677
2768 1 8680
9159 5 8680
4585 2 8681
1400 1 8682
9031 5 8684
4643 2 8685
6311 3 8685
5076 5 8686
2176 4 8686
5863 1 8689
272 4 8691
8420 3 8692
9117 1 8696
5619 2 8697
4607 3 8698
8706 1 8698
7106 5 8699
3180 5 8700
9590 1 8701
1350 5 8701
6755 5 8702
8291 4 8702
4619 4 8703
9348 4 8705
2572 5 8705
8977 5 8706
7783 3 8708
5109 3 8709
3297 5 8710
9498 1 8710
9633 2 8712
9261 2 8712
9995 2 8713
524 3 8714
7138 4 8714
1477 2 8715
5488 5 8718
8393 1 8718
5097 4 8719
594 2 8719
4578 1 8720
2793 3 8722
2866 3 8723
4525 1 8724
7468 2 8724
3246 1 8725
5409 4 8725
8746 1 8726
1135 1 8726
5191 4 8727
6286 2 8727
9694 1 8728
6363 2 8728
1913 4 8730
2277 5 8730
6758 2 8732
4107 2 8733
4322 5 8734
3075 5 8734
5859 2 8735
1374 5 8736
5079 5 8738
6231 3 8738
2599 1 8739
2499 4 8739
8327 3 8740
9362 2 8740
6894 5 8741
1284 3 8741
5532 5 8742
9778 5 8742
9511 3 8743
9818 4 8743
6154 1 8744
8166 4 8744
6470 3 8745
7242 2 8745
2263 1 8747
7386 4 8749
2401 5 8750
9008 4 8752
3831 2 8754
7740 5 8755
4908 5 8757
1924 1 8759
6544 5 8760
2565 2 8761
2360 1 8762
1270 5 8763
5270 1 8765
667 5 8765
6653 1 8766
7559 3 8766
5149 1 8770
5826 2 8771
7027 2 8771
1813 4 8773
543 5 8774
5823 1 8775
2441 4 8775
2802 2 8776
1791 5 8777
4835 3 8778
5269 1 8778
5339 4 8779
2124 5 8780
8290 3 8781
3798 1 8781
2909 1 8782
7776 5 8783
794 3 8784
3934 1 8784
1778 2 8787
5371 2 8787
4399 4 8788
1702 4 8788
8970 3 8789
1715 3 8792
7779 4 8792
3086 1 8793
6005 2 8794
6596 5 8797
8750 1 8798
4573 5 8798
8518 1 8801
9644 4 8801
1923 2 8802
1331 5 8804
2553 4 8805
6824 4 8807
8665 5 8808
7889 5 8808
8288 1 8809
8553 2 8809
1369 4 8810
4203 4 8810
3985 1 8811
9744 3 8811
7673 4 8814
9985 2 8816
4281 3 8817
7408 3 8818
31 1 8818
847 5 8819
5950 5 8820
5237 2 8820
2250 3 8822
2297 1 8823
3396 2 8823
3556 3 8825
6474 3 8826
1574 2 8827
8849 5 8829
1442 5 8830
9890 4 8830
1554 5 8832
6820 4 8835
2292 1 8837
9913 1 8838
882 4 8839
9631 1 8839
284 1 8840
5689 4 8841
9866 5 8841
7419 3 8843
6584 1 8844
5563 5 8846
430 1 8846
4540 5 8849
9714 4 8849
1565 2 8851
1257 1 8852
1529 3 8852
6537 5 8853
7685 2 8853
7413 5 8854
6185 2 8854
9782 1 8855
9804 4 8856
9612 3 8856
3475 2 8858
2204 5 8860
3957 5 8861
1971 4 8862
4621 4 8862
2305 4 8863
4200 4 8863
9992 3 8864
5138 1 8865
5107 2 8865
6267 4 8866
6641 5 8868
5694 3 8868
3527 5 8869
1633 4 8869
442 5 8872
5192 3 8872
3614 4 8873
9560 1 8873
2505 3 8874
7017 5 8875
2630 1 8880
5163 3 8881
4410 5 8881
6914 5 8882
8874 3 8883
4566 3 8883
3561 5 8884
983 2 8884
242 2 8885
6836 3 8887
8965 5 8889
4765 2 8890
6355 5 8890
7610 1 8891
757 5 8892
6704 5 8893
1268 3 8895
301 3 8896
4181 5 8898
6632 3 8900
2715 3 8901
8923 4 8901
5076 4 8905
8887 5 8906
1331 3 8907
6592 1 8907
9333 2 8908
9580 2 8909
14 1 8909
1648 4 8911
2506 5 8912
1263 4 8914
7188 3 8915
7805 4 8916
468 3 8917
4055 1 8919
5269 3 8919
6628 5 8922
1227 3 8922
8223 2 8923
1318 5 8923
3077 5 8924
1025 4 8925
9563 2 8927
217 5 8928
8779 3 8928
4002 5 8930
6095 4 8930
8924 5 8932
6243 1 8932
778 5 8933
3739 5 8934
6319 4 8934
9672 4 8935
7691 2 8937
828 1 8937
9974 4 8940
2086 5 8940
8259 1 8941
853 5 8943
2593 1 8943
6401 5 8944
96 3 8946
3879 1 8946
6751 2 8947
7249 3 8948
7269 3 8949
8689 2 8952
1016 4 8954
9599 2 8954
8300 5 8955
1152 4 8955
8333 4 8956
2306 4 8956
6953 3 8957
4744 2 8957
7820 2 8961
9954 3 8963
7683 1 8963
8627 3 8964
9477 3 8965
1468 1 8965
3696 3 8966
9152 4 8966
4263 2 8968
1001 5 8971
3113 2 8971
1835 2 8972
9156 5 8972
2024 3 8973
9621 4 8973
7649 2 8974
2093 3 8976
209 5 8976
8598 3 8978
5519 2 8978
6111 3 8980
5867 5 8982
7521 1 8983
8557 4 8983
6883 4 8988
4339 1 8989
7136 3 8989
5472 5 8990
8676 4 8991
877 1 8995
4841 1 8996
5315 5 8997
6821 3 8997
2098 4 8998
8778 2 9000
782 3 9000
7288 1 9001
1280 3 9002
518 1 9002
8684 3 9003
7521 3 9003
5231 4 9005
8370 4 9006
7823 1 9007
4835 1 9008
8375 4 9011
6110 4 9012
5011 2 9012
3499 4 9014
7973 3 9015
9649 1 9019
291 5 9019
261 2 9020
4641 1 9020
8718 2 9021
7295 5 9021
8899 5 9022
7641 2 9022
4636 5 9023
1952 3 9024
7596 4 9026
4684 5 9027
7091 1 9029
4107 1 9033
8923 2 9034
9610 4 9035
3397 4 9035
8808 3 9036
1789 2 9036
9849 3 9037
3586 4 9038
6191 1 9038
4102 1 9040
4407 1 9041
5648 5 9041
2331 3 9042
9795 5 9044
7072 5 9045
2673 3 9045
8589 1 9047
9572 5 9050
1315 1 9050
4413 3 9051
6593 2 9051
2874 4 9052
3956 3 9053
2174 1 9056
6919 3 9056
4013 4 9057
1217 3 9059
8696 2 9059
945 2 9061
4926 1 9061
6738 3 9062
6394 4 9062
3116 4 9063
8218 1 9064
1917 5 9066
3538 2 9068
5718 3 9068
8934 2 9069
8869 1 9069
9226 4 9070
7191 5 9070
4821 1 9072
2542 3 9072
880 3 9073
9887 5 9073
9554 1 9075
7442 1 9076
9246 2 9077
3136 3 9078
8641 1 9079
416 4 9079
5905 3 9082
1376 3 9083
8613 1 9083
9776 5 9087
7284 5 9087
817 4 9088
5738 4 9088
4974 2 9089
6783 2 9089
5597 1 9091
5286 2 9091
1262 1 9092
5107 3 9092
8784 2 9093
4881 4 9094
1890 2 9094
6119 2 9096
9638 3 9098
819 5 9098
1969 3 9099
1090 3 9099
5474 5 9100
9276 2 9101
322 5 9102
4362 4 9103
9596 1 9104
9605 2 9106
8831 5 9106
3932 5 9108
134 5 9109
9782 4 9109
9056 2 9111
10000 3 9111
4809 2 9112
9149 2 9112
5762 3 9113
2402 3 9113
3063 1 9115
5961 4 9115
1856 3 9116
529 2 9117
2250 1 9118
2881 1 9118
5268 2 9119
9451 5 9119
7341 3 9121
4618 4 9124
5631 4 9126
3931 2 9126
1675 5 9128
551 2 9132
1235 4 9133
9199 5 9133
2989 4 9134
5555 5 9134
1138 3 9135
3785 2 9137
8135 5 9137
7735 3 9138
4808 2 9138
9126 3 9139
2070 4 9139
6004 2 9141
5486 5 9142
7152 3 9143
4444 3 9143
883 3 9144
9630 2 9145
4958 2 9146
9609 1 9146
592 5 9147
1 1 9148
556 1 9149
9322 1 9149
7860 1 9150
5569 3 9150
3895 4 9151
5632 5 9153
4260 1 9155
1007 1 9156
5159 2 9156
3997 1 9157
2136 3 9157
7409 3 9158
8574 5 9158
5186 5 9160
8423 4 9160
8688 4 9161
2500 1 9161
528 2 9162
2119 3 9162
2341 5 9163
9042 1 9164
283 3 9164
8499 5 9165
2577 3 9165
6297 4 9167
7130 2 9168
2674 3 9169
5347 4 9169
1062 4 9170
5132 1 9171
7857 1 9172
6594 5 9172
3162 5 9173
9385 4 9173
61 2 9174
2578 4 9174
7545 3 9175
183 5 9175
8485 3 9176
1006 4 9177
4245 3 9178
4131 2 9178
578 3 9179
7988 5 9179
7477 2 9180
6970 4 9181
2733 5 9182
1066 3 9183
5223 3 9183
6803 4 9185
6931 2 9187
7816 3 9188
2357 3 9189
8841 1 9193
3389 4 9195
8675 5 9195
310 5 9196
2863 5 9196
6774 2 9197
7984 1 9197
553 3 9200
3800 3 9201
9973 4 9201
8168 5 9202
3920 5 9204
3434 5 9204
8333 4 9205
1020 1 9205
4339 1 9206
1929 4 9206
2063 4 9207
3762 5 9207
7467 3 9208
4018 4 9208
5034 5 9209
374 5 9209
7761 2 9210
7936 4 9211
1605 2 9212
3384 2 9212
954 1 9213
8156 4 9213
9160 5 9214
7332 3 9214
4490 5 9216
9870 3 9217
1841 5 9217
5660 4 9220
1829 1 9221
6718 2 9221
1756 2 9222
8922 1 9222
8641 3 9223
3586 1 9224
4365 1 9224
857 3 9228
5195 1 9228
9190 4 9229
4522 4 9230
7463 4 9231
9178 5 9231
4181 3 9232
2740 5 9233
4328 3 9234
8990 3 9234
2775 5 9235
2694 2 9238
5128 1 9238
9545 2 9239
3995 4 9239
1216 5 9241
7953 4 9242
8959 5 9243
8381 3 9244
3032 4 9245
2397 1 9245
5103 2 9247
7536 2 9247
3471 1 9249
3547 5 9250
4958 2 9251
5154 4 9252
8585 1 9253
6294 4 9254
6006 2 9255
6687 1 9255
3580 4 9256
9493 1 9256
7460 5 9257
8795 3 9257
1090 5 9258
6649 5 9260
266 2 9260
7429 2 9261
9225 5 9264
1565 3 9264
6613 4 9265
5427 4 9266
7326 4 9266
1819 4 9267
7797 3 9267
9002 5 9268
9987 5 9268
3042 4 9270
3140 5 9273
9692 4 9274
5656 1 9274
7330 1 9276
4762 1 9277
8927 5 9278
9757 3 9278
5497 2 9280
574 5 9280
5995 4 9281
8493 2 9283
5098 1 9284
8329 3 9284
4812 3 9285
8510 3 9285
3186 4 9287
2360 3 9287
4524 4 9288
4365 2 9289
8931 5 9290
4204 4 9291
6149 4 9291
3336 4 9293
7769 1 9293
3446 2 9295
8990 2 9297
828 2 9298
5875 5 9298
9517 1 9300
6866 2 9301
6593 1 9301
1311 1 9302
6145 3 9303
4881 4 9304
8687 4 9304
8933 5 9305
3454 3 9307
5382 5 9308
6964 4 9309
3006 5 9309
2930 2 9310
7019 1 9311
7715 4 9311
3209 3 9312
9925 5 9315
9077 2 9315
7831 1 9320
8252 5 9321
9896 4 9324
1617 4 9326
8988 1 9327
6721 1 9328
5439 5 9330
1155 5 9332
6563 2 9333
4816 1 9333
1755 1 9334
713 5 9335
6129 5 9337
2363 1 9339
6549 5 9339
8673 2 9340
4866 2 9341
7460 1 9341
780 1 9342
4868 3 9344
4059 1 9344
505 1 9345
1179 1 9346
3647 3 9346
4604 1 9347
7376 2 9347
9736 1 9349
213 4 9350
28 3 9350
9604 1 9351
3253 4 9351
5891 3 9353
7554 2 9353
5935 5 9354
497 2 9355
2143 5 9357
7480 1 9359
4726 1 9359
3941 2 9360
59 3 9362
1978 5 9365
1482 5 9365
4680 3 9367
7961 3 9367
322 1 9368
6837 4 9368
9068 3 9369
9781 5 9374
314 1 9374
9990 4 9375
3504 5 9376
3289 4 9376
1065 2 9378
6337 2 9378
3057 3 9379
8684 1 9381
5907 3 9381
6527 4 9382
1275 3 9383
8221 4 9383
718 3 9384
3263 1 9385
69 4 9386
6519 3 9386
657 3 9387
3731 3 9387
1621 3 9389
3181 5 9391
118 1 9392
1436 1 9393
8683 4 9394
1260 1 9395
5576 1 9395
1073 5 9396
5468 2 9396
4814 3 9397
6546 3 9397
6387 3 9400
3527 4 9401
5558 4 9401
8544 2 9403
2848 4 9403
9319 2 9404
3179 4 9404
5878 5 9405
1615 1 9406
4047 5 9407
4140 2 9408
2223 3 9409
9502 5 9411
4443 4 9413
971 5 9414
6832 3 9415
1098 2 9416
7429 2 9416
6689 5 9417
6694 4 9417
7971 3 9418
7259 5 9418
205 3 9421
1201 1 9421
9763 3 9423
9062 5 9423
4366 3 9426
8654 4 9428
6247 3 9429
4420 4 9429
5710 2 9430
7960 4 9431
2483 1 9432
9540 4 9434
5356 2 9435
2230 4 9436
1201 2 9437
8593 1 9437
216 5 9438
8377 4 9438
9310 1 9441
1485 2 9441
9486 1 9442
2233 1 9444
9098 1 9444
6252 1 9445
2088 5 9445
9758 5 9446
860 1 9446
4936 3 9447
2752 3 9447
9904 5 9448
8472 1 9449
5577 3 9451
1525 1 9451
721 5 9452
6077 3 9452
6595 3 9454
6636 5 9455
9707 5 9455
5142 4 9456
6509 5 9457
6624 1 9457
136 2 9458
4022 3 9459
6657 2 9460
3158 2 9461
3426 4 9464
410 3 9465
9577 2 9465
8232 4 9466
4426 2 9467
6557 3 9467
1932 4 9468
9194 4 9468
5212 4 9469
7902 4 9470
1625 1 9471
8704 4 9472
2276 1 9473
9233 2 9473
4119 1 9474
6346 2 9474
7717 5 9475
8896 5 9475
6533 2 9476
2720 4 9476
8609 2 9477
3091 4 9480
6336 4 9481
3462 5 9482
8032 4 9482
4105 4 9483
1696 2 9484
1775 1 9484
7786 3 9485
4622 3 9488
7478 3 9489
1099 2 9489
9215 4 9492
5611 5 9492
2560 4 9493
6280 2 9496
9008 1 9497
1806 4 9497
2358 5 9499
5105 4 9501
9003 4 9501
3985 1 9502
1186 2 9505
1948 2 9507
9541 5 9508
3460 5 9511
2702 4 9511
6205 1 9512
6271 5 9513
4922 2 9515
9359 4 9515
6812 5 9516
282 5 9516
8089 4 9519
7164 4 9519
646 2 9520
5030 5 9520
4389 3 9521
9978 2 9521
4100 2 9522
6963 3 9523
3438 1 9525
2983 5 9525
2305 4 9526
8967 1 9527
6667 1 9528
4671 5 9529
2550 5 9530
9900 4 9531
5275 3 9531
2280 5 9532
9410 3 9532
1254 4 9533
5080 5 9533
111 2 9535
8662 5 9536
5225 5 9539
2315 2 9539
3830 5 9540
155 3 9541
7231 2 9541
2295 1 9543
6059 5 9543
3382 1 9544
3041 5 9545
5566 5 9545
7166 5 9546
2816 4 9547
6543 5 9549
4058 2 9549
646 2 9550
5713 1 9551
9730 4 9552
5584 1 9553
7650 1 9553
3578 5 9554
7273 1 9554
2197 4 9555
168 3 9557
6953 2 9557
5968 4 9558
4896 4 9560
5828 2 9560
8769 3 9562
3063 2 9562
3882 1 9563
5170 3 9564
2779 4 9564
395 3 9566
6073 1 9566
9624 5 9567
2397 1 9570
3187 1 9575
4737 4 9575
3936 5 9582
7996 2 9582
1782 4 9585
7435 5 9585
4772 2 9586
3644 2 9587
5993 2 9589
4820 3 9589
9749 4 9591
8360 5 9592
1611 5 9596
3679 3 9597
666 5 9598
6738 4 9599
7537 2 9599
2427 4 9601
760 5 9601
8171 2 9602
8609 4 9603
71 5 9603
6191 4 9604
1241 3 9605
5118 1 9605
6923 4 9606
8995 2 9606
6797 3 9608
6408 3 9609
3777 3 9609
2086 5 9610
561 2 9611
8779 4 9611
741 5 9614
8568 3 9617
4406 1 9618
2703 3 9619
9259 4 9619
3430 1 9621
9952 2 9621
887 5 9623
2663 2 9623
9081 5 9625
3277 2 9628
399 3 9628
891 1 9629
1812 2 9630
7686 5 9630
7018 2 9631
3596 1 9631
7481 2 9632
765 4 9632
6839 2 9633
3281 3 9635
9583 4 9635
3239 2 9639
3410 4 9639
3416 2 9642
9268 1 9644
2974 1 9645
615 1 9645
9965 1 9647
5731 4 9647
1366 2 9650
5011 2 9650
5103 4 9652
5836 2 9653
7913 1 9653
2218 2 9655
1054 4 9656
7388 3 9656
4558 3 9657
5071 4 9657
2109 4 9661
9032 4 9662
7958 2 9662
2182 2 9663
715 4 9664
6754 2 9665
493 4 9666
9533 5 9666
2477 2 9667
3629 2 9668
1380 3 9668
6452 2 9669
8340 5 9671
5332 2 9671
6154 2 9672
6425 2 9677
2448 2 9678
9438 1 9678
2044 5 9680
6227 3 9680
7581 3 9681
8024 3 9682
8790 3 9683
7494 1 9685
2996 4 9685
8257 4 9686
4102 2 9688
2729 3 9690
2309 4 9691
9397 5 9692
6653 3 9693
2917 3 9694
4219 1 9694
3406 5 9695
3892 5 9696
302 2 9696
6709 2 9697
6846 3 9698
1485 1 9698
4084 3 9699
6344 2 9699
3386 2 9702
5450 5 9702
9185 4 9704
4341 3 9705
4921 1 9706
2601 1 9707
8519 3 9708
657 3 9708
1562 5 9709
2372 2 9709
526 1 9710
9704 2 9710
4837 4 9711
966 4 9712
6150 4 9712
7735 3 9713
8205 3 9714
8376 4 9714
3840 2 9715
7069 4 9715
1096 3 9716
3663 5 9716
1813 4 9719
7790 1 9719
962 5 9720
7376 4 9721
2081 3 9721
8865 4 9722
9360 5 9723
8088 1 9724
1584 2 9725
6292 1 9725
4032 3 9726
2751 5 9728
121 2 9729
7604 2 9729
4227 1 9732
5875 1 9734
7273 4 9735
7233 4 9736
8899 2 9736
1702 1 9737
1389 3 9738
3411 5 9738
2010 4 9739
3763 1 9740
7189 3 9741
2697 3 9741
7383 1 9742
8642 4 9743
9709 1 9743
8460 3 9745
3182 4 9746
3629 1 9747
285 3 9748
8220 4 9750
5911 5 9751
2990 4 9751
4065 1 9752
5434 2 9752
4079 3 9753
4017 4 9754
5135 4 9755
1621 4 9756
6119 4 9756
5728 1 9757
1293 4 9760
1832 4 9760
7657 2 9761
1064 5 9762
1965 4 9762
3933 1 9764
1094 3 9765
3223 2 9765
5017 1 9766
6434 5 9766
8092 2 9767
6314 2 9767
2396 3 9768
8368 2 9769
4672 4 9769
9634 3 9770
9885 5 9771
1105 4 9773
3595 4 9773
7085 5 9774
514 4 9776
1956 2 9776
7065 3 9778
3480 5 9778
5334 2 9780
7354 1 9780
1908 2 9782
4346 1 9783
8967 2 9783
8548 5 9785
7341 2 9786
2587 5 9786
4022 4 9787
210 3 9790
4265 1 9792
5539 5 9792
5293 4 9794
1821 5 9794
479 4 9795
6922 2 9796
6964 2 9796
7136 5 9798
8440 5 9800
7815 1 9800
100 5 9802
3582 5 9802
4060 2 9804
3159 4 9805
3726 4 9805
5131 4 9807
1854 1 9807
3912 4 9808
2473 1 9809
5771 3 9810
7399 2 9811
135 5 9812
841 5 9813
8523 5 9815
3409 3 9815
2640 1 9816
4420 4 9816
5048 3 9817
5799 1 9818
9606 5 9820
9395 1 9820
20 4 9822
549 2 9823
3264 3 9823
4704 3 9824
6038 3 9824
3969 1 9827
3891 4 9829
9899 1 9830
7461 1 9830
6684 3 9831
349 2 9831
7790 5 9832
5442 5 9833
5120 2 9833
5842 2 9834
2616 3 9835
6034 5 9836
927 3 9838
7279 2 9841
5540 3 9841
840 4 9842
2257 1 9843
6635 4 9846
3418 2 9847
5688 3 9847
781 1 9849
6225 3 9851
9179 5 9851
4926 2 9852
7381 5 9852
3586 2 9854
6706 1 9854
1794 2 9855
6443 1 9857
9793 4 9857
8298 3 9860
9745 3 9860
2728 2 9861
7556 2 9862
5068 5 9862
4914 1 9864
2269 2 9865
793 5 9865
3281 5 9866
5870 5 9866
5794 4 9868
5165 5 9868
2561 3 9869
2629 2 9869
2637 4 9870
5336 2 9871
7002 1 9871
5736 1 9872
8008 2 9872
4807 3 9873
9337 3 9873
756 4 9874
223 4 9875
9497 1 9875
4272 5 9877
421 1 9877
2011 2 9879
252 2 9879
8059 4 9881
2339 5 9881
9569 4 9882
6216 2 9882
1778 4 9884
8094 3 9884
2136 2 9885
8355 1 9887
4412 3 9887
2484 1 9891
2792 4 9892
4886 4 9893
7530 2 9894
4984 5 9894
922 5 9895
8506 4 9895
3927 1 9896
8925 1 9898
9172 4 9898
1446 5 9900
8964 2 9900
3462 3 9901
4185 3 9901
1557 1 9904
4871 2 9905
2664 2 9906
4429 5 9906
4907 1 9907
5195 2 9911
7479 3 9913
3834 3 9914
8325 4 9914
2099 3 9920
8392 5 9921
4534 3 9921
2553 2 9922
5677 3 9922
8219 5 9923
4113 4 9923
3165 5 9924
3300 4 9927
6684 5 9927
3067 2 9928
3015 4 9930
1548 4 9931
8448 5 9931
9772 5 9933
5538 4 9933
2491 1 9934
412 5 9936
2268 5 9937
4412 2 9939
312 2 9939
8240 4 9940
5483 3 9941
8933 3 9941
9337 5 9945
4428 4 9951
2251 4 9951
9680 5 9954
4753 2 9955
7472 2 9956
6632 4 9956
4557 2 9957
3910 2 9958
8118 4 9959
9948 4 9961
3012 2 9961
81 1 9963
3366 4 9963
272 5 9964
1332 4 9965
4807 4 9966
3170 1 9967
2664 3 9967
5345 3 9968
1627 4 9968
2159 1 9969
127 5 9969
1332 1 9970
7931 1 9970
6722 3 9971
4376 2 9972
4013 4 9973
5017 3 9974
241 2 9974
6204 2 9978
7516 5 9979
5062 5 9979
9004 2 9980
3141 3 9980
4429 4 9981
3525 3 9982
221 2 9984
5720 4 9984
5256 2 9985
5115 1 9986
632 1 9987
8459 4 9987
1533 4 9988
723 1 9990
1682 2 9990
9044 2 9993
7647 2 9996
8037 4 9997
3348 5 9998
3547 4 10000
9033 4 10002
6296 4 10003
8834 5 10003
9945 4 10006
5187 3 10006
179 2 10008
4557 2 10009
6909 4 10011
9163 4 10011
5742 1 10012
8818 5 10012
4162 4 10013
7014 3 10015
3145 5 10015
5146 5 10016
4683 4 10016
9845 1 10017
6913 2 10018
1942 2 10019
8265 4 10019
1760 1 10021
9196 2 10022
2540 3 10022
1985 5 10024
2528 1 10024
674 4 10025
538 1 10025
1830 5 10027
6773 4 10028
9288 4 10029
7898 4 10029
9719 4 10031
7732 1 10032
8851 2 10032
1614 5 10034
8978 2 10034
8732 4 10035
1249 3 10035
5003 2 10037
9892 1 10039
4049 5 10039
7286 1 10040
3163 5 10041
7541 4 10041
5362 3 10042
6574 3 10042
6366 3 10043
1391 3 10043
2491 2 10044
585 3 10044
7783 3 10045
2706 5 10047
2130 2 10047
6783 2 10048
9124 3 10049
6394 2 10049
5981 4 10050
7367 2 10053
45 2 10053
8967 1 10055
1262 3 10057
8036 1 10057
1116 1 10058
4054 5 10059
9130 5 10061
3376 3 10062
6960 2 10063
5301 4 10064
2551 1 10065
8267 1 10065
9716 2 10066
5861 4 10067
4171 4 10068
3477 5 10068
1825 2 10069
4904 2 10070
5773 2 10070
3880 2 10072
4051 1 10072
1653 3 10074
9516 1 10074
7223 3 10075
2263 1 10075
102 2 10076
555 1 10076
3945 3 10077
4298 3 10078
5412 4 10078
3028 1 10079
3309 2 10079
9852 1 10080
9406 5 10080
9184 3 10081
2438 3 10081
8358 1 10082
2281 4 10082
4887 5 10084
2581 3 10085
1321 1 10085
8753 3 10086
5936 5 10089
363 3 10089
6788 1 10092
8674 3 10092
2869 1 10095
6159 5 10097
8098 1 10098
6318 4 10099
3254 5 10101
6605 2 10101
5873 5 10102
3056 3 10102
8080 2 10103
2865 4 10103
3080 2 10104
212 1 10105
6391 4 10105
7775 1 10106
7708 5 10106
5124 3 10107
8566 1 10107
1097 4 10108
3178 2 10108
9628 2 10111
5866 4 10114
1235 1 10114
1576 5 10117
5478 2 10117
5659 2 10118
27 4 10118
3209 1 10119
7977 4 10120
446 4 10122
6368 1 10124
9856 3 10125
1572 5 10125
2648 2 10126
8572 1 10126
3297 2 10128
1101 4 10129
9399 2 10129
9509 2 10130
6089 3 10131
1995 1 10132
5340 4 10133
1818 5 10134
5990 1 10137
9873 2 10137
5581 1 10138
2595 3 10138
1486 2 10142
2475 1 10143
9839 5 10143
3764 5 10144
9068 5 10144
7149 5 10145
9390 1 10147
7270 5 10147
7930 4 10148
8080 3 10148
753 2 10151
7833 5 10152
2386 4 10153
8139 1 10153
2673 4 10155
1018 1 10155
7957 2 10157
3335 1 10160
4360 1 10160
9346 5 10161
894 5 10162
7600 1 10162
7573 4 10163
8939 2 10163
1687 2 10164
4833 4 10169
7229 1 10169
7444 4 10171
3849 3 10171
2224 4 10173
6375 2 10176
4269 2 10177
8490 4 10178
9784 1 10178
7532 3 10179
9919 1 10179
4578 2 10180
2582 5 10181
1354 3 10183
7085 5 10183
4360 1 10185
9 3 10185
8605 5 10186
729 4 10188
5973 3 10189
4006 1 10189
296 3 10192
9370 2 10192
5974 5 10194
5327 1 10195
8319 3 10195
1756 3 10196
7030 4 10198
5765 2 10199
7820 5 10199
8438 5 10200
5759 1 10204
1551 5 10205
2799 3 10206
5911 3 10206
8907 4 10208
3388 5 10208
220 5 10210
8302 2 10211
5169 1 10211
7424 3 10213
5911 4 10213
8109 2 10215
7130 4 10215
8258 1 10216
7542 3 10217
237 4 10217
4644 3 10219
1907 4 10219
9422 3 10220
5908 3 10220
671 5 10222
1346 4 10222
9447 2 10223
2450 1 10223
1297 5 10225
3433 2 10225
8399 3 10226
2779 3 10226
3412 2 10227
6522 5 10227
1433 3 10228
6739 2 10230
4573 3 10232
8532 1 10234
2498 4 10235
3929 5 10237
1461 4 10237
1914 5 10238
8358 1 10239
4836 4 10239
1813 5 10240
1679 5 10240
2987 2 10241
3932 1 10242
2099 5 10242
531 2 10243
5901 4 10246
5445 1 10248
3941 2 10248
7563 4 10252
1327 5 10253
7721 5 10254
6395 2 10255
2684 1 10255
9517 1 10256
8258 1 10257
9925 2 10258
8222 4 10258
1242 1 10259
610 1 10260
6400 5 10262
5081 3 10262
131 5 10263
8138 3 10263
8011 3 10267
909 5 10269
4085 2 10269
3100 2 10272
1853 4 10274
9878 2 10274
8025 3 10281
9100 1 10281
4352 1 10282
952 1 10282
3584 4 10283
2575 2 10284
4236 3 10284
8169 3 10285
4272 5 10287
8695 2 10288
7561 5 10290
3480 2 10291
5302 5 10293
6890 2 10293
56 1 10294
4906 1 10294
327 3 10295
8790 4 10296
5755 2 10296
2454 3 10298
1735 1 10299
57 3 10303
7946 5 10303
5242 1 10304
1558 2 10305
7761 3 10306
3307 1 10306
1387 5 10307
1976 2 10308
6987 4 10308
335 1 10310
798 1 10315
8249 3 10315
8821 5 10316
5852 3 10316
1096 4 10317
4224 1 10318
7912 1 10318
7721 2 10319
6327 1 10319
4929 4 10321
1528 2 10321
9540 4 10322
6758 2 10322
8502 5 10323
7181 4 10326
9453 2 10329
8388 2 10329
5502 5 10330
7459 5 10331
6592 4 10332
5007 1 10334
1094 4 10334
4563 2 10336
9304 2 10336
4447 5 10337
2276 3 10337
8826 5 10338
3838 4 10338
2085 2 10339
4173 4 10340
639 2 10340
4216 4 10341
1649 5 10341
6187 2 10342
3628 3 10343
9213 3 10344
2227 2 10345
7827 1 10346
6482 4 10346
3271 3 10348
4083 1 10348
2185 5 10350
1916 4 10351
590 5 10352
2714 1 10352
7786 5 10354
9808 1 10354
2014 5 10356
2276 1 10357
9369 2 10358
5732 2 10361
7731 3 10361
5847 4 10362
7627 4 10364
3222 2 10365
120 5 10366
678 2 10367
8775 5 10367
9672 2 10368
9112 4 10370
8599 1 10370
1492 5 10371
4633 1 10371
175 3 10372
2209 2 10374
876 5 10374
8127 5 10375
9847 4 10376
1583 1 10376
2532 1 10379
5217 3 10382
6945 3 10382
8570 4 10384
4082 3 10385
4963 1 10387
1842 4 10389
70 5 10390
545 5 10391
8227 3 10392
9877 3 10392
1243 1 10393
4689 4 10394
4121 3 10394
2433 1 10395
1850 3 10396
8278 1 10396
8160 1 10397
1056 5 10397
3411 4 10398
227 5 10398
1934 4 10399
3261 1 10399
3901 4 10400
7351 1 10400
373 3 10401
2340 5 10401
5405 3 10403
1387 3 10405
7989 4 10406
1178 5 10408
2557 3 10410
1554 2 10410
3625 2 10412
6465 3 10414
2706 3 10414
2878 2 10416
137 1 10416
3510 1 10417
2907 5 10417
6786 4 10419
6063 4 10419
5322 2 10422
9656 5 10423
1172 2 10423
3276 1 10424
5343 5 10424
848 2 10425
439 5 10425
3489 5 10426
6161 3 10428
6005 3 10428
3706 3 10431
2081 1 10432
7876 4 10432
6655 4 10433
5510 5 10434
8295 4 10436
6725 5 10437
6783 1 10438
8425 1 10438
4995 3 10439
5862 2 10440
6068 4 10442
1792 1 10443
2399 4 10444
2790 5 10445
3851 4 10445
8192 1 10446
459 1 10446
7758 1 10447
3263 5 10448
9964 2 10448
6535 3 10449
7630 5 10449
4940 1 10452
7212 1 10453
2984 3 10455
1226 5 10455
7244 1 10456
5631 4 10457
7686 3 10458
2887 3 10458
6475 5 10459
4637 1 10462
1608 5 10464
3162 3 10465
474 3 10465
5344 4 10466
2304 3 10467
8274 1 10467
6512 4 10469
1687 3 10469
2871 5 10470
2265 1 10471
6584 4 10471
4967 3 10472
5387 4 10472
8183 1 10474
6200 2 10475
4383 5 10476
5496 4 10477
9629 4 10477
1457 3 10478
9235 1 10478
8922 4 10479
1693 1 10479
714 3 10480
6251 3 10480
9987 1 10481
9813 3 10481
8263 4 10482
2927 2 10482
7376 5 10484
7981 2 10484
6771 3 10485
3165 3 10487
1544 4 10488
8205 3 10488
3353 2 10489
1239 4 10490
9222 4 10490
9146 1 10491
4705 1 10492
7658 3 10492
6600 2 10493
5601 3 10493
4510 5 10495
9499 1 10495
5263 4 10496
5505 1 10497
5705 4 10497
4663 3 10498
5947 1 10498
150 5 10499
4428 4 10499
449 3 10500
1026 2 10500
1348 3 10501
2501 1 10501
7617 2 10502
6374 1 10504
9738 4 10504
2488 2 10507
3657 2 10509
8538 5 10510
8811 5 10510
112 1 10511
3433 2 10511
1475 3 10512
4666 1 10513
2383 5 10513
776 2 10515
8563 3 10515
1503 4 10516
8486 3 10517
7175 1 10517
4861 4 10518
6870 1 10518
1869 2 10519
9876 4 10520
2594 5 10521
9308 3 10522
5693 4 10522
4425 4 10523
8793 3 10524
1400 5 10524
6420 3 10525
6586 3 10525
5331 5 10526
4782 4 10527
1354 5 10528
3138 4 10530
5845 2 10532
8440 4 10532
5766 3 10533
9950 4 10534
9319 5 10534
4484 1 10535
4096 5 10535
8127 3 10538
6874 5 10538
3542 2 10539
4115 4 10539
8949 1 10541
7364 4 10541
469 4 10545
9632 1 10545
565 4 10546
975 1 10546
4889 5 10547
3536 4 10547
224 4 10548
6810 5 10549
5028 1 10549
8283 2 10550
7411 3 10550
6992 5 10553
5802 2 10553
4682 5 10554
7521 4 10555
42 5 10555
2952 1 10556
1855 3 10556
7230 1 10559
9691 3 10559
7119 2 10561
7140 2 10562
7272 5 10563
4655 2 10563
4902 2 10565
500 5 10566
9063 4 10566
6290 2 10569
9156 1 10572
8802 3 10572
314 5 10573
6784 2 10574
4574 1 10574
3034 2 10575
2404 5 10575
4762 2 10576
174 2 10576
7964 5 10577
8109 4 10577
2557 3 10578
1950 4 10579
9994 5 10579
8659 3 10580
8659 2 10580
2499 5 10581
972 2 10581
9354 1 10582
1351 2 10582
1817 5 10585
5679 3 10588
2437 2 10589
8552 4 10589
2106 4 10590
1562 4 10597
3495 2 10597
2505 4 10599
8227 2 10600
2646 4 10601
4209 2 10601
218 1 10602
9508 3 10603
5561 3 10604
3516 4 10604
4115 1 10605
5330 5 10605
4111 4 10606
5349 2 10607
1691 4 10608
5929 5 10609
8110 1 10609
2641 2 10611
8696 4 10612
5209 4 10612
876 4 10613
5390 4 10614
5383 3 10616
736 2 10617
6255 4 10617
7185 1 10618
2585 3 10618
7035 1 10619
86 5 10623
5849 2 10623
8391 3 10624
6718 1 10624
8330 5 10625
3880 2 10625
5899 1 10627
5379 5 10628
106 1 10628
3153 2 10629
8335 3 10629
98 3 10632
1007 3 10632
7667 5 10634
9809 2 10635
3579 5 10635
1560 1 10636
3071 4 10636
2113 3 10637
3756 1 10637
5440 5 10638
9135 2 10638
7101 1 10640
3477 5 10641
4284 4 10641
4729 1 10642
5807 3 10642
1357 3 10643
5153 3 10644
5868 5 10645
3894 4 10646
4199 1 10649
5104 1 10649
4943 1 10650
127 3 10651
6548 2 10651
7723 5 10652
9438 4 10652
6387 1 10653
1289 2 10654
3596 2 10654
3635 2 10655
324 1 10655
2000 5 10656
257 1 10656
9297 1 10657
8657 1 10658
7088 1 10658
5909 5 10659
1088 3 10659
5583 4 10660
306 2 10660
5744 3 10661
1733 1 10662
9944 4 10664
4489 3 10665
8032 2 10665
7560 5 10666
8390 3 10667
1208 2 10669
4526 2 10670
1540 3 10671
2757 1 10672
1990 4 10674
8519 1 10676
8531 2 10676
3738 1 10678
1045 1 10678
6234 2 10679
6498 1 10679
2396 1 10680
8174 2 10680
5227 2 10684
8451 3 10688
1065 5 10688
3315 3 10689
7486 1 10689
9072 1 10692
6418 1 10692
8750 5 10693
2951 1 10693
8280 5 10694
8784 1 10695
4047 2 10695
7807 4 10696
8515 2 10696
8808 2 10697
6372 3 10697
2106 3 10698
2048 4 10698
6329 1 10701
7891 2 10701
3135 2 10702
7005 3 10703
9043 2 10703
8841 4 10704
9542 3 10704
5940 5 10706
4899 1 10707
6915 4 10707
5932 3 10708
1446 5 10710
1142 3 10710
3912 4 10711
5008 2 10711
8108 2 10712
4214 3 10713
8934 4 10713
5881 1 10715
2592 4 10716
5442 5 10717
5532 1 10717
2835 3 10720
7354 3 10721
5302 2 10721
2165 5 10722
3783 4 10724
8441 1 10726
4586 1 10728
1943 5 10729
8418 2 10730
3337 3 10732
4697 4 10732
5119 5 10733
5292 5 10735
6106 4 10735
4825 1 10736
7952 1 10736
2840 2 10737
3986 5 10737
6825 1 10739
5363 3 10741
8207 4 10741
4975 2 10742
8226 4 10742
4771 2 10746
5069 2 10746
9681 1 10748
3569 2 10749
7218 1 10749
981 4 10750
5672 4 10752
4660 3 10753
4077 2 10753
1504 1 10754
68 3 10755
9172 1 10757
9838 1 10758
5636 2 10758
6824 3 10759
3964 3 10760
7609 1 10760
7879 3 10761
8434 3 10761
5401 3 10762
5599 2 10762
2206 3 10765
7921 1 10766
2463 1 10767
9750 4 10769
2999 1 10769
5111 5 10770
7237 5 10770
9490 4 10772
807 2 10772
9863 4 10773
2102 1 10773
3537 3 10774
4458 4 10776
809 5 10783
6593 5 10783
4255 4 10785
6283 5 10785
6384 4 10786
4043 1 10787
1511 4 10787
7026 4 10788
1 4 10788
960 3 10789
7717 2 10789
4050 3 10790
2369 2 10791
242 3 10791
5242 5 10793
2653 5 10793
2154 4 10795
1573 3 10795
5787 2 10797
4838 3 10798
1003 3 10799
1047 5 10799
8586 5 10801
1261 1 10801
416 4 10802
1308 5 10802
6839 4 10803
1296 5 10805
6114 4 10806
7162 4 10806
2801 3 10808
4669 4 10809
1041 4 10810
528 3 10810
7533 4 10814
9731 5 10818
9190 2 10818
2238 5 10819
2225 4 10819
239 3 10820
4343 3 10821
7373 2 10822
2403 3 10823
9785 2 10823
5666 5 10825
9732 2 10826
7648 4 10827
710 1 10827
574 4 10828
737 4 10830
2501 4 10833
3898 1 10833
930 1 10834
3749 4 10834
4666 5 10835
1545 4 10836
8569 2 10836
3509 3 10840
1455 3 10841
3700 1 10842
4861 2 10843
2644 1 10843
5396 4 10844
6016 5 10846
494 3 10847
6784 2 10847
9737 2 10848
6475 5 10848
2475 1 10850
5349 2 10851
8659 1 10852
33 3 10852
7343 4 10853
2845 2 10854
4432 5 10854
6621 2 10855
8262 5 10856
2648 5 10856
6587 3 10857
5070 2 10857
2251 1 10858
571 1 10858
4134 5 10861
5182 1 10862
7956 5 10863
9706 4 10865
1796 1 10866
7790 3 10866
2478 1 10867
4741 1 10869
3439 1 10870
2686 3 10873
9159 5 10874
8863 2 10874
2882 4 10877
2060 5 10877
7810 4 10878
3205 2 10878
2313 3 10881
4330 2 10881
8568 1 10883
1758 5 10885
8118 2 10888
7013 2 10888
4642 2 10889
6531 1 10890
5599 1 10890
8601 2 10891
5846 5 10891
8373 5 10895
568 4 10897
7344 2 10898
2570 1 10898
4921 4 10900
6224 4 10901
9722 2 10901
9078 5 10902
8041 4 10902
5167 2 10904
5646 5 10905
781 5 10906
5515 2 10906
3585 1 10907
2900 5 10907
3428 2 10910
8577 4 10910
1463 1 10912
6250 1 10912
3431 2 10913
4780 3 10914
2030 2 10915
218 5 10916
888 3 10917
9699 4 10919
9351 5 10920
9720 1 10921
5768 5 10922
2724 5 10922
614 3 10924
1591 1 10924
7899 3 10925
6764 3 10925
8487 3 10926
5050 4 10926
4250 3 10927
3727 4 10927
6791 4 10929
1110 4 10930
8291 4 10931
5370 2 10931
8747 5 10932
5975 1 10932
1196 4 10933
8469 3 10933
3807 1 10935
8550 3 10935
5396 2 10938
7922 3 10938
979 4 10939
3828 2 10939
8288 1 10940
5533 2 10940
3924 5 10941
2875 5 10941
3277 4 10942
4554 1 10942
2746 5 10943
6430 1 10943
5673 3 10944
4354 1 10944
1394 2 10945
6561 2 10947
6863 3 10948
2086 2 10948
8472 3 10949
5467 5 10949
6942 1 10950
148 2 10951
8912 3 10952
2302 4 10953
1885 1 10953
8941 2 10954
8591 4 10954
6121 3 10957
2221 5 10958
3526 3 10961
7705 3 10962
7706 2 10963
5404 5 10963
1309 1 10964
7815 3 10964
5456 3 10965
9674 1 10966
3504 1 10966
8834 2 10967
5029 4 10969
5771 1 10969
9510 3 10970
3219 5 10971
4605 3 10973
2825 1 10973
3042 4 10974
374 3 10976
2211 5 10977
7574 5 10977
1797 2 10978
4144 2 10978
3866 1 10980
1866 2 10981
5505 5 10981
4334 5 10982
224 2 10982
3753 1 10984
9876 2 10984
362 1 10985
7904 2 10985
6803 2 10986
9704 1 10988
1116 3 10990
7371 1 10992
3735 5 10993
7987 3 10997
1239 4 10997
6378 3 11000
8010 2 11000
8431 3 11001
8993 3 11002
9226 1 11002
3640 1 11004
2435 1 11005
5437 2 11005
9545 3 11007
3162 5 11009
4620 3 11009
1441 5 11012
4522 4 11012
4795 2 11014
1792 2 11015
1096 4 11015
1083 5 11016
3207 5 11016
9874 1 11017
5619 4 11018
1883 5 11020
1406 5 11020
5531 2 11021
3869 5 11021
9945 1 11022
788 1 11025
191 5 11026
4091 1 11027
584 1 11027
7881 3 11029
945 3 11029
8839 3 11030
4545 5 11031
1065 2 11031
1271 2 11032
4220 3 11033
6913 5 11034
9597 5 11034
72 1 11036
5954 2 11036
5782 3 11037
5479 3 11040
4094 5 11042
9978 4 11043
8893 2 11044
4806 3 11044
1926 4 11046
8621 3 11047
2597 4 11050
1821 4 11055
973 2 11055
6644 4 11057
6538 1 11057
6869 5 11059
1607 2 11060
1249 3 11060
8564 4 11061
3059 4 11062
3519 5 11063
4754 4 11063
2838 2 11064
32 1 11065
8870 4 11067
7903 5 11068
9246 3 11069
560 4 11070
4720 3 11071
5263 5 11071
4124 4 11075
8959 2 11078
2683 5 11080
8947 2 11082
4454 2 11083
6420 5 11083
2152 5 11084
1124 1 11084
219 3 11085
7503 2 11090
487 3 11090
2759 2 11091
4721 4 11091
8346 2 11092
489 3 11092
7304 4 11093
7794 3 11093
469 5 11095
231 4 11096
2837 2 11096
146 3 11097
4508 4 11097
4127 2 11098
7418 5 11100
22 2 11100
2866 4 11101
4204 1 11101
6868 2 11102
4347 1 11102
1959 3 11103
6467 4 11104
8221 3 11106
8451 1 11106
7447 3 11107
4597 1 11107
28 3 11108
9078 1 11109
8143 2 11110
8133 3 11110
8081 4 11112
535 4 11112
9301 1 11113
9331 5 11115
776 1 11118
2915 5 11119
3710 1 11119
8387 4 11120
3596 1 11120
6983 4 11121
8538 4 11122
2785 4 11123
3375 5 11123
5766 4 11124
7146 1 11124
638 5 11128
8110 1 11128
9960 4 11130
2348 2 11130
307 1 11134
5418 4 11134
9540 3 11136
9930 5 11137
9695 2 11138
155 4 11138
8983 2 11139
7790 4 11139
6113 3 11140
7144 5 11141
6092 3 11142
8209 2 11143
9177 2 11143
7749 3 11146
6975 4 11149
6490 4 11151
7959 5 11153
5478 2 11153
5537 1 11154
9790 5 11155
1455 5 11156
9852 3 11159
157 1 11159
421 5 11161
8547 2 11162
5150 1 11162
4119 1 11165
3702 3 11165
145 2 11166
8018 2 11166
1501 2 11167
7091 4 11167
737 1 11168
6595 5 11169
3359 1 11170
668 4 11171
9418 5 11172
4839 1 11172
9549 5 11173
3682 3 11173
113 5 11176
2245 3 11176
5232 5 11178
5670 1 11179
8751 4 11180
2700 4 11180
4244 2 11182
6096 1 11183
8972 2 11184
1920 2 11185
8057 3 11185
2517 1 11186
7714 1 11186
3366 2 11187
942 1 11187
9109 3 11188
845 2 11188
3467 1 11190
9006 1 11190
1291 1 11192
9554 4 11193
2218 1 11194
7075 5 11194
7182 5 11195
7515 5 11197
5983 3 11198
9612 2 11199
5219 3 11200
8670 2 11200
8278 4 11201
5596 1 11202
6297 3 11203
4739 5 11203
1188 3 11204
9757 1 11204
9110 4 11206
1135 5 11207
9670 3 11207
6385 3 11209
7974 2 11213
1028 5 11214
5686 2 11215
1038 3 11217
2423 2 11217
8321 4 11218
5862 3 11218
9016 5 11220
3062 4 11220
8712 2 11223
880 4 11229
5490 5 11230
7133 2 11230
8025 3 11231
6340 1 11232
1869 3 11233
6383 4 11236
7103 1 11237
4650 1 11237
8512 1 11238
9073 4 11238
3344 5 11241
7535 1 11242
4647 1 11243
3470 4 11244
8873 4 11245
1929 5 11246
1174 4 11246
7885 2 11247
6477 2 11250
1289 2 11250
2771 3 11251
3651 4 11252
4119 5 11254
6385 2 11255
3246 2 11256
7000 5 11257
3423 4 11257
5308 4 11258
2846 5 11258
5087 4 11259
8514 2 11259
3382 4 11261
7322 5 11261
1531 5 11262
3841 4 11263
4696 2 11264
1490 2 11264
1098 2 11265
8434 3 11265
8965 3 11266
1608 2 11267
5781 4 11267
8368 5 11270
1706 2 11270
7747 5 11271
4389 5 11272
6462 1 11272
6470 2 11274
8988 1 11274
1584 2 11275
4951 3 11275
6298 4 11276
8740 1 11276
3293 2 11277
3886 3 11278
6739 2 11278
4072 1 11280
7286 1 11280
1458 3 11281
120 2 11282
9417 2 11284
8122 3 11284
6014 5 11285
5564 2 11285
6172 3 11286
8299 1 11287
5650 3 11287
7811 2 11289
480 2 11292
9211 4 11293
8991 4 11294
5184 4 11294
7842 5 11295
721 3 11295
8931 4 11297
460 3 11298
8551 5 11299
207 2 11299
92 5 11304
7599 5 11304
984 5 11307
8507 2 11307
8409 4 11308
2660 4 11308
597 5 11309
1075 3 11310
208 3 11311
3570 4 11312
7201 5 11312
3592 5 11313
9455 2 11317
5114 2 11317
4574 2 11319
9969 1 11319
1683 2 11320
9341 3 11320
5363 1 11322
4047 1 11326
6260 1 11326
7885 1 11327
4489 3 11327
4847 3 11328
2177 2 11328
6752 4 11329
5579 3 11329
1216 3 11330
5283 3 11330
3873 1 11331
5492 2 11332
9542 5 11334
497 1 11334
4640 3 11336
6826 1 11336
7596 4 11337
1662 4 11339
2397 5 11339
2982 2 11340
574 1 11340
8356 4 11341
3242 1 11341
4406 4 11342
1118 4 11342
1424 2 11343
6214 5 11345
9712 4 11345
8200 1 11349
9707 4 11349
9593 4 11350
4967 5 11351
3980 1 11354
896 2 11354
8502 4 11355
6173 2 11356
7700 5 11356
9313 1 11361
2266 3 11362
2073 3 11362
5439 1 11363
7919 4 11363
4363 5 11365
346 5 11367
4045 3 11367
3974 1 11368
5208 5 11369
6771 4 11370
7326 1 11370
9504 3 11372
682 4 11373
6884 2 11377
2014 2 11378
7438 5 11379
4768 5 11380
5974 4 11381
4281 1 11382
5345 3 11383
8764 2 11385
8285 3 11385
3806 2 11386
1553 5 11387
3209 2 11387
7850 1 11389
5888 5 11389
9359 2 11391
247 3 11392
2536 4 11393
1797 1 11394
6883 3 11396
2877 4 11397
9354 1 11397
4822 5 11398
5525 5 11398
5798 1 11399
4279 3 11400
526 2 11400
5863 4 11401
5052 2 11401
5919 4 11402
525 1 11404
5352 4 11405
6789 3 11405
4352 4 11406
5294 4 11407
9796 3 11407
8635 3 11408
8988 3 11412
573 1 11414
8361 2 11416
3199 4 11416
5183 4 11417
1025 1 11418
4408 1 11419
8637 3 11419
6058 4 11420
2017 1 11422
1323 5 11422
4737 4 11424
6494 2 11425
501 4 11426
9873 2 11426
239 3 11427
8934 5 11428
1271 3 11428
7001 1 11429
5696 1 11430
76 2 11432
2111 2 11432
9352 3 11433
3584 4 11436
8989 2 11436
5735 1 11437
7140 5 11439
2406 4 11441
733 1 11441
3094 3 11442
8644 5 11442
9626 4 11444
6115 1 11444
4344 2 11445
3128 2 11445
8981 1 11446
8004 3 11447
6110 1 11447
6384 2 11448
7746 1 11448
4222 5 11449
7312 2 11450
2586 2 11451
7803 5 11452
4970 4 11452
7439 5 11454
2542 4 11455
9843 4 11457
3683 3 11458
8532 4 11459
3797 5 11459
8799 5 11460
712 4 11461
7119 4 11461
5991 3 11463
8553 3 11464
3046 5 11464
399 2 11465
3989 2 11465
3302 5 11468
69 3 11468
4909 1 11469
2303 3 11469
7167 1 11470
3866 5 11470
3663 1 11471
438 1 11471
7732 2 11472
7979 1 11472
6434 3 11474
6992 1 11474
7637 3 11475
6519 3 11477
797 3 11479
8229 1 11480
3115 3 11480
7409 1 11483
4294 3 11483
5270 1 11484
9010 5 11484
2291 4 11487
6582 2 11488
5984 4 11489
5230 3 11490
8053 2 11492
565 3 11493
6076 1 11493
8540 2 11494
8413 5 11497
6580 2 11498
8491 1 11498
1833 2 11502
8217 1 11502
4582 2 11503
5698 2 11504
2898 5 11505
5280 4 11505
9928 1 11506
2594 1 11506
1168 1 11507
5889 4 11507
8783 5 11510
7441 2 11510
9092 1 11511
9872 2 11511
801 2 11514
9491 3 11515
2607 2 11515
3414 4 11517
4287 3 11517
1509 1 11518
4346 2 11519
7246 5 11520
8893 3 11521
5887 4 11522
5098 5 11523
4625 5 11524
3622 2 11525
7970 2 11525
6148 5 11526
288 3 11526
1654 5 11528
6122 1 11528
6446 1 11529
9426 1 11530
7930 2 11530
7830 2 11531
486 1 11532
6033 1 11532
1512 5 11533
1492 3 11534
4496 4 11535
5664 5 11536
6565 3 11536
7009 1 11537
9227 4 11538
3650 3 11538
9925 3 11539
299 1 11539
1639 1 11540
384 3 11540
3388 2 11541
2039 1 11541
3056 5 11542
1731 2 11543
8943 5 11545
8371 2 11546
9304 5 11549
4067 5 11550
289 1 11551
5289 2 11552
5496 1 11552
2897 1 11553
8415 3 11553
3283 5 11554
1680 3 11554
8461 3 11555
4447 1 11555
469 4 11556
8211 5 11556
2478 4 11557
4025 3 11557
3756 2 11558
5962 2 11559
8655 3 11560
1365 4 11561
9186 1 11562
2482 5 11562
7408 3 11564
9250 3 11565
846 1 11565
6925 4 11567
6152 2 11567
2932 3 11568
7530 3 11570
7552 4 11572
9401 3 11572
6857 1 11576
9246 3 11576
3490 3 11577
7739 4 11577
2230 1 11578
1109 3 11579
8199 4 11580
9517 1 11581
2044 5 11581
9538 5 11582
4425 1 11582
3822 4 11583
262 3 11584
763 4 11585
2977 3 11585
7852 2 11586
9498 2 11586
4799 4 11588
7476 3 11588
7117 4 11590
8476 1 11592
8363 2 11593
9111 4 11594
9989 3 11595
725 4 11595
9873 2 11596
6198 2 11596
5065 1 11597
7750 4 11600
6262 4 11601
2265 3 11601
9062 2 11602
9704 5 11602
1021 3 11606
2203 2 11610
7733 2 11610
1786 1 11611
845 2 11611
5438 1 11613
8354 2 11613
8758 3 11614
6234 1 11614
5622 4 11615
9589 4 11615
5132 1 11621
9988 3 11621
3298 5 11622
8994 1 11623
7068 5 11623
6125 1 11626
710 2 11626
6172 2 11627
2632 5 11628
9931 4 11630
4299 4 11630
9367 2 11631
2142 5 11632
628 4 11633
2362 2 11633
1485 1 11636
4582 5 11636
2825 5 11639
3408 1 11642
7586 4 11645
5123 5 11645
9749 4 11646
925 5 11647
8918 4 11647
5537 3 11648
3562 5 11649
7014 1 11650
8395 2 11650
3205 2 11651
1818 2 11651
558 2 11652
5893 3 11652
4665 4 11653
1231 4 11653
3207 2 11654
4976 4 11655
7297 1 11656
6054 1 11657
4276 5 11658
8256 4 11660
5570 5 11660
2716 5 11662
3080 3 11664
785 1 11664
2270 3 11665
4978 1 11666
8141 5 11668
3936 1 11668
1213 2 11669
2952 3 11669
4646 2 11671
8240 4 11672
3978 1 11673
7584 2 11674
3182 4 11674
6089 5 11676
1389 4 11678
1194 5 11680
5012 5 11680
9310 1 11681
5919 2 11682
5123 2 11682
1661 4 11684
4718 5 11684
678 3 11685
6251 2 11685
526 5 11686
3752 4 11688
2199 4 11688
6424 4 11689
1587 2 11689
6933 4 11692
483 1 11692
6712 4 11694
2844 4 11696
9689 3 11696
1038 4 11697
4338 1 11698
4726 1 11699
7178 4 11700
7430 5 11701
3624 4 11702
5858 4 11702
6857 2 11704
2323 5 11705
5254 2 11705
4777 2 11706
9145 5 11706
821 5 11707
6521 3 11707
8016 3 11708
3279 3 11708
3794 5 11710
5109 5 11710
3252 5 11711
2179 2 11712
9115 2 11713
9425 1 11714
3520 4 11716
947 3 11716
809 2 11717
3790 1 11717
625 4 11718
1582 2 11719
9764 5 11721
4354 1 11722
4011 1 11722
9718 4 11725
7904 3 11727
2025 5 11727
8750 2 11729
5281 4 11730
8157 3 11731
237 4 11732
8321 2 11733
6968 2 11733
918 3 11734
9334 2 11736
4571 3 11738
3878 3 11741
6242 3 11742
8063 2 11744
3555 3 11744
8452 2 11745
592 3 11745
5077 3 11746
3093 3 11746
7920 5 11748
6457 3 11750
9997 5 11750
107 1 11751
4085 2 11751
8093 5 11752
4961 3 11752
6713 2 11753
4182 3 11753
1968 5 11754
6504 3 11754
599 3 11755
8848 1 11755
5018 5 11757
6610 4 11757
1500 3 11761
8870 5 11763
1181 2 11765
9601 5 11766
7158 2 11767
5532 3 11768
8764 2 11769
28 4 11769
8603 4 11770
6270 1 11771
3443 2 11772
9460 4 11773
1329 3 11774
5790 5 11775
1854 2 11776
8466 1 11776
7716 4 11777
7320 1 11777
3339 5 11778
1150 4 11778
8208 1 11779
5831 4 11779
2875 1 11781
1428 4 11782
5253 2 11784
4507 3 11786
9295 2 11787
4052 5 11787
8465 4 11788
4151 5 11791
505 2 11791
8122 3 11794
106 5 11794
3809 5 11795
3076 2 11795
2650 1 11797
5268 5 11798
813 4 11798
5910 5 11799
4488 1 11799
5962 4 11800
7657 3 11800
8832 3 11801
1770 1 11801
9291 1 11803
49 4 11803
6315 4 11804
1693 3 11806
1387 3 11806
9722 4 11807
466 2 11809
2449 4 11810
1283 1 11811
8601 3 11811
5583 5 11812
5788 2 11812
3822 2 11813
6881 5 11813
1063 2 11815
7507 3 11815
4750 4 11816
8345 2 11816
2545 2 11817
559 3 11819
3761 5 11819
4787 5 11821
8248 4 11822
3043 2 11823
5786 5 11824
470 5 11826
9462 2 11828
7867 2 11831
901 3 11831
7540 2 11832
3317 5 11832
9951 4 11833
3490 4 11833
2663 1 11835
5488 1 11835
6696 2 11836
2325 3 11836
4462 4 11837
4473 1 11842
2257 4 11845
4800 5 11845
1148 2 11846
4558 5 11846
708 3 11847
4505 4 11848
2531 5 11848
3838 3 11851
8268 1 11851
5506 1 11852
6994 3 11853
8547 1 11853
4447 3 11854
6445 5 11854
6904 4 11855
7882 1 11856
6354 5 11856
9868 5 11857
7977 2 11857
7816 5 11859
7639 1 11860
7053 4 11860
8720 1 11861
7297 5 11863
1661 1 11865
6700 5 11867
8942 5 11867
2461 3 11868
9223 4 11868
1228 4 11869
4188 5 11869
4863 4 11870
5386 3 11871
7821 5 11871
8642 3 11872
2415 4 11872
9970 3 11873
5255 4 11874
513 4 11874
8450 5 11875
5147 1 11875
6557 4 11877
2763 1 11878
2549 1 11878
599 2 11879
6374 1 11880
4892 5 11880
3758 3 11881
8830 2 11882
5407 1 11885
8461 5 11885
6852 4 11887
1478 3 11889
6358 1 11890
6927 4 11892
7633 1 11893
4712 4 11893
3375 3 11894
598 5 11896
6350 1 11897
8649 4 11898
3957 1 11899
5597 1 11899
3393 1 11900
4628 1 11900
1767 2 11902
3409 1 11903
6996 3 11903
7053 3 11904
3144 2 11905
6026 4 11906
5082 3 11906
1933 2 11907
9705 5 11908
8174 4 11909
8606 3 11909
5362 2 11910
226 5 11910
7339 1 11911
7634 3 11912
9090 2 11913
5271 2 11914
219 1 11917
4901 4 11917
6977 4 11919
6879 5 11919
7121 3 11920
7210 3 11920
1785 5 11922
6114 4 11922
2449 2 11923
811 1 11925
760 1 11926
3904 5 11926
8025 3 11927
7369 4 11927
8595 4 11929
2943 4 11931
2567 1 11931
6535 3 11932
7695 2 11933
9562 3 11935
1602 3 11935
8193 2 11936
10 1 11936
9796 5 11937
393 4 11937
1996 2 11939
460 5 11941
2834 5 11941
6705 1 11943
2456 3 11943
9092 3 11944
9822 1 11944
4630 5 11945
3204 5 11946
1384 4 11946
1673 1 11948
8271 1 11948
8932 3 11950
1529 2 11953
5630 4 11954
7927 2 11959
8354 1 11961
3315 3 11964
3655 1 11964
7738 1 11965
4988 4 11966
4676 3 11973
4990 1 11974
9703 4 11974
7991 1 11977
262 5 11979
5651 3 11980
2320 3 11980
5504 1 11982
5996 1 11984
1594 5 11984
9715 2 11985
6148 4 11985
2377 2 11988
205 3 11990
4368 3 11990
1521 1 11991
6922 5 11991
3631 3 11992
4653 1 11992
6169 2 11993
2228 3 11994
5942 3 11995
7913 4 11996
1961 4 11997
1823 2 11998
9207 3 11998
5621 5 11999
7722 1 11999
9790 2 12000
4492 3 12001
1031 1 12002
5096 2 12003
3285 1 12003
1042 2 12005
3657 2 12008
1747 1 12009
5483 2 12010
7276 1 12011
2373 1 12012
4882 3 12012
1167 5 12015
4225 2 12015
5062 3 12016
3973 3 12019
3880 3 12019
8602 5 12020
7909 4 12022
3987 2 12023
2249 5 12024
2940 5 12026
2132 3 12026
6464 3 12027
5455 1 12027
9812 5 12028
2078 1 12028
6619 5 12029
2191 4 12033
3112 2 12033
3005 1 12034
8782 4 12034
9184 1 12036
5091 3 12036
2387 5 12037
493 1 12037
337 4 12039
8784 4 12039
1924 5 12040
3254 4 12040
1057 1 12043
6928 4 12044
292 4 12045
177 4 12047
1319 2 12047
5282 1 12048
3897 2 12049
8558 4 12050
3546 1 12050
180 3 12051
138 5 12052
2788 1 12052
3060 2 12053
1229 1 12054
388 5 12054
4155 5 12055
6327 2 12055
246 2 12056
3672 1 12056
7024 2 12057
4196 1 12057
6209 4 12058
1477 4 12058
558 3 12062
7381 4 12062
2702 1 12063
6194 4 12063
6320 2 12064
7382 4 12066
194 4 12066
3471 2 12067
3625 5 12068
2161 4 12069
8139 3 12069
9358 2 12070
8577 2 12070
3677 2 12072
6357 1 12072
1061 1 12074
3841 4 12074
9654 5 12075
8243 5 12077
5617 5 12077
7297 3 12078
4987 1 12079
4543 3 12080
5093 1 12080
3700 2 12081
4150 3 12082
7477 4 12082
3555 5 12083
7832 5 12085
2509 1 12086
8647 2 12087
7989 5 12088
2988 1 12090
4423 5 12091
9164 1 12092
3216 3 12094
1802 4 12094
2981 5 12096
4334 3 12096
5166 2 12097
3530 4 12097
1394 3 12100
759 3 12101
64 4 12102
3776 3 12103
2012 4 12104
4221 1 12106
9798 2 12107
5264 2 12107
9421 2 12109
3337 5 12110
7626 3 12111
4043 3 12111
661 4 12114
9930 3 12114
5854 3 12115
1253 2 12115
4913 4 12116
4656 1 12116
9222 4 12117
5211 5 12119
3870 3 12120
141 5 12121
7119 4 12121
8827 5 12124
3194 2 12125
88 2 12125
8060 2 12126
1620 4 12126
8136 3 12128
9798 4 12129
3143 3 12130
1752 3 12131
6706 3 12131
5443 1 12134
1133 1 12134
4661 1 12135
7558 4 12135
6977 1 12136
5413 5 12138
3467 1 12139
3960 1 12141
558 3 12142
4174 5 12143
539 5 12143
7505 1 12145
454 2 12147
4490 1 12147
657 1 12148
7436 2 12149
9062 2 12149
3768 3 12152
4411 3 12152
3927 5 12153
9567 1 12153
3281 5 12156
39 1 12156
7435 3 12157
6636 5 12158
7995 4 12159
8482 5 12159
8595 1 12161
5378 1 12161
1850 4 12163
7642 5 12165
1272 4 12165
2630 3 12166
507 2 12167
9936 3 12167
5727 5 12170
3136 5 12171
645 1 12171
490 1 12172
3959 5 12177
9398 3 12178
283 5 12178
7135 3 12179
8737 1 12179
3242 3 12180
5088 1 12180
789 5 12183
6384 4 12183
4619 4 12184
6143 5 12185
557 1 12186
8891 5 12188
6997 2 12190
4602 3 12192
2964 5 12192
7649 2 12193
7029 5 12193
1887 2 12194
1118 5 12195
3055 1 12197
5464 5 12198
7632 3 12199
4908 3 12201
3001 1 12201
9929 2 12203
3476 3 12203
5969 2 12204
8550 2 12204
3749 2 12205
5235 4 12205
3948 1 12207
9686 5 12208
7980 1 12208
5917 4 12209
4787 5 12210
3696 5 12211
514 4 12211
7261 5 12214
2071 2 12215
6536 2 12217
2156 1 12218
1376 1 12219
2233 1 12219
6901 2 12221
765 5 12222
8578 5 12222
1197 1 12223
9444 3 12223
6062 1 12224
2577 5 12225
3062 4 12225
4618 5 12229
9046 1 12231
977 5 12233
7794 3 12235
6598 5 12235
161 4 12237
1124 5 12238
2955 2 12238
8970 4 12239
843 1 12239
5130 4 12241
5046 3 12241
4 2 12242
9282 3 12243
8369 4 12244
4976 2 12244
1011 2 12245
3418 4 12245
7513 4 12246
416 5 12246
7482 5 12248
4588 4 12248
8913 3 12249
8494 4 12250
3866 3 12250
9609 5 12252
5238 1 12252
191 3 12254
7330 5 12254
3369 3 12257
5867 3 12257
2378 4 12258
8291 2 12259
8859 2 12259
888 4 12260
6173 4 12260
522 5 12262
9037 2 12262
1336 5 12263
8969 3 12264
2538 1 12265
4890 4 12265
6476 4 12267
4406 4 12268
1395 4 12268
6265 1 12269
3433 5 12271
307 5 12272
9171 5 12272
885 5 12273
7653 4 12273
8813 5 12274
9681 4 12274
3131 1 12275
5685 4 12275
1417 2 12277
6932 3 12278
7928 3 12279
5840 5 12279
1775 2 12280
8249 1 12280
5436 2 12282
5530 1 12288
6979 1 12288
888 4 12290
8667 1 12290
2379 1 12291
2360 1 12291
6431 4 12293
5866 3 12294
5307 1 12296
6030 2 12296
8662 3 12297
6570 4 12298
1676 3 12301
7813 5 12302
2072 3 12302
7325 5 12303
8099 3 12303
70 1 12306
9236 4 12306
7883 2 12307
7371 1 12307
1693 4 12309
1441 4 12310
5414 5 12310
8293 2 12311
9591 5 12311
8570 1 12312
4864 1 12312
3825 4 12313
6611 2 12316
8760 1 12316
8750 3 12319
4185 1 12320
5324 4 12320
9407 5 12321
243 3 12322
4270 2 12322
8252 2 12323
6238 1 12323
4138 5 12325
5546 1 12325
9432 5 12326
4894 3 12326
2691 4 12328
9761 4 12328
56 5 12329
9489 2 12329
6097 4 12332
6728 5 12332
6581 3 12333
8480 4 12335
1576 3 12335
3456 3 12336
6490 2 12340
1696 5 12341
876 4 12342
3259 1 12342
3061 5 12343
7929 2 12344
8521 1 12344
4677 2 12347
8277 2 12347
3032 2 12348
1595 3 12349
4101 3 12349
7259 5 12352
975 4 12353
6351 2 12354
2944 1 12354
3139 3 12355
5192 4 12356
6770 3 12358
3033 4 12359
699 4 12359
1186 3 12360
9489 5 12362
9553 2 12362
3994 3 12364
1038 5 12364
7180 4 12365
2837 4 12365
5345 3 12366
792 3 12366
53 3 12369
8701 3 12370
6129 3 12370
8824 5 12371
7304 1 12372
8438 5 12372
5883 1 12373
5831 5 12374
1465 2 12375
6435 2 12375
7704 2 12377
546 4 12379
54 5 12380
1437 1 12381
5745 5 12382
2650 4 12383
6507 5 12385
1949 4 12386
4812 2 12388
4111 4 12389
1320 3 12389
6104 4 12390
1852 4 12390
3404 1 12391
8966 2 12392
8299 5 12392
4573 5 12393
1139 2 12394
8662 2 12394
2034 4 12396
3706 4 12396
4452 2 12397
7878 5 12398
2299 2 12398
3974 5 12399
6948 4 12400
4517 2 12403
8812 3 12403
5659 4 12404
4920 1 12405
2006 1 12405
8273 1 12406
4512 4 12406
6299 2 12407
2244 1 12407
2212 3 12409
9094 2 12409
1873 2 12410
9973 5 12410
453 1 12412
7263 1 12412
6160 4 12416
3660 3 12419
7167 5 12422
4912 2 12423
1078 2 12423
2401 5 12426
3786 4 12426
3890 1 12427
7083 5 12428
4547 3 12430
1631 3 12431
9941 3 12431
8516 5 12432
3046 5 12432
5964 5 12433
6644 3 12433
5426 2 12434
2449 5 12436
7554 5 12436
3236 2 12438
2118 5 12438
621 2 12439
1671 2 12440
710 5 12441
1064 2 12441
9450 5 12442
6381 2 12443
4838 1 12443
7564 3 12444
4997 1 12444
2608 2 12446
9784 1 12446
3110 2 12447
8341 3 12448
4772 5 12449
4075 5 12449
132 3 12452
1128 4 12455
8963 3 12455
934 2 12456
9517 2 12457
3917 2 12459
9281 1 12459
8079 1 12460
490 1 12460
9601 2 12461
8348 2 12461
2453 1 12464
2283 3 12465
9755 1 12466
8503 3 12467
8080 3 12468
3479 3 12468
4187 1 12469
89 5 12469
5135 4 12470
9764 4 12471
6929 4 12472
8035 5 12474
172 3 12474
9534 1 12475
8674 1 12475
691 2 12476
6026 3 12476
4740 4 12478
4636 3 12478
8078 2 12486
774 2 12486
4896 4 12487
2300 1 12488
1078 1 12488
6876 1 12489
3111 1 12490
8465 1 12492
3186 5 12494
9119 1 12497
6572 1 12498
5881 4 12499
4576 3 12499
3388 1 12500
131 4 12502
3650 4 12502
806 4 12504
9321 1 12504
8842 4 12505
1197 1 12506
1418 1 12506
2132 1 12507
8087 1 12507
7220 3 12509
2414 2 12509
7709 1 12511
9240 5 12513
6712 4 12514
960 1 12515
5349 2 12516
1821 4 12516
1053 2 12517
499 5 12517
3133 4 12518
6172 5 12519
7119 2 12519
3391 5 12520
8758 1 12522
2268 1 12525
9610 5 12526
2564 4 12526
3107 4 12527
4368 2 12527
3091 4 12530
4915 4 12531
8557 3 12532
4520 4 12533
8005 4 12533
8484 2 12534
6714 1 12538
9463 2 12540
3705 4 12543
7016 5 12543
2177 5 12545
1534 1 12546
8668 5 12547
1380 4 12549
3302 2 12550
8839 4 12550
40 3 12553
5460 2 12557
6228 1 12558
8286 5 12559
7780 4 12560
3006 4 12560
4319 5 12562
7214 4 12562
9397 1 12563
3873 1 12563
9147 5 12564
7339 3 12565
2228 2 12565
5670 3 12566
9300 5 12566
3732 2 12567
1957 4 12567
6476 1 12568
7901 4 12568
2390 4 12571
9578 2 12573
2093 1 12573
7395 3 12574
8724 5 12574
7743 5 12575
5583 4 12575
4018 3 12576
9515 4 12576
8026 2 12577
1264 3 12577
1823 4 12578
5391 2 12578
5077 3 12579
9603 4 12579
1117 4 12580
1164 2 12582
84 5 12583
4438 5 12583
9893 3 12585
5164 2 12588
5717 2 12589
8725 2 12589
6304 3 12590
8291 5 12591
9821 3 12591
8809 2 12592
2891 4 12592
5400 1 12593
8406 1 12593
9881 5 12596
163 4 12597
6376 4 12597
7657 4 12598
4821 2 12598
6946 3 12599
7505 4 12600
5039 5 12600
3165 3 12604
2174 5 12607
8873 3 12607
2320 4 12608
1262 1 12610
6599 4 12610
686 4 12612
9593 1 12613
4111 5 12614
1322 5 12615
8744 3 12616
2179 5 12616
5482 2 12617
3474 3 12617
2344 5 12618
7040 2 12618
336 1 12619
2130 1 12619
1991 2 12621
5095 5 12621
9362 4 12622
470 5 12624
3912 3 12625
439 4 12626
7280 5 12626
6136 1 12628
8708 2 12629
9415 4 12631
254 4 12631
6625 1 12632
1409 2 12633
5023 5 12633
7973 1 12636
8301 1 12636
356 5 12639
4701 2 12639
4399 1 12640
28 1 12642
3767 3 12644
8008 2 12644
2577 4 12645
9174 3 12645
3302 3 12646
7027 2 12648
8797 3 12651
494 2 12652
3329 3 12652
8104 3 12653
9926 1 12654
2284 4 12654
8475 1 12655
3000 2 12655
5890 3 12659
1505 4 12661
8710 1 12663
6796 3 12665
2439 4 12665
2061 2 12666
4567 3 12666
9628 5 12667
2412 4 12668
7061 2 12668
8365 5 12669
6922 1 12669
5778 5 12671
5840 4 12673
8611 2 12674
7231 3 12674
697 3 12676
9648 5 12676
6529 5 12679
2248 5 12680
5000 3 12680
9752 5 12681
2663 4 12681
3444 5 12683
6218 3 12684
3207 2 12684
7351 2 12685
2109 2 12685
8384 1 12686
7797 3 12687
8191 3 12688
9714 3 12688
746 1 12689
3223 1 12689
3538 2 12691
3734 2 12694
8824 2 12695
1877 1 12696
1914 1 12696
7640 5 12699
5426 4 12702
473 5 12702
8087 3 12703
4894 5 12704
9652 5 12705
8773 1 12708
9226 5 12709
6888 5 12710
4078 3 12710
6974 3 12711
3878 5 12712
9782 5 12712
5152 4 12713
8737 4 12713
2817 4 12715
6226 3 12716
7689 2 12717
4345 4 12717
9428 5 12718
8616 3 12718
7194 1 12719
8202 1 12719
3524 3 12721
5155 4 12722
9711 1 12723
5679 5 12725
885 3 12726
3178 1 12726
9665 5 12727
5738 2 12727
1675 5 12730
4495 2 12732
9722 2 12733
2741 4 12735
9659 3 12737
8161 5 12739
2687 1 12740
6625 1 12740
5126 5 12741
4461 3 12741
7654 2 12742
3461 3 12743
1515 4 12744
6927 3 12744
1365 4 12745
111 1 12746
321 2 12749
1740 3 12749
4650 4 12750
8499 1 12750
3564 2 12751
9351 1 12751
1139 3 12752
3323 5 12753
9862 2 12753
9154 3 12754
1134 1 12756
8769 5 12756
5521 3 12757
8308 1 12758
7260 5 12759
4354 5 12759
423 3 12760
8646 5 12761
197 2 12761
8687 2 12762
2881 5 12765
973 5 12765
7440 5 12766
6477 4 12769
2440 3 12771
3290 3 12772
6197 5 12772
2997 2 12775
8145 5 12777
4058 5 12780
9082 5 12781
7414 5 12782
1350 3 12782
5592 4 12783
1451 5 12783
2521 4 12785
5899 2 12785
9414 3 12786
4029 2 12786
4268 3 12787
1054 2 12787
4033 5 12788
4817 3 12789
2531 5 12790
975 1 12790
563 1 12791
5451 5 12791
8427 1 12794
6652 2 12794
6062 1 12795
1832 5 12795
9928 4 12796
2374 1 12798
5092 5 12798
1360 3 12799
85 2 12799
8651 5 12801
4959 2 12802
3940 3 12804
2648 4 12807
7118 5 12807
378 1 12808
298 1 12808
6716 5 12810
960 1 12811
453 4 12812
4493 2 12812
2497 3 12815
9954 3 12815
6645 3 12816
2935 5 12816
100 2 12817
4682 5 12817
306 2 12822
1074 5 12822
1838 5 12825
8595 1 12825
252 3 12826
3063 2 12827
6000 3 12831
990 1 12832
2002 4 12833
1628 4 12833
3724 3 12834
9551 1 12836
269 3 12836
5548 3 12838
99 5 12839
2240 4 12839
3201 1 12840
7417 2 12840
2694 5 12841
5623 5 12841
7000 1 12842
4515 3 12842
9245 2 12843
4421 1 12843
972 4 12844
557 3 12844
4359 3 12845
9989 2 12849
681 2 12850
3901 5 12850
951 1 12852
9644 5 12853
1551 4 12853
8694 3 12854
3901 4 12855
9435 1 12856
2060 1 12856
4167 1 12857
9504 1 12857
5155 5 12858
9284 1 12858
1648 5 12859
3839 4 12861
3245 1 12862
5866 1 12863
1877 4 12863
7376 4 12864
9570 2 12864
2547 1 12865
340 4 12865
4174 1 12866
6820 5 12867
2941 4 12867
9551 2 12868
6767 4 12870
6246 4 12870
1951 4 12871
3481 3 12872
213 2 12873
4524 1 12874
3462 2 12874
8918 4 12875
6586 2 12877
8976 1 12879
2434 4 12879
2907 5 12881
741 4 12881
3355 3 12882
6210 1 12883
9292 3 12884
4210 2 12884
598 1 12885
7214 2 12885
1628 5 12886
7395 4 12886
1293 3 12887
8220 5 12889
6849 3 12890
573 1 12893
3954 3 12893
3714 2 12894
2934 4 12896
2807 3 12896
9942 1 12898
1780 4 12899
554 4 12900
1133 4 12902
1121 4 12902
8926 2 12904
1835 1 12905
1072 3 12905
5582 5 12907
2809 2 12907
5981 1 12908
6624 3 12909
23 4 12910
2292 3 12911
5130 1 12911
2133 2 12913
2988 2 12914
4236 3 12915
3861 1 12915
7495 2 12916
2801 4 12917
3011 5 12918
2364 3 12922
3869 3 12924
881 4 12924
2175 1 12925
1066 3 12927
9146 2 12928
3968 4 12930
1922 3 12930
7620 5 12931
5879 2 12933
2931 4 12933
6750 5 12934
5999 3 12934
3155 1 12935
5678 4 12935
857 3 12936
9923 5 12938
765 4 12939
7686 2 12939
4606 5 12941
4320 4 12946
3828 5 12947
9486 3 12947
742 3 12949
3419 2 12949
2968 1 12950
1889 1 12951
7552 3 12954
1956 5 12954
7662 2 12955
9144 5 12955
987 3 12956
5013 1 12956
4457 2 12957
8872 1 12957
5131 5 12958
6043 1 12959
4452 1 12960
9576 3 12960
5216 1 12961
3753 3 12961
9919 2 12962
8586 4 12962
6104 5 12963
3683 2 12963
653 3 12965
1123 2 12965
6216 5 12967
2334 2 12968
6768 3 12969
3620 5 12973
7082 2 12975
1915 1 12975
4260 1 12976
2278 2 12983
7565 5 12984
6572 5 12985
9366 1 12985
8694 3 12986
5289 1 12987
8976 2 12988
6808 4 12988
7370 2 12989
4797 4 12989
5777 2 12990
8088 4 12990
4369 3 12992
1993 3 12992
5778 3 12995
5761 2 12996
1991 4 12996
615 2 12997
1767 5 12998
8554 5 12998
4080 3 12999
3182 4 13000
3715 1 13001
5771 4 13003
1772 4 13004
9567 1 13006
325 1 13008
3898 3 13009
5761 3 13012
8632 2 13012
170 5 13013
433 3 13014
2912 2 13014
9256 2 13015
168 1 13017
194 5 13018
5044 4 13018
7099 2 13021
780 4 13021
8517 2 13022
4596 2 13023
3755 1 13023
5137 4 13024
5568 2 13024
9488 5 13026
4761 3 13026
9541 2 13027
7620 4 13027
1079 5 13028
704 3 13029
4643 1 13029
6845 3 13032
7327 4 13034
3190 5 13034
3968 3 13037
6956 5 13038
7498 2 13039
3155 4 13039
6099 3 13041
3120 4 13041
5231 1 13042
3597 2 13042
1902 3 13043
2714 2 13043
3644 2 13044
8406 1 13045
1835 5 13046
9720 3 13047
7737 1 13047
8354 3 13048
6439 5 13048
1667 5 13049
9286 3 13049
4062 2 13050
9086 2 13052
5573 3 13053
8485 2 13053
4690 2 13055
8904 1 13055
1612 1 13056
3320 2 13057
5654 1 13058
3953 1 13060
114 4 13061
7313 4 13061
4819 4 13062
9863 2 13062
9892 3 13064
6504 3 13065
8331 5 13066
7435 5 13066
6405 3 13067
2926 5 13067
6725 5 13068
844 4 13068
1308 5 13070
7794 4 13070
5882 3 13071
5755 3 13071
4404 4 13072
2524 2 13073
1189 3 13075
3448 5 13075
9219 3 13077
6016 1 13077
69 2 13078
21 2 13079
8342 1 13080
3673 1 13080
2939 2 13081
5924 3 13081
6220 3 13082
415 3 13083
9005 5 13083
3356 2 13085
7152 2 13085
789 1 13086
9812 3 13086
5501 3 13088
7544 5 13088
5412 2 13089
9351 1 13090
817 4 13090
7107 2 13091
9996 5 13091
8835 4 13092
677 5 13093
8450 5 13093
613 5 13094
9089 2 13095
4849 1 13095
47 2 13097
7761 2 13097
4477 1 13098
7564 3 13102
4923 1 13103
3546 2 13104
2185 3 13105
6973 4 13105
7619 5 13106
8047 4 13106
4489 2 13107
2081 5 13109
468 3 13109
3105 3 13110
3881 1 13110
7137 1 13111
7022 4 13111
6106 1 13112
4005 4 13115
6431 3 13117
5202 3 13117
5998 5 13118
2847 1 13119
2234 2 13119
7063 5 13120
4469 3 13120
2833 1 13121
8223 4 13122
1450 2 13124
2500 4 13125
4649 4 13126
3252 3 13126
5236 2 13127
8197 1 13127
9711 5 13128
873 5 13128
2215 1 13129
4145 1 13131
8546 3 13132
5511 3 13136
3403 5 13136
3150 4 13137
2138 1 13138
2634 1 13138
7493 2 13139
2243 1 13139
384 3 13140
3369 2 13140
4701 3 13142
632 1 13143
1493 1 13147
7165 3 13148
8954 1 13149
9865 5 13149
6587 2 13150
930 5 13151
8262 4 13152
9314 2 13153
2920 3 13154
129 1 13156
4467 3 13156
7972 1 13157
70 1 13158
1326 3 13159
9452 2 13161
3777 1 13164
5122 2 13165
6479 5 13165
1655 2 13167
256 1 13167
2468 3 13168
397 3 13168
3959 1 13169
2984 2 13170
8471 4 13170
2020 3 13171
8567 3 13172
3764 5 13172
2870 1 13173
6505 2 13176
1317 2 13176
4388 4 13177
1990 3 13178
7122 1 13178
6166 3 13182
3350 1 13182
338 1 13184
5403 5 13184
4478 1 13186
5774 5 13189
214 1 13190
891 2 13192
8396 3 13193
3252 3 13194
5554 1 13194
7391 1 13195
1799 4 13195
4848 4 13196
8222 2 13196
277 5 13197
8870 4 13199
6695 3 13199
6169 1 13200
309 5 13203
5929 4 13203
5540 3 13205
6652 4 13208
6244 4 13210
6621 4 13210
1625 2 13211
2538 5 13211
9398 5 13213
1680 1 13214
3528 2 13216
5733 5 13216
3095 3 13217
6374 5 13218
3371 2 13218
2422 2 13219
3112 3 13219
8354 4 13220
516 4 13221
1701 5 13222
6451 3 13222
5974 1 13224
4895 3 13224
1566 4 13226
7718 4 13227
6050 1 13228
4889 2 13229
3896 1 13229
1542 3 13230
6644 3 13232
2226 4 13232
5851 3 13233
4941 1 13234
5177 4 13235
4700 3 13236
4627 1 13238
9139 2 13239
4300 1 13240
9563 3 13242
6316 5 13243
1518 1 13243
2788 4 13244
4336 3 13246
3646 1 13248
3722 2 13249
666 3 13249
9688 5 13250
6215 3 13251
3423 3 13251
2256 4 13252
6265 2 13252
8292 5 13253
3279 3 13253
9402 3 13255
660 2 13258
3092 1 13258
417 1 13259
9259 2 13262
9213 3 13263
8669 1 13263
3216 5 13266
27 1 13267
8183 4 13267
3073 4 13268
3662 3 13268
522 5 13270
6478 5 13271
7782 1 13271
6951 3 13272
6575 1 13272
6520 4 13273
9902 2 13275
3959 1 13278
2208 2 13280
8624 1 13281
5973 5 13281
5829 3 13282
8018 2 13283
6027 5 13283
5197 4 13285
9202 4 13287
1169 3 13289
573 4 13290
1262 3 13292
4738 5 13293
4996 3 13293
483 5 13295
4988 3 13296
437 5 13296
5765 4 13298
7548 1 13298
5938 5 13299
5378 5 13299
6055 2 13300
5288 1 13300
1534 2 13301
2134 2 13304
5439 2 13305
9090 4 13305
7600 4 13306
5577 3 13307
3527 1 13308
2672 4 13308
356 2 13309
128 1 13312
7782 2 13313
9165 2 13314
5834 5 13315
3619 2 13316
2821 5 13316
7088 2 13317
1208 4 13318
2544 5 13320
4442 5 13321
3306 4 13325
4732 4 13325
456 2 13327
1286 3 13328
7231 4 13328
7984 5 13329
446 3 13329
6859 5 13330
3565 2 13330
5279 1 13332
3890 5 13333
402 5 13333
9155 5 13334
5965 2 13335
7913 4 13337
3622 2 13337
5881 3 13339
5953 5 13340
2687 4 13340
5939 2 13342
4943 5 13342
3380 4 13343
2928 2 13343
2389 4 13344
5417 4 13344
6119 4 13349
4638 1 13352
7604 1 13354
2882 3 13356
8317 4 13357
1477 5 13358
1878 3 13359
8173 3 13359
7176 5 13360
5214 4 13362
7308 3 13365
1314 4 13366
5413 5 13366
9617 2 13367
6039 5 13368
6247 5 13368
7000 1 13370
233 4 13371
84 1 13371
1266 3 13372
8098 1 13373
9416 5 13373
6730 3 13374
8741 3 13376
3208 1 13377
6421 1 13378
7520 3 13378
4453 3 13381
5424 2 13382
8656 1 13382
2539 2 13383
1005 4 13383
5785 2 13385
6004 3 13386
2144 3 13386
3202 2 13387
3184 4 13387
6158 2 13388
935 1 13388
3828 3 13390
9265 2 13391
7401 1 13392
5135 3 13392
4617 4 13394
8088 5 13395
6491 5 13397
8450 5 13397
9525 5 13399
3645 2 13400
8468 3 13400
5025 3 13404
6658 2 13405
9286 4 13406
3234 4 13406
6452 4 13407
7974 2 13407
212 1 13408
8379 3 13409
2918 4 13409
3922 2 13410
6933 2 13410
8949 1 13414
4777 3 13414
3365 4 13417
1262 2 13418
6906 3 13418
334 1 13419
8130 4 13419
5089 2 13421
3425 5 13421
6881 3 13423
1307 3 13423
7243 3 13424
2743 2 13424
9643 3 13425
2125 3 13427
142 5 13428
5913 2 13431
2465 2 13431
5708 1 13433
1881 5 13434
4539 2 13435
7277 1 13439
3120 5 13439
4845 2 13441
9517 1 13441
9115 5 13442
4159 1 13442
1541 2 13443
8149 5 13443
2721 3 13446
5572 1 13446
6014 2 13447
4810 2 13448
9279 2 13451
3213 5 13451
37 4 13452
5447 2 13453
49 5 13454
5990 4 13454
489 2 13455
6527 2 13456
4935 4 13456
2262 5 13457
6223 4 13461
6703 2 13461
8964 1 13462
2382 1 13462
1663 5 13466
1440 4 13467
6781 3 13469
6086 3 13472
6132 2 13473
4214 2 13473
7752 3 13474
5914 3 13474
5552 4 13475
3385 2 13476
7065 2 13476
2260 1 13477
7582 4 13477
8372 5 13479
6352 4 13480
6562 3 13480
4824 5 13482
1593 2 13485
3739 1 13485
6830 4 13486
4210 4 13486
9125 4 13488
891 3 13488
3002 3 13489
4436 1 13489
9079 3 13490
9443 3 13490
8449 3 13491
4793 2 13493
4412 4 13493
3055 2 13494
4126 1 13496
5364 2 13496
3123 5 13497
5498 2 13498
1757 5 13500
3639 1 13503
8523 5 13507
7099 3 13507
2126 2 13510
66 1 13511
7925 4 13511
2829 1 13513
8866 3 13514
890 4 13514
4126 4 13515
6933 5 13516
2440 4 13518
5377 5 13520
29 4 13520
5388 1 13521
5839 3 13521
2192 3 13522
1115 2 13523
7499 3 13523
8933 3 13524
7641 4 13525
5200 5 13525
9834 4 13526
6713 3 13526
8595 3 13527
4984 3 13527
3297 3 13529
2528 2 13530
9385 5 13530
233 2 13531
8121 2 13531
3395 2 13532
4188 5 13532
9725 4 13533
8857 2 13535
1942 5 13537
819 5 13538
6076 2 13539
5427 2 13539
9251 3 13540
1564 5 13540
4882 1 13541
7183 4 13541
1840 2 13545
6274 3 13545
1886 5 13547
8544 5 13547
1355 5 13548
5779 3 13550
6540 5 13551
1594 5 13551
5259 5 13552
8414 5 13552
572 4 13554
124 2 13554
9885 5 13555
5035 1 13556
8585 5 13557
3960 3 13558
5496 3 13559
4369 4 13560
1205 1 13560
1250 4 13562
8199 5 13563
3586 3 13565
2908 1 13566
1099 1 13566
9937 2 13567
612 3 13569
8988 1 13570
8159 4 13572
5656 4 13573
6039 2 13575
512 3 13575
4139 1 13576
9204 4 13577
1683 2 13577
4018 2 13578
9242 2 13579
7720 2 13580
3592 4 13580
315 3 13581
3630 5 13582
7637 2 13584
2254 4 13584
2572 4 13585
3504 4 13586
273 4 13587
3125 5 13587
2796 4 13591
5176 3 13592
5393 2 13593
5206 3 13594
1930 1 13594
8948 5 13595
2086 2 13595
7108 2 13599
4166 5 13599
1095 4 13600
5849 4 13604
4836 2 13604
1695 2 13605
1266 5 13605
911 3 13606
2837 3 13606
2465 1 13607
2729 1 13609
3073 3 13610
3928 3 13610
8546 5 13611
7312 1 13611
3512 4 13612
9520 2 13612
5408 4 13613
3261 5 13613
3033 1 13614
8154 1 13614
9409 5 13615
1185 2 13615
6331 2 13616
5225 5 13618
4497 5 13619
986 2 13620
9345 1 13620
8308 3 13621
3491 3 13621
1117 5 13623
367 5 13624
3934 5 13625
2786 1 13625
321 4 13628
8300 5 13628
957 5 13629
1634 2 13630
7495 2 13631
1374 4 13631
7178 3 13632
7218 5 13633
5403 5 13633
6595 4 13634
5541 4 13635
2820 4 13635
3405 3 13638
761 5 13639
1017 1 13641
8983 5 13642
9541 2 13642
4374 2 13643
760 4 13644
6031 3 13647
3570 3 13649
5223 5 13649
5426 1 13650
2115 3 13650
6329 4 13651
1758 4 13651
7305 5 13652
1543 5 13652
1625 3 13653
3961 1 13653
3665 2 13654
9445 3 13654
9433 5 13655
2756 1 13656
9116 5 13656
4164 2 13657
926 3 13658
601 5 13658
5002 5 13659
411 1 13659
9719 1 13661
3821 1 13663
6695 5 13663
3877 4 13664
9083 3 13664
4828 3 13665
1392 2 13666
3310 3 13667
8694 5 13668
4167 5 13668
6319 3 13669
5095 5 13669
7900 1 13670
1346 3 13670
3107 2 13671
7762 5 13672
214 4 13672
8935 2 13675
8995 4 13676
4566 1 13676
1301 3 13677
4425 3 13677
7369 4 13678
7013 4 13679
9011 4 13681
8006 1 13686
255 4 13688
3558 3 13688
7233 1 13690
653 1 13690
4556 4 13691
8977 3 13691
5550 5 13692
9484 4 13692
3912 2 13693
2831 1 13694
7927 1 13694
814 3 13695
4640 5 13695
2094 1 13696
3238 3 13700
246 3 13701
5735 2 13701
810 2 13702
8474 2 13702
9152 2 13703
5978 5 13703
6757 3 13706
9161 4 13707
3437 1 13708
967 5 13708
1046 1 13711
2037 1 13711
1884 5 13713
6943 2 13718
6364 5 13719
8595 4 13719
6660 5 13721
1025 4 13722
3910 1 13722
7148 3 13723
736 1 13723
2201 1 13724
8718 1 13724
1771 5 13727
718 3 13728
8128 1 13731
8337 2 13732
2224 4 13732
5766 5 13734
3338 2 13734
4540 3 13736
1267 3 13736
1507 1 13738
8259 1 13738
1597 2 13739
4282 4 13739
4393 2 13740
3345 4 13741
3770 4 13741
2035 3 13742
2078 4 13743
6143 2 13745
6569 4 13747
5709 2 13748
1001 3 13749
2872 2 13749
5459 5 13751
4266 3 13751
3392 2 13754
1606 3 13754
5933 3 13756
8628 1 13756
8910 5 13757
7940 1 13757
1147 2 13758
1427 4 13760
2253 2 13762
7795 1 13762
3513 3 13763
3650 1 13763
976 1 13764
3136 4 13765
3712 4 13765
4287 1 13766
5787 1 13766
7801 2 13768
1555 4 13768
3752 4 13771
8245 2 13771
464 3 13772
4685 5 13773
1162 2 13773
7347 2 13774
3944 3 13775
4193 1 13777
1263 3 13778
4317 5 13778
6617 4 13779
5723 1 13780
1496 1 13780
3294 3 13781
2104 5 13781
3414 3 13785
181 4 13785
8492 3 13789
9367 2 13791
6972 1 13791
9350 1 13792
9869 5 13794
3855 3 13795
4618 2 13796
4065 2 13797
9730 5 13797
2747 3 13798
8652 3 13799
7880 1 13801
8538 1 13803
431 4 13804
6722 5 13804
1700 3 13805
2242 2 13805
806 4 13808
6360 4 13810
6627 2 13811
8993 4 13812
7810 5 13812
1666 5 13815
7238 1 13816
4466 5 13817
3122 2 13818
8404 1 13818
3010 2 13819
7188 2 13819
2801 5 13821
7329 5 13822
8986 3 13822
1595 5 13823
2927 1 13824
6810 2 13825
3635 3 13825
4133 2 13826
4075 2 13826
2055 1 13828
4307 5 13828
4241 5 13829
7911 3 13830
3636 4 13832
5652 5 13833
4549 2 13833
236 1 13834
3742 4 13834
4424 3 13835
375 4 13835
9312 5 13838
4845 3 13840
314 4 13840
1605 5 13841
1994 3 13841
3465 2 13843
2206 1 13845
3171 1 13845
5262 3 13847
6229 5 13847
5564 5 13848
9814 4 13848
5741 2 13850
4880 1 13850
3028 4 13851
3745 4 13852
3058 5 13853
378 3 13854
521 2 13854
5548 5 13857
7827 2 13857
6742 4 13858
9366 2 13858
8917 4 13859
5657 1 13859
8018 3 13860
5203 2 13860
1712 2 13861
8040 3 13862
94 5 13862
2623 2 13863
6122 3 13863
5153 3 13865
7643 5 13865
8465 1 13866
6305 5 13867
6661 3 13867
3997 5 13868
5170 5 13872
8168 4 13873
3583 4 13873
3300 1 13874
3089 4 13875
4797 4 13877
7098 3 13877
6162 1 13878
7493 3 13880
3078 5 13882
135 3 13882
2251 3 13885
2321 3 13886
1405 2 13886
1604 2 13887
1700 4 13889
5803 1 13889
5794 3 13890
7259 1 13890
8178 4 13891
281 5 13891
9638 1 13892
2041 3 13893
7193 2 13894
9232 1 13894
4639 1 13896
148 5 13901
346 3 13901
6188 5 13903
6458 2 13904
4641 3 13904
6425 5 13909
3774 4 13909
1024 2 13910
4859 3 13914
6844 1 13915
4894 1 13916
1912 4 13916
2546 3 13920
1070 3 13920
1408 4 13923
3655 4 13924
432 1 13925
1691 2 13926
4955 1 13927
5824 4 13927
3326 5 13929
3398 5 13930
5404 1 13937
728 2 13938
2134 4 13938
3525 5 13941
5514 4 13944
5898 2 13944
1785 5 13945
3920 3 13947
3054 3 13948
4697 1 13948
3251 3 13949
8962 3 13949
2015 1 13950
6023 3 13950
1854 3 13951
4738 2 13951
7214 4 13953
1734 3 13954
7216 1 13955
3299 4 13956
827 3 13956
2403 1 13958
2290 5 13958
1420 2 13959
7720 3 13959
9355 3 13960
4837 1 13961
6789 5 13962
8870 5 13963
5260 5 13963
5048 5 13964
1731 2 13964
5163 3 13965
2231 5 13965
8727 4 13967
8312 5 13967
84 4 13968
6585 1 13970
1721 4 13970
9172 1 13973
7926 4 13973
8482 3 13974
2206 4 13975
1750 3 13976
9013 3 13978
7042 4 13979
9567 4 13980
7245 1 13981
6038 4 13984
585 2 13985
9114 1 13987
4606 5 13988
6390 3 13989
6692 2 13990
6358 1 13990
9149 2 13991
6135 4 13993
6243 3 13993
738 2 13994
3246 4 13994
47 5 13996
5247 3 13996
2789 1 13997
1470 5 13998
4592 2 13999
6338 1 13999
2429 5 14000
8822 2 14001
9313 5 14001
9428 4 14002
6034 4 14003
5308 1 14003
2378 2 14004
7092 1 14004
2525 5 14005
4433 2 14005
2577 4 14006
2827 1 14008
724 1 14009
8332 3 14009
443 1 14010
6693 3 14010
532 3 14011
1119 5 14011
4461 5 14012
9050 5 14017
1069 1 14017
4156 5 14021
9005 5 14022
4266 3 14026
1241 3 14026
5869 5 14027
6771 3 14030
3494 2 14030
8528 5 14031
3384 1 14033
495 5 14034
4368 1 14034
9352 2 14037
7250 3 14037
1706 1 14038
5079 1 14039
165 1 14040
9634 1 14040
2423 1 14042
9114 4 14042
1768 2 14043
3990 2 14044
6605 2 14045
4526 2 14045
3661 4 14047
209 5 14048
3096 4 14048
4586 4 14050
2698 3 14051
4452 1 14051
874 3 14052
8463 2 14053
203 5 14053
9437 2 14055
3143 2 14056
1477 2 14057
6605 5 14058
7575 5 14058
5925 2 14059
244 3 14059
4081 1 14060
1987 2 14060
3307 4 14061
7712 4 14061
1881 5 14064
4090 4 14064
22 4 14065
217 4 14065
7909 5 14068
690 4 14068
2901 1 14069
2547 2 14070
1229 1 14071
6155 1 14071
9271 1 14073
5559 3 14073
307 2 14074
6753 1 14074
7731 3 14075
4634 4 14076
697 1 14079
2057 4 14079
8837 3 14080
7944 5 14081
1408 4 14084
6923 1 14084
1014 3 14085
9272 2 14086
3980 4 14086
6192 3 14088
2680 1 14089
6986 5 14089
1584 2 14090
5973 4 14091
5892 5 14091
6078 3 14094
4705 4 14094
4793 5 14096
1943 1 14096
3016 4 14098
3173 3 14099
3976 2 14100
8851 2 14102
8266 1 14104
344 4 14106
4581 3 14107
6010 3 14107
7957 2 14109
9820 1 14110
8212 3 14111
8767 3 14112
6629 3 14117
6430 2 14117
3966 4 14118
3227 5 14118
9434 3 14119
1369 2 14120
6002 1 14121
2264 4 14122
8016 2 14122
6877 5 14124
3862 4 14127
6294 3 14128
1232 3 14128
9422 3 14129
1064 2 14130
1343 4 14131
1059 3 14132
4716 3 14132
7811 4 14133
3021 4 14133
4026 5 14135
2253 3 14138
968 1 14138
1483 4 14139
602 3 14143
4822 1 14145
6340 1 14145
7672 5 14146
9779 3 14146
7442 1 14148
4780 4 14148
6110 3 14151
5484 2 14153
8589 1 14153
728 1 14154
7898 4 14156
56 1 14156
5084 1 14158
2670 3 14159
1079 2 14162
1787 3 14165
401 2 14166
2750 3 14167
5300 4 14167
3581 5 14168
6958 3 14168
4713 2 14169
1839 1 14169
5113 3 14170
2712 5 14171
5368 2 14172
8001 3 14174
6769 5 14174
6025 2 14176
7683 5 14180
7465 1 14181
1948 1 14183
5406 1 14183
3069 4 14185
677 2 14186
9669 1 14186
7193 2 14188
9156 4 14188
7243 4 14189
1929 3 14191
9172 1 14192
3002 5 14192
4260 1 14193
5671 3 14193
5129 3 14194
8405 4 14196
233 2 14196
64 4 14197
9295 2 14198
8859 3 14198
7424 5 14199
6621 2 14199
3557 5 14203
5390 4 14203
1097 5 14204
8950 3 14205
9474 2 14205
1073 3 14207
3340 1 14210
4342 1 14210
7169 2 14211
782 3 14213
155 3 14214
1931 1 14216
4352 3 14216
8133 2 14217
2742 1 14217
1635 2 14218
5444 3 14220
7 1 14221
9781 1 14223
7946 5 14224
1095 2 14224
4613 2 14225
8278 3 14225
7770 3 14227
9255 1 14227
6984 4 14228
6173 1 14230
5563 2 14231
5871 4 14231
7756 5 14232
3109 4 14232
7696 5 14233
5721 1 14234
5082 1 14234
8249 1 14235
8488 1 14236
1124 5 14238
9722 3 14243
8551 4 14243
9796 2 14244
7219 3 14245
3132 4 14246
9799 3 14247
5723 3 14247
1315 3 14249
8737 4 14249
113 2 14250
978 4 14250
5909 2 14255
808 5 14255
5349 4 14256
2409 5 14257
6167 5 14258
2121 1 14259
4566 4 14260
9966 3 14260
3845 5 14261
1224 1 14261
8686 1 14262
9339 2 14265
6658 2 14267
3842 1 14267
8496 1 14268
5673 4 14269
4931 3 14271
2764 1 14275
277 4 14275
4632 4 14276
5689 1 14276
306 4 14278
3774 3 14278
8850 3 14279
3203 3 14280
3889 5 14281
801 3 14283
6345 1 14283
2150 5 14286
5638 1 14287
4528 3 14287
6417 1 14289
3503 1 14289
2283 4 14291
4213 5 14291
9013 4 14293
5720 5 14295
8517 1 14295
4462 4 14298
2563 5 14299
8314 3 14300
7873 4 14300
9435 1 14301
631 1 14302
1491 5 14303
1585 3 14303
7800 2 14305
5526 4 14305
464 2 14306
2287 1 14307
9627 1 14307
8962 5 14308
2365 2 14309
9547 4 14312
1694 3 14312
1100 4 14313
7103 3 14314
2585 2 14314
9825 1 14315
3409 1 14315
9924 4 14316
4777 5 14317
5262 5 14317
2157 1 14318
4625 3 14319
2110 4 14319
6274 4 14320
4496 3 14320
8121 3 14321
2489 5 14321
8728 4 14323
3532 3 14324
598 2 14324
6402 1 14327
5553 5 14327
5849 4 14329
847 4 14329
8477 2 14330
7296 5 14330
6966 4 14332
5346 4 14333
321 2 14333
2742 3 14336
218 5 14337
3760 4 14338
8419 3 14340
6781 3 14340
5473 5 14342
9768 5 14343
4041 1 14343
6593 4 14344
9835 4 14344
2859 3 14345
1862 2 14345
82 5 14346
8502 2 14347
8988 5 14349
4000 4 14349
2246 5 14350
1013 2 14351
265 4 14352
1625 4 14352
5643 2 14353
5929 1 14353
3866 2 14355
3976 2 14356
8364 1 14357
2982 5 14358
1577 5 14358
7786 5 14360
7140 5 14362
1555 5 14364
6637 1 14364
2142 3 14367
5277 5 14367
4859 3 14370
5951 1 14371
4697 3 14371
7344 1 14372
4765 5 14372
8179 2 14374
1283 2 14375
9856 2 14375
4067 3 14376
6759 1 14376
6105 4 14377
1150 3 14377
7467 1 14378
4311 1 14378
8839 1 14379
8313 4 14380
4055 3 14381
6112 1 14384
8047 2 14386
6814 4 14386
2700 2 14387
8280 5 14387
5107 5 14388
7385 2 14390
7661 1 14390
1295 1 14392
6435 1 14393
1383 1 14394
6964 1 14397
3472 3 14397
9139 1 14399
5735 2 14399
6901 1 14400
3493 1 14400
1102 2 14401
7508 5 14402
7637 3 14402
8040 1 14403
5367 3 14404
4951 4 14404
6022 5 14406
1685 2 14407
7312 1 14408
9806 5 14408
7519 4 14409
1601 1 14409
2188 4 14410
7880 5 14410
9630 3 14412
7160 4 14412
8245 3 14413
1974 1 14415
6952 4 14415
3288 4 14418
1118 1 14418
4749 1 14420
7925 2 14422
549 4 14423
6222 5 14425
3549 3 14426
2841 2 14427
3761 4 14427
5109 3 14428
4801 5 14429
1224 1 14430
3722 5 14431
5219 5 14432
596 4 14433
1309 1 14433
9863 2 14435
1921 3 14436
9260 1 14436
9770 4 14437
6664 5 14437
5182 5 14438
4159 4 14440
5002 5 14440
698 4 14442
2814 2 14442
8678 2 14443
8175 1 14444
3904 2 14444
7904 4 14449
6374 5 14449
784 4 14453
7196 5 14454
6517 1 14454
8011 3 14459
9584 1 14460
1057 4 14462
3539 3 14463
3931 2 14463
7850 4 14466
9241 1 14466
2873 4 14467
4570 4 14469
5544 5 14469
5480 4 14470
8110 5 14471
4317 3 14471
8678 2 14473
8392 2 14474
712 3 14474
7746 4 14475
961 2 14476
6024 4 14479
7259 5 14481
3998 1 14482
9676 1 14483
8992 2 14484
7520 5 14484
3220 5 14485
6715 2 14485
9407 2 14487
5344 3 14487
5403 3 14489
1087 2 14489
6859 5 14490
1165 5 14490
4317 5 14491
1303 4 14492
7817 1 14492
4916 1 14493
9690 4 14495
9539 1 14497
7310 1 14498
5243 4 14498
7740 5 14499
2090 4 14499
6274 3 14500
4132 1 14501
547 2 14504
1461 4 14504
5562 1 14506
8801 2 14508
4464 3 14508
199 3 14509
466 1 14509
3592 3 14511
4416 2 14512
4562 3 14512
5742 4 14513
5846 2 14514
5161 4 14514
8466 2 14516
8670 3 14516
9278 1 14517
1812 3 14518
3509 3 14518
7156 4 14519
7313 2 14519
1981 5 14521
9236 4 14523
9108 5 14524
4232 2 14524
1477 3 14525
3622 3 14526
7253 2 14526
2236 5 14529
258 5 14529
446 2 14530
3015 1 14530
9591 2 14531
3685 2 14533
807 2 14533
5960 5 14535
5472 1 14535
7527 2 14537
9421 1 14537
6021 5 14539
7290 2 14539
765 3 14540
7836 3 14541
9365 5 14543
8045 5 14544
2952 5 14545
6985 1 14545
6202 1 14547
1805 5 14548
2171 5 14548
6211 2 14549
7292 3 14555
5484 3 14556
3831 3 14556
168 5 14559
8314 4 14560
2153 2 14560
971 3 14561
6705 2 14561
2191 1 14564
9966 2 14565
1466 3 14565
2057 2 14566
8527 2 14566
3512 2 14571
6666 3 14571
9594 2 14572
2691 4 14573
4889 3 14574
7951 5 14575
8227 4 14575
310 5 14576
5082 1 14576
7040 1 14577
2830 4 14579
3190 5 14579
6678 1 14582
9893 2 14583
170 1 14583
9332 3 14585
6295 3 14585
9332 2 14586
2429 5 14587
4516 2 14589
6628 4 14590
7315 1 14590
748 4 14591
6733 4 14595
2381 2 14600
688 2 14600
3337 5 14602
813 1 14602
3176 2 14603
2997 5 14605
2780 2 14606
1854 1 14606
4008 3 14608
5596 2 14608
8745 1 14610
7243 1 14610
2674 1 14612
1770 4 14612
7457 3 14614
4778 4 14614
165 3 14616
9532 2 14617
3790 5 14617
9720 5 14618
7518 1 14620
8737 2 14621
6228 4 14621
7973 3 14622
6512 2 14623
3891 4 14623
5242 3 14624
1687 1 14625
7290 2 14625
910 5 14626
1005 5 14627
5595 2 14627
843 2 14630
9812 1 14633
9233 3 14634
5836 3 14635
3758 4 14636
2227 3 14638
9277 2 14639
7813 1 14641
5299 4 14641
2836 5 14643
6645 5 14643
5475 2 14644
5941 5 14649
741 1 14649
7632 3 14653
8618 4 14654
278 2 14654
7097 1 14658
820 1 14660
1218 2 14662
4567 4 14664
5913 5 14667
4205 2 14668
1668 1 14669
2032 4 14670
9902 4 14671
225 5 14671
5672 3 14672
1101 3 14672
3412 4 14676
4123 1 14676
8681 1 14677
8551 5 14677
9606 3 14678
3382 4 14679
3916 5 14681
2091 5 14681
3373 1 14682
5551 3 14683
3456 4 14683
4997 4 14684
2270 4 14684
5900 3 14685
8118 2 14688
3001 1 14693
6180 3 14693
5964 3 14694
1120 3 14695
7368 1 14695
3365 1 14696
2387 1 14696
8248 1 14698
767 1 14699
7639 1 14701
7654 5 14702
6212 2 14702
2778 2 14705
471 3 14705
6151 1 14706
4499 3 14707
1246 2 14707
2228 3 14708
2686 5 14709
7523 2 14711
6191 2 14712
2805 5 14714
9870 3 14714
9087 3 14715
698 5 14715
897 4 14716
6112 2 14716
6688 5 14719
1200 3 14720
3809 1 14720
3689 2 14725
7557 5 14725
7104 3 14726
2402 2 14728
6640 3 14729
2266 2 14730
7024 5 14731
1858 1 14731
4854 5 14733
2105 2 14733
1473 4 14734
3681 3 14734
4696 4 14735
8949 5 14735
5665 1 14736
6989 5 14736
3756 2 14737
4311 1 14737
3272 1 14738
1638 2 14738
9624 5 14739
8390 2 14739
2413 3 14740
5655 3 14740
2330 1 14741
9458 4 14741
2200 5 14742
8590 5 14744
939 1 14744
6121 5 14745
2784 1 14746
1366 3 14746
579 1 14748
1517 5 14749
6175 3 14750
6244 5 14750
3324 2 14751
4907 5 14752
5934 5 14752
2271 5 14753
7591 3 14754
6468 5 14754
5550 5 14755
1491 3 14755
3810 5 14756
3033 3 14756
9131 2 14757
9268 4 14758
4917 3 14759
8477 3 14760
8490 1 14760
8914 3 14764
9713 3 14766
7157 3 14771
2383 1 14773
7196 5 14775
8387 3 14776
4553 1 14776
5368 3 14777
4811 5 14777
9698 1 14779
9997 4 14779
7919 5 14780
5683 5 14781
4754 3 14783
5960 4 14783
6216 3 14784
3205 1 14784
7684 4 14786
6338 4 14786
8720 5 14787
9223 4 14787
5195 3 14788
4342 4 14788
1472 5 14789
7378 5 14790
9986 2 14790
3395 5 14791
1018 5 14792
2580 1 14794
4042 1 14794
4361 5 14795
4245 4 14798
7017 2 14800
9704 5 14800
4750 1 14801
5963 3 14802
2990 2 14802
5647 3 14803
7247 4 14803
6286 1 14804
9889 5 14804
6219 5 14805
5252 1 14807
2601 3 14807
9855 1 14809
2083 4 14809
1296 5 14811
2242 5 14811
5296 4 14812
7725 1 14813
7850 3 14814
331 4 14814
6276 3 14815
2385 2 14816
4105 1 14818
5284 1 14818
7125 4 14819
2041 4 14820
9603 4 14820
9112 4 14821
6043 1 14822
7226 5 14823
7020 5 14825
9189 2 14825
9740 1 14828
1920 2 14831
4051 3 14831
6198 5 14832
358 5 14832
9352 3 14833
2935 5 14833
8542 1 14834
3465 4 14834
6045 2 14835
3470 4 14837
543 1 14837
3789 5 14839
2726 5 14841
5486 1 14841
4553 2 14842
7164 1 14842
3125 5 14844
592 4 14848
7494 1 14854
7484 5 14855
6709 2 14855
1767 4 14856
1563 1 14858
7848 4 14858
2346 4 14859
8332 5 14860
3210 5 14860
1408 1 14861
4413 3 14861
4496 3 14862
7986 4 14863
4627 3 14863
1153 4 14864
5277 2 14865
2795 4 14865
6739 3 14866
3988 3 14866
7694 4 14867
7442 4 14867
6211 1 14869
8354 2 14870
1829 5 14870
3125 3 14873
3005 5 14873
8805 5 14875
1940 5 14875
1784 2 14877
9908 2 14878
3716 3 14879
4067 2 14879
3337 4 14881
8571 2 14881
4662 5 14882
2926 1 14882
8252 5 14883
1189 4 14884
5399 3 14885
1238 5 14885
1374 1 14889
6334 5 14889
2390 1 14890
1825 3 14890
1628 4 14892
3853 1 14892
7816 2 14893
1773 5 14894
1914 2 14894
7321 4 14895
2379 2 14895
3358 2 14896
8966 3 14897
7417 2 14897
7565 5 14898
5391 4 14898
200 3 14900
2343 4 14900
1530 3 14901
6757 1 14902
2528 4 14904
721 5 14904
3038 3 14906
8722 3 14906
7900 1 14907
9049 2 14908
2265 1 14908
6381 2 14909
1717 1 14909
4943 1 14910
3160 1 14911
3715 4 14911
8004 2 14912
9925 5 14914
2169 4 14917
6209 2 14917
4436 5 14920
7285 2 14921
5037 1 14927
6652 2 14929
1428 1 14929
8452 3 14930
1536 3 14932
8329 1 14933
2274 2 14933
5401 4 14934
410 3 14935
7002 5 14935
574 3 14936
3677 2 14936
6395 4 14937
9653 4 14938
486 5 14939
3307 3 14939
9241 2 14940
3979 4 14941
9737 3 14943
5689 1 14943
382 5 14949
8173 5 14950
7525 2 14950
9052 2 14951
8676 4 14952
1700 3 14952
8740 5 14953
1535 4 14953
1063 5 14954
8344 5 14954
6337 1 14955
3072 1 14955
8211 3 14957
8511 4 14957
9310 3 14959
2369 1 14959
7150 5 14960
8283 4 14960
6629 3 14961
5050 3 14963
2058 5 14963
167 1 14964
6403 1 14964
855 2 14966
4104 3 14968
4831 4 14968
9355 5 14969
8223 4 14969
2698 2 14972
3458 4 14972
7372 1 14974
6900 3 14974
3852 5 14976
8396 4 14978
4887 2 14979
7896 2 14981
9160 4 14983
7822 1 14983
8334 5 14986
1073 5 14986
2787 5 14987
6816 2 14987
8769 1 14988
1374 3 14988
240 1 14991
3100 3 14991
1386 4 14992
9625 5 14993
2630 2 14998
236 2 14998
4479 4 14999
6648 1 14999
5990 2 15000
2924 5 15001
5303 5 15001
7007 3 15003
3063 4 15004
6938 3 15005
6 1 15005
2314 3 15006
5879 4 15008
3718 1 15012
2101 4 15013
1889 2 15014
4842 1 15014
4867 5 15015
2816 3 15015
3929 4 15016
3953 2 15019
658 1 15019
9402 2 15020
1043 2 15020
726 4 15021
569 2 15021
9004 1 15022
9565 1 15022
1222 2 15023
8236 5 15023
2761 2 15025
6481 3 15025
6317 5 15028
80 1 15028
753 3 15030
5726 3 15030
4511 3 15033
9454 1 15033
3033 4 15034
9194 1 15034
3013 4 15035
4920 2 15036
8004 4 15036
1954 5 15037
7564 3 15037
9868 1 15038
8542 5 15039
6827 5 15042
3424 1 15042
2130 4 15046
8243 1 15047
765 2 15049
9897 2 15049
6382 1 15051
4424 2 15051
8819 2 15052
7322 4 15052
3315 3 15053
1412 4 15053
4831 2 15054
4505 2 15054
7225 1 15055
6964 2 15055
5280 2 15056
5094 4 15056
4918 5 15057
6503 4 15057
6887 2 15058
5736 2 15060
5210 4 15060
4868 5 15061
1997 4 15062
4131 5 15065
4172 5 15068
6170 2 15068
1278 1 15069
7214 5 15069
9014 2 15072
5235 4 15073
7259 3 15073
209 2 15074
5881 3 15074
6256 3 15075
4194 5 15075
6675 2 15078
6048 3 15079
5228 4 15079
3286 4 15080
5128 5 15081
3528 2 15081
5629 1 15083
5928 4 15086
2198 2 15086
5306 3 15087
4347 5 15087
1338 4 15091
7965 5 15092
9026 3 15093
6099 4 15095
6027 4 15095
2931 1 15097
8873 5 15100
1621 3 15100
5433 1 15101
967 5 15104
7138 5 15104
3247 5 15105
2762 5 15105
9470 5 15107
9423 2 15107
333 5 15108
4518 4 15108
6056 1 15110
7380 2 15111
6806 2 15112
5829 1 15114
7161 5 15114
263 2 15117
2729 4 15120
9409 3 15120
5409 2 15121
9332 2 15121
9687 2 15122
3327 3 15123
7340 4 15124
9574 1 15124
3242 4 15126
5332 4 15126
6645 4 15127
6632 4 15128
7891 4 15128
2339 5 15129
4133 3 15129
8977 1 15132
1557 4 15132
2537 1 15135
4859 4 15135
4711 1 15136
2299 4 15136
7588 5 15138
5255 1 15139
1566 5 15139
5766 1 15141
3826 3 15141
402 2 15144
8457 5 15145
6035 4 15147
9860 3 15149
4530 2 15149
554 2 15150
4253 3 15152
4765 4 15155
5778 4 15155
2706 5 15156
8654 4 15156
3561 4 15160
5968 3 15162
9202 2 15162
6996 2 15163
7720 5 15163
8657 2 15164
9842 3 15164
1328 1 15165
5064 1 15165
7559 2 15166
8375 2 15167
2945 2 15167
5460 4 15168
6469 2 15168
8704 2 15170
7273 5 15170
2630 1 15171
2715 1 15172
3497 3 15172
8270 3 15173
8165 3 15174
8508 2 15174
6586 3 15177
3091 2 15178
3944 1 15178
1057 3 15179
5127 4 15179
4515 2 15180
7099 5 15182
3001 3 15182
1619 2 15183
6926 4 15183
8184 1 15184
1276 4 15185
7908 4 15185
1750 4 15186
2894 4 15186
5296 5 15187
3318 4 15188
7854 3 15189
4296 4 15189
7798 1 15191
7971 5 15191
9464 5 15192
9007 2 15192
7103 4 15193
2029 4 15193
683 1 15195
1382 4 15196
6384 4 15197
3311 4 15197
3078 1 15198
7235 5 15199
5180 5 15200
6133 2 15202
3816 1 15203
7834 1 15203
3088 5 15204
2138 2 15204
9997 3 15206
3084 3 15207
4935 3 15207
3122 1 15210
4839 2 15210
876 5 15211
9745 4 15211
5669 3 15215
2830 2 15215
1144 4 15218
324 5 15221
8200 1 15222
6226 1 15223
1044 3 15224
3978 1 15224
2380 5 15228
2631 1 15229
1036 2 15229
1974 1 15230
755 1 15230
3285 5 15231
7375 1 15231
5380 1 15233
7543 5 15234
911 2 15234
62 2 15236
8277 5 15237
5483 1 15238
5098 5 15238
9063 3 15239
5737 4 15239
1715 1 15240
6877 5 15242
9902 2 15243
5773 2 15244
488 2 15244
5739 5 15245
2630 1 15246
9964 5 15246
9669 3 15247
7451 5 15248
7474 1 15249
4151 3 15251
8656 3 15251
29 2 15252
3140 1 15254
641 5 15254
1202 5 15256
5884 4 15257
5470 2 15258
7374 4 15258
1973 4 15259
4210 3 15263
6202 5 15266
149 4 15266
8155 1 15267
8398 4 15268
422 1 15268
8163 3 15269
2403 2 15272
4402 2 15273
2549 3 15276
8699 3 15276
9835 3 15277
7688 4 15277
7056 1 15278
1487 2 15278
4676 1 15279
6988 2 15279
45 5 15282
2881 5 15282
6234 1 15283
2383 5 15284
2909 4 15286
7066 5 15287
405 1 15287
4497 5 15288
8763 1 15294
4463 4 15295
5717 3 15295
7706 3 15296
8987 4 15297
6315 1 15299
5031 1 15300
453 1 15301
6333 3 15301
2044 5 15305
1124 4 15306
7214 3 15306
8857 5 15307
2230 4 15308
7685 1 15309
9550 2 15310
4505 1 15310
2502 2 15311
5774 4 15312
81 2 15312
769 4 15313
2180 5 15313
2773 4 15314
1177 3 15315
9399 5 15319
2413 5 15320
5212 2 15323
2948 5 15325
5242 2 15326
5213 4 15327
7140 1 15327
6841 2 15328
5716 5 15328
9388 5 15329
6444 3 15330
7982 3 15330
7788 5 15331
4292 1 15333
740 4 15333
1151 1 15334
10 5 15334
9804 5 15335
9875 2 15335
1499 5 15336
6545 5 15337
7292 4 15337
3263 1 15338
5485 2 15339
3150 3 15339
4699 1 15340
7470 1 15340
136 4 15341
2346 2 15341
4306 4 15342
3151 4 15342
1135 4 15344
5748 1 15344
4122 1 15346
8166 3 15346
7578 4 15348
501 4 15350
5994 5 15350
8657 1 15352
1655 4 15352
514 3 15353
8881 4 15354
8087 2 15354
5585 2 15355
1533 2 15356
5018 3 15356
6309 1 15357
4985 3 15359
295 3 15359
7379 4 15360
8598 2 15360
3092 2 15361
8467 1 15362
3245 3 15363
2539 2 15365
2942 1 15365
4278 1 15366
1177 5 15366
179 3 15367
813 1 15369
9346 3 15370
2419 1 15370
9536 3 15371
6606 5 15371
7708 5 15372
807 1 15372
5812 2 15373
7998 5 15374
5646 4 15374
894 5 15375
9260 1 15379
9394 2 15379
3695 1 15381
3601 3 15381
1945 5 15383
4157 1 15384
2307 5 15385
8415 2 15386
4395 5 15386
2884 2 15388
835 4 15388
1062 2 15389
1282 1 15389
674 3 15391
1160 1 15391
1018 5 15392
3749 1 15394
7939 2 15394
8515 2 15395
64 2 15395
3017 2 15398
4139 3 15398
2841 1 15404
1756 4 15404
4364 4 15405
842 5 15405
9133 1 15407
9108 5 15407
9234 1 15408
7622 3 15408
7817 5 15411
6682 5 15412
7250 4 15414
1772 5 15415
9511 4 15415
4038 1 15416
97 3 15417
4241 5 15417
7326 4 15418
8804 2 15418
3802 2 15421
7872 4 15421
8708 5 15422
3265 2 15422
3796 3 15423
2240 3 15424
2846 4 15425
4463 1 15426
8623 2 15426
4009 4 15427
9369 2 15427
7828 5 15428
2820 5 15429
501 5 15429
1001 4 15430
2673 5 15430
5627 2 15432
4478 2 15433
4761 5 15435
7209 5 15436
7683 5 15437
1128 5 15437
7048 4 15438
3520 1 15438
2424 4 15439
4348 1 15440
5246 5 15441
5663 4 15441
5621 1 15443
4587 4 15443
6749 5 15444
3235 4 15444
3210 4 15445
2468 5 15446
8997 2 15446
4628 2 15448
6215 3 15452
1651 2 15452
5340 4 15453
461 1 15453
1013 3 15454
3331 2 15455
2650 4 15456
6221 4 15457
9097 1 15457
3232 3 15459
9910 4 15459
5428 5 15460
7913 3 15460
8108 5 15461
6245 4 15461
3083 5 15462
1739 2 15463
4678 1 15464
3689 3 15465
3077 1 15465
498 2 15467
7091 3 15468
2054 2 15469
4778 4 15469
2133 2 15470
4649 2 15471
6929 5 15473
9256 4 15473
5035 3 15474
8065 3 15474
2508 2 15475
6195 5 15475
8643 4 15476
8843 3 15478
4835 4 15479
9846 3 15479
7457 2 15480
5842 2 15482
1293 5 15482
7215 3 15483
3903 5 15484
6395 4 15485
4339 4 15485
5646 1 15488
9415 1 15488
4616 3 15489
8239 3 15490
9917 4 15490
1709 4 15491
4589 2 15492
8755 2 15492
2661 1 15493
1046 1 15493
9098 5 15494
5268 2 15494
3634 2 15495
6982 5 15496
6788 4 15496
4460 4 15498
3933 2 15500
2049 1 15503
7005 2 15505
1880 1 15505
3882 1 15506
44 5 15507
5195 5 15507
3 4 15508
4284 4 15508
3498 2 15510
3726 5 15510
3601 5 15512
9105 3 15513
5534 5 15513
51 2 15514
5574 2 15514
8129 2 15516
8956 3 15517
5060 4 15517
3225 3 15519
6535 5 15519
6699 1 15520
7647 3 15520
4121 2 15521
1943 3 15527
8173 3 15528
1904 3 15528
368 2 15529
4828 1 15530
7539 5 15531
6618 2 15532
4039 2 15532
4735 5 15533
9145 2 15534
5842 1 15535
3243 3 15535
4451 1 15537
4939 1 15537
1183 2 15538
488 3 15540
6131 1 15542
8922 4 15542
5750 5 15544
3087 2 15544
476 1 15545
7168 3 15545
3735 5 15546
4725 4 15549
7582 5 15550
480 2 15550
5824 5 15552
7838 2 15552
3408 5 15553
8514 3 15554
3625 5 15555
7277 2 15556
9005 4 15556
7913 3 15557
6400 5 15558
6993 1 15558
6415 3 15560
8840 1 15561
5275 2 15561
5666 4 15562
7841 1 15564
2061 4 15564
7558 3 15565
130 2 15565
2350 5 15566
6639 4 15567
4197 5 15568
8986 2 15568
2376 1 15569
4086 5 15569
4435 2 15570
3106 2 15571
5915 4 15573
3564 3 15573
5957 4 15574
4209 4 15574
4007 5 15575
9756 5 15575
64 5 15576
2545 1 15577
1762 1 15578
90 3 15578
7029 5 15579
7762 2 15581
4419 5 15581
3586 3 15582
4070 5 15582
9914 5 15584
2084 2 15585
673 4 15585
9532 1 15587
9140 2 15587
9358 2 15590
1375 4 15590
3992 4 15592
609 1 15592
6237 5 15594
632 3 15594
277 5 15596
6219 1 15596
7655 5 15599
9735 3 15599
6956 3 15600
2202 5 15601
9266 1 15601
9894 1 15602
3432 3 15603
940 5 15603
5913 3 15604
9703 3 15604
5451 5 15606
1981 2 15607
8502 4 15607
2207 1 15608
5431 2 15608
8967 2 15611
6054 5 15611
5894 5 15613
7209 3 15613
5705 1 15615
7956 3 15616
1957 1 15617
2772 1 15617
3257 2 15621
5554 1 15623
8152 5 15624
1037 5 15625
480 1 15627
11 1 15627
8875 4 15628
4394 4 15628
6492 4 15629
7948 3 15629
4445 5 15631
1050 1 15632
980 2 15632
8171 1 15633
4389 2 15633
2241 2 15636
8589 5 15636
3720 4 15638
7089 4 15638
1485 5 15639
8946 5 15640
4281 2 15642
9092 4 15642
1755 5 15643
3425 5 15643
2318 5 15644
1978 1 15644
2948 3 15645
3149 2 15646
3956 1 15647
1194 3 15648
938 4 15648
1413 2 15649
5967 5 15649
313 3 15650
8930 1 15650
6254 1 15652
7994 4 15653
2498 4 15653
6094 4 15655
6312 5 15656
8365 2 15659
1357 2 15659
7956 2 15663
6611 2 15663
485 5 15664
5094 2 15664
7858 4 15665
2734 4 15667
7468 2 15667
5049 3 15668
1129 5 15670
1442 4 15670
6768 1 15672
4774 3 15672
8279 5 15673
8037 2 15673
6196 1 15676
1119 4 15676
5723 5 15677
2270 5 15678
473 1 15680
7776 3 15681
7997 1 15681
924 4 15683
2961 1 15683
4314 2 15685
3158 3 15685
8487 2 15686
9939 3 15687
1400 2 15688
7433 2 15690
280 3 15691
7749 4 15694
6949 3 15697
3558 5 15697
8302 4 15700
6173 4 15701
9999 4 15701
790 2 15702
2898 2 15703
7549 4 15703
1254 3 15704
3205 1 15706
1646 1 15706
6863 4 15707
1038 1 15710
4068 1 15711
2488 2 15711
6734 5 15712
9129 5 15712
2451 3 15715
956 4 15716
2606 1 15719
4403 5 15722
4221 4 15722
577 2 15724
4135 1 15724
1136 5 15725
1523 1 15725
5361 4 15726
4756 4 15728
3731 2 15728
2435 1 15729
7355 4 15729
4987 3 15730
9433 3 15733
5951 1 15734
9219 4 15734
9793 3 15736
9314 3 15738
5473 3 15738
3214 2 15740
2177 3 15742
8434 3 15744
3061 4 15745
5279 4 15745
4525 1 15746
646 3 15747
5795 5 15747
7784 3 15748
5661 5 15748
7543 2 15749
1784 2 15750
9029 3 15752
3317 2 15753
5709 3 15753
2668 5 15755
1093 4 15755
2604 4 15756
4803 3 15756
6358 5 15758
3045 2 15759
158 5 15760
7016 4 15760
9974 2 15761
5279 3 15762
1349 2 15762
7468 4 15764
5795 2 15764
3975 2 15768
1804 5 15770
6488 1 15770
380 5 15771
1603 2 15771
3634 4 15772
1430 1 15772
1493 1 15774
4069 5 15776
1151 3 15776
1777 4 15778
7194 3 15778
5610 4 15779
1588 5 15779
9534 5 15780
8796 5 15781
1867 5 15781
9250 5 15782
9684 2 15782
8529 1 15783
1652 2 15783
5845 4 15785
3668 5 15785
342 5 15786
5818 1 15786
5562 2 15790
8682 5 15791
4791 5 15791
5437 4 15792
1559 3 15793
2384 2 15794
5597 5 15794
4149 4 15796
9545 5 15796
5435 2 15798
1683 2 15798
3271 3 15800
5919 2 15800
2989 3 15803
70 4 15804
662 2 15804
3203 2 15806
2883 5 15808
4931 3 15808
9609 5 15810
9838 4 15813
7328 4 15813
5556 2 15814
1449 3 15814
7896 3 15817
8585 5 15817
9375 5 15818
7735 1 15818
7774 2 15819
3644 1 15819
4115 4 15820
5888 4 15820
309 4 15822
8680 5 15823
7987 3 15823
3642 2 15824
5827 5 15826
2653 1 15826
3896 3 15828
1699 4 15828
9063 4 15830
8562 5 15831
7668 5 15833
6883 4 15833
4598 3 15834
67 5 15834
3063 1 15835
6443 3 15835
9804 4 15836
614 1 15836
8754 1 15837
8357 2 15837
1334 5 15838
3086 1 15838
2357 1 15839
9760 5 15839
7285 2 15840
1762 4 15842
8804 5 15842
1882 2 15843
4449 5 15844
7330 2 15845
2323 1 15845
8446 2 15847
6364 2 15847
2907 3 15848
4479 3 15848
361 4 15849
6948 4 15849
3930 3 15855
1434 1 15858
4011 5 15859
5892 3 15860
4179 5 15860
4884 3 15861
6474 3 15861
6043 2 15864
853 4 15872
4716 5 15873
2647 5 15875
2921 3 15875
2881 5 15877
2362 1 15877
1816 4 15878
1257 1 15879
4569 4 15879
4475 5 15880
6649 2 15882
9557 1 15883
5480 3 15883
1121 2 15885
3374 2 15886
5745 4 15886
6100 4 15889
3583 3 15891
248 3 15893
666 3 15895
251 3 15896
6414 1 15897
4245 4 15897
1686 5 15900
9491 4 15901
7625 4 15901
7483 4 15902
5496 5 15903
5651 5 15903
2977 5 15906
351 3 15906
7356 2 15908
9589 4 15908
8360 1 15910
6891 2 15911
6877 5 15911
8303 5 15912
6484 5 15912
4631 4 15913
8232 2 15913
4059 1 15914
9760 3 15916
5297 5 15916
2017 4 15917
1881 5 15917
2536 2 15920
8914 5 15920
3422 4 15923
6812 5 15924
1724 3 15924
3451 5 15927
6417 5 15927
2172 3 15928
3917 1 15929
6505 3 15929
1919 1 15930
6694 3 15930
406 3 15931
4241 3 15932
800 1 15932
4292 5 15934
3598 3 15934
5298 4 15937
7092 3 15938
1143 3 15939
2172 1 15939
5031 4 15941
6324 3 15941
7735 1 15943
422 2 15945
4723 3 15946
2709 5 15947
2017 5 15947
5595 3 15949
3416 4 15949
7678 2 15950
9544 2 15951
2279 5 15951
6782 4 15952
4805 2 15952
8747 4 15953
3894 2 15954
2657 2 15954
1558 4 15957
4226 5 15959
9287 3 15960
3810 2 15960
4067 3 15962
6717 2 15963
5215 3 15963
4579 5 15964
5194 1 15965
8462 4 15965
7836 5 15966
506 2 15966
5515 1 15967
67 2 15968
591 4 15968
131 5 15971
7694 1 15971
4104 4 15972
9287 4 15973
4916 4 15974
7880 4 15974
1406 2 15975
1417 4 15975
8286 1 15978
6947 2 15978
52 2 15979
8821 3 15982
5045 3 15982
9147 4 15983
2874 1 15983
9528 1 15985
9599 2 15985
9491 2 15986
5145 2 15986
4216 3 15989
2928 1 15989
6087 2 15990
5495 4 15990
5174 4 15991
7484 3 15993
6688 1 15994
4921 3 15996
5979 2 15996
2985 4 15999
9601 5 15999
393 3 16000
7270 4 16001
4945 3 16001
980 5 16002
8476 1 16002
4097 4 16003
9398 4 16004
7138 2 16006
660 4 16006
747 1 16007
5627 1 16012
8624 1 16015
2189 2 16015
4707 2 16017
5449 5 16017
6129 2 16018
6113 2 16018
8828 3 16022
4339 3 16022
5462 2 16023
7161 2 16025
5720 3 16027
9020 3 16027
1200 1 16028
6403 2 16028
2325 2 16031
4523 2 16034
8378 5 16034
4104 5 16037
6416 4 16037
5820 4 16038
7306 2 16038
6494 1 16039
6002 4 16040
9306 2 16040
7487 5 16047
2499 5 16048
8861 1 16049
7919 1 16052
4634 1 16052
9335 1 16053
3179 2 16054
4691 5 16056
4087 5 16057
3486 4 16059
4904 4 16061
4931 1 16062
2490 4 16065
9564 5 16065
2277 2 16066
5722 5 16066
246 1 16067
9297 5 16067
6836 2 16068
3588 2 16070
8632 4 16070
4520 4 16072
2359 2 16073
3421 3 16073
7508 1 16075
5269 2 16075
3352 4 16076
6082 4 16077
7995 4 16079
621 2 16080
3966 4 16081
6238 2 16082
7196 4 16082
5759 2 16083
381 1 16083
2409 5 16085
2589 3 16086
3835 2 16087
119 5 16087
575 2 16088
8104 3 16089
8516 4 16091
9066 2 16093
6966 1 16093
1699 2 16094
6518 1 16094
4879 5 16096
4217 1 16097
7359 4 16098
4054 4 16098
4352 5 16099
1670 2 16101
4197 5 16101
3234 5 16102
8592 3 16103
1122 5 16103
6268 5 16104
8737 3 16104
2890 3 16106
7780 5 16106
8485 2 16107
8221 1 16107
9157 5 16108
1663 1 16109
4706 2 16110
8841 1 16111
6666 5 16113
649 1 16115
6179 5 16118
327 5 16119
4736 5 16119
4260 1 16120
6366 1 16122
7940 3 16123
1760 4 16123
2118 4 16124
2751 5 16125
5504 2 16126
333 2 16126
1552 5 16128
2983 4 16128
7032 4 16130
2842 3 16131
2473 5 16133
7867 5 16135
6865 3 16135
1694 5 16136
5289 5 16136
4202 1 16137
9606 4 16137
1486 1 16140
7627 2 16141
5007 5 16141
8134 3 16142
7032 4 16143
8372 3 16143
3540 2 16145
8341 2 16145
8077 3 16146
327 1 16147
149 1 16147
1576 2 16148
1101 5 16150
7259 3 16150
8163 3 16151
4616 3 16153
1523 4 16153
4563 2 16154
9341 5 16158
8025 3 16160
1314 3 16160
4175 3 16162
2119 5 16163
8013 3 16163
8593 4 16164
6841 3 16164
9020 4 16165
3254 4 16165
6792 5 16166
3708 3 16167
2086 3 16168
5750 5 16168
9287 1 16170
7969 4 16173
7081 5 16176
9568 2 16176
1844 3 16177
5859 2 16178
8651 3 16178
9056 3 16179
4271 5 16180
8035 1 16180
8515 3 16181
6122 2 16181
1341 4 16182
4789 2 16182
9072 3 16183
8395 1 16186
5307 2 16186
8647 1 16187
3115 1 16188
3448 4 16189
4930 4 16189
8548 4 16191
393 3 16193
9276 5 16193
9113 1 16194
4982 3 16194
5592 3 16195
1470 2 16197
9196 3 16197
8486 4 16199
9264 2 16200
6676 4 16202
3199 2 16203
867 2 16204
7794 1 16205
9659 3 16205
5956 5 16206
9747 3 16208
7486 4 16209
1453 3 16209
2525 2 16210
5014 5 16210
5900 5 16211
3268 5 16212
5371 5 16212
6097 5 16213
9726 2 16213
7486 2 16214
7516 4 16215
1709 1 16216
2955 2 16216
67 5 16217
6223 1 16218
3769 1 16218
8959 5 16219
8950 5 16220
5622 1 16222
2641 5 16223
5079 1 16224
9863 1 16224
2111 2 16225
9598 3 16225
1656 2 16226
7893 2 16226
2450 4 16227
8416 1 16227
2467 4 16229
5752 3 16230
4842 4 16230
8101 2 16232
6535 4 16232
6295 2 16233
5210 5 16235
7781 4 16236
7418 2 16236
8085 4 16237
8055 1 16238
7640 5 16238
914 3 16239
9094 2 16241
1090 4 16241
9209 2 16244
5465 3 16244
237 5 16247
9759 1 16248
2232 1 16248
9259 3 16249
1132 3 16249
9329 4 16250
2564 4 16250
4466 1 16251
5840 2 16252
487 2 16253
2216 1 16254
3188 1 16255
901 4 16256
9998 5 16258
3535 3 16259
7155 1 16260
372 1 16260
551 5 16261
6789 5 16261
983 1 16264
9071 2 16266
3965 4 16266
5714 5 16267
5937 1 16268
6630 4 16268
6117 5 16269
6694 3 16270
5826 5 16271
6180 1 16271
1648 5 16274
2392 2 16276
9265 2 16276
9298 1 16278
384 4 16279
5112 2 16279
5726 4 16282
5338 3 16282
8634 3 16283
4359 1 16283
3075 3 16285
1053 4 16286
8697 1 16286
570 5 16287
2449 1 16289
3291 3 16290
5082 3 16290
7136 4 16291
3317 5 16292
8877 4 16292
7904 5 16294
9823 2 16294
7184 1 16295
6394 5 16297
980 3 16297
8672 4 16298
2039 5 16298
3901 2 16299
4124 5 16300
5899 5 16300
7797 4 16301
759 2 16301
2992 1 16302
6719 5 16303
5273 1 16304
5897 2 16304
6850 1 16307
9701 1 16307
3290 5 16310
2411 2 16311
3547 2 16311
4018 1 16314
7034 2 16314
102 5 16315
7889 3 16315
180 5 16316
152 3 16316
2453 4 16318
1283 4 16319
1833 3 16319
4113 4 16320
8798 4 16322
2253 2 16325
8857 3 16325
6133 4 16326
6854 4 16327
1088 1 16327
4388 2 16329
639 5 16331
8214 5 16331
7342 4 16335
7833 4 16335
3706 4 16336
4687 3 16336
2132 4 16337
492 3 16338
6420 3 16340
4215 2 16341
2816 1 16343
7611 5 16344
8325 5 16345
3878 1 16346
752 5 16347
2557 4 16347
5746 2 16351
5714 2 16354
5173 2 16354
811 3 16355
59 1 16355
5687 1 16356
2530 2 16356
6820 2 16357
4180 3 16359
3505 5 16359
9774 4 16360
5948 1 16360
8705 1 16362
9607 4 16362
2341 4 16363
336 4 16364
373 2 16364
9432 4 16365
1599 5 16367
7003 4 16367
6379 2 16369
1000 1 16371
8961 5 16372
1071 5 16372
9098 4 16373
4757 4 16373
9910 4 16374
867 1 16376
5617 3 16376
6499 4 16377
521 1 16379
5726 3 16379
602 2 16381
3024 4 16381
5485 5 16382
6292 2 16382
3737 1 16383
6385 5 16383
9929 4 16384
9074 5 16384
3059 1 16385
7270 3 16388
7783 2 16388
8548 3 16390
2572 5 16390
5011 4 16391
6707 4 16391
9616 4 16392
6067 2 16392
8150 2 16395
3029 4 16396
17 5 16397
7329 2 16398
7070 1 16399
3987 2 16400
2023 1 16400
2188 2 16401
5670 3 16402
7132 5 16404
5420 3 16404
1750 4 16405
6574 3 16405
7837 1 16406
2800 4 16406
9393 4 16407
7764 3 16408
3630 4 16410
7065 1 16410
5375 1 16411
4781 5 16412
1397 3 16412
2436 3 16414
3547 1 16415
9845 4 16415
6701 4 16416
1415 1 16416
3550 4 16417
3877 3 16418
3976 4 16418
8026 2 16421
5172 4 16421
5604 2 16423
7462 3 16424
4836 2 16424
1353 5 16425
9063 3 16427
2567 1 16428
6723 2 16429
5710 4 16429
4948 4 16430
4372 4 16431
7330 3 16432
714 3 16432
6940 3 16433
4845 3 16433
5606 5 16436
7177 1 16436
6574 2 16438
7066 4 16439
1224 2 16440
1286 2 16440
7899 4 16441
9444 4 16441
8562 2 16442
9500 4 16443
7128 3 16444
1467 4 16445
382 3 16447
6607 5 16447
8023 2 16449
9567 1 16450
9495 3 16450
455 5 16452
3955 3 16454
1811 1 16455
7871 1 16455
8995 5 16457
2182 3 16458
7978 5 16459
5843 4 16459
4960 2 16460
7094 4 16460
3959 1 16461
6558 4 16461
57 5 16462
1892 5 16462
7441 5 16463
8890 5 16465
7741 4 16467
1745 5 16469
8207 4 16469
5531 3 16472
124 3 16473
6360 3 16474
7745 1 16476
3411 5 16477
1234 5 16478
41 3 16479
5102 1 16479
9604 1 16481
8686 5 16482
1098 1 16483
8447 2 16483
2193 1 16484
9006 4 16486
8186 3 16489
1041 5 16489
9472 4 16491
608 5 16493
8226 2 16493
2698 3 16494
376 2 16494
4650 1 16496
538 1 16498
6549 4 16499
3593 2 16499
3093 3 16500
8446 2 16500
2100 1 16503
350 3 16503
2853 4 16504
9331 3 16505
6372 1 16506
1953 1 16506
7920 1 16507
1751 5 16508
1520 1 16508
9257 3 16512
7070 1 16514
5445 1 16515
8933 3 16517
6708 5 16517
8387 4 16518
5631 3 16518
9822 3 16520
6855 5 16522
1115 3 16523
4566 3 16524
263 4 16525
611 5 16526
5972 5 16527
116 1 16527
7688 3 16528
226 5 16529
4609 1 16529
5982 4 16531
6844 4 16533
5431 3 16533
4313 4 16534
8676 2 16535
8788 1 16535
8082 5 16536
4747 5 16537
2318 3 16539
5970 1 16541
8636 2 16542
4028 1 16543
1989 2 16543
3333 1 16545
1405 1 16545
5240 1 16546
3352 2 16546
9797 4 16547
1964 2 16547
1281 2 16548
1345 4 16548
1293 4 16549
6639 4 16549
4411 4 16550
1352 4 16550
8656 4 16551
9086 4 16553
2440 5 16554
4137 3 16554
4383 4 16555
1736 5 16557
4355 2 16557
8863 2 16559
8443 4 16559
9834 3 16561
1530 1 16562
7686 2 16564
9517 3 16565
4527 1 16566
1149 1 16568
5524 4 16568
7337 3 16569
1717 5 16569
5380 5 16572
5830 4 16572
8389 1 16573
6904 2 16573
8524 1 16574
137 2 16576
368 1 16576
8946 1 16578
3478 4 16579
3363 2 16579
6549 4 16580
6692 3 16582
2454 2 16582
2827 5 16583
2423 1 16585
752 3 16586
8157 1 16589
4089 4 16589
5410 4 16590
7495 5 16591
5356 3 16591
4735 4 16594
9117 3 16595
2435 1 16595
3765 4 16596
6664 2 16596
8490 2 16597
1011 4 16599
676 4 16600
6061 4 16601
5643 3 16602
1833 3 16603
4173 3 16604
6642 1 16604
3860 2 16605
1301 5 16606
1825 5 16606
9391 1 16607
324 1 16607
5326 3 16609
5952 2 16611
9262 3 16614
813 4 16615
7803 2 16616
2375 2 16616
9171 5 16617
3165 4 16617
9039 5 16619
4849 5 16619
4775 3 16624
8121 5 16625
1195 4 16625
1552 5 16626
9968 3 16626
1947 2 16627
9339 4 16627
1806 2 16628
8070 5 16628
3412 3 16629
7654 4 16630
2357 2 16630
9825 3 16632
6333 4 16632
9824 5 16634
876 2 16635
7278 5 16635
7205 5 16639
2933 3 16640
9909 3 16641
8158 1 16641
4450 2 16642
1662 2 16642
113 5 16643
8240 3 16644
7730 5 16645
7117 3 16648
120 2 16648
9790 3 16649
3158 4 16650
5665 2 16650
6006 5 16652
7386 4 16652
4020 2 16653
2175 3 16655
4073 2 16655
4657 1 16656
140 4 16656
1351 3 16657
3119 2 16657
8407 4 16658
6536 5 16658
6787 5 16659
1911 1 16659
8920 3 16660
589 4 16661
2779 3 16661
5281 3 16664
9718 2 16664
5457 3 16665
8629 4 16666
653 3 16666
5372 2 16668
9212 5 16669
6670 3 16670
1952 5 16670
5929 5 16671
4631 5 16671
9360 1 16672
6014 5 16672
1935 2 16673
3860 3 16674
8960 1 16674
9743 5 16676
8709 1 16678
901 4 16678
3193 1 16679
7836 5 16680
967 3 16680
3031 1 16681
8340 3 16681
4830 5 16682
7792 2 16682
2601 3 16684
1371 3 16684
1446 4 16685
9790 4 16685
4605 2 16688
25 3 16688
3361 1 16689
292 2 16689
9219 2 16691
2709 5 16691
8121 1 16694
554 1 16695
4984 1 16696
9922 5 16696
7502 1 16697
4108 2 16698
9772 2 16698
618 5 16699
5184 4 16701
3106 3 16702
4686 4 16703
6271 2 16705
1868 3 16706
7125 5 16706
74 3 16707
3664 3 16708
2901 4 16709
8722 5 16709
3310 4 16710
597 4 16710
8672 4 16712
394 3 16712
2083 3 16713
5074 1 16713
3347 4 16714
7167 3 16714
1929 5 16715
7849 4 16715
2477 5 16718
9289 5 16718
834 2 16719
1049 1 16722
4462 5 16722
3428 5 16723
123 2 16723
974 4 16724
491 5 16724
4881 3 16725
5492 5 16725
9148 5 16726
9421 3 16728
8660 5 16728
2728 2 16729
9814 4 16730
2717 1 16732
5026 3 16734
7131 4 16734
6139 5 16735
6244 5 16735
2205 1 16736
9819 2 16736
278 1 16737
7071 1 16738
7259 4 16738
7789 2 16740
6557 1 16740
1690 1 16741
7518 3 16743
6182 1 16743
7191 1 16744
911 2 16746
66 1 16748
4241 5 16750
1618 4 16752
1005 3 16753
7630 1 16753
803 5 16754
685 1 16757
9853 3 16757
1275 5 16759
5120 3 16760
8712 1 16761
4518 3 16765
3005 5 16767
1950 2 16768
9401 3 16769
1473 2 16769
5462 2 16771
160 3 16771
7820 1 16772
7793 1 16773
4727 4 16774
1638 5 16774
2014 4 16777
6173 3 16778
323 5 16779
2859 2 16779
4990 5 16781
5286 2 16781
8350 3 16783
9957 5 16783
5442 5 16784
5598 3 16784
27 3 16785
1839 1 16787
9515 4 16787
4451 4 16791
4486 4 16791
5238 2 16792
5116 2 16792
4851 4 16793
127 2 16793
9222 4 16794
42 5 16796
2337 2 16798
5744 4 16799
9091 4 16800
2232 1 16801
7682 4 16801
640 4 16802
8727 1 16802
5936 4 16803
6720 3 16803
4946 4 16805
1325 1 16805
3473 3 16806
8116 1 16806
6471 5 16808
8198 1 16809
8848 5 16809
2573 1 16810
7437 3 16810
7985 2 16812
3968 5 16814
5985 4 16814
178 3 16816
44 5 16816
1405 2 16818
2027 3 16823
7431 3 16823
3641 3 16824
9076 3 16824
5587 3 16826
8405 1 16828
3867 1 16828
4364 1 16829
564 1 16829
4481 5 16830
8141 4 16830
8707 2 16831
1480 5 16831
4244 4 16833
8565 4 16834
5535 1 16834
4631 5 16837
816 1 16840
4792 5 16841
8032 1 16841
5401 4 16844
2683 5 16846
8051 5 16847
7665 2 16847
8140 5 16850
8036 4 16851
2175 2 16852
2580 5 16854
2573 3 16854
3338 4 16855
2216 4 16856
7736 1 16856
7417 3 16857
9178 4 16857
9082 3 16861
2999 4 16861
454 1 16862
967 4 16862
1896 3 16865
3674 4 16865
4447 5 16868
1367 3 16869
7657 2 16870
2309 4 16870
2819 2 16871
7118 5 16872
6306 3 16873
2368 5 16874
4799 4 16874
4885 1 16875
3448 1 16875
3428 5 16876
2771 3 16876
6639 3 16877
8090 2 16878
5488 4 16878
4107 5 16879
6154 5 16880
2445 1 16880
4923 3 16881
9695 1 16881
3436 1 16883
9406 2 16883
6559 1 16887
4457 5 16888
9354 3 16888
3442 4 16889
3871 5 16890
526 2 16890
1067 4 16891
8212 1 16892
7546 4 16893
1376 1 16893
6589 2 16894
3908 4 16894
2912 4 16895
7824 3 16895
9503 4 16897
3028 2 16897
2742 5 16901
1939 3 16901
5856 1 16903
2392 3 16904
7216 3 16904
7243 5 16905
5267 2 16905
3390 5 16907
9932 2 16910
6594 4 16910
8384 1 16912
4406 2 16912
4958 5 16913
396 3 16914
5871 3 16914
3776 2 16915
8722 3 16916
8822 1 16916
2376 1 16917
2265 1 16918
4449 5 16921
7773 3 16922
2385 5 16922
7726 1 16924
1394 5 16928
9157 1 16929
6655 3 16931
5104 3 16933
251 1 16934
7039 3 16934
6356 4 16935
4050 5 16935
2905 3 16936
830 5 16936
5979 4 16938
7240 4 16940
3589 1 16940
9305 3 16941
6491 1 16943
934 5 16943
6882 1 16944
2194 5 16945
7048 4 16945
594 4 16946
8181 1 16949
774 1 16950
4529 2 16951
5061 2 16951
4653 5 16953
8205 4 16954
3048 5 16954
2941 2 16955
2860 1 16955
3263 5 16956
1659 1 16956
7515 3 16957
1987 5 16957
3390 4 16958
3505 1 16958
3395 2 16959
1648 2 16959
4637 5 16961
4953 1 16961
4867 4 16962
3936 5 16963
1386 4 16963
4186 5 16964
8604 1 16965
689 1 16966
6849 5 16966
6304 5 16967
9237 5 16968
3045 3 16968
4095 3 16970
3437 3 16970
5070 4 16973
910 5 16974
2723 4 16975
699 4 16976
213 4 16976
9003 5 16978
1509 2 16978
2208 5 16979
7260 2 16981
7424 2 16981
1704 4 16982
5161 4 16982
3196 3 16983
267 1 16983
9744 3 16986
739 4 16986
5934 5 16991
2519 1 16991
2518 2 16992
9406 2 16993
8248 5 16995
2906 4 16996
10 4 16996
3892 5 16997
3734 5 16999
7236 4 16999
2580 3 17000
761 2 17000
904 4 17002
5689 1 17003
9603 4 17004
6041 4 17004
5429 4 17005
7639 4 17006
5681 5 17006
9473 1 17007
5128 2 17008
9750 1 17008
6387 4 17009
7113 1 17009
5055 2 17012
9019 3 17013
6938 5 17016
6065 2 17017
9406 2 17017
6070 3 17018
6079 2 17021
8948 3 17021
9660 2 17022
1291 5 17022
4803 5 17023
2379 4 17026
9866 2 17026
8427 5 17027
8428 4 17028
8012 1 17029
5968 2 17032
2467 3 17034
371 5 17034
831 4 17035
9065 4 17036
9636 4 17037
4919 1 17038
9169 1 17038
6 5 17039
4520 3 17039
1196 2 17040
426 2 17041
4035 1 17041
3220 1 17043
2461 4 17043
1232 4 17044
1492 4 17046
6536 1 17046
8129 1 17050
1984 3 17050
2535 3 17053
6775 3 17053
5689 4 17055
1178 2 17055
7709 3 17057
4566 4 17058
2210 5 17058
3342 5 17059
1221 1 17060
296 4 17061
8164 4 17062
4369 4 17063
1389 5 17064
6910 5 17065
9341 5 17067
7702 1 17068
6341 5 17069
8438 5 17069
6013 3 17071
3407 3 17072
9185 5 17072
3021 1 17073
228 3 17073
4877 4 17074
3574 3 17076
7979 5 17076
2112 4 17077
6564 5 17079
789 2 17079
3961 3 17080
1531 3 17080
4442 1 17081
7622 2 17081
7667 3 17083
2934 2 17084
7227 1 17085
8966 5 17087
7885 5 17088
2028 2 17089
4824 3 17090
2313 3 17091
7314 2 17091
2703 5 17093
4740 5 17093
7517 2 17094
7676 5 17096
343 2 17096
6979 5 17097
7668 5 17097
3575 3 17098
5218 4 17098
2960 3 17100
7567 5 17101
7536 4 17102
308 2 17106
8490 1 17106
133 5 17107
1596 2 17107
5160 2 17110
5448 1 17111
4396 1 17112
1413 1 17112
7734 2 17113
1557 1 17114
6821 5 17115
2944 4 17117
7892 3 17119
2674 2 17120
8094 3 17120
1205 5 17121
5261 1 17122
4613 4 17124
4221 5 17124
5480 4 17125
5582 5 17125
168 4 17128
5520 4 17128
2080 5 17129
3201 4 17129
5754 1 17130
6344 2 17130
7633 2 17132
6636 2 17132
7446 2 17133
1555 3 17133
2087 4 17135
6323 2 17136
7282 3 17136
2311 5 17137
7372 4 17137
5446 4 17139
2420 3 17139
9160 2 17140
7846 4 17141
876 3 17142
1015 5 17142
6649 2 17144
9971 1 17145
5660 5 17146
2392 2 17146
3509 4 17148
7463 3 17148
8854 4 17149
8690 3 17150
2682 4 17150
4881 2 17154
2429 4 17154
7970 4 17156
1038 3 17156
2079 5 17157
4593 2 17157
9788 4 17159
2623 3 17159
2773 4 17161
2971 5 17161
1389 3 17162
6789 3 17164
6182 2 17164
1427 2 17165
5214 5 17166
2885 2 17167
5558 4 17167
44 5 17168
1435 5 17168
278 2 17169
9587 1 17173
3831 1 17173
7639 1 17174
1851 3 17178
8192 3 17179
1582 4 17180
7709 2 17180
7615 5 17183
1325 4 17184
5910 3 17185
6521 1 17187
6949 5 17188
9122 5 17188
2256 3 17189
4966 3 17190
2904 1 17190
6673 1 17191
8277 5 17191
4392 4 17192
5825 4 17192
6260 4 17193
3882 5 17193
2721 2 17195
6194 2 17195
1920 1 17198
6953 2 17202
3074 5 17202
6480 1 17203
6109 5 17204
635 5 17206
3182 5 17210
993 3 17216
4229 4 17216
8828 2 17219
1738 5 17221
9847 4 17221
9405 4 17223
6850 2 17223
438 2 17225
9119 5 17227
7655 1 17227
1569 3 17229
4603 4 17229
415 5 17230
1626 5 17230
8021 4 17232
759 2 17233
793 5 17235
7826 3 17235
1697 3 17236
4622 1 17236
4791 3 17237
7093 2 17237
3292 4 17238
1032 4 17240
3819 3 17240
5411 1 17241
7459 1 17241
26 2 17242
8419 3 17244
5672 5 17245
7444 5 17246
979 5 17246
4626 3 17250
5957 5 17250
1810 1 17251
3004 5 17251
8723 4 17252
3306 5 17252
8452 1 17253
7740 1 17254
6976 2 17255
8471 3 17256
8052 3 17256
8034 1 17257
4810 3 17257
2230 5 17258
5787 1 17259
4870 3 17259
6459 1 17260
8778 4 17262
2550 5 17264
8402 1 17264
4299 5 17265
489 4 17266
110 1 17267
3560 2 17268
7273 3 17268
610 1 17269
5 5 17269
1826 4 17270
1916 4 17271
4081 4 17272
5638 3 17272
1347 2 17274
3283 4 17274
287 2 17276
9657 3 17276
8526 3 17278
1527 4 17278
152 4 17279
9488 3 17280
5364 1 17280
4152 3 17281
366 3 17282
7931 2 17285
7197 3 17285
9916 4 17286
9187 4 17288
7696 2 17288
7368 3 17289
4048 1 17290
6301 1 17291
4146 2 17291
7618 2 17292
5583 2 17293
7544 4 17293
9288 5 17294
2561 5 17295
7466 1 17296
2024 2 17296
5096 1 17297
1031 3 17297
5014 4 17300
3060 5 17302
2887 3 17305
8576 5 17305
6255 3 17306
1484 5 17307
1761 1 17310
7870 5 17312
6800 2 17313
6217 1 17313
2091 2 17315
5363 1 17316
7587 1 17316
2024 1 17321
8879 2 17321
3473 2 17322
1180 3 17324
9082 5 17326
6074 1 17326
3928 3 17329
429 2 17329
5971 2 17330
3488 3 17330
7123 1 17332
5740 5 17332
8835 2 17334
6259 5 17335
8306 4 17336
1312 3 17336
9012 2 17337
7660 2 17338
2398 5 17339
9031 5 17339
7895 1 17341
8113 3 17341
3365 2 17343
7693 1 17343
8898 2 17344
6989 2 17345
697 5 17347
9473 2 17347
2026 5 17348
4581 2 17348
9248 4 17349
1609 5 17349
9479 2 17350
6210 1 17351
1605 4 17352
7711 4 17353
6974 3 17354
4405 1 17355
6415 3 17356
9209 5 17357
2513 2 17358
8233 1 17358
6283 3 17360
2710 1 17360
2234 4 17362
2903 4 17363
7745 2 17364
6850 3 17365
7365 2 17365
8937 3 17366
2735 1 17366
3083 3 17368
6621 5 17369
9118 2 17369
6506 2 17370
5684 5 17373
4001 1 17374
8719 3 17375
7256 1 17375
9419 3 17378
5714 1 17381
43 1 17383
3333 5 17386
6078 5 17389
8981 1 17389
9488 3 17390
6166 1 17391
3990 2 17391
8934 5 17392
1541 1 17392
954 4 17393
3911 5 17395
9869 5 17397
4252 3 17401
7539 4 17402
2338 1 17402
755 4 17404
6308 5 17404
2130 5 17407
3209 3 17408
4011 3 17408
7937 1 17409
6136 3 17410
5846 5 17411
7859 4 17413
8647 3 17413
4981 4 17415
7125 3 17416
9858 2 17416
8078 4 17417
6399 5 17417
9108 1 17418
9984 1 17418
2594 2 17419
7382 5 17419
4976 4 17420
7918 2 17420
3802 3 17423
6702 5 17423
3269 2 17425
7275 1 17428
7880 2 17428
3553 5 17429
8788 1 17432
923 1 17432
6314 2 17433
4774 1 17434
3263 5 17435
2462 2 17435
9126 3 17436
7000 2 17436
6935 4 17438
8252 1 17440
4569 4 17441
2899 1 17442
1718 5 17442
7994 3 17443
3552 1 17445
1684 5 17446
6522 5 17451
3881 5 17451
1785 5 17453
7793 5 17454
2787 4 17454
4016 1 17456
4661 2 17456
9063 3 17457
6100 2 17458
3197 5 17459
82 1 17461
6567 3 17462
4854 1 17463
1859 2 17463
8170 2 17465
1970 4 17467
9231 1 17471
5698 1 17471
2038 2 17473
564 5 17473
9473 4 17474
2507 1 17474
4031 2 17475
8645 5 17477
1553 3 17477
3649 2 17478
5694 4 17479
5818 4 17479
9515 4 17480
2936 5 17484
9339 4 17484
6412 4 17486
8792 5 17487
3103 1 17488
731 5 17493
9123 1 17495
9850 3 17497
926 1 17498
8673 1 17498
1208 2 17499
5971 1 17499
4880 3 17501
8579 4 17501
6076 1 17503
1455 1 17503
3316 5 17504
1140 3 17505
7692 3 17505
6245 2 17507
4587 3 17507
8830 3 17509
6284 5 17509
7219 3 17510
3497 3 17510
2934 3 17511
2894 2 17511
4427 2 17512
6319 1 17513
4422 1 17514
4533 4 17514
907 1 17515
4735 3 17515
2668 5 17516
1634 3 17516
2946 2 17517
1907 3 17518
4849 5 17518
7765 4 17519
8500 3 17520
2417 4 17520
7975 2 17521
5685 5 17523
4016 2 17523
7010 4 17525
5225 4 17527
4800 5 17530
2586 1 17530
9557 4 17532
811 2 17535
8295 5 17536
4111 4 17537
9841 2 17537
9731 4 17538
1297 5 17538
1646 2 17539
6063 2 17539
9078 3 17540
7259 2 17542
9499 3 17543
8548 1 17543
4035 1 17544
4895 4 17546
5015 5 17548
3701 2 17548
6415 2 17549
874 1 17552
4943 5 17552
8897 4 17555
3979 4 17557
1274 3 17557
2967 2 17558
6441 5 17561
3710 2 17562
6178 4 17562
8683 3 17564
1643 3 17565
5412 1 17565
7767 4 17566
5879 3 17567
6999 4 17568
9468 5 17569
6956 1 17569
8489 4 17570
2948 5 17570
8492 3 17573
3948 2 17574
7352 5 17574
7434 4 17576
1767 1 17577
2928 3 17578
9298 5 17579
854 1 17579
3265 5 17580
4661 2 17580
9414 5 17581
1091 4 17582
47 3 17585
2397 2 17586
7765 5 17589
9106 4 17590
397 4 17591
3324 5 17594
5104 5 17594
6214 5 17595
2216 1 17595
6678 2 17596
2275 4 17597
5410 2 17598
6269 5 17600
699 1 17601
1461 3 17601
9065 5 17602
8098 1 17603
549 5 17605
4020 2 17605
4080 5 17606
6817 3 17606
2008 2 17607
7232 3 17607
9579 4 17608
6479 1 17609
2653 4 17611
4318 1 17611
5879 3 17612
5129 2 17612
3997 4 17613
3727 4 17614
851 5 17615
1188 1 17615
5376 5 17616
5455 2 17618
3072 1 17618
4590 2 17621
765 4 17621
7012 4 17622
5892 2 17623
876 2 17623
1980 3 17627
1609 3 17627
457 4 17628
7387 4 17629
5432 2 17629
6437 2 17631
1028 5 17632
6085 5 17632
1246 2 17633
3598 5 17633
6875 2 17635
5582 1 17635
6865 5 17636
5336 3 17636
5984 5 17637
6903 5 17638
7753 5 17638
8498 1 17639
1334 4 17639
3771 5 17640
2256 3 17641
7503 5 17641
7769 2 17643
189 2 17644
1598 2 17644
2328 1 17646
8507 1 17647
7310 1 17648
3508 4 17649
9743 5 17650
7043 3 17650
7567 1 17651
9291 4 17651
6793 1 17653
7822 3 17653
4397 1 17655
2776 1 17656
7929 1 17656
7096 4 17657
2894 2 17657
692 5 17660
6556 1 17660
5981 3 17662
335 4 17662
6837 5 17664
8437 4 17667
1626 5 17670
3465 4 17670
4946 2 17671
3347 5 17671
1968 5 17672
1511 4 17676
7187 2 17676
9973 3 17678
3604 3 17679
7850 5 17680
8607 2 17680
6653 2 17681
5332 2 17681
2458 4 17684
4190 1 17685
2331 2 17686
8293 2 17689
482 1 17689
8497 2 17690
4080 5 17691
3932 2 17691
812 5 17694
7487 3 17695
406 1 17695
5492 4 17697
517 4 17697
7305 4 17699
1879 5 17700
4223 1 17701
6717 1 17701
1723 1 17702
6062 5 17704
9485 1 17707
9554 1 17707
9256 2 17708
992 3 17708
1492 5 17709
3765 1 17709
7772 4 17711
645 2 17711
75 5 17713
1288 2 17714
1166 3 17714
5452 1 17715
6716 5 17716
8961 2 17716
6153 2 17718
4181 2 17719
1622 4 17719
5291 3 17721
5522 2 17724
5897 5 17725
9208 1 17726
7734 3 17728
2343 4 17728
6621 2 17729
1522 5 17730
6435 3 17730
9681 2 17731
8022 3 17732
1775 4 17732
6207 1 17733
7302 5 17734
110 4 17735
9943 5 17736
6090 1 17736
4873 1 17739
4152 5 17739
4705 4 17742
7647 2 17745
9936 1 17747
1336 2 17747
9911 5 17748
6308 5 17750
1990 5 17751
9757 1 17751
3825 4 17752
9586 5 17752
4870 2 17753
4146 4 17754
8680 3 17754
1385 5 17755
9916 4 17755
9516 2 17756
9242 4 17758
2287 2 17758
7053 2 17759
6474 4 17759
804 4 17760
9790 5 17760
9524 2 17761
9413 4 17761
8454 2 17762
4250 2 17762
2297 3 17763
9773 1 17764
1366 5 17764
6933 4 17766
4702 2 17767
2018 3 17767
1661 4 17768
257 3 17768
5908 2 17769
1136 1 17770
5013 2 17770
1253 1 17771
7064 3 17772
1709 3 17772
6951 1 17776
529 4 17777
5113 5 17778
1348 3 17781
8046 4 17782
4713 4 17783
8015 5 17786
688 2 17786
3308 1 17787
3998 4 17788
8 1 17788
6547 1 17792
8308 5 17792
7451 2 17794
7031 3 17796
5262 2 17796
8055 4 17798
3168 1 17799
5794 5 17799
7079 2 17802
6456 3 17805
5305 3 17806
1330 2 17807
269 4 17807
4897 1 17808
3072 1 17808
9337 4 17809
3473 4 17810
8182 4 17810
8761 5 17811
1320 3 17812
8195 2 17812
1622 5 17814
2738 3 17815
4398 2 17816
4389 4 17819
9413 5 17822
6243 1 17823
3620 3 17823
7115 4 17824
1593 4 17824
653 2 17826
9370 5 17827
6427 1 17827
3356 4 17828
7402 5 17828
7845 3 17829
6747 5 17830
2430 2 17833
529 5 17834
2328 3 17836
3517 4 17836
1987 1 17837
4153 5 17840
2207 1 17840
3642 4 17841
827 3 17842
6128 5 17843
7219 2 17844
1182 1 17844
2291 5 17845
9002 2 17846
5062 4 17847
1119 5 17849
3586 1 17849
6358 5 17851
2910 2 17852
9287 4 17852
4014 3 17853
9746 4 17853
7054 4 17854
299 4 17855
8783 1 17855
9207 3 17856
9491 1 17859
2544 2 17859
2756 5 17860
8856 4 17861
7825 3 17861
3920 3 17863
5348 4 17863
5802 5 17868
6373 3 17869
5197 1 17870
111 1 17872
9338 3 17872
6418 3 17873
6762 1 17873
8004 4 17875
549 4 17875
1320 1 17876
8546 5 17877
5464 2 17878
3913 1 17878
5892 2 17880
5226 3 17881
8131 1 17882
108 1 17882
9397 1 17883
694 5 17884
9807 5 17884
6561 4 17885
9653 4 17889
7225 2 17889
4041 3 17890
1516 3 17890
9145 5 17892
6535 2 17892
908 5 17894
2510 2 17894
1185 3 17895
3303 1 17898
9154 4 17900
3956 1 17902
551 1 17902
3046 5 17906
4624 3 17907
3537 4 17908
4246 1 17908
4876 1 17911
1673 3 17912
9497 5 17916
6988 3 17917
446 4 17917
1434 2 17918
8542 2 17918
3578 1 17919
6455 5 17919
6229 1 17920
3299 2 17921
9139 4 17927
4770 3 17929
1533 5 17929
6407 5 17932
2929 4 17933
224 1 17934
4023 5 17935
9611 3 17936
300 5 17937
8401 5 17937
8863 4 17938
9554 2 17939
4963 2 17940
6640 4 17940
4550 5 17941
6219 2 17941
5350 4 17942
1866 3 17943
2149 4 17944
2678 4 17946
8972 2 17948
6517 2 17949
8173 5 17950
8799 3 17951
3128 1 17951
9802 5 17952
9832 5 17953
6994 5 17954
668 1 17956
3300 3 17956
2590 4 17957
9960 5 17958
455 1 17960
3846 5 17963
2787 4 17964
6482 1 17964
2325 3 17965
769 3 17966
8744 3 17967
6259 3 17967
9015 2 17968
3129 1 17969
472 5 17970
3474 4 17972
9267 1 17972
5290 1 17974
9290 4 17974
778 5 17975
3180 1 17977
2052 1 17978
5576 5 17980
5074 3 17981
5584 4 17981
5113 5 17982
9544 1 17982
3055 5 17983
9182 1 17983
9911 2 17985
4113 4 17987
5194 5 17988
7845 4 17988
9470 5 17989
7200 1 17989
10 3 17991
8535 5 17991
1099 3 17993
4610 5 17994
5737 5 17995
8465 2 17996
7324 4 17996
9329 5 17997
309 1 17997
5120 2 17998
4210 1 17998
7981 2 17999
2619 3 17999
9142 5 18001
7614 2 18003
1915 2 18004
7619 1 18004
2351 2 18005
6620 1 18006
6382 4 18006
789 2 18007
1321 1 18007
6085 4 18011
67 1 18012
4711 3 18013
3667 5 18013
6382 1 18014
2920 3 18014
2879 5 18015
2303 4 18016
5970 4 18017
8020 4 18018
8245 2 18020
2873 2 18021
1301 4 18021
5471 2 18022
4881 3 18024
8395 3 18024
4801 1 18027
8480 4 18027
7792 3 18028
4368 5 18028
8524 3 18030
3207 5 18030
8391 3 18031
1060 3 18031
9760 2 18035
2694 4 18035
7029 4 18036
1100 2 18038
8809 2 18038
1016 5 18039
6876 1 18040
1466 1 18042
8181 2 18046
2605 1 18046
2861 4 18048
7478 5 18048
874 5 18054
4433 5 18055
4970 1 18056
6014 1 18057
9884 4 18059
6948 2 18060
4671 1 18061
8644 2 18061
9542 4 18064
2096 5 18065
5047 3 18065
7265 3 18066
4257 2 18066
4240 3 18067
9206 3 18068
6930 2 18069
3373 3 18069
6446 3 18070
2520 1 18070
6629 3 18072
8087 2 18073
1712 1 18073
2561 5 18074
2699 5 18075
577 5 18075
7500 5 18076
3854 2 18076
8196 4 18077
4779 2 18078
6875 2 18078
1697 4 18079
7153 1 18080
4253 2 18084
4478 5 18084
7225 2 18085
2365 5 18085
3312 2 18086
8551 3 18087
4923 5 18087
1126 5 18088
6270 4 18088
8228 2 18089
2962 2 18090
8553 4 18090
8798 2 18092
7231 4 18092
4979 1 18094
386 2 18095
4215 3 18096
1226 5 18096
9714 3 18098
5121 4 18101
8609 5 18101
334 2 18102
8781 3 18102
4064 4 18103
4429 5 18103
3696 3 18104
7535 4 18106
9145 1 18107
9887 1 18107
2211 4 18110
6750 5 18110
7718 5 18112
5407 2 18112
1178 4 18114
243 5 18115
1244 3 18115
4048 2 18116
1121 2 18116
5231 1 18118
7318 2 18121
4174 3 18121
1172 1 18122
553 1 18122
5483 4 18124
3769 2 18124
8799 3 18125
4729 4 18126
8474 1 18127
3183 1 18128
5935 2 18129
9998 3 18130
5258 5 18131
6144 1 18131
8962 1 18133
7536 4 18135
6926 4 18135
7127 1 18137
7631 4 18139
5933 5 18139
8482 1 18141
2513 5 18141
5473 1 18142
2320 3 18142
8828 3 18143
4215 5 18144
5497 4 18146
8452 4 18147
5635 3 18147
2915 3 18148
8119 1 18150
4762 3 18151
6063 3 18151
1858 4 18152
4760 4 18152
5071 2 18154
1700 4 18154
2758 3 18156
2555 4 18159
5844 3 18159
4631 4 18160
3293 2 18160
6781 4 18162
8094 3 18163
4458 3 18163
5595 3 18164
4794 4 18167
9323 4 18169
9991 3 18169
2151 4 18171
6789 2 18174
5931 3 18175
9050 1 18175
9461 2 18176
1004 2 18177
1059 2 18179
2740 4 18180
6710 3 18181
49 4 18181
5026 5 18182
5408 1 18183
6185 3 18186
9438 5 18186
3063 3 18189
4444 5 18191
1934 2 18191
8289 4 18193
2248 4 18193
924 5 18195
1802 1 18198
7385 3 18199
8400 4 18200
2809 4 18201
4440 5 18204
3888 1 18204
2903 3 18205
7361 1 18205
4379 1 18206
7001 3 18209
8494 2 18210
3881 3 18210
1434 1 18213
2098 4 18215
7725 3 18215
5637 1 18216
1011 3 18219
9289 5 18221
907 5 18221
8460 3 18222
5036 1 18222
781 3 18223
8395 3 18223
257 4 18224
2903 4 18224
7123 3 18225
6871 2 18226
8168 4 18226
6230 1 18227
3010 1 18227
4479 2 18229
4672 1 18229
5193 5 18230
7754 3 18231
4502 4 18231
3795 4 18232
6181 4 18234
1225 2 18235
5947 5 18235
7886 2 18237
7810 5 18238
6519 3 18239
9360 3 18239
1673 5 18240
4792 3 18243
2127 1 18243
1570 1 18245
3320 3 18246
3758 2 18247
7448 1 18247
4097 1 18250
8257 1 18250
1332 5 18252
5454 4 18252
3343 1 18253
8318 5 18255
8440 1 18255
2568 1 18257
5978 4 18257
878 2 18258
6677 3 18258
3301 5 18259
5713 2 18259
363 4 18262
5713 4 18263
677 2 18263
7466 1 18264
3258 1 18264
4761 5 18265
409 5 18265
9536 4 18267
5540 5 18268
7643 3 18269
3805 3 18270
2853 4 18271
4508 2 18272
8942 5 18272
6050 4 18274
6693 3 18274
2141 2 18275
3219 2 18275
4763 3 18276
9464 3 18277
2645 2 18277
3940 3 18278
811 3 18279
2935 5 18281
3828 2 18282
2825 5 18282
7061 4 18284
6757 1 18287
7221 2 18288
9314 3 18289
2483 2 18289
6164 5 18290
6173 2 18293
8150 5 18293
2929 1 18295
739 2 18296
7956 3 18296
8668 4 18300
7996 1 18301
590 2 18301
9800 1 18302
9838 3 18303
5847 2 18304
7122 5 18307
9805 3 18307
5214 4 18309
8381 4 18310
6170 2 18310
7845 2 18312
9836 4 18313
3543 4 18313
486 1 18314
803 2 18314
142 2 18315
4495 2 18316
4125 5 18317
832 1 18317
1803 4 18318
231 1 18319
1424 3 18319
3520 5 18320
4341 2 18322
4348 2 18323
3469 1 18324
173 2 18325
1337 4 18325
4317 5 18326
7103 5 18326
5051 2 18327
7250 4 18328
132 5 18329
2435 2 18330
7869 4 18330
103 5 18331
6747 3 18331
3868 3 18333
6206 5 18337
4596 1 18338
9797 5 18340
3512 2 18341
2827 5 18342
3537 2 18342
6530 2 18343
566 4 18346
3902 4 18346
2395 2 18347
1122 2 18347
7703 3 18348
7662 2 18348
2110 2 18351
3739 4 18353
8633 4 18353
9028 2 18354
4743 5 18354
2528 5 18355
374 1 18355
5552 2 18356
4426 2 18356
7524 2 18357
5224 2 18358
7633 2 18358
1431 2 18361
9507 4 18361
3909 3 18363
8180 5 18363
2891 3 18364
4522 5 18365
3651 2 18366
4424 1 18366
2884 1 18367
1530 4 18368
1134 4 18371
8303 2 18372
9457 1 18372
5485 5 18373
6703 2 18375
2957 4 18375
6352 5 18376
252 3 18376
1579 1 18378
8702 5 18380
2350 4 18380
5753 4 18381
7169 1 18381
8754 5 18382
3144 5 18382
8908 5 18383
6901 4 18383
3482 2 18385
8973 3 18386
7876 2 18388
5541 2 18392
9997 4 18392
1049 5 18393
6577 1 18393
6634 2 18395
5061 3 18395
5963 5 18396
4027 1 18397
929 1 18397
1565 5 18398
4790 3 18401
3707 2 18402
9713 4 18403
5701 1 18405
886 1 18405
6937 2 18407
3655 2 18407
3835 3 18408
221 1 18409
3752 1 18409
4442 1 18410
8927 4 18410
6836 1 18412
2222 3 18413
7366 2 18413
1156 1 18414
3791 5 18415
2394 4 18415
9124 4 18416
2524 2 18417
875 4 18417
868 4 18418
7574 4 18418
1569 3 18419
4441 2 18419
4460 1 18420
7276 3 18420
6110 2 18421
8982 3 18421
6232 4 18424
5603 5 18425
4504 5 18426
8050 3 18428
9941 5 18428
2647 4 18431
8419 3 18433
4116 5 18434
6278 1 18434
2830 5 18435
7286 1 18436
5851 1 18438
4115 3 18440
8867 5 18440
693 1 18441
1003 2 18442
1392 5 18442
2217 3 18444
4350 1 18445
4465 2 18447
5120 1 18447
5724 2 18448
6935 1 18448
9428 1 18452
7295 3 18452
2150 4 18453
9279 4 18454
6233 3 18455
8987 1 18455
1974 2 18456
2387 5 18457
2281 3 18460
6895 3 18460
41 4 18462
8764 2 18463
395 5 18464
6240 3 18464
4417 3 18465
406 5 18465
6360 4 18466
5174 5 18466
3036 1 18467
6604 5 18467
2482 5 18469
7810 5 18471
2532 3 18472
4017 3 18474
9580 5 18477
6459 4 18477
6553 2 18478
1218 3 18481
1842 4 18481
4912 2 18482
8194 2 18482
3189 5 18484
4971 3 18484
3280 5 18485
7826 5 18485
4075 2 18488
6527 3 18488
8691 3 18489
7571 3 18490
9312 5 18493
1325 3 18493
4783 2 18494
3520 4 18494
2041 1 18495
1871 2 18495
1636 4 18496
8819 2 18496
3939 3 18497
598 5 18497
3229 1 18498
6731 3 18498
4349 5 18499
4920 3 18500
4937 5 18502
6836 3 18505
7556 5 18506
5366 4 18506
265 3 18507
1483 1 18508
9827 1 18509
1494 5 18512
2513 4 18512
953 5 18513
5509 5 18513
1238 5 18514
2115 1 18516
3908 1 18517
1435 1 18518
4030 1 18520
5941 4 18521
5110 5 18522
7072 5 18524
6656 1 18524
9566 5 18525
5956 1 18525
5592 3 18527
217 3 18527
3558 1 18528
6917 1 18528
6179 5 18530
5992 1 18530
7261 5 18531
1649 5 18531
9203 4 18532
2133 5 18532
4704 2 18533
1785 2 18533
500 2 18534
5749 4 18534
868 1 18535
1789 5 18535
8643 1 18536
2906 1 18538
6484 1 18539
5114 3 18539
2158 5 18540
9474 3 18540
817 1 18542
3467 2 18542
1697 4 18544
5951 1 18545
1005 1 18545
5917 1 18546
507 4 18547
6871 2 18551
1596 2 18552
3154 1 18554
7656 1 18554
8261 2 18555
1424 3 18558
5376 3 18558
4861 4 18560
2271 5 18561
609 5 18561
9346 4 18562
4217 3 18562
2127 4 18563
4763 4 18564
1508 4 18564
9458 5 18565
4530 4 18566
5265 5 18569
7902 1 18569
7027 1 18570
3022 4 18570
1545 3 18574
3105 3 18574
911 1 18575
4205 4 18576
3779 1 18576
5696 3 18577
4879 3 18578
278 1 18578
95 2 18579
219 1 18580
928 4 18580
816 3 18581
9354 3 18581
5735 1 18583
2413 4 18583
961 4 18584
4969 2 18585
7213 2 18586
693 3 18587
7739 2 18587
6773 3 18589
5141 3 18589
253 5 18590
1056 4 18591
521 5 18591
5475 1 18592
5006 1 18592
6081 4 18595
4487 2 18596
5001 4 18596
8238 1 18597
8918 1 18597
3547 2 18599
1977 4 18599
1840 2 18601
9713 4 18601
1433 1 18603
4681 4 18604
3174 5 18604
61 1 18605
7977 2 18605
2263 1 18606
155 3 18608
2387 5 18608
7126 5 18610
9392 2 18610
1275 1 18611
7932 5 18611
9661 3 18612
4622 5 18612
1764 1 18613
5817 2 18613
4081 4 18616
4890 2 18619
5379 2 18621
2901 2 18622
6159 5 18623
6481 1 18625
5530 4 18626
9501 2 18626
9897 4 18628
1833 2 18628
8810 4 18630
3689 1 18630
6912 5 18631
3390 3 18633
9402 3 18633
2740 5 18634
5299 5 18634
5899 5 18636
1948 4 18636
2895 1 18639
2016 4 18640
1367 4 18640
4651 5 18641
212 3 18641
7372 1 18642
5366 3 18642
8291 3 18643
6562 2 18643
1946 5 18644
5448 3 18644
7742 3 18645
8564 1 18645
4214 3 18647
3298 4 18648
3763 5 18648
432 2 18649
373 3 18649
2476 5 18650
1094 3 18652
9714 4 18652
5392 5 18655
5279 1 18656
7955 5 18656
1553 4 18657
1893 3 18660
563 5 18660
5191 3 18661
2715 1 18662
7112 4 18662
4682 1 18663
3270 1 18668
4935 2 18668
4178 5 18673
9453 1 18674
8492 5 18674
227 2 18675
9030 2 18675
8004 2 18676
1443 2 18676
2369 3 18678
3622 4 18679
2559 4 18679
6499 3 18681
8788 1 18681
9516 2 18683
8053 1 18684
6687 3 18684
3453 4 18687
3877 3 18688
9650 4 18688
5144 1 18689
9622 5 18691
9671 2 18692
6405 4 18692
1504 4 18693
6901 5 18694
4346 5 18696
946 1 18698
7806 5 18699
5700 1 18700
9955 2 18700
5613 4 18702
5525 4 18704
4783 4 18706
6134 2 18707
8371 5 18708
1184 3 18708
7662 3 18709
8627 1 18709
4116 5 18710
8364 4 18710
3181 3 18712
7302 2 18712
7393 4 18713
6742 5 18713
2271 1 18714
9993 1 18716
8504 2 18717
6071 1 18717
8595 1 18720
2662 2 18720
4841 2 18721
1334 5 18721
9231 3 18722
6820 3 18722
6261 2 18723
5547 2 18724
6700 5 18725
7561 5 18725
7766 5 18726
6721 5 18726
2031 5 18727
563 5 18729
9398 5 18729
7700 4 18731
3598 5 18731
6537 4 18733
3521 2 18735
9492 3 18735
4194 1 18737
2165 1 18738
2557 1 18739
9112 2 18739
4815 3 18740
1578 2 18745
1416 3 18745
3113 5 18746
4034 2 18747
5746 3 18748
368 1 18748
8252 3 18749
2368 1 18749
8286 1 18752
1061 5 18752
2461 2 18754
9963 3 18758
3688 5 18758
923 4 18760
8234 1 18760
3710 1 18761
9794 2 18763
1911 2 18763
8968 4 18767
3727 1 18767
2714 2 18768
8011 1 18769
6751 3 18770
1063 1 18770
8316 4 18771
661 2 18772
1388 4 18773
581 2 18773
987 1 18775
5392 3 18776
6164 5 18776
3127 4 18778
5603 3 18778
3949 3 18779
218 3 18780
4503 2 18780
3529 2 18781
1171 4 18782
8395 3 18784
1116 2 18785
4895 2 18785
1922 4 18786
922 2 18787
4748 3 18787
1473 2 18788
3372 2 18788
7747 4 18790
3874 5 18791
9849 2 18791
3975 1 18792
6472 4 18793
2376 1 18795
6959 3 18795
2506 5 18797
2591 2 18799
5307 5 18799
3970 5 18802
500 3 18804
7584 1 18804
7138 5 18805
2211 1 18805
5568 5 18806
6616 5 18806
4173 2 18807
9181 2 18808
8485 4 18810
3137 4 18812
9831 5 18812
7569 3 18813
8137 4 18814
5885 1 18815
4392 4 18816
9939 4 18816
7964 5 18818
9987 5 18818
2383 4 18820
7110 1 18821
3939 3 18825
3338 3 18826
6809 2 18827
6114 2 18828
6115 1 18828
6274 2 18830
5892 3 18830
9053 5 18832
9203 2 18832
2296 2 18833
312 3 18833
8434 5 18836
6840 1 18836
2679 4 18837
8109 2 18838
8509 3 18838
8885 1 18839
28 5 18839
708 5 18840
3921 5 18841
8615 1 18841
9343 2 18842
7063 4 18842
6081 5 18843
8644 1 18843
3217 3 18844
4597 2 18845
3067 3 18845
5536 4 18848
4814 2 18848
5928 2 18849
2270 4 18851
3643 4 18851
9291 3 18852
7740 5 18855
9584 3 18855
24 1 18857
7101 4 18857
6913 4 18858
4303 3 18859
7290 5 18859
3321 3 18861
8678 4 18861
6457 3 18866
2733 3 18867
8407 4 18868
9525 2 18868
4106 3 18869
6339 3 18869
2764 5 18870
8363 5 18870
4033 1 18871
8277 5 18871
2847 1 18873
1484 4 18874
7172 1 18874
5715 1 18875
6753 4 18877
4440 1 18877
1601 5 18878
3099 5 18879
2615 1 18879
8264 1 18881
3754 3 18881
1710 1 18883
6073 5 18883
271 5 18886
6161 2 18887
2371 4 18888
9846 5 18892
9850 3 18893
5918 4 18894
3521 4 18894
6921 4 18895
4205 3 18896
1535 4 18896
2300 2 18897
2908 4 18897
639 5 18899
1073 5 18899
8500 3 18901
8107 3 18901
7038 2 18902
7222 5 18903
1428 3 18904
8398 5 18904
1723 1 18905
8420 2 18905
1602 5 18907
3642 1 18908
4625 2 18909
2270 1 18910
8233 2 18911
7118 5 18916
7915 5 18916
4654 4 18918
8010 4 18919
2090 1 18919
6136 4 18920
6325 5 18922
2693 5 18924
9664 2 18925
6529 1 18925
8995 2 18926
3057 5 18926
3236 3 18929
5511 2 18930
5265 3 18930
2768 3 18931
629 5 18932
826 1 18933
453 4 18934
5182 1 18934
4540 2 18935
3487 3 18937
4572 1 18938
751 5 18938
2177 3 18939
8353 1 18940
6773 4 18940
8535 3 18943
5235 2 18944
2808 3 18944
4792 3 18945
307 4 18945
884 5 18948
4856 4 18950
7008 4 18951
7617 3 18951
4224 5 18953
3494 1 18954
8358 1 18954
8172 4 18955
391 5 18955
9542 3 18956
6437 2 18956
4896 5 18957
8526 4 18957
7859 4 18958
3346 3 18961
3254 4 18962
2132 2 18963
7054 1 18963
9725 2 18965
7753 5 18966
3616 1 18967
6715 3 18967
5212 2 18968
5263 4 18968
4042 5 18971
5164 3 18971
5385 2 18973
2468 2 18973
4390 5 18974
5587 3 18974
33 3 18975
9342 5 18976
6315 1 18977
7585 4 18978
635 3 18980
7149 1 18982
6989 5 18984
7380 2 18985
2641 1 18985
4806 5 18986
6117 5 18987
1036 5 18988
4107 4 18989
3348 3 18989
9174 1 18990
6414 3 18990
9926 2 18993
402 1 18994
329 2 18994
7472 1 18995
4974 3 18997
1135 3 18997
193 2 18998
145 3 18998
5456 4 18999
9215 1 19000
9181 3 19003
5008 3 19003
5832 3 19004
8355 1 19004
3136 1 19005
5494 1 19005
9951 3 19008
4670 1 19008
7461 1 19010
8263 2 19010
8531 3 19011
2537 3 19011
4036 4 19012
1288 4 19014
9366 4 19015
7276 4 19017
1129 4 19018
1198 5 19018
5258 5 19019
1563 5 19021
8104 4 19023
9105 2 19024
4003 5 19024
4778 2 19031
2779 2 19031
7587 1 19032
8127 5 19032
3245 1 19033
5712 1 19033
1391 4 19036
4012 1 19038
8358 4 19038
7 3 19040
2062 3 19040
5737 1 19042
9773 2 19043
1615 1 19045
2874 2 19047
7439 3 19047
9937 5 19049
1980 1 19049
7945 1 19050
2032 5 19050
495 4 19052
8010 4 19053
5918 2 19053
6003 2 19054
6138 5 19055
9199 1 19056
5110 2 19057
7279 4 19058
6769 2 19059
5234 1 19059
8410 3 19060
8185 1 19061
2720 4 19061
3251 3 19062
5858 1 19062
7342 4 19063
8692 4 19063
7220 1 19065
4604 2 19066
4167 4 19066
4825 2 19067
9925 3 19068
7749 4 19071
8607 5 19072
8639 2 19073
747 1 19075
4272 2 19075
739 1 19076
9429 5 19077
2890 4 19077
9921 4 19078
6538 3 19080
7488 2 19081
7385 3 19081
3735 1 19082
1983 1 19082
7222 5 19083
9488 3 19083
1957 5 19084
5376 1 19084
2016 4 19085
927 3 19086
4598 1 19086
5364 1 19088
2525 5 19088
1623 2 19090
7895 2 19090
2206 2 19091
5197 4 19095
3883 3 19095
840 3 19096
1461 1 19098
9537 3 19100
9880 4 19102
4043 3 19102
7611 2 19103
3593 2 19103
2971 1 19104
1697 1 19104
6300 2 19105
6667 2 19105
1007 3 19106
6472 5 19107
7167 3 19107
7967 1 19109
616 1 19110
5688 2 19111
9155 5 19112
8661 5 19112
8894 1 19113
1215 2 19114
6589 5 19114
1587 3 19116
3075 3 19116
3769 2 19117
9473 4 19117
9783 2 19118
2743 3 19119
790 1 19120
1999 4 19120
5734 4 19122
3910 5 19122
849 5 19124
571 1 19125
7153 3 19127
2116 1 19128
2258 2 19128
8528 2 19129
2433 5 19130
9437 3 19130
5682 3 19132
1332 2 19133
1528 3 19133
2148 1 19134
1998 3 19134
6265 4 19135
7699 3 19136
9852 1 19136
8066 4 19137
4973 4 19138
799 5 19138
9762 4 19140
185 5 19142
3040 2 19142
9830 2 19143
3006 3 19144
4023 5 19146
1265 1 19146
3205 5 19147
2684 3 19147
8267 1 19148
9601 4 19148
8229 1 19149
7725 5 19150
410 1 19151
2935 4 19153
5057 1 19154
7004 2 19155
7942 1 19155
2188 5 19156
674 1 19156
2248 2 19158
9054 3 19158
2396 4 19159
6476 3 19160
4742 5 19160
7023 4 19161
764 5 19163
7574 3 19163
7988 5 19164
1013 4 19164
7247 3 19168
9799 1 19169
616 5 19170
211 1 19171
1367 1 19172
7798 2 19172
4484 2 19173
1317 2 19174
1804 4 19175
4674 3 19176
668 2 19176
9490 3 19177
8535 1 19178
2945 5 19179
8248 3 19180
8328 3 19181
2828 3 19181
3077 5 19183
9806 5 19183
4708 5 19184
1227 4 19184
6362 1 19186
6976 4 19186
6123 2 19187
4832 5 19189
517 1 19190
5593 2 19191
9781 4 19191
34 3 19192
1382 5 19192
962 3 19193
2166 1 19193
7778 1 19194
2096 1 19195
9025 3 19195
642 1 19198
5195 1 19198
3730 4 19199
6378 5 19200
4802 4 19201
4085 3 19202
2712 2 19204
4650 5 19205
163 3 19205
6432 4 19206
8797 2 19206
8391 3 19207
3019 3 19208
5890 5 19209
5261 1 19209
2413 1 19210
7628 5 19212
5832 4 19214
7542 4 19214
3724 5 19215
5433 1 19215
9692 3 19219
5350 5 19220
7625 1 19220
1476 4 19221
1443 5 19221
1841 2 19223
2618 5 19223
8622 1 19225
9589 4 19225
108 2 19228
5985 2 19228
8985 3 19229
8850 4 19230
9550 2 19230
3388 4 19231
2160 2 19231
898 1 19232
8449 1 19234
7894 2 19234
8953 5 19237
3111 4 19239
6102 3 19239
8064 2 19240
7320 2 19242
6044 4 19243
9483 3 19246
3918 1 19247
8977 2 19249
8385 3 19250
600 5 19250
439 4 19252
9920 1 19252
9247 3 19253
4374 4 19254
6992 4 19255
5751 3 19256
1917 2 19256
9225 5 19257
4883 2 19258
6238 2 19258
8790 4 19259
3987 2 19260
9077 2 19263
8453 1 19264
3075 1 19264
5248 2 19269
6359 2 19269
3186 2 19270
5234 2 19271
4837 4 19271
9317 4 19272
8165 4 19272
1270 2 19274
443 2 19275
101 4 19279
6118 5 19279
3243 4 19280
5425 1 19280
9846 1 19282
5488 1 19283
6058 5 19283
7413 5 19284
6496 2 19284
8322 2 19285
6131 3 19285
9135 4 19286
5843 3 19287
5926 4 19287
5503 2 19289
735 3 19289
2687 3 19291
9720 5 19291
5093 4 19292
2630 5 19293
5168 1 19294
7978 3 19295
3241 3 19295
7168 1 19297
8350 4 19298
8979 2 19301
8142 3 19302
5852 1 19303
588 5 19303
2504 4 19304
3123 1 19307
1735 1 19308
9985 5 19308
1915 4 19309
1332 3 19309
3868 5 19310
9948 3 19310
5018 4 19312
136 5 19312
4192 5 19313
4008 2 19314
1139 1 19314
3560 3 19316
4188 5 19317
299 3 19317
153 1 19319
2718 4 19319
4631 4 19320
9480 3 19320
6211 1 19321
8010 4 19321
3137 4 19322
8294 1 19323
9504 3 19323
3094 3 19325
6335 5 19326
4433 4 19328
2000 4 19328
4055 2 19329
9946 4 19329
6413 2 19333
3141 2 19333
5878 5 19334
292 4 19334
2770 4 19335
1104 1 19335
98 3 19337
6248 3 19340
1094 5 19340
9801 2 19341
880 2 19342
2227 5 19342
1373 1 19343
6554 5 19344
2999 4 19344
782 3 19345
2066 5 19345
2984 4 19346
5909 3 19347
2377 5 19347
4014 2 19351
5774 3 19351
9313 2 19353
6269 2 19353
4012 5 19357
3028 1 19357
5699 4 19359
5641 5 19359
361 2 19362
4688 2 19362
3162 5 19363
2124 4 19365
3131 5 19365
4283 3 19366
6531 3 19366
1825 2 19367
9265 3 19367
9238 2 19371
1322 5 19371
6989 1 19372
4488 3 19373
473 4 19373
6550 1 19374
896 4 19374
235 1 19376
1965 5 19378
6444 4 19378
9273 5 19379
5626 3 19380
6553 3 19380
3691 1 19384
2374 5 19385
9347 5 19387
3150 5 19388
8198 4 19389
2211 2 19392
9158 1 19392
4996 2 19395
307 3 19395
2239 1 19397
3457 2 19398
7134 1 19400
2632 5 19400
1942 5 19402
3353 5 19404
8112 2 19406
7581 3 19406
117 3 19408
2834 5 19409
4953 2 19409
4908 5 19410
8198 3 19413
6480 4 19414
5064 4 19414
9356 3 19415
1878 5 19415
3465 4 19418
5703 5 19418
9374 3 19419
9310 5 19419
4716 5 19420
4484 3 19421
2541 2 19421
3151 1 19422
5563 2 19422
874 1 19425
7858 5 19425
7932 2 19427
2338 4 19427
5391 2 19428
2119 5 19428
1785 5 19432
2880 5 19432
4113 2 19433
6772 3 19433
3066 2 19435
181 4 19437
4265 2 19438
7055 1 19438
4669 2 19440
8624 2 19441
1534 4 19441
297 1 19442
7149 3 19443
5786 3 19443
5229 3 19445
9641 5 19445
4212 5 19446
5692 5 19446
1662 1 19447
2640 5 19447
2309 5 19448
5054 4 19448
8770 2 19449
6213 2 19451
8483 3 19451
2383 5 19454
242 5 19454
2869 5 19456
9766 4 19457
8021 2 19457
3465 3 19458
7989 2 19459
8609 2 19459
768 4 19463
2811 4 19465
5847 5 19466
2854 1 19467
5367 3 19467
6845 2 19468
9700 3 19469
8436 4 19469
9063 3 19470
1109 1 19471
2220 1 19471
6527 3 19473
124 5 19474
8931 2 19474
4508 2 19475
9464 3 19477
4526 4 19477
5314 4 19478
9835 2 19478
2280 3 19481
4905 2 19481
9374 3 19482
2348 4 19482
2727 5 19484
2752 3 19484
8390 4 19485
4374 4 19486
8141 1 19486
2469 4 19487
7138 1 19487
2951 2 19488
1354 2 19489
5067 1 19490
619 1 19492
4488 4 19493
1363 3 19493
6670 1 19495
4225 5 19495
9755 5 19498
2517 4 19499
318 4 19499
657 4 19500
8148 5 19500
4032 3 19501
152 3 19501
9170 2 19502
2830 1 19503
2499 2 19503
1081 1 19504
1906 3 19505
3723 3 19505
8439 5 19506
5865 5 19507
6673 2 19509
5006 5 19509
1488 2 19510
1919 4 19510
2001 5 19511
3970 5 19511
30 2 19512
4000 1 19512
5283 1 19515
5465 3 19515
4080 2 19517
6955 5 19518
1158 5 19522
8745 5 19522
5817 5 19523
1618 3 19525
5650 3 19527
1090 2 19527
2512 1 19528
3176 2 19528
738 3 19530
9582 2 19530
6699 2 19534
4143 5 19534
6124 5 19536
2092 3 19537
9495 4 19539
9802 3 19539
7848 4 19540
5662 2 19540
6120 2 19541
4889 3 19541
8433 4 19544
905 2 19545
5547 2 19545
38 3 19546
1622 4 19552
8354 5 19552
9445 1 19553
3345 4 19553
1622 5 19554
1473 1 19554
7847 1 19555
6543 2 19555
9691 1 19556
935 5 19556
864 2 19557
8329 3 19557
4309 5 19560
551 5 19560
1854 3 19561
8527 3 19561
8686 3 19562
9315 2 19562
1896 2 19563
7885 5 19564
4056 2 19564
542 4 19565
920 3 19565
9903 5 19566
838 4 19568
9388 5 19569
7492 2 19569
5682 3 19570
6058 1 19571
7289 1 19571
4187 1 19574
2288 2 19575
886 5 19575
9560 3 19578
7148 2 19578
2707 5 19580
7802 3 19581
8932 1 19582
2784 4 19585
4385 4 19585
4710 2 19587
1683 2 19587
4892 1 19588
7360 1 19590
3474 3 19590
2949 3 19591
4451 4 19592
6089 5 19594
7272 4 19594
8755 1 19595
1844 4 19595
4843 2 19596
768 1 19597
7362 5 19600
3418 5 19601
9014 2 19601
6458 2 19602
8372 2 19603
6174 4 19603
9830 1 19604
9091 2 19607
1302 5 19608
5025 1 19608
683 2 19609
5943 1 19609
5187 2 19611
3279 2 19611
7570 3 19612
5904 3 19612
5111 2 19613
6285 5 19613
573 5 19614
4188 4 19614
3251 2 19615
2839 1 19617
5321 2 19618
2975 5 19618
2217 2 19620
3492 5 19620
9532 1 19621
7644 4 19621
955 5 19622
1315 4 19624
9469 4 19625
6971 1 19626
5881 4 19626
3072 4 19627
325 3 19627
5026 4 19629
3835 1 19631
4288 4 19631
2112 3 19632
8228 1 19632
3134 3 19634
9055 4 19636
8770 2 19636
9514 3 19637
1836 3 19638
8977 2 19638
5634 3 19640
405 1 19641
638 5 19642
9878 5 19644
5415 1 19644
7705 1 19647
9425 5 19648
6604 1 19648
7133 1 19649
8320 4 19651
7771 3 19655
8446 5 19655
9169 1 19657
9655 1 19660
9214 2 19660
943 4 19661
6588 1 19661
173 2 19663
2710 4 19664
4676 5 19665
7608 3 19665
862 5 19669
6080 1 19671
9984 4 19672
9607 1 19672
4523 1 19673
9230 3 19673
4870 3 19674
6513 5 19674
1566 1 19675
2845 2 19675
4306 4 19676
7952 3 19676
9499 5 19678
9721 5 19679
252 4 19679
7129 1 19680
5741 4 19681
6345 4 19682
3812 5 19683
3835 1 19683
998 5 19684
3191 3 19684
739 4 19686
3795 2 19686
1839 2 19687
3147 1 19687
5887 5 19688
7271 3 19690
3954 2 19691
2868 3 19692
277 5 19692
4713 3 19694
7725 4 19694
4514 4 19695
6472 1 19699
1803 1 19699
3998 5 19700
2072 5 19701
9060 1 19701
7275 5 19704
9356 1 19706
3806 1 19706
8679 1 19709
5068 1 19709
8885 3 19710
9701 2 19711
2715 3 19711
7199 3 19714
8830 2 19715
286 4 19715
6156 2 19716
7544 2 19716
22 5 19717
9976 5 19719
58 4 19719
7339 5 19723
1578 2 19723
2556 5 19724
9550 5 19726
555 1 19726
5976 1 19727
6544 3 19727
262 1 19731
7705 3 19732
7412 2 19732
1243 3 19733
1713 3 19733
3848 5 19736
6156 2 19736
3359 1 19741
7533 5 19742
234 4 19743
4297 4 19743
8155 3 19744
5790 4 19745
8694 2 19745
3636 4 19749
7860 5 19749
4853 2 19750
3355 4 19750
6196 2 19751
9655 1 19751
7718 2 19752
357 2 19753
3911 3 19753
2564 5 19754
3968 3 19755
6974 2 19755
8959 2 19757
6699 4 19758
864 3 19758
1004 5 19761
2954 1 19762
8912 5 19762
5518 3 19763
7855 5 19766
1722 5 19766
9301 5 19767
2495 1 19767
1113 1 19768
6973 2 19768
6602 5 19769
606 3 19769
2950 4 19770
4154 3 19771
7604 4 19773
348 3 19773
2292 2 19774
1385 1 19777
7768 1 19777
5933 2 19778
6715 1 19782
1898 5 19782
4303 3 19783
5894 2 19783
1364 5 19785
3224 4 19786
6489 5 19786
8459 1 19788
749 3 19788
893 5 19789
5375 2 19789
6735 1 19790
7677 5 19791
9357 2 19791
569 1 19793
3403 4 19795
407 2 19796
6324 3 19798
2521 4 19798
699 5 19802
4644 4 19802
8159 1 19803
6469 3 19803
1152 4 19804
3330 5 19804
7443 3 19806
3529 5 19806
8439 5 19807
1880 5 19808
4240 3 19809
5551 5 19809
7989 3 19810
5396 5 19811
7398 4 19812
8138 5 19815
4665 4 19817
5615 3 19819
3772 1 19819
538 2 19821
7834 4 19821
7516 5 19822
8341 1 19822
4950 3 19823
2818 3 19823
7727 2 19825
7125 1 19825
5789 1 19827
1503 5 19828
678 1 19828
387 2 19829
4268 3 19829
9589 1 19830
8545 5 19832
8729 2 19833
9001 2 19833
8942 5 19834
1734 1 19834
6138 3 19835
8326 1 19836
2833 5 19836
8971 5 19837
2209 3 19837
761 3 19839
9423 1 19839
7665 3 19841
537 1 19841
4460 4 19842
2358 5 19842
8166 5 19843
8517 3 19844
5257 4 19844
5734 3 19845
3301 4 19847
3459 5 19848
2566 2 19848
7199 1 19849
8551 5 19849
1094 5 19854
2251 5 19854
7716 1 19855
2765 4 19856
180 3 19857
6054 5 19857
9869 1 19858
4324 2 19858
8803 3 19860
7413 4 19860
4750 2 19861
4263 5 19861
9434 4 19862
7224 1 19863
206 4 19863
2619 1 19865
7426 5 19867
2637 2 19868
3193 2 19870
9848 5 19870
4162 4 19872
7198 5 19874
773 3 19877
7586 2 19877
1163 2 19879
5593 5 19880
8249 4 19881
6567 4 19882
7028 2 19885
283 5 19886
8714 1 19886
7195 4 19887
1305 1 19890
1223 3 19890
2635 3 19894
2839 5 19896
4443 5 19897
4367 2 19897
1281 1 19898
6693 1 19902
7922 4 19902
8521 2 19903
2587 3 19903
3094 2 19906
9823 5 19906
6723 5 19907
5398 4 19908
8920 5 19909
6251 2 19912
5509 3 19912
9071 4 19914
5420 2 19914
6013 4 19915
3872 5 19915
5443 5 19917
1646 1 19919
1270 3 19921
1136 4 19921
3994 4 19923
2995 2 19923
4058 5 19924
5708 5 19924
4525 5 19925
5357 3 19926
4346 2 19926
523 3 19927
5137 4 19928
6695 4 19928
6383 4 19929
3541 1 19930
7592 3 19931
8215 4 19932
4291 2 19932
2839 2 19933
6017 1 19933
5971 4 19934
2387 1 19935
9652 3 19935
9535 2 19936
1975 4 19936
7723 5 19939
3723 3 19940
6465 3 19941
1443 3 19941
8325 2 19942
6859 1 19946
7158 1 19949
3866 2 19949
4668 3 19950
2376 3 19951
9215 1 19951
6387 2 19952
1467 1 19952
2419 5 19955
6635 4 19957
471 4 19957
1010 4 19959
477 1 19960
627 3 19960
2250 1 19961
467 2 19961
4785 1 19962
2800 1 19963
8684 2 19966
7383 5 19967
4020 3 19967
8308 5 19968
6646 3 19969
7768 1 19970
517 3 19970
5166 4 19974
7944 5 19975
6247 2 19975
1883 5 19977
3718 4 19978
2597 4 19978
6846 1 19979
9754 5 19979
7957 2 19980
3756 3 19980
5980 3 19981
4819 2 19981
4868 3 19982
7674 1 19983
861 4 19984
8070 1 19984
9753 3 19988
9124 1 19988
6104 1 19989
1844 2 19990
6055 3 19991
4689 2 19991
1396 5 19992
3458 5 19994
1754 5 19994
2912 5 19996
2860 1 19996
8686 2 19998
6380 1 19998
6189 4 19999
626 3 20000
228 2 20000
5312 1 20001
2273 4 20001
1815 3 20003
8375 2 20003
1477 2 20004
9268 4 20005
8439 4 20006
870 1 20007
8123 3 20009
3825 5 20010
5246 2 20010
8481 4 20011
6278 5 20012
8457 5 20015
5771 2 20015
1590 4 20016
4199 3 20018
5850 2 20019
4103 5 20021
2995 5 20021
4223 2 20024
4779 4 20025
6974 2 20025
4698 1 20026
7346 5 20026
6976 5 20027
5771 2 20028
7342 5 20029
1709 3 20029
8546 3 20031
1904 3 20031
609 1 20032
5096 1 20032
9378 2 20034
9292 2 20036
2477 4 20036
2440 2 20037
5374 3 20038
3652 2 20040
8608 2 20041
1561 2 20041
3285 2 20043
3190 5 20044
1894 3 20045
3436 3 20046
6465 2 20046
4056 1 20047
4862 1 20047
7032 5 20049
1539 1 20049
1303 4 20054
6112 4 20055
95 3 20056
2400 2 20057
4886 5 20058
3899 4 20060
3527 4 20060
3412 5 20061
5657 1 20062
9546 1 20062
1659 4 20064
6236 2 20065
4449 5 20066
6320 3 20067
6733 4 20068
1498 5 20069
9370 5 20069
8250 1 20071
334 2 20075
6774 4 20076
6328 3 20076
4861 4 20077
7304 2 20077
8504 4 20078
1362 3 20078
4174 4 20079
8269 4 20079
5658 1 20081
2122 2 20084
6700 5 20084
6729 1 20087
8110 4 20090
8439 3 20091
9641 4 20093
2673 3 20094
9985 5 20094
8609 5 20095
2402 5 20095
6218 1 20096
6689 4 20099
8217 4 20101
1487 1 20102
5044 4 20104
4489 2 20105
8540 2 20106
869 1 20107
4865 4 20107
6828 2 20108
3175 3 20109
3182 2 20110
6684 2 20111
8236 3 20112
3567 3 20113
4697 5 20114
7690 3 20115
6213 1 20118
4334 1 20119
6423 5 20120
2556 2 20124
9968 3 20124
6310 4 20125
2569 3 20125
690 4 20127
7595 2 20127
24 2 20128
2819 1 20128
6386 4 20130
1355 4 20132
5407 4 20134
7596 5 20134
5325 4 20135
8841 2 20136
3610 3 20138
2317 1 20138
8988 2 20141
885 3 20143
877 2 20143
7255 2 20144
6965 1 20144
3970 1 20145
7791 1 20146
6299 5 20149
9060 4 20150
8119 4 20152
459 2 20152
7799 5 20153
8918 4 20153
9281 5 20156
5278 3 20156
705 4 20157
1994 1 20158
1734 5 20158
5638 3 20159
5115 4 20159
874 5 20160
5392 3 20161
7093 1 20161
5096 3 20162
8798 3 20164
9127 3 20164
8188 5 20165
9514 1 20165
5328 4 20168
1416 2 20169
2744 2 20169
4319 1 20170
2452 4 20173
5817 5 20175
66 2 20175
4857 4 20176
8415 2 20177
8943 1 20179
8784 5 20179
8986 3 20180
6089 4 20181
3276 2 20182
7991 3 20183
7534 5 20183
6107 4 20184
5773 1 20185
7545 4 20185
4606 4 20186
244 4 20187
5799 4 20188
6995 5 20188
1135 3 20189
5073 5 20189
6836 3 20191
1391 2 20192
1149 2 20192
3059 1 20193
6932 5 20193
2047 1 20195
5946 1 20195
566 2 20196
3774 4 20196
1360 1 20198
212 5 20198
7137 4 20199
4567 5 20199
6812 2 20200
4110 3 20200
5504 4 20201
8623 4 20201
817 4 20204
9607 3 20205
8620 4 20207
210 1 20208
5911 1 20211
356 5 20214
4362 2 20214
1978 2 20216
6976 5 20216
2516 2 20217
4764 2 20218
1686 5 20219
2946 2 20220
1768 2 20221
8377 5 20221
3025 3 20222
1781 1 20223
339 3 20223
4904 2 20224
1685 2 20224
9548 2 20226
8637 1 20226
6233 2 20227
1192 3 20227
5341 2 20228
5368 3 20228
6049 2 20230
6839 4 20230
8267 1 20233
4449 1 20234
4941 3 20236
2597 3 20238
6945 1 20242
788 1 20243
7987 4 20244
6448 2 20244
5391 5 20246
4309 5 20246
6361 2 20247
3695 4 20248
5567 5 20248
7489 4 20250
1037 5 20252
7398 1 20252
7098 3 20253
9465 3 20254
7090 5 20255
2521 4 20255
4463 5 20257
6118 5 20257
6767 5 20258
4118 2 20258
3674 3 20259
8297 5 20262
3021 2 20262
3164 5 20263
207 3 20265
2417 3 20266
4286 1 20267
4524 1 20269
8860 5 20269
8595 5 20270
5093 5 20270
4068 4 20271
6098 3 20272
3397 5 20273
1727 4 20273
1561 3 20275
5321 4 20277
7672 4 20277
6966 4 20278
8503 4 20278
4861 4 20280
8501 1 20281
7162 2 20282
9777 5 20284
6287 3 20285
4668 4 20286
4565 5 20286
2375 3 20287
4688 2 20289
7561 4 20290
1159 5 20292
9387 5 20293
3446 5 20293
7924 3 20294
5167 3 20297
3917 1 20297
9405 3 20300
3534 4 20301
6241 2 20301
378 4 20303
2527 5 20303
9093 5 20304
9246 4 20304
5985 1 20305
3882 1 20308
4672 4 20308
7675 4 20311
5947 4 20314
291 4 20314
6246 1 20315
1064 1 20315
4668 3 20316
1030 2 20318
4812 2 20319
1136 4 20321
6418 2 20322
5295 3 20322
6213 2 20326
189 3 20326
8448 3 20327
8516 1 20328
8212 4 20329
617 3 20329
1598 4 20331
775 3 20332
717 5 20332
9716 2 20334
8484 4 20335
5914 3 20338
9668 2 20338
244 5 20341
9809 1 20341
4265 5 20343
3292 2 20344
5476 3 20345
4862 4 20345
5247 4 20346
7906 5 20346
9674 5 20347
9972 5 20348
163 3 20349
9385 3 20349
740 5 20351
7072 3 20351
8797 5 20353
8074 4 20354
967 2 20355
1416 1 20356
5277 1 20358
4778 1 20359
4071 1 20361
3590 1 20361
4769 1 20364
7579 2 20364
6184 5 20367
2549 3 20369
2868 1 20370
9997 1 20371
4431 4 20371
5323 3 20372
6063 5 20372
9243 4 20373
3588 4 20373
8807 3 20375
7715 4 20376
5843 1 20380
5210 4 20381
7438 1 20383
5609 2 20386
7125 4 20386
7124 2 20387
4577 4 20388
5235 2 20390
5460 3 20390
8867 5 20391
2499 1 20391
509 4 20394
1635 5 20394
4881 5 20395
5327 4 20395
7153 1 20397
4121 1 20397
4598 5 20398
1781 1 20398
1920 2 20399
574 5 20399
6524 2 20400
4389 1 20402
117 3 20403
3576 1 20405
5725 1 20406
2835 2 20406
741 1 20409
3658 5 20410
9002 1 20410
4890 3 20411
5112 5 20412
8142 4 20414
7503 3 20416
2276 3 20416
84 5 20417
4087 1 20418
5600 5 20419
8309 5 20420
5137 1 20420
4470 3 20421
9622 4 20421
2225 5 20422
9531 5 20423
6981 2 20424
3540 2 20424
6005 5 20425
8277 3 20427
9415 5 20427
5508 2 20428
6259 2 20428
7063 5 20429
8052 5 20430
7247 4 20430
3693 2 20431
5974 3 20433
2170 2 20434
5774 3 20434
1798 1 20435
8049 2 20435
9874 5 20436
1445 3 20438
6936 3 20438
5922 2 20439
6299 4 20440
6198 5 20440
8680 5 20441
1149 4 20442
1983 1 20442
4290 4 20444
6654 3 20444
8778 3 20445
1626 3 20446
9284 5 20447
9608 3 20447
4497 2 20449
4190 5 20449
3096 4 20451
8786 3 20451
3686 4 20452
2624 5 20453
3237 3 20455
3192 2 20456
5279 4 20458
5604 3 20458
3843 5 20459
8411 2 20459
70 1 20460
1936 2 20461
598 3 20462
4001 3 20462
8666 3 20465
9580 2 20467
8394 5 20468
5406 5 20469
5527 1 20469
9909 4 20471
4357 5 20471
5373 2 20474
5487 3 20474
5825 1 20475
7899 3 20477
3861 3 20478
1553 4 20479
5465 4 20479
2631 2 20480
1300 5 20483
8418 1 20486
3556 2 20487
2616 4 20487
2321 2 20488
9408 2 20488
5256 4 20490
1007 2 20491
1784 4 20493
2556 1 20494
2734 1 20496
2421 2 20497
6206 1 20498
1444 4 20498
2855 4 20499
5798 4 20500
8035 3 20501
7339 3 20502
4783 1 20502
2049 5 20504
2432 4 20504
9481 3 20505
8991 2 20505
6439 2 20506
7970 4 20507
1497 3 20508
2623 2 20508
7815 5 20509
738 4 20510
4738 5 20511
1153 4 20514
2802 2 20515
3899 5 20516
9501 4 20517
9283 4 20517
6691 3 20519
9931 3 20520
3186 2 20520
3543 3 20522
4702 2 20522
8568 5 20523
9682 4 20524
4131 2 20527
1651 3 20529
9126 3 20529
3467 4 20530
2982 5 20530
8530 3 20532
7643 5 20534
2743 3 20534
5508 4 20536
4343 4 20537
7014 5 20537
7460 5 20538
5634 4 20538
965 1 20539
3852 5 20541
9843 4 20542
4552 3 20544
9303 5 20546
1161 4 20547
1069 2 20547
2073 3 20550
5042 1 20553
6963 3 20554
5495 4 20556
4806 4 20556
8632 5 20557
9779 1 20557
9765 3 20558
9119 5 20558
9045 1 20559
5103 3 20560
9681 5 20560
5918 5 20561
1709 2 20561
7552 3 20562
1870 5 20563
2360 1 20564
9957 2 20564
131 4 20565
4650 2 20565
6134 2 20571
4843 2 20574
2593 1 20574
7768 2 20575
3834 5 20576
3668 2 20576
2349 5 20578
6120 4 20579
2674 3 20579
5687 4 20583
1633 3 20583
2554 4 20585
5458 2 20586
1215 2 20586
8616 3 20587
9397 3 20590
6496 2 20592
9717 2 20592
1950 3 20593
535 5 20594
8292 3 20594
7067 3 20598
6388 3 20599
191 2 20599
346 3 20600
3421 5 20602
4782 3 20603
5544 5 20604
2779 4 20605
5967 1 20605
958 1 20608
4973 1 20609
3703 2 20610
5456 3 20611
2078 3 20612
2634 3 20613
6083 4 20613
9823 4 20615
4853 1 20615
3047 3 20617
7446 4 20618
2113 5 20618
5588 4 20619
1962 3 20621
5883 2 20621
6325 2 20623
1496 1 20623
4950 5 20624
3472 4 20624
1839 3 20626
6572 5 20627
3234 2 20627
5131 4 20628
1536 4 20628
4662 5 20629
5013 1 20630
3182 4 20630
6183 5 20632
6464 5 20632
2365 3 20634
1130 1 20635
3472 5 20636
48 1 20636
4014 5 20639
7305 1 20639
3835 5 20641
5588 1 20641
3645 5 20644
6641 1 20644
5365 2 20645
2058 1 20646
5561 2 20648
2775 3 20648
5828 4 20649
3228 3 20649
586 1 20650
245 3 20650
6405 3 20652
8712 1 20654
2764 3 20655
1011 1 20656
1872 1 20656
5351 5 20657
5166 4 20657
8278 5 20658
2297 2 20660
7765 2 20661
1980 1 20661
9090 5 20662
7146 5 20664
2220 1 20665
7314 2 20665
1009 2 20666
2465 5 20666
916 1 20667
5641 2 20667
9564 2 20668
256 2 20670
2548 4 20671
3041 4 20671
9518 3 20672
8030 2 20673
6551 5 20675
8935 4 20675
9570 1 20676
6450 3 20676
2701 5 20677
850 3 20677
3772 4 20680
3801 2 20680
5350 2 20681
6085 4 20681
4129 2 20682
3330 2 20682
2805 5 20683
9215 1 20683
6612 4 20684
5143 5 20685
271 3 20685
1650 3 20687
4132 4 20688
9586 5 20688
3146 1 20690
8349 5 20690
1100 5 20691
8787 3 20691
1517 1 20693
885 3 20693
6384 3 20694
2818 3 20695
3372 1 20695
4796 1 20696
98 4 20697
3439 5 20697
7976 3 20699
8283 1 20699
9255 2 20700
4419 1 20700
6552 4 20701
2913 1 20702
96 4 20703
3258 2 20704
7998 4 20706
3413 1 20706
3514 2 20707
2687 5 20707
3698 4 20708
8414 2 20708
7183 5 20710
1373 1 20710
6303 3 20713
9987 1 20714
5700 5 20715
9835 1 20716
3304 3 20716
4197 1 20717
1820 5 20717
1968 1 20718
4276 5 20720
745 1 20721
8787 5 20721
6934 3 20723
8997 4 20724
2537 2 20727
9349 4 20727
5210 3 20733
3670 1 20733
5099 1 20734
1751 4 20734
9538 1 20736
1965 5 20737
7973 3 20737
9833 2 20738
6123 3 20738
8523 3 20740
6936 4 20740
4242 3 20741
6140 1 20741
8056 1 20742
8045 1 20743
3606 3 20743
9776 5 20747
6823 5 20748
4594 3 20748
8715 5 20749
9018 3 20749
3031 4 20750
9071 4 20751
5907 1 20752
8816 4 20754
9893 1 20756
7402 4 20756
5609 4 20757
9426 2 20757
3301 5 20758
4790 2 20758
4511 1 20759
7586 5 20760
9931 2 20762
4350 1 20765
5699 2 20766
8838 4 20767
4120 4 20768
9364 4 20768
2583 4 20770
7352 4 20770
8132 2 20771
1302 4 20771
810 2 20772
103 2 20773
1115 2 20773
7912 3 20775
6739 4 20776
7920 4 20777
622 5 20778
305 3 20779
998 3 20780
5031 1 20781
618 4 20781
4814 2 20782
9452 2 20783
9663 5 20784
7665 2 20784
349 3 20785
4000 1 20786
8266 4 20786
1353 1 20787
288 1 20787
6940 1 20788
1750 2 20789
6337 5 20789
8340 1 20790
8972 1 20790
1611 5 20791
8054 1 20792
7512 2 20792
2266 2 20794
9201 1 20796
9161 1 20798
4558 4 20798
6120 5 20799
5964 4 20799
8096 2 20800
978 5 20802
5353 2 20804
6641 2 20804
1873 4 20805
4285 4 20806
431 5 20806
3158 4 20809
868 2 20809
9706 2 20810
8394 2 20810
301 1 20813
1337 2 20814
1087 4 20814
9836 1 20816
4241 4 20816
5007 5 20817
6930 1 20819
7327 2 20819
3702 3 20823
1270 3 20823
7280 2 20824
7681 5 20828
8388 5 20828
4111 2 20829
5639 3 20829
2269 3 20831
8904 4 20832
7564 5 20833
1766 3 20833
1952 1 20834
5507 4 20837
9745 3 20838
7020 1 20838
4722 4 20839
2311 1 20839
3690 1 20843
1528 3 20845
886 4 20846
9017 1 20848
6383 4 20850
5193 3 20850
2493 2 20852
2916 5 20853
8817 1 20853
5003 2 20855
5782 4 20855
3069 3 20856
566 3 20857
9683 1 20859
2488 3 20861
5585 2 20861
2053 1 20862
8375 5 20864
3848 3 20864
1591 4 20865
4163 4 20867
9195 2 20868
3918 5 20868
4489 5 20869
5064 3 20870
660 3 20871
8200 2 20871
2067 2 20874
9242 1 20875
1227 5 20876
2348 4 20876
2297 3 20878
779 1 20878
4276 4 20880
1998 1 20880
7384 4 20883
1247 4 20883
671 5 20884
8283 2 20884
3599 5 20885
1372 1 20885
3611 4 20886
3088 1 20888
8856 3 20889
8241 5 20890
9817 3 20891
314 3 20892
4110 3 20892
6499 2 20893
5165 2 20895
9481 3 20897
9230 1 20897
431 2 20898
1732 2 20899
1100 4 20899
1922 2 20900
8437 4 20900
3550 2 20902
9987 1 20902
546 4 20903
6339 2 20903
279 5 20905
554 5 20907
7926 5 20908
8193 1 20908
128 5 20909
6294 1 20909
2789 2 20910
4357 1 20910
1652 1 20912
5150 1 20912
726 3 20913
5087 1 20915
8918 2 20915
217 2 20918
6192 4 20919
2896 5 20919
9472 5 20920
269 5 20920
3707 1 20922
5134 3 20924
5205 2 20925
8667 3 20927
9039 4 20930
5722 1 20934
5448 3 20938
9018 4 20939
2913 3 20942
5058 1 20943
4961 3 20944
1867 1 20944
7866 3 20945
8906 5 20945
9161 5 20947
5101 3 20947
9554 5 20948
6630 4 20948
630 5 20949
7778 2 20951
4017 2 20951
9676 5 20952
4124 5 20952
5423 3 20953
9488 3 20953
681 2 20954
4177 2 20954
2439 2 20955
6876 1 20955
9198 3 20956
39 5 20956
8014 2 20957
6900 5 20958
8135 2 20959
9883 3 20959
9267 2 20960
6753 1 20963
4091 3 20964
7755 2 20964
6663 2 20965
1989 2 20965
2353 5 20966
2839 5 20966
3798 2 20967
7677 4 20969
1829 4 20971
2545 2 20971
188 2 20975
4053 1 20976
7438 3 20976
2186 1 20979
2585 1 20982
496 1 20985
7374 2 20985
4593 3 20987
3825 5 20987
9082 4 20988
3344 2 20989
604 3 20990
8157 3 20990
2842 4 20993
3984 5 20993
8278 3 20994
7821 2 20995
7327 1 20995
7043 1 20998
5375 3 20998
3242 4 21000
78 5 21001
1892 1 21004
1706 5 21005
5767 1 21005
5647 2 21006
561 1 21009
5488 2 21010
2769 3 21010
3899 3 21011
7619 3 21011
6333 5 21013
1189 5 21013
5662 1 21015
5013 5 21016
844 5 21018
3625 1 21019
9325 5 21021
7538 5 21021
5446 2 21023
8861 2 21023
7474 2 21024
5392 4 21024
5402 3 21026
2756 4 21026
6642 5 21027
6267 2 21028
1884 2 21030
7001 2 21031
3687 2 21034
522 4 21034
4329 5 21036
5706 3 21036
9034 3 21038
2497 5 21038
2029 2 21039
6019 1 21040
4028 1 21041
8872 4 21042
1233 3 21042
4264 4 21043
1555 4 21043
1419 1 21045
6543 3 21045
8234 1 21047
9318 4 21047
5543 4 21052
4910 1 21053
5633 1 21054
8939 2 21054
2109 4 21055
4950 4 21056
6119 2 21058
8736 4 21059
595 2 21060
5872 2 21060
8674 5 21061
6470 1 21061
708 1 21062
1775 4 21062
3411 2 21063
2958 5 21064
5281 5 21064
5611 3 21065
9591 4 21067
8543 5 21067
354 5 21069
152 1 21070
7055 5 21071
4687 4 21074
2719 1 21075
2806 2 21075
8959 4 21076
8212 5 21076
1890 2 21077
8237 3 21077
8231 4 21079
714 1 21079
4023 5 21081
6011 1 21082
5172 4 21082
9645 3 21083
7988 5 21083
771 3 21085
1242 2 21085
8844 3 21086
3958 5 21086
5868 2 21090
6138 5 21091
92 1 21092
404 1 21093
1756 2 21095
1938 3 21096
3262 3 21096
3494 1 21097
946 2 21098
6821 5 21099
1011 1 21101
1378 4 21101
3504 2 21102
6570 1 21103
6321 2 21103
4068 2 21104
2792 4 21106
5652 1 21107
4941 5 21107
3650 4 21108
7 2 21108
1029 3 21111
7834 4 21113
4400 5 21113
8258 2 21115
9162 2 21116
7019 2 21116
299 5 21117
3807 2 21117
3874 1 21119
6253 3 21125
3449 4 21125
9708 1 21126
1108 5 21127
2627 1 21128
4832 5 21129
6458 2 21130
7446 3 21131
3154 5 21131
2916 4 21132
2585 5 21133
320 4 21136
9730 5 21136
3091 5 21137
3836 1 21139
3621 5 21141
7603 4 21141
6165 4 21142
5837 5 21144
9741 4 21147
634 2 21147
7868 1 21148
8125 4 21149
3737 1 21149
5537 5 21150
9838 3 21150
814 1 21152
5465 5 21152
2994 3 21153
590 3 21154
2029 5 21157
4961 4 21157
7787 4 21159
5360 3 21160
9858 2 21161
5938 1 21162
6522 4 21163
9599 1 21165
1835 1 21165
5692 3 21166
7352 2 21166
7144 5 21167
9491 1 21167
18 1 21169
1749 1 21169
1245 2 21171
5932 3 21171
5511 3 21172
8276 4 21173
8509 2 21173
2407 3 21175
5633 1 21175
2774 4 21177
3746 2 21177
7483 5 21179
5407 5 21179
2806 4 21180
8027 5 21181
1143 4 21184
1338 5 21184
4945 4 21185
8055 5 21187
9049 4 21189
6221 2 21189
7506 4 21190
3921 1 21190
6757 2 21193
6366 3 21193
6248 1 21194
3920 1 21195
7625 2 21196
4220 4 21196
2512 1 21197
4853 3 21197
5296 1 21200
8091 1 21200
4575 3 21201
155 4 21201
2181 2 21202
5978 4 21202
4489 1 21203
7241 2 21203
3271 5 21205
6042 1 21206
8039 2 21207
7448 3 21207
7051 3 21210
591 5 21210
7605 2 21211
7355 4 21211
2738 5 21212
5950 5 21212
4441 2 21216
5961 5 21216
1927 4 21217
2116 5 21218
2063 3 21218
5386 3 21219
6443 4 21219
9899 3 21221
7966 3 21221
4315 1 21222
8959 5 21223
4325 3 21225
3331 2 21227
685 5 21229
3799 5 21230
4311 5 21230
8046 3 21231
574 2 21232
7311 3 21232
816 3 21234
2495 1 21234
6855 5 21235
4068 3 21236
3068 2 21236
4222 3 21237
5975 3 21242
2190 2 21242
757 4 21246
6632 5 21247
6413 3 21249
7198 1 21249
1615 3 21250
8568 1 21251
3968 2 21252
9302 1 21252
4688 2 21253
2675 1 21253
4296 2 21254
2191 4 21255
529 4 21257
9209 2 21259
9136 4 21260
3661 4 21261
8439 2 21261
879 5 21262
6877 5 21262
7387 4 21263
7815 2 21263
7008 2 21264
335 5 21264
3978 2 21265
7129 2 21266
3077 5 21266
7443 3 21267
3816 3 21267
7446 2 21269
7022 3 21269
9321 1 21272
3572 3 21273
8102 3 21273
6819 5 21275
5612 5 21279
8218 4 21280
1632 2 21280
9110 3 21282
8887 2 21282
7241 1 21284
9616 4 21287
2748 4 21287
4762 2 21288
3787 3 21288
1173 3 21290
79 5 21290
877 1 21291
2102 3 21291
6691 5 21293
8204 4 21294
2800 3 21294
4366 1 21295
7320 5 21295
4742 3 21296
2408 1 21299
8363 4 21299
2194 2 21301
1685 2 21303
2521 1 21303
3806 1 21305
2351 3 21306
8148 4 21307
5273 5 21307
8234 4 21308
9493 4 21311
8807 5 21312
937 4 21313
6230 5 21313
4458 1 21316
3328 3 21316
2640 1 21317
2521 1 21318
7843 2 21318
8601 1 21320
3728 3 21321
929 4 21321
1578 3 21322
3712 1 21323
5750 3 21325
4757 5 21330
2101 1 21332
4322 1 21333
4112 4 21333
8018 4 21334
9636 2 21334
4018 5 21336
9020 3 21336
6939 4 21337
8432 2 21338
6835 4 21338
1730 4 21340
3354 5 21341
7394 5 21341
9844 4 21342
4346 3 21342
9990 1 21343
8398 3 21343
8753 5 21344
5731 4 21345
9388 2 21345
9770 1 21348
9443 3 21348
6625 1 21351
3282 3 21352
3618 3 21353
9294 3 21353
4223 4 21355
4777 3 21355
2823 1 21357
4172 2 21358
7947 1 21359
5147 1 21359
2724 2 21360
8804 3 21361
9723 5 21362
4334 5 21362
6327 5 21363
391 3 21364
6327 2 21364
2540 5 21367
6551 5 21368
2349 2 21368
3672 5 21370
2932 1 21370
1394 1 21371
136 4 21371
4600 1 21374
3412 4 21374
3601 1 21375
4632 4 21376
5158 2 21377
7900 5 21379
1093 3 21380
5624 1 21380
8441 2 21381
1500 3 21381
823 4 21382
5307 4 21382
4995 3 21383
7077 1 21383
3947 5 21384
5709 5 21387
9993 3 21388
5443 3 21388
8263 2 21389
7157 5 21389
6692 2 21390
5128 2 21391
7037 2 21392
4463 2 21395
4455 2 21396
5201 2 21396
8195 5 21397
6165 2 21397
1637 5 21398
6282 4 21398
1648 4 21399
852 3 21401
1575 5 21402
7838 1 21403
9386 4 21404
9822 2 21404
6680 2 21406
6771 3 21407
2995 4 21407
486 3 21408
7959 3 21409
7703 4 21409
5372 3 21411
7693 1 21411
6200 3 21412
9016 3 21413
6637 5 21413
1976 3 21415
1578 5 21416
9916 4 21416
4181 2 21418
4674 2 21418
9288 4 21419
8387 3 21420
6739 3 21420
391 4 21421
1128 5 21421
2045 1 21422
8316 2 21423
2686 4 21424
6951 4 21424
5623 2 21428
4886 4 21428
9706 1 21429
2486 1 21431
41 5 21434
9721 2 21435
451 4 21435
9076 5 21438
885 1 21438
3742 1 21441
2867 5 21441
5085 4 21442
2315 3 21446
7283 1 21446
5212 3 21447
9235 5 21447
789 3 21448
4540 2 21448
5940 4 21449
3346 4 21451
2216 4 21451
8677 5 21452
8824 2 21453
9974 3 21453
4433 2 21454
2494 4 21455
3365 4 21456
2220 4 21457
6358 1 21458
4327 5 21458
9622 3 21460
2021 5 21462
2844 1 21463
2171 5 21465
8119 3 21466
7187 1 21466
7100 1 21467
3381 1 21467
5934 3 21468
2508 3 21469
9561 1 21470
1212 4 21470
7251 5 21471
7681 3 21471
4053 5 21472
8484 5 21472
2619 3 21473
4632 5 21474
9585 4 21474
7456 2 21475
1162 2 21475
4326 1 21476
7092 3 21476
1193 3 21477
6242 5 21478
116 5 21478
8809 3 21480
9799 3 21480
352 1 21484
134 4 21484
5790 5 21485
6093 4 21487
2126 1 21487
5264 2 21488
6494 4 21488
828 2 21490
8607 1 21492
1507 3 21493
3966 1 21493
6555 3 21494
2729 2 21494
7952 4 21495
1089 3 21497
3446 3 21501
3876 5 21502
136 1 21502
8512 3 21503
3226 2 21503
6103 3 21504
1281 4 21504
3985 5 21505
8996 3 21507
5292 4 21508
6715 3 21508
7310 3 21509
6029 2 21509
8463 2 21510
171 2 21510
8361 3 21512
1196 5 21513
9149 1 21514
1394 1 21515
722 4 21519
6310 1 21519
1483 5 21520
6614 3 21520
2832 2 21522
1417 1 21526
6638 4 21526
3719 2 21527
2813 2 21529
819 4 21529
4045 2 21530
8630 5 21530
6366 3 21532
6575 3 21533
1032 2 21533
5215 3 21534
9956 4 21534
2494 2 21535
2050 3 21535
8997 3 21536
8107 1 21536
497 3 21538
739 4 21538
886 1 21539
4618 4 21540
7851 2 21540
6226 4 21541
77 2 21541
7272 5 21542
6727 3 21544
6377 2 21545
9177 1 21545
2770 4 21546
4554 2 21546
1960 3 21547
7714 1 21549
3202 3 21552
8783 1 21552
2687 5 21556
869 2 21556
4922 3 21558
8278 2 21558
4329 2 21559
2414 1 21563
1437 1 21563
8217 3 21565
97 1 21565
148 5 21567
1528 1 21569
3311 4 21570
4106 2 21570
8640 5 21571
6203 2 21571
9931 2 21572
6228 2 21572
1829 1 21574
3599 2 21575
8176 2 21577
6964 4 21579
793 3 21579
770 2 21580
6339 5 21580
955 1 21582
9355 4 21583
3337 2 21583
2742 4 21584
7627 1 21584
2190 3 21585
4128 1 21586
8134 3 21587
4295 1 21588
1592 5 21589
6991 5 21589
4978 2 21591
7534 3 21591
9178 2 21592
6369 4 21596
5002 1 21603
3051 3 21603
7200 2 21605
4509 4 21606
4853 4 21607
1170 1 21607
6892 3 21608
6153 4 21608
9411 5 21609
8142 2 21609
2604 3 21610
339 4 21611
7049 1 21613
1680 3 21613
5359 1 21615
9685 5 21615
5364 5 21616
9380 3 21616
9198 3 21617
1514 2 21618
488 4 21618
5767 4 21619
1657 3 21619
2020 4 21620
6740 3 21621
9711 3 21621
4598 3 21623
2506 2 21623
8291 2 21624
9057 4 21624
8468 5 21625
786 2 21626
7539 5 21628
2537 2 21628
1969 5 21629
6580 2 21631
5731 4 21633
9019 4 21634
6711 4 21637
2279 2 21638
5655 5 21638
6275 2 21640
9128 3 21640
3096 4 21642
1388 5 21642
7917 4 21644
8428 2 21644
8179 3 21645
6077 5 21648
8243 2 21649
6762 2 21650
2084 2 21651
9237 1 21651
4553 4 21652
153 1 21653
5545 2 21654
9667 1 21655
4910 3 21656
619 3 21656
5015 4 21659
9047 3 21659
6135 5 21660
2831 2 21663
8467 5 21663
6295 1 21665
3686 1 21667
4562 3 21668
4685 1 21668
2450 3 21669
7530 4 21670
4481 3 21671
7555 2 21673
9574 4 21674
380 3 21676
6875 4 21676
4152 2 21677
2691 1 21678
3045 3 21679
8292 3 21679
7314 1 21680
5790 1 21681
1663 4 21683
5599 2 21685
2085 1 21690
718 5 21690
6766 1 21691
6518 1 21691
8995 5 21692
344 4 21692
380 1 21694
3852 3 21696
3472 1 21697
3241 4 21698
1663 1 21698
4510 1 21699
5735 2 21700
7276 1 21700
1105 5 21701
5025 4 21701
3356 2 21703
5118 1 21703
1983 4 21704
3164 3 21704
391 3 21707
9950 2 21707
7873 4 21708
8253 1 21708
8637 4 21710
8205 4 21710
4407 5 21711
4321 4 21711
387 1 21712
7026 2 21713
4479 1 21713
6727 3 21716
5485 5 21717
7663 3 21718
5056 4 21722
5159 2 21722
873 2 21724
811 2 21725
2907 3 21725
305 4 21726
5142 4 21726
2392 5 21727
6694 5 21728
3711 5 21729
9572 4 21730
6681 1 21730
5946 2 21733
3218 2 21734
1801 4 21736
2497 4 21737
5835 2 21738
844 1 21740
3444 3 21740
4914 1 21742
5993 1 21743
3991 5 21743
7451 3 21744
5915 2 21744
5136 5 21745
8545 4 21745
3312 3 21746
7518 1 21746
4639 2 21747
4059 4 21748
1481 1 21748
6278 5 21749
2293 3 21750
2289 2 21751
413 5 21751
8050 2 21754
3634 5 21754
2848 2 21755
7848 4 21757
3793 4 21757
538 5 21758
8538 5 21759
4162 1 21759
3663 2 21760
6561 3 21761
714 5 21761
2529 1 21762
4035 2 21762
2997 2 21763
3530 2 21763
7451 3 21765
6371 1 21765
9506 1 21766
9123 1 21766
3679 3 21770
5674 2 21771
4710 5 21773
9132 3 21773
4811 5 21776
7476 5 21777
5317 4 21777
2207 2 21778
7064 1 21779
5454 4 21780
7392 2 21781
8082 3 21786
3905 1 21788
6646 5 21790
5381 3 21791
2721 2 21793
1689 4 21793
3264 4 21795
1032 5 21796
4637 4 21796
1385 2 21800
5804 1 21800
3788 4 21801
1487 3 21801
5291 2 21802
8675 1 21803
9826 5 21803
2648 4 21804
8622 3 21804
1376 5 21805
8571 3 21806
4674 1 21808
3416 1 21809
4846 1 21809
7264 1 21810
8907 1 21810
633 3 21812
525 5 21812
9227 1 21814
6358 2 21815
9517 4 21815
992 5 21816
9414 3 21816
2442 5 21819
2752 5 21821
2454 2 21824
9107 4 21825
9937 5 21826
6016 1 21828
4366 5 21828
5719 2 21830
3428 5 21832
1156 4 21833
2901 3 21834
1417 5 21834
3800 5 21835
1474 1 21838
1868 4 21838
8199 1 21839
5823 1 21841
2513 2 21841
6965 3 21843
1481 5 21843
2418 5 21845
6834 5 21847
1596 2 21847
718 4 21849
4568 2 21849
9792 2 21850
8918 3 21851
989 3 21851
8725 5 21852
4196 3 21852
785 2 21853
3593 5 21854
7265 1 21856
32 1 21856
9728 2 21859
9115 2 21859
2732 4 21860
