32000 21546
2523 1 0
4122 3 0
8640 2 0
2032 5 0
4581 2 0
5277 5 0
1595 1 0
2282 3 0
6797 1 0
5649 1 0
5618 4 0
2931 3 0
1923 4 0
4274 4 0
5922 3 0
7654 5 0
4869 2 0
4536 1 0
4775 3 0
2156 3 0
8051 1 0
7168 1 0
3924 4 0
5573 2 0
2572 2 0
2742 2 0
1726 3 0
2070 2 0
6786 2 0
7593 3 0
6706 2 0
789 3 0
4323 1 0
1731 4 0
597 3 0
8863 5 0
914 3 0
2550 5 0
6253 4 0
3304 1 0
8505 3 0
2930 3 0
9251 4 0
5317 3 0
5174 5 0
1627 3 0
7087 3 0
7957 4 0
6026 1 0
4375 5 0
527 3 0
490 4 0
3973 2 0
9821 4 0
4316 4 0
8814 1 0
3185 4 0
4860 2 0
7595 4 0
7617 4 0
3263 5 2
844 4 3
5222 5 6
6962 2 7
6484 3 8
7479 1 8
2768 5 9
1234 4 11
179 1 11
6944 4 12
6397 1 13
5056 3 14
5539 4 14
8953 3 16
4167 4 17
6427 4 17
4025 2 18
8232 2 18
2700 5 20
2980 3 21
541 4 21
5157 4 23
9902 3 23
3552 1 24
507 4 24
2889 4 25
3637 1 26
5947 2 29
1389 5 29
2130 2 30
9116 2 31
7602 2 31
7858 1 32
4619 2 32
8074 3 33
5901 3 36
6888 4 36
2777 4 40
4956 3 41
1218 4 42
6075 1 43
6926 5 43
278 4 44
3064 4 45
4541 4 47
5139 3 48
9923 1 50
7847 4 50
2978 3 53
3700 5 53
7135 1 54
2211 1 54
9723 4 56
668 3 56
8577 2 57
5164 3 58
3334 3 58
9056 3 59
10000 1 59
8349 2 61
320 1 62
8591 5 62
6792 3 63
3541 3 64
6649 4 65
878 2 66
1500 2 66
5382 3 67
5865 1 67
7192 4 68
5567 5 68
4438 5 70
9119 4 71
2401 1 72
4316 1 72
8894 3 73
45 1 73
3522 2 75
4671 1 76
4989 2 77
863 4 78
4535 3 78
961 2 79
6461 4 81
4110 4 83
5317 3 83
6160 3 84
954 4 85
6676 3 85
2295 2 86
3147 5 87
6460 1 88
1685 4 88
733 5 89
3073 5 89
7715 5 90
3223 5 91
463 3 91
4199 2 92
2650 5 92
2972 3 93
3541 2 93
1606 2 95
3057 5 95
5999 3 96
138 4 96
1765 4 97
5075 3 98
181 5 98
5180 1 101
8185 2 101
1735 5 106
3302 5 107
2509 4 107
7805 2 108
6476 5 108
9271 4 111
373 4 112
9271 1 112
5737 2 113
5257 4 113
1961 1 114
3355 2 114
1370 5 115
3121 1 115
4806 3 116
3918 5 117
751 2 117
5460 4 118
6090 1 119
9199 5 119
3028 3 120
1042 1 120
2198 3 121
3524 5 122
5306 2 122
5654 5 123
8040 3 123
4516 2 124
3087 3 127
4387 5 128
1843 2 128
880 4 130
130 3 130
878 1 133
8565 3 133
1499 2 134
867 3 135
4139 2 135
8504 4 139
7704 4 139
2891 1 140
8791 1 140
9032 3 141
5194 5 141
3497 2 142
3808 1 143
1677 1 144
1862 1 144
1229 3 145
2758 5 146
165 1 147
731 3 147
9415 1 148
8341 4 148
4348 5 150
9533 2 151
3884 5 153
4320 3 156
4770 1 156
4886 2 157
3551 1 157
492 3 158
9491 2 159
4719 3 159
712 3 160
9902 5 160
2356 2 161
5795 2 161
7847 4 163
3979 1 164
5757 4 164
2703 3 165
7183 3 165
500 3 166
7755 1 166
9596 5 167
2522 3 167
1093 4 170
169 5 171
1752 4 171
631 2 173
337 1 173
5491 4 174
8614 3 174
1270 1 175
9802 2 175
5079 4 176
4209 5 179
4185 2 180
7797 1 180
9544 2 183
1829 2 183
5812 2 185
1055 4 188
2022 5 188
2622 3 189
7804 1 190
2378 1 190
3154 2 192
4047 3 192
1362 4 193
832 5 195
3895 4 195
7092 3 196
9292 2 196
2311 4 197
5543 3 197
2909 1 198
6377 4 198
9349 4 200
7739 3 200
7375 4 201
214 2 202
5997 2 204
3053 2 205
318 3 205
8137 3 206
5571 1 208
5182 2 208
4944 5 211
4869 1 211
9734 2 212
6748 4 212
845 1 213
9487 2 214
7771 4 214
6792 2 216
1523 2 217
7996 3 217
8404 5 218
2660 3 218
5199 4 219
4676 1 219
950 5 220
371 4 221
1461 5 221
9850 1 224
1661 3 226
2939 3 226
5375 5 231
414 5 232
1634 5 234
4810 3 234
9036 5 236
64 1 238
6503 4 239
9255 3 240
9377 2 240
7714 5 241
1957 4 242
9772 1 242
678 1 244
7676 5 244
1286 2 246
3805 3 246
5249 1 247
39 5 248
8443 4 250
966 3 251
9131 5 251
5020 2 252
3110 4 254
688 2 255
6991 5 256
7523 3 258
4764 2 259
5905 1 259
9992 1 260
601 1 262
7790 4 262
8674 1 263
8034 4 263
6792 4 264
3229 1 265
5498 1 265
1228 4 267
3704 4 267
728 1 268
9252 3 269
6492 4 270
7793 3 270
3869 3 271
9753 4 272
1127 3 273
5844 3 273
1190 2 274
9634 2 275
4855 3 275
2544 4 276
2654 4 276
9822 2 277
5306 4 277
1737 3 280
3890 2 280
8819 5 281
7277 4 283
2402 2 283
8069 4 284
8495 4 284
1166 3 287
2199 1 290
5820 2 290
9569 2 292
2008 2 293
495 5 294
2372 2 294
6250 5 295
4892 5 296
2112 3 296
4228 1 298
6855 5 301
2489 1 301
101 3 302
3183 4 302
6546 4 303
232 3 303
3869 2 304
5275 5 305
9602 1 306
1583 3 307
4666 4 308
5806 1 308
20 5 309
2960 1 310
8021 2 310
380 1 311
5523 3 313
6512 5 315
1457 3 315
5152 5 316
3638 2 316
3265 5 317
9183 2 320
8420 1 320
7160 1 321
7456 4 322
6020 1 322
6242 3 323
5215 2 323
5348 3 324
1086 3 324
9037 5 331
9542 2 332
9819 2 332
6950 5 333
4224 2 335
9092 4 337
8039 2 339
1854 2 341
2877 1 341
9579 5 344
8725 5 344
7474 5 346
8331 2 348
6898 2 348
3711 2 351
4917 5 352
3082 4 353
8375 1 356
9855 3 358
9750 2 358
8696 1 359
6420 4 360
1987 1 362
9272 4 363
7149 1 363
3697 1 364
6109 5 365
7667 4 365
2741 1 369
974 5 369
9554 5 370
5413 1 370
47 2 371
1046 2 371
1136 5 373
7384 3 374
8783 2 374
686 1 375
5562 5 376
3878 1 377
6837 3 377
497 2 378
27 1 380
1059 5 381
199 1 382
5892 5 382
1533 5 383
9969 5 384
145 1 385
4389 2 386
4802 5 386
5423 2 387
9811 1 387
9063 4 388
4493 3 389
1739 1 391
7296 2 391
3908 3 393
2945 3 395
2404 1 396
5063 5 396
5461 5 400
581 1 403
2574 1 403
8189 1 404
2899 4 405
2654 2 405
2716 1 407
3319 1 407
2922 1 409
3321 4 410
7525 3 411
8696 5 414
3733 5 416
1979 5 416
7192 2 417
183 2 419
6514 1 419
1152 3 420
3547 4 421
8355 5 421
4627 3 424
1953 4 424
1420 4 425
3557 5 425
9516 5 426
1045 1 427
5644 5 427
1383 5 428
8205 2 428
4146 1 429
5455 5 430
3288 5 431
327 4 432
3300 4 433
4368 1 434
6988 3 434
9092 5 435
6024 2 439
4235 1 439
5886 5 445
1092 2 445
9295 4 446
368 5 446
2434 2 447
7842 1 448
1741 2 450
5272 1 452
9645 1 452
9559 4 453
9713 2 454
9929 1 455
2134 2 456
6202 2 456
5206 3 458
5195 2 460
4925 5 460
1283 1 467
5869 2 468
9949 2 468
1011 5 469
489 4 470
719 1 471
5075 1 472
9316 4 473
9200 1 473
834 1 474
7912 3 475
6452 2 476
5500 4 476
8901 5 478
6361 5 478
8974 5 479
9625 4 479
4302 5 480
6213 1 480
5958 3 481
4833 2 481
1234 5 482
4396 2 482
7815 4 483
7573 1 483
2530 3 484
7421 4 485
5246 2 486
9936 1 487
6652 2 488
7732 3 490
6888 3 491
8064 2 491
1853 3 492
4629 4 492
8656 2 493
4508 2 494
1512 2 495
7624 4 496
8281 4 497
978 4 498
2049 2 499
5955 4 500
5127 5 501
2850 2 501
1044 2 503
8120 4 503
2324 2 505
1915 4 507
6588 2 510
6284 5 511
5604 4 511
251 3 512
9839 1 513
4800 5 513
470 1 514
1933 4 515
4171 1 515
3770 2 517
3687 2 519
6365 4 520
5241 1 520
8137 2 521
5697 4 523
3047 4 523
3472 2 524
6300 2 525
4478 4 525
6384 5 526
631 3 527
4046 2 527
585 3 529
2703 3 530
9136 4 531
5605 4 531
6736 2 534
1488 3 534
5763 1 537
4298 2 537
4000 5 540
823 4 541
7064 5 542
3226 1 542
3787 3 543
681 3 543
9074 2 548
3492 4 549
4291 5 550
6591 4 551
6211 5 554
7457 2 554
7144 2 555
8901 3 557
7241 4 560
6409 2 560
2703 1 562
7177 5 562
3967 3 563
3245 3 566
771 4 566
4386 2 567
6220 5 569
7325 1 570
7616 5 570
6788 5 571
7416 1 572
1231 1 572
3832 1 573
8350 4 574
7832 2 574
9452 5 576
717 1 576
8373 3 580
6192 1 581
4557 5 581
7321 5 582
3962 1 582
9873 1 584
9621 5 584
2400 3 585
407 3 585
160 5 587
881 2 588
6892 2 590
6428 2 590
6994 1 591
6916 1 591
2333 5 594
2363 4 594
1030 3 595
2891 5 595
1265 3 596
8427 3 596
3746 2 597
2112 3 597
6777 3 599
4854 1 600
3452 1 601
8037 3 602
7832 3 602
1564 3 603
5574 4 604
4102 2 605
5905 2 605
6847 5 606
1331 1 606
1334 4 607
4942 3 607
8839 5 608
4372 5 608
8720 3 609
5306 4 610
2562 3 611
2923 1 611
2869 5 615
5966 5 619
2909 2 619
2395 4 620
1601 1 620
1232 4 622
5352 1 624
8288 3 624
6446 2 625
6157 5 626
9107 3 626
727 2 627
8758 3 628
3116 3 629
7221 4 632
1874 5 632
855 4 633
6212 3 633
842 2 634
9485 3 635
3533 1 635
5200 2 636
4915 4 636
8422 4 639
9881 1 639
8071 1 640
3997 2 641
8238 5 643
1549 5 644
1981 1 644
5591 5 645
2688 4 645
2122 4 646
6459 1 646
3549 5 647
8583 1 648
2535 5 648
5179 5 649
5706 3 650
1437 2 653
8191 3 653
8780 4 654
5408 4 656
4839 2 660
8268 1 663
9059 5 663
2353 2 664
5710 4 665
2773 4 667
2343 5 668
2887 2 670
1154 5 670
752 5 673
9333 5 674
8342 2 674
1653 3 675
3769 2 675
6712 2 676
1541 5 676
6808 5 678
8945 4 678
8077 4 679
7235 5 680
6319 1 681
2778 2 682
4793 4 685
1320 2 685
9724 1 686
3784 1 687
400 2 689
5690 2 689
3821 5 694
6363 4 694
3032 3 695
54 4 695
358 4 696
3576 5 697
2142 4 697
1526 4 699
2443 2 699
6499 2 701
6964 5 701
6674 3 702
5729 4 702
8403 5 703
7471 1 706
5466 3 706
6109 4 707
786 4 709
5550 4 710
8717 3 710
7945 2 711
2891 1 712
2955 4 712
7098 2 715
3627 4 716
3243 4 716
8867 5 717
4534 4 719
7867 4 719
3788 4 720
352 5 721
8595 4 721
9544 3 723
2805 1 724
3216 4 724
5024 1 725
7482 1 726
9633 3 727
9570 3 728
1201 2 729
8750 1 729
9065 3 731
6719 1 732
9654 5 732
9328 4 734
6790 4 735
281 3 739
815 4 741
7134 4 742
6795 3 742
1139 3 743
4525 3 743
491 3 745
714 4 745
3977 2 746
6559 2 747
3525 5 749
955 4 749
7049 3 750
6502 3 751
5330 1 751
5307 5 752
8568 1 752
5494 2 755
6402 4 758
6223 2 758
4367 5 759
5560 3 759
2688 2 760
3919 5 760
4541 3 762
7847 3 762
7026 4 763
294 1 763
9743 3 764
7648 1 764
3024 4 765
4687 3 766
1373 5 766
4386 1 767
5274 3 767
9248 5 768
1198 4 768
3230 4 769
5808 4 770
9812 1 770
3389 2 771
3754 3 772
769 2 773
9423 3 773
6747 3 775
1730 2 777
6799 3 780
4042 3 780
7645 3 781
8956 5 781
2822 2 785
9971 4 785
2895 5 786
1898 3 786
3810 4 787
5817 5 789
5155 1 791
3711 2 791
1245 5 792
6626 1 793
7894 2 793
7957 1 794
377 5 794
4835 4 797
8844 4 798
2684 5 798
371 3 799
2514 3 799
6599 5 800
7768 4 800
7412 4 801
2790 2 802
7228 4 803
8494 1 803
3621 2 807
4447 5 808
7069 5 810
9901 4 812
5699 1 812
6579 5 814
9569 2 814
868 2 817
583 5 819
7698 3 821
6348 4 822
2666 1 823
5627 1 824
9021 1 824
3438 1 825
88 2 826
6936 2 826
9227 2 828
10000 1 828
6162 1 829
9492 5 830
7966 4 830
6067 2 831
3951 2 832
2003 2 832
4543 5 833
4470 2 834
3203 4 837
581 2 837
7615 5 840
6830 3 840
7396 3 842
5673 4 842
5362 2 844
8914 2 844
5370 4 845
2210 2 846
9801 4 846
1924 5 847
244 3 847
6008 4 849
1814 2 850
767 1 850
8001 5 851
8958 3 852
2977 4 852
6080 5 853
7771 2 853
8488 2 855
8814 4 855
2315 5 857
2930 5 857
1473 3 858
9481 5 859
9672 3 860
2303 4 860
5767 2 862
227 4 862
4841 4 863
8448 5 864
2452 1 866
1281 3 866
7544 2 867
5401 4 867
7631 4 868
988 4 868
3896 1 869
9656 1 869
5936 3 870
457 5 874
4214 5 874
3368 3 875
2101 3 876
5470 1 881
9943 2 881
2962 5 882
9117 4 882
9260 5 883
1235 4 884
6769 3 885
494 4 887
5199 1 888
8852 4 889
8170 4 890
890 5 893
6487 1 895
5653 4 895
8704 5 899
2729 3 899
3314 5 901
6259 3 902
5809 1 902
789 1 903
91 1 903
2073 3 904
9326 2 905
5209 4 905
376 4 906
8646 2 906
6828 4 908
1786 3 908
4496 1 911
8034 5 911
5593 5 913
9937 4 913
7714 1 915
35 1 915
6427 3 916
741 3 916
6862 4 918
262 2 918
7586 5 919
8976 5 920
1184 5 920
4934 2 921
8508 1 921
3638 1 923
803 1 924
7178 3 926
3123 4 927
1298 2 927
1830 5 928
9540 2 928
5979 3 929
9316 3 930
9025 3 930
4792 4 931
4842 4 932
9760 1 932
9286 5 933
3174 5 933
2653 2 934
1707 4 934
9725 3 936
6220 4 937
5729 5 937
5778 2 938
2259 5 938
8324 2 939
1747 3 942
6849 5 942
7693 1 943
8964 5 943
4142 2 945
7837 3 947
3164 5 947
6352 2 948
9374 3 949
3497 3 949
8666 1 952
5810 4 953
4435 5 956
9538 5 956
9385 5 957
9256 1 958
5850 1 960
9393 3 961
4182 4 963
7306 5 964
801 5 965
9023 2 967
9575 1 968
7015 4 969
1092 4 969
6550 2 970
6948 5 972
1453 4 976
1193 3 976
4417 1 977
2809 5 977
3986 4 978
6670 5 978
110 1 979
9677 1 980
6078 3 981
2250 1 982
7437 2 984
8389 2 987
5126 5 988
348 3 988
2641 5 990
3452 2 990
8745 3 991
4719 2 995
4044 2 995
3178 5 996
9631 4 997
2295 3 997
6820 2 999
1175 1 1000
1550 2 1001
6147 1 1002
5403 3 1003
7687 4 1004
9628 5 1005
2935 1 1005
2063 1 1006
5389 3 1006
5362 5 1008
8767 5 1009
4134 4 1010
5687 1 1011
9216 1 1011
2393 1 1012
1579 2 1014
9115 2 1014
9403 1 1016
6674 3 1017
3739 1 1018
38 1 1020
9331 3 1021
3449 5 1021
1674 3 1023
9479 2 1024
8991 4 1024
1735 4 1027
9809 1 1027
3429 1 1028
2944 2 1028
271 2 1029
3918 3 1030
1530 2 1031
5562 3 1033
6127 4 1033
2177 1 1034
1428 4 1036
2229 4 1036
2991 3 1037
2893 1 1037
6134 3 1039
9856 2 1041
3652 3 1041
6600 2 1042
7144 2 1042
5188 3 1043
4096 4 1044
5204 4 1044
2615 5 1046
811 2 1046
7023 5 1048
2869 3 1049
9936 5 1050
1740 2 1051
9545 4 1051
859 4 1052
5274 5 1053
4104 4 1054
5267 3 1054
9571 1 1055
3159 1 1056
3411 3 1056
3046 4 1057
4 2 1058
6815 4 1060
979 4 1060
5483 5 1061
1996 3 1061
6422 5 1062
9791 4 1063
810 1 1064
8339 3 1066
2639 2 1066
8990 1 1068
6584 4 1068
6021 3 1070
3796 1 1071
1586 3 1076
5776 3 1077
1747 2 1079
4048 2 1079
650 2 1080
5514 1 1082
1384 3 1082
9698 4 1084
8304 2 1085
5165 5 1086
200 4 1086
8259 5 1087
9469 1 1087
7060 4 1088
873 4 1089
427 5 1091
4088 4 1094
3946 3 1094
4478 4 1095
8850 2 1096
644 1 1097
2040 3 1097
3420 2 1099
1393 5 1100
5745 2 1100
9561 2 1105
9619 3 1105
2311 1 1107
4069 2 1107
5818 2 1108
3436 3 1108
466 3 1109
8016 4 1109
4750 2 1110
2818 3 1112
6968 5 1114
9837 5 1115
3101 4 1116
7329 3 1116
3540 5 1117
9951 2 1117
8114 2 1118
2841 4 1119
7369 2 1124
5463 3 1124
6786 1 1125
1674 4 1125
5159 5 1126
624 3 1126
6839 3 1127
8969 5 1127
9524 3 1129
1225 5 1129
2020 5 1130
5877 3 1131
5863 1 1131
8309 1 1133
6789 3 1133
7002 2 1134
9843 4 1134
4553 3 1135
9832 3 1135
3939 4 1137
6110 2 1137
7601 2 1138
5825 2 1138
5381 4 1140
9942 4 1142
9321 4 1142
9706 3 1143
199 3 1146
6451 4 1147
3993 5 1148
2918 2 1149
2200 4 1150
6890 2 1151
3259 2 1151
4080 1 1152
6170 2 1154
3853 5 1154
9016 2 1156
6580 3 1157
5100 3 1158
4953 2 1158
4440 4 1160
6193 2 1162
5942 3 1162
1691 2 1163
2568 1 1164
5761 4 1165
9324 5 1165
5789 5 1168
3830 1 1169
3958 1 1169
6905 5 1170
5378 3 1171
614 1 1171
550 5 1172
8069 5 1172
8162 3 1173
8165 5 1173
4286 5 1174
199 5 1176
303 4 1177
9216 3 1178
347 2 1178
8263 4 1179
6651 5 1180
3155 3 1181
2129 2 1183
6765 4 1183
2655 5 1184
9962 3 1186
5945 3 1188
4680 1 1189
3646 4 1190
9162 1 1190
88 4 1193
2365 1 1193
7591 1 1195
6538 3 1195
8132 3 1196
3989 4 1196
5384 3 1197
7012 5 1197
5663 5 1198
2035 4 1199
6040 3 1200
722 4 1201
7894 4 1202
8117 4 1202
83 3 1203
6022 4 1203
6812 2 1205
9922 4 1205
2584 3 1206
6702 1 1208
6073 1 1209
4809 1 1209
4071 5 1210
4515 4 1210
1925 4 1211
4591 1 1211
7690 1 1213
8188 4 1216
7116 1 1216
6271 3 1217
6770 2 1217
9313 2 1219
6889 4 1220
8054 4 1221
8341 4 1222
3679 4 1222
7164 1 1228
8237 4 1229
8798 2 1229
5333 5 1233
6380 5 1235
1888 5 1235
939 5 1236
8584 1 1236
3394 4 1237
442 2 1240
7950 4 1241
2084 2 1243
8717 5 1243
8138 4 1244
2440 5 1246
260 5 1246
9233 2 1247
6601 4 1247
5030 3 1248
5145 1 1249
5963 4 1249
384 4 1251
2608 2 1251
1775 3 1253
6765 4 1253
8711 1 1254
5764 4 1255
760 1 1256
8908 1 1256
2288 1 1257
7999 2 1258
5731 5 1259
4755 2 1259
5491 2 1260
9495 4 1263
6245 1 1263
864 3 1264
2854 4 1264
7716 3 1268
3769 1 1268
7513 4 1269
5110 1 1270
3327 3 1271
8926 1 1272
6600 1 1272
6772 4 1273
6184 3 1274
3182 3 1274
7950 4 1275
5070 2 1275
8866 4 1276
9953 2 1277
844 4 1277
4276 1 1281
9473 2 1282
3472 2 1282
6913 5 1283
7099 4 1283
5154 5 1284
887 4 1285
7543 1 1286
9963 4 1287
9475 2 1287
144 5 1289
3385 1 1289
2398 4 1290
8806 4 1290
4592 4 1292
4211 5 1292
9183 1 1293
1104 2 1295
4937 2 1297
7164 5 1298
5562 1 1299
8947 4 1299
930 5 1301
1126 1 1302
3305 2 1302
6953 3 1303
5874 1 1303
4439 5 1305
7615 3 1305
8172 1 1306
7496 4 1306
4375 5 1308
2296 3 1309
8673 2 1310
5567 4 1311
276 1 1312
6072 3 1312
6831 4 1313
2004 5 1313
3829 1 1314
9842 4 1314
124 3 1316
5646 5 1317
6222 5 1318
8670 5 1318
4055 5 1319
4286 4 1320
8160 1 1320
6126 3 1321
1105 2 1321
1061 3 1323
5438 5 1324
414 1 1324
3319 2 1325
4356 2 1325
1637 1 1326
8487 1 1328
9035 5 1328
2602 1 1329
706 5 1329
7886 1 1331
2811 4 1332
4030 2 1332
483 2 1333
3356 5 1333
901 4 1334
7896 2 1335
8118 2 1335
8779 2 1336
3585 4 1339
5586 4 1340
2528 1 1340
1260 4 1341
4865 3 1344
7047 2 1344
5409 5 1345
6318 1 1346
990 3 1346
8634 4 1347
4179 1 1348
3832 4 1349
1924 5 1350
5774 3 1352
576 1 1354
7993 3 1354
4376 2 1355
7522 2 1355
6046 3 1356
9177 5 1357
6183 5 1357
5910 1 1358
586 1 1358
1389 2 1359
8774 5 1361
149 5 1361
8082 2 1362
1334 2 1363
4374 3 1364
1314 3 1364
875 3 1365
6986 5 1365
5203 4 1366
4036 3 1367
5346 1 1368
7462 2 1368
9212 2 1369
293 1 1370
4939 2 1370
8227 1 1371
6519 3 1371
6954 3 1372
3581 3 1372
9975 5 1373
2344 1 1375
8596 4 1375
6378 5 1376
5475 4 1382
9374 2 1382
413 1 1383
7847 5 1385
9003 3 1386
7510 2 1386
5876 1 1387
8669 5 1389
6824 5 1389
7012 3 1390
5992 5 1391
8531 4 1391
7140 5 1392
6824 4 1394
9640 3 1394
525 1 1395
4337 2 1396
185 1 1396
2781 2 1397
1032 3 1398
6992 4 1399
7382 4 1399
1688 1 1400
8338 3 1400
7842 1 1401
8162 5 1401
9894 2 1402
2324 3 1402
1697 5 1404
7191 2 1405
7948 2 1405
861 5 1406
7508 5 1406
298 2 1408
9997 4 1408
3942 4 1409
3108 4 1410
5440 3 1412
6616 2 1413
8173 3 1413
7903 5 1418
9797 3 1419
6403 1 1420
7979 3 1420
9816 4 1423
6931 5 1424
480 3 1424
1315 5 1425
4638 3 1425
1027 5 1426
3801 2 1426
4705 5 1429
2228 4 1430
36 4 1431
7306 1 1432
2835 2 1432
7146 1 1434
202 2 1434
1914 3 1435
4927 5 1435
4807 3 1436
334 4 1436
9552 1 1437
858 3 1438
6142 2 1438
7498 1 1439
3860 4 1439
1946 2 1440
4160 1 1440
9061 2 1442
6750 2 1444
6383 3 1444
5736 3 1445
3149 3 1446
7664 5 1446
894 3 1447
6880 2 1447
9331 2 1450
9604 3 1450
8030 3 1451
783 5 1452
7225 5 1452
6750 1 1453
6078 4 1453
4230 3 1454
1872 1 1454
5554 3 1455
9631 3 1455
1220 5 1456
9808 5 1456
6047 3 1458
7335 5 1458
2989 4 1459
8814 5 1459
8457 2 1460
6771 3 1460
9246 4 1461
1752 3 1461
7880 4 1462
9563 3 1462
2402 3 1463
9962 4 1463
7552 5 1467
905 2 1467
6844 3 1468
1580 1 1468
5862 1 1469
920 3 1470
8810 4 1471
7519 5 1472
5646 3 1472
1543 5 1473
4542 1 1474
9515 5 1475
5196 3 1477
9468 2 1479
8244 1 1479
7106 3 1481
9870 2 1482
6269 5 1485
9730 4 1485
1120 3 1488
5026 4 1488
5511 2 1489
2602 4 1489
2433 5 1490
661 1 1491
9084 4 1492
4508 5 1493
6628 1 1493
843 2 1494
6442 2 1494
6111 1 1497
5708 5 1498
4162 2 1500
4371 1 1500
8731 5 1501
6787 4 1502
5024 1 1502
8140 5 1503
6195 2 1503
8559 5 1504
6951 2 1506
4159 5 1509
7216 1 1509
8107 1 1510
8561 2 1510
1671 4 1511
8480 3 1511
7774 5 1512
4054 5 1512
7938 3 1513
7443 4 1514
152 5 1517
6736 1 1518
5412 5 1520
3078 2 1521
9226 5 1522
3029 3 1522
6962 1 1523
1188 1 1523
1101 1 1524
7803 2 1524
8630 4 1525
1854 2 1526
5252 5 1526
5313 4 1527
4008 2 1527
5581 5 1528
344 3 1528
254 5 1529
4220 3 1530
999 5 1530
5830 5 1531
8575 3 1532
6085 3 1532
1439 1 1533
3206 2 1533
8177 4 1534
9837 2 1534
6093 1 1535
7911 2 1536
3600 4 1539
1223 4 1542
3787 2 1542
744 1 1543
4258 4 1543
3175 4 1545
1930 1 1545
8055 1 1546
4585 3 1546
4745 4 1547
4879 1 1548
6421 1 1548
3204 3 1550
8144 2 1551
6667 5 1552
331 2 1555
4544 1 1556
4416 3 1556
6331 1 1557
8247 5 1557
9732 1 1558
3380 2 1560
412 4 1561
4451 4 1561
2666 3 1562
7321 2 1563
1596 1 1564
2815 1 1565
192 4 1565
8759 2 1566
802 1 1566
2978 2 1569
1542 3 1569
9840 5 1570
5860 4 1575
7566 3 1576
3524 1 1581
1447 2 1582
6015 2 1582
6503 5 1584
6883 1 1587
2265 4 1589
5330 5 1589
5956 4 1591
1030 5 1591
1007 2 1593
9839 4 1593
1423 1 1597
869 5 1598
5117 5 1599
4871 1 1600
2456 2 1601
5871 2 1603
3961 3 1603
8199 3 1604
7674 2 1604
9586 2 1606
454 4 1608
3740 1 1608
3945 5 1609
8807 4 1609
6094 4 1610
6227 5 1610
9177 2 1611
7784 5 1611
3796 4 1612
4689 3 1612
1841 2 1613
6743 3 1615
7481 1 1617
3497 3 1617
9376 3 1618
113 2 1619
8419 5 1622
3483 3 1622
7777 3 1623
9386 5 1625
7635 4 1626
4179 3 1626
4307 1 1627
6096 1 1627
445 1 1628
5684 5 1628
4602 2 1629
5946 1 1629
3755 4 1630
1360 3 1630
20 3 1632
4547 2 1632
6042 5 1633
6580 3 1633
6668 1 1634
2546 1 1634
7212 1 1635
6111 3 1636
3229 5 1639
4064 5 1640
5860 3 1640
943 2 1642
8232 3 1642
2586 2 1643
9469 3 1645
2073 4 1645
5877 3 1646
2552 4 1647
2078 2 1647
831 3 1648
733 3 1648
739 3 1649
6127 4 1649
4015 3 1650
9509 3 1650
8535 1 1651
2250 4 1652
4620 3 1652
3518 4 1654
5657 4 1655
240 1 1655
9040 3 1656
1481 2 1656
2868 3 1657
7450 5 1657
7060 3 1658
8916 2 1659
2840 2 1661
5669 3 1661
7101 4 1663
9196 1 1664
3094 2 1665
2561 4 1665
1420 5 1666
9257 1 1666
81 5 1667
286 5 1670
1129 3 1670
5830 3 1671
1239 5 1674
6882 5 1677
9543 5 1678
9399 1 1678
906 2 1681
2499 1 1685
9993 2 1687
5422 1 1687
2529 2 1688
8163 3 1688
6807 2 1689
275 3 1689
8523 1 1691
727 3 1691
5720 4 1692
4909 4 1693
4259 5 1694
9064 3 1698
4729 4 1699
3569 3 1699
9342 5 1700
2094 5 1700
5360 1 1701
734 1 1701
5022 4 1703
3729 4 1704
3209 4 1704
6199 3 1706
5385 3 1706
9628 2 1708
2287 4 1709
9356 5 1709
7118 4 1712
4607 5 1712
1266 5 1713
1927 5 1714
8754 4 1714
1497 1 1716
7832 1 1716
8487 3 1718
7687 2 1721
6086 4 1722
1683 2 1722
5862 3 1723
919 4 1724
8248 1 1726
1126 5 1728
4497 2 1728
4614 2 1729
7221 4 1729
9072 3 1730
5935 1 1730
4440 4 1733
3653 3 1734
9063 4 1736
6898 1 1736
7259 2 1737
1218 5 1737
8191 1 1740
10000 1 1740
3667 5 1741
9556 1 1742
1801 1 1742
8263 4 1743
5089 4 1743
3712 1 1744
3343 5 1744
8068 5 1745
6878 3 1745
4573 1 1746
6685 3 1746
4561 2 1747
4368 3 1747
5549 3 1749
5336 3 1749
2901 5 1750
8049 5 1750
5573 4 1751
4188 1 1752
7211 5 1753
7616 4 1754
3293 1 1755
1728 2 1758
5725 1 1758
651 5 1759
2900 5 1760
2468 2 1760
6602 3 1761
1792 4 1762
751 3 1762
7390 1 1763
9497 5 1763
4606 3 1764
164 3 1765
5279 1 1765
465 3 1766
587 1 1766
9916 3 1767
2922 5 1768
2314 4 1768
8546 1 1769
2324 4 1769
76 1 1770
3250 5 1771
8359 3 1771
558 3 1773
9194 5 1773
5646 4 1774
6577 4 1776
1704 2 1777
5399 5 1779
4147 4 1781
9603 5 1781
1740 2 1782
6266 3 1782
7914 2 1783
2160 5 1783
8878 1 1784
149 5 1785
8487 3 1785
4212 4 1787
882 1 1787
2979 1 1788
9283 1 1789
1860 5 1789
4988 2 1790
3866 2 1790
1643 3 1792
377 1 1793
6693 1 1795
9590 3 1795
6307 1 1798
4467 4 1798
1830 4 1800
9950 4 1800
2687 5 1801
7421 2 1802
6322 2 1802
1098 3 1805
754 1 1805
9454 1 1809
9052 2 1811
2785 5 1811
9050 5 1813
8826 4 1813
2333 5 1814
2457 5 1814
2586 4 1815
2487 2 1817
8671 2 1817
3538 5 1818
9418 1 1819
7410 3 1819
909 5 1821
5777 1 1821
1577 3 1822
9761 4 1823
810 4 1823
5116 2 1824
8972 3 1824
6315 4 1830
7879 5 1830
3848 1 1831
680 5 1832
5215 3 1832
6693 2 1836
5789 3 1836
9648 3 1840
6203 4 1840
8648 5 1842
7412 1 1842
7154 3 1843
4934 4 1845
9948 3 1846
7578 1 1846
7831 3 1847
7014 1 1847
7201 2 1848
4172 4 1852
6683 1 1853
3752 2 1853
4010 1 1854
9588 5 1854
8247 4 1855
1548 5 1855
4823 2 1861
9820 2 1861
1698 5 1863
4660 2 1863
8070 1 1864
2115 1 1866
4258 3 1866
5177 4 1867
140 3 1867
727 2 1868
4425 5 1870
5918 1 1870
2360 2 1873
3983 5 1873
8339 4 1874
443 1 1874
2027 2 1875
2311 1 1878
5636 5 1879
3251 2 1880
8772 5 1880
3910 5 1881
1410 2 1881
905 4 1882
9868 3 1882
4727 4 1883
4555 4 1883
7808 4 1884
9690 5 1885
7213 4 1886
9356 5 1886
6807 1 1887
7953 3 1888
209 1 1889
6808 1 1890
7727 2 1890
1619 2 1891
2340 2 1891
9229 5 1892
1187 3 1893
8095 3 1895
6427 1 1895
1218 1 1897
5316 2 1898
4554 5 1898
1662 5 1899
8396 1 1899
5022 1 1902
5241 2 1903
1206 5 1903
2985 1 1904
9559 5 1904
4412 5 1905
1712 3 1905
3243 4 1906
4217 5 1906
9496 3 1909
5226 2 1909
5409 4 1913
9651 2 1915
3123 1 1917
8727 4 1918
846 3 1918
4913 4 1919
6233 4 1920
8545 1 1920
2193 4 1921
871 2 1921
2848 5 1922
7271 3 1922
7867 2 1925
2303 3 1925
3831 5 1926
133 5 1926
1201 1 1927
4186 3 1927
5753 2 1928
8899 1 1929
2875 4 1930
8528 2 1933
4653 1 1934
2890 1 1936
7118 5 1936
3382 5 1937
6166 3 1938
6066 2 1943
2024 3 1945
6974 4 1948
3805 4 1948
5506 1 1949
9488 3 1949
300 3 1951
932 2 1952
3042 3 1954
8918 4 1954
6306 2 1955
5048 4 1955
6438 5 1956
5058 4 1959
7181 3 1960
7444 3 1960
405 2 1961
2175 3 1961
7501 2 1963
4352 1 1964
2291 1 1965
9510 3 1965
9239 1 1966
4507 1 1967
4399 2 1967
2880 5 1968
4229 5 1969
6741 4 1969
7025 3 1971
4572 5 1971
9766 1 1972
4635 2 1974
8800 1 1977
2779 5 1977
6519 5 1978
4205 2 1978
3482 3 1979
9559 3 1979
4234 2 1980
1375 4 1981
919 4 1981
1180 5 1982
2205 3 1982
8234 3 1983
6453 4 1985
7359 3 1988
3206 2 1989
4839 4 1989
4622 3 1990
1370 1 1990
9364 2 1991
9811 1 1992
9034 4 1992
2161 2 1993
7148 4 1993
8478 2 1995
5015 1 1997
4036 4 1997
5777 2 1998
3257 2 1998
9125 4 2001
6539 3 2003
1853 5 2003
3174 5 2006
4869 3 2007
8727 1 2007
718 4 2010
8882 3 2011
3365 1 2012
5607 4 2013
8697 3 2013
9525 5 2014
4364 3 2014
7170 5 2015
152 2 2015
9659 5 2016
5004 5 2016
9763 2 2017
542 3 2017
6706 4 2018
2916 4 2019
2722 1 2019
7814 3 2021
4173 4 2022
6731 4 2022
494 5 2025
4074 2 2025
1409 1 2026
7320 3 2027
2218 1 2028
4661 1 2029
6883 1 2029
9426 4 2030
3013 3 2031
6876 2 2031
491 3 2033
3402 1 2034
853 5 2035
1756 3 2036
7095 2 2036
8493 1 2038
7348 1 2039
1509 5 2040
5256 2 2040
8681 4 2041
5018 5 2042
3301 2 2042
3748 5 2043
5846 1 2044
2825 4 2044
7552 1 2045
2762 5 2046
1919 3 2047
4776 2 2047
2594 5 2050
2005 5 2050
9827 2 2052
4406 4 2052
9891 1 2053
3825 5 2055
307 4 2056
974 5 2058
6886 3 2059
7012 1 2059
8734 1 2060
1163 3 2061
9089 2 2062
801 3 2062
2771 1 2064
6790 2 2065
7638 3 2065
5394 5 2066
9250 1 2067
8373 2 2069
636 5 2070
6712 5 2070
6814 3 2072
9905 5 2074
9510 4 2076
2779 3 2076
1788 1 2078
6619 4 2078
5982 1 2080
728 1 2080
6141 5 2083
7471 3 2084
8976 4 2084
6328 4 2085
6625 5 2086
5523 5 2087
4751 4 2087
8615 2 2088
8610 3 2088
3624 5 2089
9476 2 2090
8943 5 2091
3 1 2092
4624 1 2093
4439 1 2093
3707 2 2094
9377 3 2095
640 4 2096
5066 3 2096
6216 1 2098
3767 2 2100
5925 5 2101
3927 2 2101
9426 2 2102
9594 1 2102
7410 2 2103
1590 4 2103
242 2 2104
684 5 2106
9030 3 2107
2834 2 2108
3181 5 2109
8349 4 2110
9819 4 2112
1993 1 2114
1952 2 2116
7998 3 2117
7417 3 2118
9574 1 2118
5429 3 2120
7844 1 2121
9258 1 2121
9509 2 2123
8301 4 2123
5301 3 2124
5295 2 2124
5857 2 2125
800 5 2126
8501 2 2127
2646 2 2128
789 2 2128
9443 5 2129
4526 3 2130
9954 3 2133
3591 3 2134
101 4 2135
8457 4 2136
1364 5 2136
7024 4 2137
5491 2 2138
4938 4 2138
1785 5 2139
7939 3 2139
5016 1 2140
215 4 2141
2941 4 2141
3636 1 2142
4449 4 2143
1189 3 2146
2976 3 2147
6393 1 2147
1506 1 2149
3217 5 2149
1620 3 2151
7414 4 2151
7699 3 2152
7332 2 2152
3578 2 2153
899 2 2155
7653 4 2155
481 1 2157
9938 4 2158
3714 2 2159
6078 4 2160
8982 1 2160
1556 4 2161
5330 2 2163
2810 2 2165
3278 3 2166
1334 4 2167
7963 5 2168
2795 4 2169
7184 1 2169
7836 4 2170
9280 5 2172
5521 2 2172
8421 5 2173
9960 5 2174
8934 1 2175
9507 2 2177
2522 2 2177
6397 2 2178
3119 1 2179
9602 1 2179
7934 3 2180
340 3 2180
6505 4 2181
5621 1 2181
307 2 2183
8979 3 2183
1825 3 2184
9844 5 2184
7315 5 2185
8143 1 2186
9351 3 2186
1375 3 2187
6835 2 2187
8220 3 2188
2413 2 2189
1467 4 2189
8460 1 2190
5739 4 2191
6887 4 2194
3327 3 2198
1581 5 2198
2414 4 2200
8979 5 2200
8355 1 2201
5843 2 2201
7280 4 2202
1131 3 2203
8320 5 2204
7925 5 2204
3830 5 2206
7072 3 2206
8749 1 2207
706 2 2210
4969 4 2211
3833 1 2211
7201 5 2213
251 3 2214
679 1 2216
4698 4 2216
3449 2 2217
7648 3 2219
7407 3 2220
173 1 2220
2308 5 2221
3053 2 2221
4900 1 2222
8995 3 2222
4229 4 2224
3628 4 2225
3436 5 2227
9055 3 2227
5773 1 2230
4834 2 2231
136 1 2231
167 4 2232
5667 1 2234
3750 5 2234
6896 5 2235
8432 2 2237
5353 5 2237
8012 1 2239
5296 1 2241
1665 4 2243
9266 5 2243
4121 2 2244
4100 3 2244
3239 1 2245
9197 5 2245
5173 2 2246
5142 3 2246
2172 4 2248
944 1 2248
9359 2 2249
365 3 2252
1295 5 2252
700 5 2253
8954 2 2255
4418 3 2255
535 5 2256
2066 5 2256
6110 5 2257
2843 1 2257
9226 1 2259
8017 2 2259
8720 1 2260
427 2 2260
5358 4 2263
5671 2 2263
3494 4 2264
1058 3 2265
3566 2 2266
4296 4 2268
4251 4 2268
341 2 2269
7031 4 2269
6359 4 2270
2131 3 2272
2193 5 2273
6025 2 2273
5017 3 2274
756 5 2274
1138 2 2279
6471 1 2280
903 1 2281
3369 1 2281
1222 4 2283
1122 3 2283
3384 5 2284
4664 2 2284
9227 5 2285
2964 3 2288
8660 2 2289
427 2 2290
9528 3 2291
702 5 2291
2381 5 2292
9737 1 2292
7151 4 2294
8719 3 2294
2218 3 2295
7476 3 2296
8681 5 2297
7015 5 2299
5781 5 2300
7953 2 2301
8305 2 2302
3531 4 2303
6541 4 2303
515 2 2306
7782 3 2306
9406 4 2307
3068 4 2308
7480 5 2308
8122 5 2309
3005 5 2309
9431 3 2311
5285 5 2311
848 4 2312
3807 1 2312
7989 1 2314
7245 2 2314
4350 4 2315
2755 5 2316
703 3 2317
5309 3 2318
1515 3 2318
4015 3 2319
6940 4 2320
2643 3 2320
1202 5 2322
3109 1 2322
2277 2 2324
5527 2 2325
1529 4 2327
5970 2 2327
9850 1 2328
6382 4 2329
4527 2 2329
5519 2 2330
9814 1 2330
6485 4 2331
7744 1 2333
2264 4 2333
7336 2 2335
6453 1 2335
6270 4 2337
8668 1 2338
7354 4 2338
9310 4 2340
6127 3 2340
7736 5 2343
4162 2 2345
911 1 2345
2153 3 2346
8474 4 2347
9552 1 2347
3658 2 2348
5122 3 2348
780 3 2349
5864 1 2349
3299 3 2352
5831 4 2353
7364 5 2353
1212 3 2354
4296 2 2354
9429 2 2355
2598 3 2355
7111 5 2356
5117 1 2357
116 4 2359
1445 4 2360
5671 2 2361
5123 1 2363
2251 2 2363
3811 3 2364
7832 3 2365
3646 4 2365
3888 4 2370
486 1 2371
712 4 2371
4392 5 2372
7356 5 2372
8562 2 2374
3274 1 2375
3083 4 2375
4671 4 2376
6452 2 2376
6703 4 2378
9420 3 2379
8435 2 2380
6179 1 2380
2020 2 2381
2274 4 2381
8360 1 2382
1567 1 2383
8164 2 2384
1885 2 2385
8775 1 2385
7703 4 2386
7562 4 2386
3365 1 2387
2646 2 2387
1854 4 2389
5415 4 2390
3297 5 2390
2963 1 2392
977 5 2392
91 3 2394
4545 3 2394
7546 2 2396
4730 3 2396
8547 3 2397
3338 1 2397
3527 4 2398
8437 5 2398
1536 3 2400
5879 4 2400
4097 4 2402
8764 3 2402
8181 5 2405
3108 1 2405
2952 2 2406
724 2 2406
3537 1 2407
4398 3 2407
451 4 2408
8528 5 2408
2547 3 2409
2512 5 2409
806 3 2411
3071 1 2411
542 3 2412
9669 5 2412
7857 1 2413
2022 5 2418
878 5 2418
909 4 2419
8215 3 2420
4765 5 2421
5536 4 2422
8137 3 2422
8680 1 2424
8043 3 2425
6729 4 2426
579 1 2426
6131 2 2427
5441 3 2429
3983 3 2430
4991 2 2431
1000 5 2432
9525 3 2433
6221 1 2435
8510 1 2437
6317 2 2438
2335 3 2439
8729 3 2439
4591 3 2441
2986 5 2441
9015 1 2442
6406 1 2442
8490 3 2443
3720 4 2443
4392 1 2444
7674 1 2446
3280 4 2449
3834 4 2451
9307 4 2451
5906 1 2453
3569 2 2454
4195 3 2456
9647 3 2458
3927 5 2459
8736 1 2460
5246 5 2460
9426 5 2461
1406 2 2461
509 1 2462
8683 4 2462
3483 3 2464
1969 4 2465
760 1 2465
689 1 2466
8936 2 2467
7563 1 2467
9193 5 2469
6012 1 2470
1376 3 2470
4942 1 2471
9043 4 2472
6698 4 2472
5425 2 2475
3043 4 2477
4172 1 2478
4550 3 2480
8598 5 2482
6736 1 2483
1913 2 2483
6426 1 2484
3570 5 2486
8609 5 2486
9010 4 2488
248 5 2488
9863 1 2489
941 1 2489
5978 5 2490
5596 4 2491
1975 5 2491
8996 1 2492
4797 1 2492
137 1 2493
2732 4 2493
4335 4 2494
9430 3 2497
8321 1 2497
6250 2 2498
6197 5 2499
275 4 2501
5498 3 2502
7189 2 2503
6320 5 2503
3818 2 2505
4558 5 2506
6385 1 2506
6567 4 2507
1582 2 2509
739 5 2509
7097 4 2510
8133 4 2513
3190 1 2513
7234 2 2514
2003 2 2516
7511 3 2516
232 4 2517
2737 1 2517
9695 3 2519
1512 5 2519
4137 5 2524
2429 5 2526
4836 2 2526
7763 5 2528
7637 4 2529
6501 5 2532
8039 2 2532
7151 2 2533
6680 4 2533
2467 5 2534
3673 2 2534
7268 2 2536
4050 4 2536
2960 1 2540
9060 1 2541
5343 4 2541
1472 4 2547
8476 5 2548
5997 2 2548
8338 3 2549
5603 5 2549
486 4 2550
2515 1 2552
5663 2 2552
4174 5 2555
7817 2 2556
5028 1 2559
5624 2 2559
100 3 2560
4646 5 2561
4911 5 2562
8699 4 2562
7230 5 2563
6491 4 2563
3115 2 2565
2481 1 2566
1207 5 2570
4775 5 2570
4150 2 2571
1167 3 2572
7842 3 2573
7181 1 2573
3095 5 2574
3338 5 2578
8434 4 2579
5067 5 2580
5096 5 2584
5647 5 2584
2525 3 2585
7594 4 2585
6050 5 2586
9076 5 2586
4698 1 2588
6270 5 2588
9862 4 2589
8131 3 2589
6809 4 2590
5066 4 2590
109 3 2592
2938 3 2593
2248 4 2595
9459 3 2597
2938 2 2598
7821 3 2599
8312 1 2600
464 1 2601
8934 3 2604
3566 1 2604
5729 5 2606
4373 1 2606
5935 3 2607
8334 3 2608
9568 5 2608
6190 2 2610
2076 5 2610
2051 1 2611
5768 1 2611
6336 5 2612
1979 4 2613
7642 1 2614
9931 5 2614
8264 3 2615
9591 4 2615
6245 2 2618
9780 3 2620
512 2 2620
7609 1 2621
9094 5 2623
9957 1 2624
9617 4 2625
4571 1 2625
6898 5 2626
6364 1 2626
839 5 2627
6679 3 2627
4858 5 2628
6143 5 2632
2919 1 2633
6974 2 2634
9000 5 2635
825 3 2635
704 2 2636
9086 4 2636
3088 5 2638
318 1 2638
7084 4 2639
5652 4 2640
2708 1 2640
6387 3 2641
5765 4 2643
7419 4 2643
3275 3 2644
6784 2 2644
7670 1 2645
7153 5 2645
8627 1 2647
3219 4 2648
2554 1 2648
7329 5 2650
1203 1 2650
4127 4 2651
7020 1 2652
7091 3 2656
5583 3 2656
2677 3 2658
7224 4 2659
9298 5 2660
9049 2 2660
7026 5 2661
1667 4 2663
5919 1 2663
2520 3 2664
7420 3 2664
1029 4 2666
7609 2 2666
8311 4 2667
4556 2 2667
6767 2 2669
8797 4 2670
3833 5 2671
5271 3 2675
3926 1 2676
7704 2 2676
7126 5 2677
2990 5 2677
535 2 2679
6220 4 2679
8423 3 2680
996 5 2681
7516 2 2682
9846 5 2683
6130 5 2684
7773 1 2684
7196 1 2685
7230 5 2686
5050 3 2687
5751 4 2688
3712 1 2692
3386 5 2694
3298 2 2694
1077 5 2695
8042 2 2695
1383 4 2697
9794 1 2697
969 1 2701
8651 5 2702
6021 3 2704
1719 2 2705
6879 2 2706
2873 1 2706
293 5 2707
4102 3 2709
1946 5 2711
9237 4 2712
560 2 2712
4736 5 2713
8922 4 2714
4410 5 2716
1137 3 2717
7274 4 2717
6436 5 2718
8937 5 2718
8491 5 2719
6297 5 2719
1482 2 2720
5100 3 2721
9112 3 2723
9931 2 2724
8533 3 2725
8820 4 2726
1457 4 2726
9843 3 2727
1336 4 2729
8734 4 2731
1583 5 2731
4506 3 2733
2121 3 2733
1266 1 2734
6027 4 2735
1107 5 2735
2577 1 2737
1198 3 2737
791 5 2738
6028 4 2739
169 3 2739
9686 3 2741
4902 5 2741
2044 5 2744
4013 2 2746
7445 1 2746
33 4 2747
8148 4 2748
3338 1 2748
8765 3 2750
4474 5 2751
7512 5 2751
3808 4 2752
3080 3 2753
7396 4 2756
8869 2 2756
586 5 2757
3760 4 2757
9941 3 2758
9592 2 2758
150 3 2759
8842 2 2759
903 2 2762
729 2 2762
9625 3 2763
4488 1 2764
3547 3 2765
4789 3 2767
3390 4 2769
4056 5 2770
7996 2 2770
3635 4 2772
3125 4 2774
8935 4 2774
3325 2 2777
7393 3 2777
3497 4 2778
1529 4 2779
6996 2 2780
5016 2 2780
8978 3 2781
170 3 2783
2902 2 2784
7616 2 2784
8659 1 2785
3948 3 2786
5306 1 2786
259 1 2787
9429 3 2787
8286 4 2788
9864 2 2788
3921 2 2790
3093 2 2791
7122 3 2792
50 1 2794
882 1 2795
3897 2 2796
7525 4 2796
9875 1 2799
2198 3 2799
3434 2 2800
9373 2 2802
8024 3 2802
9803 3 2804
3852 2 2806
4906 5 2806
4891 2 2807
653 2 2807
1732 3 2808
4034 4 2809
8383 2 2811
911 5 2811
6928 2 2813
8256 2 2814
1320 1 2814
3819 1 2815
3433 4 2816
4666 2 2816
3719 4 2817
9030 1 2821
8886 5 2821
5323 4 2822
7662 1 2823
2368 4 2823
5632 1 2826
6916 2 2827
9095 1 2827
3089 3 2828
1501 3 2828
6043 2 2829
5176 2 2829
365 5 2830
8417 4 2833
7754 2 2833
8106 2 2834
4714 1 2835
4535 2 2835
4994 4 2837
8019 4 2837
7477 1 2838
6312 2 2840
5080 2 2840
8876 4 2841
1426 3 2843
3996 1 2845
6065 5 2845
2340 2 2847
1671 5 2849
9634 1 2852
6658 3 2852
884 4 2853
4954 5 2853
7300 5 2854
7387 5 2854
3546 2 2856
1785 2 2858
8919 3 2859
7620 4 2859
7655 4 2861
6455 2 2861
6863 1 2862
7119 2 2863
5487 5 2863
3732 5 2864
4912 3 2864
9750 3 2865
5239 3 2866
5433 5 2867
6913 4 2868
5084 5 2868
3496 4 2869
5862 5 2869
3341 4 2872
7823 5 2875
2156 3 2875
5430 4 2876
8511 5 2877
6567 5 2878
9445 4 2878
5388 2 2880
2020 4 2880
3566 3 2881
2548 3 2881
1614 1 2882
3177 1 2882
8729 2 2883
4194 4 2884
6514 3 2884
1884 1 2885
6460 2 2885
3408 5 2886
3805 4 2888
3148 3 2888
4431 5 2889
5566 1 2890
8271 1 2892
4032 2 2895
9770 2 2895
8317 1 2896
5859 3 2897
4837 4 2897
6104 3 2898
275 2 2898
7872 2 2901
3396 1 2901
8797 1 2902
9147 2 2907
888 3 2907
248 5 2908
4976 2 2908
4173 5 2909
7292 1 2911
6767 1 2911
7914 3 2914
6703 2 2915
1447 2 2915
6099 5 2916
7213 5 2917
9855 5 2917
4682 4 2919
3479 2 2919
5010 5 2920
8456 3 2920
3971 5 2926
5515 1 2928
6384 1 2930
4117 5 2930
8975 5 2931
2553 5 2932
3473 3 2932
314 4 2933
6648 5 2934
5690 5 2934
102 2 2935
9007 1 2935
9952 2 2937
4621 4 2937
8043 4 2938
6627 3 2938
2242 2 2941
2974 4 2944
6580 2 2944
5307 2 2946
7978 2 2946
1924 3 2947
2922 2 2947
9518 5 2948
7320 1 2948
5685 3 2950
963 3 2951
3418 4 2952
9564 1 2952
4963 3 2954
3795 4 2956
6638 5 2956
7755 1 2958
8664 3 2958
4576 2 2959
3743 1 2961
7917 4 2963
2345 2 2964
8576 2 2965
409 2 2965
803 3 2966
8171 2 2966
7359 2 2967
8801 2 2968
307 1 2968
4921 4 2969
7165 4 2972
9619 4 2972
1133 5 2973
2729 2 2974
7803 1 2974
7456 3 2976
6735 2 2978
5486 2 2978
3863 5 2979
5975 4 2980
8850 3 2981
8517 4 2981
5759 1 2982
4608 3 2984
9006 5 2984
6996 3 2985
79 1 2985
2553 1 2986
1470 2 2990
1378 4 2991
5821 1 2991
1905 3 2992
5282 4 2993
4193 1 2993
7911 4 2996
2750 2 2997
8005 2 2998
9383 3 2998
9938 1 2999
6235 2 3000
4474 5 3000
3481 4 3001
6874 1 3001
6325 4 3002
3720 5 3003
1206 2 3003
4248 2 3004
4013 4 3004
6091 4 3005
5554 4 3007
6195 3 3007
3871 3 3008
456 4 3009
9343 5 3011
6298 3 3012
5738 4 3015
7765 4 3015
7199 3 3017
4855 3 3018
5599 1 3019
2630 5 3019
7171 1 3020
2385 4 3023
8219 1 3024
957 5 3024
4200 1 3026
7605 2 3028
6859 2 3028
4685 5 3030
3839 4 3031
5321 1 3031
8346 1 3032
3225 1 3034
9820 4 3034
5287 2 3035
3091 4 3036
5618 5 3036
8932 2 3037
7136 5 3038
9836 5 3038
212 2 3039
1102 4 3041
3658 4 3041
3633 4 3042
8714 1 3045
2104 3 3046
4344 2 3046
4212 2 3047
5153 3 3047
2736 1 3048
1624 3 3048
5211 2 3049
1097 2 3050
5385 3 3051
9321 5 3052
7591 1 3054
8733 2 3054
6454 1 3056
4723 3 3056
1200 4 3057
4011 1 3057
7055 1 3058
5499 4 3058
8096 2 3059
5564 5 3061
9716 1 3062
1848 5 3066
1823 3 3066
4439 1 3067
1680 2 3067
4090 1 3068
9635 2 3068
8970 3 3072
8740 3 3072
9222 4 3073
3579 2 3074
2999 1 3076
8728 2 3076
2174 1 3077
6866 5 3077
1784 4 3078
172 5 3079
1104 3 3080
2921 1 3080
9107 5 3082
3684 4 3082
1226 3 3083
6976 5 3083
464 4 3084
394 1 3085
9429 4 3085
3773 1 3088
3921 1 3088
8486 3 3090
1140 1 3090
6085 2 3092
4854 5 3092
5103 4 3093
3284 1 3094
4853 1 3094
4006 4 3096
5336 2 3096
3282 5 3098
3121 2 3098
5192 2 3099
6111 1 3100
3037 3 3101
6995 3 3101
7960 2 3102
4529 1 3103
1039 4 3103
7808 1 3107
3059 4 3108
2649 2 3109
4813 4 3110
4903 5 3111
6838 5 3111
9209 4 3112
42 2 3112
5276 4 3115
7071 4 3117
6832 2 3118
2610 1 3119
6361 1 3119
4343 3 3120
3066 4 3120
3369 5 3121
7852 5 3121
8019 1 3123
8823 5 3124
8774 4 3126
4875 1 3126
4835 4 3127
3608 3 3129
7508 1 3130
8953 1 3130
6730 5 3133
7256 4 3134
3725 5 3134
500 2 3136
3097 3 3138
7147 2 3138
4068 5 3140
9573 1 3142
4542 3 3142
2129 4 3146
1330 1 3147
8683 5 3147
6453 3 3148
6125 3 3148
5109 3 3149
8316 3 3149
6795 2 3150
5798 5 3153
9134 5 3153
1614 4 3154
1037 2 3155
987 2 3155
5318 5 3156
8201 3 3157
453 5 3157
5900 4 3158
2119 4 3159
5491 3 3160
7210 3 3160
3005 2 3161
8759 2 3161
3448 2 3162
7382 5 3162
3275 3 3163
6038 3 3163
6987 5 3164
955 1 3164
1014 2 3168
3297 5 3168
8338 1 3169
1762 1 3169
9677 2 3170
4409 3 3170
3588 3 3172
1215 2 3172
4223 5 3173
9360 2 3173
2664 2 3174
2840 4 3174
3319 4 3175
7024 5 3176
3105 5 3176
7455 1 3177
9092 5 3177
5349 4 3180
6496 3 3180
7149 2 3181
8032 5 3181
9873 5 3185
8631 1 3186
6485 3 3186
9850 4 3191
2023 3 3192
3862 1 3192
1581 2 3196
543 3 3197
5330 4 3197
7123 5 3198
7177 5 3198
1512 5 3199
5722 5 3200
7348 4 3200
7870 2 3201
8880 2 3202
1299 3 3202
363 1 3203
3893 3 3204
5620 3 3206
7238 2 3207
8573 2 3208
7799 1 3208
4507 4 3209
5998 5 3210
2936 3 3210
6243 2 3211
9617 5 3211
8928 5 3213
9376 5 3217
4834 4 3217
2564 2 3219
5536 2 3220
4341 5 3220
8399 5 3221
9426 5 3222
6476 5 3224
1678 4 3226
6637 2 3231
4581 1 3233
4125 3 3234
6649 4 3235
6227 5 3238
4906 1 3239
2056 5 3239
1554 5 3241
2809 4 3241
2209 4 3244
5150 2 3245
6269 2 3246
1598 3 3246
5703 2 3247
4469 3 3248
978 3 3250
7962 4 3251
472 1 3253
4909 5 3254
5012 1 3254
4653 3 3255
4343 5 3256
7779 5 3256
9261 3 3257
2375 2 3259
8790 1 3262
4690 3 3262
55 2 3263
315 2 3263
4571 1 3265
594 1 3265
3731 5 3270
1717 2 3270
86 1 3271
8977 1 3271
2602 1 3272
18 4 3272
1209 4 3273
762 4 3274
5755 4 3274
600 2 3275
4925 3 3276
9682 4 3276
2071 3 3277
8135 1 3277
3738 3 3278
6639 1 3279
7286 5 3279
3359 4 3280
443 4 3280
1483 3 3282
1934 5 3282
2330 4 3284
2763 3 3285
3924 4 3285
4470 3 3286
9819 5 3287
5113 4 3287
6962 2 3288
4448 3 3288
9540 4 3290
629 3 3292
2784 3 3292
270 3 3294
6745 5 3294
1469 5 3296
3615 2 3296
9679 4 3297
6093 4 3300
7939 4 3302
1565 3 3302
2464 1 3304
3624 5 3304
5538 3 3305
256 3 3305
4100 1 3306
2225 4 3307
2704 4 3307
4148 1 3308
1592 3 3308
8266 3 3309
801 1 3310
2010 3 3311
1986 5 3314
2099 5 3315
3624 5 3316
5421 2 3317
3790 4 3318
7152 5 3318
3529 1 3321
2973 3 3323
5987 2 3324
2284 4 3325
544 4 3325
2025 4 3332
3318 2 3333
1527 2 3333
7476 1 3334
4900 5 3335
9107 3 3336
8347 4 3336
5383 1 3337
4626 2 3338
9746 4 3339
7667 5 3340
3148 1 3340
6758 2 3341
2574 2 3342
663 1 3342
5182 1 3343
516 5 3343
2604 1 3344
8921 2 3349
822 3 3350
4935 2 3351
9252 4 3351
1650 5 3352
2974 4 3352
8953 4 3354
2589 2 3356
9597 3 3357
4439 2 3357
5101 4 3358
2091 4 3358
7955 1 3360
374 4 3360
7980 1 3361
7662 5 3361
1931 4 3362
8632 4 3363
314 4 3365
4498 5 3366
1233 1 3366
3222 4 3367
2195 3 3367
6698 4 3368
6804 4 3368
957 2 3369
1340 2 3372
914 5 3372
4297 4 3373
9878 5 3373
2736 4 3375
6854 2 3375
7682 2 3376
8958 2 3376
4699 3 3381
2734 5 3381
4679 5 3382
558 4 3382
7191 3 3383
3309 5 3383
9331 1 3384
286 3 3384
3109 2 3385
7327 5 3385
4037 4 3386
1179 4 3389
8551 1 3389
6305 4 3390
6118 2 3390
5687 1 3391
5201 1 3392
5633 2 3393
7831 1 3393
6732 1 3395
1142 4 3395
6571 4 3396
9962 2 3397
5148 1 3398
8783 1 3398
6994 1 3399
4422 2 3399
5314 4 3400
8087 5 3400
4689 1 3405
851 1 3406
5533 4 3407
5044 1 3408
9845 2 3409
8538 5 3412
6158 2 3413
8974 2 3413
7227 4 3414
2246 5 3416
5717 3 3418
5171 5 3418
9128 2 3419
9718 4 3419
1881 2 3421
5239 1 3422
559 3 3423
7004 3 3424
7267 4 3425
3918 4 3428
7669 3 3430
9030 3 3431
1556 5 3432
5349 2 3434
2528 4 3435
211 2 3435
5246 4 3437
9989 2 3438
6446 3 3439
3043 1 3440
7001 5 3440
4861 5 3441
5589 3 3442
9121 4 3444
1121 2 3446
865 1 3447
6149 3 3449
9589 5 3450
5941 4 3454
5693 1 3454
3185 3 3456
3498 5 3457
1341 1 3457
9940 2 3458
3948 5 3460
7020 3 3460
7373 2 3461
3296 1 3463
7592 3 3467
9443 2 3469
5106 3 3470
7548 4 3473
7863 5 3474
7818 5 3474
6473 4 3475
8154 2 3475
1795 3 3476
7370 4 3477
4784 4 3477
5348 3 3478
7551 4 3478
2219 1 3481
3761 5 3481
8658 3 3482
3026 4 3485
1220 1 3486
2605 1 3487
8369 3 3487
2000 4 3488
2577 2 3488
198 5 3489
4530 1 3489
7421 2 3490
5741 3 3491
146 5 3491
4735 2 3492
3925 2 3494
1639 3 3494
1508 4 3496
9107 4 3497
5901 2 3498
5734 4 3498
5097 5 3499
9531 2 3501
1453 2 3503
60 5 3504
955 4 3505
581 1 3505
6085 4 3506
9417 4 3507
653 2 3508
722 2 3510
9285 5 3511
286 2 3511
1931 1 3512
9208 3 3512
7894 5 3513
6586 4 3513
5579 2 3514
6453 5 3514
4109 1 3518
2187 3 3520
8764 2 3520
1901 4 3521
1249 3 3522
2701 4 3522
9671 2 3524
182 5 3525
146 1 3525
8075 2 3526
7281 1 3527
255 2 3527
3134 4 3528
7473 5 3529
2811 1 3530
1029 2 3530
5669 3 3531
5050 2 3532
7693 1 3532
9333 1 3534
6303 4 3535
7107 2 3535
4920 5 3536
898 1 3539
8607 4 3540
8626 1 3541
8188 5 3542
7403 1 3542
9649 2 3544
1729 2 3545
6523 3 3545
5701 4 3547
6220 3 3547
3879 4 3548
7090 2 3548
7574 5 3549
3111 2 3550
623 3 3550
9193 1 3553
3429 5 3553
5620 2 3554
8140 1 3555
229 3 3555
7261 3 3556
2045 3 3557
6111 4 3558
3887 3 3559
1993 2 3560
871 5 3564
5593 1 3565
3014 3 3566
6376 5 3566
7078 3 3567
8230 1 3567
8942 4 3568
1309 4 3570
8373 2 3573
9784 5 3574
2321 3 3575
4566 1 3575
2023 1 3576
2123 5 3578
8014 5 3578
1536 2 3579
6667 5 3580
6511 5 3580
3946 2 3581
7781 2 3581
7314 5 3583
1540 4 3585
758 4 3585
2537 3 3589
5256 1 3589
1554 2 3590
1093 3 3590
6874 2 3592
3629 1 3593
1495 4 3593
3085 3 3595
7813 2 3595
8346 2 3596
6039 2 3597
8051 1 3598
1936 3 3598
6131 5 3599
2573 3 3600
4700 2 3600
646 5 3601
153 4 3601
7804 1 3604
45 1 3606
9806 2 3607
6616 2 3609
1917 2 3610
1521 4 3615
2017 1 3615
5615 3 3617
7933 5 3619
479 1 3619
2552 3 3621
4856 3 3621
4379 5 3622
6416 4 3622
9906 2 3623
4759 3 3624
7337 4 3624
5358 1 3626
1039 5 3626
9905 5 3627
1825 1 3628
98 4 3631
8243 3 3634
3790 4 3639
4000 4 3639
7783 1 3640
2835 1 3640
7882 2 3642
3969 2 3643
4014 5 3645
9161 1 3646
5178 2 3647
8839 1 3647
9848 4 3648
4965 2 3648
2783 3 3651
9871 4 3652
5706 4 3652
6704 2 3653
1079 1 3653
5910 2 3654
6570 1 3655
4670 4 3656
7289 2 3658
7138 2 3660
9228 4 3660
8680 1 3662
8604 5 3662
7499 3 3667
7695 1 3667
952 1 3669
5952 4 3669
2124 2 3670
3051 2 3670
71 2 3673
9824 4 3673
2077 1 3675
5697 2 3676
7169 4 3676
4067 4 3677
6753 5 3677
9470 1 3678
3467 3 3678
9752 1 3679
9126 5 3679
1086 2 3681
8742 4 3681
587 5 3683
6543 5 3684
3281 5 3684
9194 5 3685
8100 5 3685
3196 4 3686
4407 5 3687
5084 5 3688
1655 4 3688
5529 1 3689
4124 4 3691
5872 1 3691
9944 2 3692
9425 2 3692
6179 4 3693
4812 5 3695
8104 2 3698
7037 1 3701
5789 1 3701
7051 1 3702
4657 1 3706
8752 2 3708
5927 1 3709
5914 1 3709
7239 3 3710
335 5 3710
1671 4 3711
6710 3 3711
1107 4 3712
7222 4 3713
8379 2 3713
166 3 3714
3290 4 3717
6274 4 3719
4588 1 3719
4903 1 3720
4553 4 3720
8499 5 3722
197 5 3724
8783 4 3725
8165 4 3725
6640 2 3727
2029 3 3728
5205 4 3729
9215 1 3731
6279 3 3731
2177 2 3732
1871 2 3732
9377 4 3733
7804 2 3733
7896 4 3736
4014 1 3736
639 4 3737
3280 5 3738
1435 3 3738
5440 4 3739
4256 4 3743
3537 5 3743
8427 4 3745
9908 5 3745
3104 1 3747
2955 2 3747
2721 4 3748
5546 4 3749
4555 1 3751
6331 1 3752
143 5 3753
7501 4 3753
3983 5 3754
3997 4 3754
3538 5 3756
6203 4 3756
3509 2 3757
9674 5 3758
227 2 3759
4045 4 3759
3093 1 3761
2550 4 3764
9309 2 3765
2665 3 3766
5408 4 3767
8454 4 3767
7531 3 3768
4549 3 3768
5230 4 3769
2838 2 3770
4327 3 3770
6331 2 3771
5657 4 3771
6189 1 3772
8681 4 3772
3489 4 3775
1857 4 3776
6319 3 3777
8923 2 3778
3105 4 3779
2262 5 3780
486 3 3780
5570 3 3782
9071 5 3783
5225 3 3783
417 4 3784
5237 4 3785
2911 3 3788
4170 5 3789
2524 5 3789
1477 3 3790
4006 2 3793
4659 1 3794
5602 5 3795
1317 3 3796
3103 4 3796
483 3 3797
2926 1 3801
6237 3 3802
1914 3 3802
6368 2 3803
1201 5 3804
2051 5 3805
23 2 3806
2389 2 3808
4129 2 3809
4036 4 3809
4897 4 3810
4588 4 3811
8925 4 3811
7919 4 3813
5573 1 3814
4036 2 3814
5932 3 3816
4285 5 3817
3778 2 3818
141 5 3819
2268 5 3819
7742 1 3820
8553 4 3821
6983 3 3821
4470 2 3823
7079 3 3824
9121 5 3825
2487 3 3826
7422 5 3827
5824 5 3827
8330 1 3830
980 1 3830
5881 2 3833
2311 5 3835
2558 3 3836
877 1 3836
8893 1 3837
7271 4 3838
4631 1 3838
3268 1 3839
388 3 3839
168 1 3840
8991 3 3840
1793 4 3841
8474 1 3841
9961 3 3842
2590 2 3845
9420 1 3845
8803 2 3846
3447 4 3849
9675 1 3849
7495 2 3850
19 2 3850
4951 5 3851
6913 4 3851
1254 5 3852
8573 3 3854
5547 2 3854
5748 1 3856
2644 5 3857
488 5 3857
6569 4 3859
2913 2 3859
4985 2 3862
6085 5 3863
8565 3 3863
6757 3 3865
5344 5 3866
1117 3 3866
2231 3 3867
4263 2 3867
6717 1 3869
4940 3 3873
177 5 3873
2556 5 3876
8113 4 3876
6008 2 3877
2653 4 3879
9798 5 3879
4458 3 3880
7600 2 3881
2690 3 3881
9854 3 3882
1482 2 3882
2616 4 3885
1310 4 3885
8959 1 3886
3941 5 3886
1838 3 3891
3617 5 3891
6916 3 3893
1519 2 3895
5987 3 3895
1505 2 3896
8804 3 3896
4246 3 3898
6888 3 3902
7414 4 3902
8963 5 3903
235 2 3903
9528 5 3905
8632 2 3905
9880 1 3906
13 5 3906
4899 2 3907
9923 2 3907
2338 1 3909
4633 4 3910
2524 2 3913
3465 5 3913
3009 5 3915
1772 1 3916
3854 5 3916
1944 4 3917
4498 3 3918
7291 5 3918
6500 4 3919
7909 1 3919
1666 3 3923
1665 1 3924
8337 1 3924
1085 4 3925
3017 3 3927
2093 3 3928
7014 1 3929
1128 1 3929
9488 3 3930
2087 4 3931
8796 3 3931
8459 3 3933
9532 2 3934
8851 3 3934
3173 1 3935
4962 2 3936
4059 2 3937
4573 2 3939
2629 3 3940
6555 1 3941
6053 5 3941
9673 3 3942
4956 1 3942
9513 3 3943
1445 2 3943
6187 3 3944
4280 3 3944
9704 3 3946
7217 1 3947
2161 5 3948
5145 5 3948
4949 5 3949
1181 1 3952
8813 3 3952
1125 1 3953
7432 3 3953
8721 3 3954
4368 1 3954
1218 4 3955
7902 5 3957
4408 5 3958
6272 2 3958
6337 4 3959
2103 4 3959
3017 1 3962
9723 1 3964
1893 5 3964
809 2 3966
9788 1 3967
3105 2 3967
4944 1 3968
6505 2 3969
7482 1 3969
6045 3 3970
5633 4 3970
915 4 3971
3549 2 3971
4642 5 3972
783 5 3972
9593 5 3973
341 1 3974
2991 5 3974
8425 3 3975
7467 3 3976
6851 3 3976
2743 5 3977
25 1 3978
5389 5 3978
693 4 3981
2049 5 3982
5488 1 3983
467 1 3984
8117 5 3987
7997 3 3987
1405 5 3989
6520 2 3990
7247 1 3991
7055 4 3992
281 4 3993
2727 5 3995
4913 2 3996
2040 2 3997
3980 3 3997
7999 3 3999
8718 3 4000
6631 1 4003
1456 4 4004
8456 3 4004
7355 3 4005
8850 1 4006
1942 5 4006
5151 2 4007
7120 3 4008
9869 1 4010
9219 2 4010
5996 4 4012
4758 4 4012
8379 4 4014
4463 1 4015
1509 2 4015
158 4 4016
2221 3 4016
9082 2 4017
5375 2 4017
6239 4 4018
5119 5 4018
8446 5 4019
9610 5 4020
8082 1 4020
3416 3 4021
9262 4 4021
8481 5 4025
1170 2 4026
6350 1 4027
606 3 4028
9113 1 4028
5659 5 4029
7276 4 4029
911 3 4032
9038 4 4034
956 3 4035
3385 3 4036
1492 5 4036
8680 5 4037
480 3 4039
7181 5 4039
1773 1 4040
358 1 4043
4553 3 4043
9840 5 4048
5351 1 4049
215 2 4051
2035 2 4052
1416 3 4053
243 5 4053
5837 5 4054
9627 1 4055
1452 4 4056
7347 4 4057
6246 2 4057
7204 4 4058
9430 2 4059
8120 4 4062
5438 5 4064
5406 3 4064
5953 1 4065
7354 4 4065
5665 4 4066
9194 5 4067
4770 1 4067
8822 3 4068
8991 4 4068
6157 3 4069
5725 2 4069
9850 1 4071
3841 3 4072
7236 3 4073
1722 1 4073
982 1 4075
324 2 4075
2179 1 4076
3643 4 4076
6270 2 4077
6781 3 4078
9257 1 4078
53 5 4079
1156 4 4080
7377 3 4080
9677 1 4083
2838 1 4083
5754 2 4088
4674 2 4088
8391 1 4089
4519 5 4091
268 5 4091
9413 1 4094
5699 1 4095
1053 5 4096
1012 2 4097
5839 2 4097
1150 2 4098
7128 3 4099
3085 5 4099
1127 5 4100
3326 3 4102
7652 5 4103
950 2 4104
684 2 4105
497 3 4105
7803 1 4106
2718 3 4107
6897 3 4110
7013 4 4111
5354 1 4111
6489 3 4112
7310 2 4112
9737 2 4114
3139 5 4114
3781 3 4115
6656 1 4115
5728 2 4116
3310 1 4116
579 2 4120
5700 5 4120
7355 5 4121
5805 5 4121
5176 5 4122
100 4 4124
2955 2 4124
1965 2 4126
7658 1 4128
6320 3 4128
7735 5 4129
4260 3 4134
6118 2 4134
3197 2 4135
3920 2 4135
3588 5 4137
5820 2 4137
2116 3 4138
939 5 4138
1196 4 4140
2823 4 4141
4575 5 4142
8130 3 4143
9205 2 4144
3496 5 4144
5281 5 4145
2283 4 4146
6676 4 4146
993 5 4148
6892 5 4148
3744 3 4149
1914 5 4153
1899 3 4153
136 1 4155
9358 2 4155
2228 5 4156
235 1 4159
2809 4 4162
4426 3 4164
5888 4 4164
894 4 4165
3713 5 4166
3473 5 4167
699 4 4167
9139 1 4168
4843 5 4168
5962 5 4169
1536 2 4171
1690 3 4171
2326 3 4172
4138 3 4172
7597 3 4173
5493 5 4176
4898 5 4176
1859 2 4179
2721 2 4180
5030 3 4181
9724 3 4181
3307 3 4185
5692 5 4186
6499 4 4186
5039 4 4187
2411 1 4187
3590 1 4188
454 4 4188
1996 5 4190
2909 5 4190
7106 4 4191
5220 2 4191
7280 3 4192
3364 4 4192
8066 3 4193
5609 5 4195
4070 1 4195
9678 3 4196
2290 1 4196
9670 3 4197
8237 3 4197
9257 3 4198
699 4 4199
5787 3 4199
4283 3 4200
6419 1 4201
2267 2 4204
3011 5 4204
4694 3 4205
243 3 4205
4441 3 4206
1117 2 4207
9537 5 4207
5212 4 4208
3772 3 4209
2772 1 4209
2642 1 4210
2237 2 4210
6341 2 4212
3199 1 4212
337 5 4213
348 2 4214
2689 1 4214
296 3 4218
9362 5 4218
3733 3 4219
3789 2 4222
8902 4 4222
5054 1 4224
1055 5 4224
135 1 4225
8121 2 4225
3610 3 4227
8248 2 4227
9577 1 4228
432 4 4231
7030 4 4232
5009 3 4232
5587 4 4233
3158 3 4234
559 5 4234
9938 2 4235
9844 5 4237
1000 2 4238
4069 2 4238
1927 3 4241
5037 4 4241
2446 5 4242
5405 4 4242
8540 4 4243
5357 1 4243
581 1 4245
9915 3 4245
9210 1 4246
857 1 4247
3886 3 4247
3989 3 4249
113 1 4250
1816 5 4250
9876 2 4251
5110 2 4251
6431 2 4252
5880 1 4252
7254 2 4254
5629 3 4255
4897 2 4255
1591 2 4256
5715 5 4257
9623 1 4257
6104 4 4258
801 5 4258
7306 4 4260
836 2 4260
6015 3 4261
3564 3 4261
3300 3 4262
1616 1 4262
438 2 4267
21 2 4267
338 1 4272
1268 5 4272
7789 5 4273
270 1 4273
2761 2 4274
9816 2 4274
2176 5 4275
8500 3 4277
4847 1 4277
6091 4 4279
9623 1 4281
9840 5 4281
2002 4 4282
2440 1 4283
1389 5 4283
8173 2 4284
1270 5 4285
5739 3 4285
7261 2 4289
8321 4 4289
2052 3 4290
7923 1 4290
9681 4 4291
5960 3 4292
7089 3 4292
1754 2 4295
5242 5 4295
9375 4 4296
9060 4 4296
8723 5 4297
1913 3 4299
2678 5 4300
43 5 4301
8949 1 4301
4016 2 4303
1805 4 4304
9373 5 4304
7056 4 4305
5510 3 4305
7704 1 4306
7864 1 4306
5769 5 4308
4865 1 4308
2595 4 4312
7632 2 4312
4829 4 4313
8857 3 4313
2551 5 4315
8318 1 4316
8545 2 4316
4889 4 4318
209 1 4318
6740 2 4319
8089 3 4320
7673 3 4320
5294 2 4321
5668 3 4321
2732 2 4322
6418 4 4322
1161 5 4323
9450 2 4323
1115 1 4324
2823 2 4327
6446 2 4327
742 1 4328
5651 1 4329
3754 2 4332
8877 4 4332
294 2 4333
2281 5 4333
6591 1 4335
5768 5 4335
3949 4 4337
4602 5 4339
324 1 4339
8902 4 4340
4810 2 4341
329 2 4342
7494 2 4342
9003 4 4343
1536 3 4345
7 1 4346
6818 2 4348
1200 5 4348
7044 2 4350
3825 1 4351
7995 5 4351
9820 3 4353
4167 4 4353
2166 4 4354
5695 5 4354
5131 2 4356
2910 5 4356
5500 2 4357
8267 5 4357
5096 4 4359
822 4 4361
8977 4 4361
7879 2 4362
3444 2 4362
5959 5 4363
9400 2 4364
8045 5 4364
4447 3 4366
4534 2 4368
7194 4 4369
7722 5 4374
9336 5 4376
1978 4 4376
4768 3 4377
5358 2 4377
5258 1 4380
2997 1 4384
1316 5 4385
2428 2 4385
4876 1 4388
7545 5 4389
4475 4 4392
2731 5 4392
6092 4 4394
6412 3 4395
45 5 4398
1711 1 4398
4992 2 4400
7930 2 4401
3205 5 4402
1378 1 4406
3675 4 4407
2375 5 4408
795 3 4409
4715 3 4411
7946 4 4414
5301 2 4415
5500 5 4415
1171 2 4416
2071 5 4417
8758 2 4417
1267 4 4424
2658 3 4425
6018 4 4425
1998 5 4427
6438 4 4427
2971 3 4429
8637 4 4434
5599 5 4435
7532 2 4439
7898 5 4440
282 3 4440
77 5 4441
1666 5 4442
4925 2 4442
9504 2 4443
7295 3 4444
8938 5 4445
9950 3 4449
7166 2 4449
3247 5 4450
4042 3 4450
3605 5 4453
6920 1 4453
2033 3 4454
4166 2 4456
7779 4 4456
9944 1 4458
6817 1 4458
153 1 4459
3125 3 4461
8013 4 4463
6866 3 4463
5823 4 4464
1485 4 4465
4438 4 4467
3577 2 4469
4980 3 4469
1940 1 4471
4643 4 4471
1208 5 4472
2288 3 4472
4352 4 4474
9913 3 4476
1858 3 4477
4142 1 4478
9828 5 4478
5917 1 4479
2837 3 4479
4187 1 4480
774 1 4481
2190 3 4482
1378 3 4482
2145 1 4483
6675 3 4484
772 3 4486
9175 3 4487
2054 5 4488
6976 1 4488
1446 5 4491
8005 4 4491
3361 2 4492
5251 1 4495
1787 3 4496
6352 5 4499
1842 2 4500
7597 2 4503
223 3 4503
8687 4 4504
7222 2 4504
7775 2 4505
8873 2 4506
6991 1 4506
583 2 4507
9453 3 4507
7470 2 4508
2139 4 4509
8474 4 4509
8495 1 4511
1108 5 4511
2683 4 4513
53 4 4513
916 3 4517
8000 1 4517
4518 2 4518
9130 1 4518
1926 5 4519
932 2 4520
7016 3 4521
7334 1 4521
2146 5 4522
1978 3 4524
4293 1 4524
2459 1 4525
5940 2 4526
2567 2 4526
4136 2 4528
1934 3 4529
9015 2 4530
9638 3 4531
6228 2 4531
5363 4 4532
6324 5 4534
3229 5 4534
6792 3 4535
2076 5 4535
9891 2 4536
5138 3 4536
2241 5 4538
1630 1 4539
6709 4 4539
1176 4 4543
3270 3 4544
5056 2 4544
7374 1 4545
9959 5 4545
9934 2 4547
6248 1 4548
5011 3 4548
5565 5 4549
8203 5 4549
9431 4 4550
7238 2 4551
3439 3 4552
5438 4 4553
5783 3 4553
2205 5 4554
2486 1 4555
4057 5 4555
4912 2 4556
8049 4 4556
7195 4 4558
5872 1 4558
7073 5 4559
6218 2 4561
5022 1 4562
9226 5 4563
6565 4 4563
5701 2 4565
4695 3 4565
161 4 4566
4265 4 4566
7403 4 4567
540 5 4567
2558 3 4568
2918 1 4568
437 1 4569
4817 1 4570
4911 1 4571
2615 3 4575
4785 5 4578
333 4 4578
7364 1 4579
1789 4 4579
1724 4 4580
9615 1 4580
3425 4 4581
1140 1 4582
6732 1 4582
853 4 4583
2771 1 4583
5965 3 4584
8508 2 4584
6452 3 4585
7691 2 4587
5279 1 4588
4196 3 4590
3868 2 4590
6686 1 4592
3327 5 4592
3714 2 4593
1347 2 4593
3350 3 4594
5955 1 4594
9698 1 4595
8272 4 4596
6974 1 4596
5222 2 4597
7715 2 4597
6722 3 4598
7842 2 4599
2560 1 4599
8653 3 4600
3878 4 4602
5486 5 4602
6940 5 4603
4008 1 4604
2205 4 4604
936 5 4607
4380 4 4608
3931 3 4608
6132 5 4609
36 3 4610
6677 3 4611
3921 2 4612
8047 1 4613
7631 3 4614
4023 5 4614
9147 1 4615
7215 3 4615
7831 3 4616
8385 4 4617
1218 1 4619
4021 2 4622
2098 3 4622
5532 3 4623
7712 4 4624
6877 5 4624
6373 1 4625
9003 3 4627
5108 5 4627
7139 5 4630
3634 1 4630
2070 4 4632
9834 4 4632
738 2 4633
608 3 4634
7021 2 4634
965 2 4635
5548 4 4636
3194 3 4637
6339 5 4637
569 4 4638
8527 2 4638
4780 2 4641
3659 2 4641
2354 3 4643
1411 2 4643
3865 3 4644
9269 2 4645
3939 4 4645
9094 4 4646
4229 5 4646
7132 5 4648
8544 5 4649
1742 4 4649
3915 1 4650
5498 3 4650
9602 5 4651
582 2 4655
6827 4 4655
6964 4 4656
4866 1 4656
7984 2 4657
7105 5 4658
5615 3 4660
422 1 4661
4251 4 4661
3477 4 4662
815 4 4662
6093 3 4663
9981 1 4664
4472 2 4665
854 2 4665
1025 5 4666
1277 3 4669
18 4 4669
92 5 4670
419 2 4670
2622 3 4671
9794 4 4674
7543 4 4675
2491 4 4676
5470 3 4677
9730 2 4678
2054 5 4678
6527 3 4680
6208 2 4682
74 5 4683
5464 1 4685
9072 4 4686
7725 4 4686
3635 1 4687
6300 1 4688
8793 1 4688
9849 4 4689
1260 5 4689
8681 4 4690
9861 4 4691
1573 3 4692
8164 1 4693
8563 3 4695
7345 2 4698
2575 5 4698
4561 3 4699
5362 5 4700
3812 5 4701
2605 1 4702
2544 5 4702
9493 2 4703
1472 2 4703
3064 4 4704
7080 5 4705
3250 2 4706
8232 2 4706
2959 2 4708
1487 5 4710
509 3 4711
9113 2 4711
7513 2 4712
724 4 4714
6225 3 4715
9683 3 4715
3920 5 4717
3824 4 4717
3496 5 4718
7918 4 4718
8183 1 4719
6442 1 4721
8973 3 4722
2295 3 4724
7262 5 4725
9361 3 4725
9644 2 4726
3126 2 4726
1656 3 4727
523 3 4727
7661 3 4729
8666 5 4730
692 1 4730
2732 4 4731
4235 4 4731
5678 1 4732
1985 2 4732
3055 1 4733
5565 2 4733
5080 3 4735
9130 4 4735
8342 2 4736
9549 5 4736
3608 2 4737
4139 4 4738
4170 4 4739
5881 4 4739
7397 1 4740
2342 1 4741
7655 5 4741
4668 1 4742
4362 3 4744
2635 4 4745
8768 5 4746
4608 3 4749
2754 4 4749
546 1 4750
742 5 4750
9920 5 4751
349 1 4751
4122 5 4752
7901 1 4755
8411 1 4758
5869 3 4758
2175 2 4759
2679 2 4761
1621 3 4761
9304 1 4762
5509 2 4762
6111 1 4763
8612 4 4764
5728 1 4766
6629 5 4768
4205 4 4768
2526 4 4769
2774 1 4769
4717 1 4770
5406 3 4772
8031 1 4772
987 2 4773
9701 1 4773
5403 5 4774
3920 1 4774
823 5 4775
7119 5 4776
5268 4 4776
2156 4 4777
5357 2 4779
3744 1 4779
2504 1 4781
3922 2 4781
7209 3 4783
731 1 4783
6552 5 4784
9180 4 4784
7281 2 4785
5004 3 4785
9203 5 4788
5487 2 4790
9359 3 4790
4805 4 4791
4697 1 4795
4102 1 4795
6359 2 4796
4377 5 4797
1765 4 4798
4765 5 4799
8415 3 4799
5557 5 4800
1488 2 4800
1921 4 4801
9 1 4803
3892 2 4803
5729 2 4804
6027 1 4806
6003 2 4807
7427 4 4807
7551 3 4808
3077 3 4809
6174 2 4809
9456 5 4810
3861 5 4810
8030 3 4811
2479 5 4812
5551 3 4812
4001 2 4813
7315 2 4814
2523 3 4815
4392 3 4815
3705 1 4817
4868 3 4817
9009 2 4818
5049 4 4820
9465 3 4820
5292 5 4822
8388 1 4822
9542 1 4823
6469 5 4824
5209 5 4826
2606 5 4827
3148 1 4828
8210 1 4828
1689 3 4829
6260 4 4830
7084 3 4832
8277 4 4838
1744 1 4838
5665 3 4839
4799 1 4841
8337 1 4841
5257 5 4842
5564 1 4842
2706 5 4843
1610 2 4846
8631 5 4847
8610 5 4847
2245 2 4848
3237 2 4848
6463 5 4852
9724 1 4852
4265 1 4853
7734 5 4854
9531 5 4855
1973 5 4855
8166 1 4856
259 1 4856
18 4 4857
6684 1 4857
50 4 4858
9794 4 4858
8776 2 4862
1025 4 4863
6451 4 4866
6424 1 4866
3613 4 4867
4301 2 4867
3938 5 4868
9153 2 4868
3569 5 4869
6025 1 4869
5026 5 4872
839 4 4874
570 4 4875
6040 5 4875
568 2 4876
730 4 4876
2399 4 4877
9491 5 4878
5491 1 4880
6744 4 4880
6428 5 4881
8625 3 4881
6205 5 4882
5276 2 4883
9133 3 4885
7136 2 4885
3818 1 4886
4329 3 4886
6628 2 4887
9630 3 4887
6960 2 4890
7123 2 4892
9458 5 4892
8290 3 4894
5784 4 4894
9415 5 4895
2912 5 4896
3672 2 4896
5426 1 4897
7578 1 4900
7845 2 4900
5708 3 4901
4832 1 4902
3960 1 4902
454 4 4903
127 1 4905
9021 1 4905
7751 1 4907
3885 1 4908
634 4 4909
117 4 4910
2545 5 4911
2046 1 4912
6749 4 4912
139 4 4915
9084 5 4915
9074 4 4917
2671 5 4917
7843 2 4919
4191 5 4919
686 2 4920
9491 1 4920
8291 5 4921
9552 4 4924
3776 2 4924
3424 3 4926
1563 4 4927
7932 3 4928
7073 2 4929
9353 5 4929
9119 1 4931
6209 4 4932
7477 3 4932
9067 4 4934
9433 5 4935
2066 4 4936
4621 5 4937
113 2 4938
6868 4 4938
5463 1 4939
4594 1 4940
3427 3 4940
3256 2 4941
6449 2 4941
5602 2 4942
4915 4 4942
4612 5 4943
9742 4 4943
5905 2 4944
6018 3 4944
584 2 4948
1577 1 4949
5586 2 4949
2125 3 4950
806 3 4950
7993 4 4951
3229 5 4951
494 2 4952
615 3 4952
9681 2 4956
4705 2 4956
557 3 4957
4274 2 4957
8461 2 4958
7481 5 4958
2761 2 4959
5162 1 4959
8659 3 4960
601 2 4962
5490 5 4962
9038 1 4963
457 2 4963
5303 2 4964
7116 4 4964
8726 4 4965
2315 4 4965
6619 3 4967
4507 3 4967
9290 5 4969
4809 5 4971
351 1 4972
4041 2 4973
2750 3 4973
301 1 4974
8214 3 4974
4850 1 4975
6245 5 4975
57 4 4979
3342 4 4980
2006 5 4980
173 4 4981
4393 1 4982
1751 5 4982
4801 2 4983
9435 5 4983
8119 2 4984
6617 2 4984
5108 3 4985
8496 4 4985
3322 3 4987
7025 3 4989
2712 1 4990
580 5 4990
7301 2 4991
4621 5 4991
9818 4 4993
9918 5 4993
8987 2 4994
3451 3 4994
787 5 4996
7328 3 4996
8135 4 4998
8273 5 4998
5105 4 4999
9513 1 4999
1517 3 5000
3715 3 5000
6279 2 5001
5920 5 5002
7424 1 5002
2536 3 5003
4296 2 5004
2963 3 5004
6794 5 5005
1760 5 5008
1700 4 5010
7491 1 5010
2832 4 5011
2784 2 5015
8528 2 5015
7745 5 5016
8680 1 5016
2578 1 5017
7436 4 5018
6149 2 5018
9950 4 5019
1082 4 5019
2399 2 5020
6595 4 5020
3926 3 5021
4467 4 5022
9433 1 5023
4555 4 5023
4008 1 5025
152 1 5025
2637 3 5026
2641 2 5026
2316 3 5027
664 2 5027
6049 3 5028
535 5 5030
3268 3 5030
6270 2 5031
4721 1 5033
58 1 5033
2517 5 5035
3183 3 5037
1107 3 5038
7876 5 5039
2240 2 5039
696 4 5040
8496 3 5042
7075 2 5042
2547 5 5043
8365 2 5043
7993 4 5045
5164 4 5045
7087 4 5046
8253 4 5047
763 2 5047
9978 1 5049
2432 1 5050
4028 5 5050
454 4 5051
3159 3 5053
8632 4 5054
7344 5 5056
115 4 5056
1573 5 5057
7082 1 5057
2288 5 5059
321 4 5059
5964 3 5060
4098 4 5061
4057 2 5062
7466 5 5063
8550 2 5063
1077 4 5064
3234 5 5065
7060 2 5065
1902 2 5066
2257 1 5066
8835 5 5067
1515 4 5068
4532 3 5068
7079 1 5071
3706 2 5073
2653 4 5073
4209 1 5076
242 2 5076
5513 5 5077
6703 2 5078
4321 3 5079
8979 4 5079
2690 4 5080
2242 2 5080
6526 5 5083
5787 2 5083
4050 2 5086
1860 2 5086
6099 4 5087
8322 2 5089
6410 3 5089
3552 4 5090
9252 4 5090
9990 1 5091
7951 2 5091
7843 2 5093
1586 5 5094
462 2 5094
1245 1 5095
4960 5 5096
4099 1 5096
27 3 5097
3104 3 5098
3120 4 5099
4275 4 5101
714 5 5102
7815 5 5102
4799 3 5103
3254 4 5103
3451 4 5104
905 4 5105
7506 4 5106
6454 3 5107
4900 2 5108
3492 2 5108
2067 4 5109
6065 5 5109
4294 1 5110
3543 2 5111
9649 5 5112
7214 5 5113
3858 5 5113
7453 2 5114
8302 2 5118
920 1 5119
5024 5 5120
203 5 5121
7854 1 5121
9312 3 5123
3280 2 5123
992 3 5124
5710 1 5125
4483 2 5126
9639 4 5127
5455 1 5127
6545 2 5128
2725 4 5130
3889 5 5130
3591 2 5131
2395 5 5131
7121 1 5132
5795 4 5133
9320 3 5135
223 2 5135
259 3 5139
578 5 5139
5288 1 5141
1506 3 5141
5211 2 5142
1163 3 5142
9455 5 5143
8902 5 5145
1973 2 5147
3250 4 5150
2288 1 5150
9907 1 5152
5806 2 5152
736 3 5153
3214 4 5153
2027 4 5154
7384 4 5154
2819 2 5156
7182 2 5156
1964 5 5157
8262 3 5157
6828 4 5158
1535 3 5158
7423 4 5159
1444 4 5159
7541 4 5161
871 1 5161
9890 2 5163
464 1 5163
5784 3 5164
7888 3 5165
3839 3 5166
8893 2 5167
5247 4 5167
6505 5 5168
387 1 5168
967 4 5169
5975 2 5169
5845 1 5170
3466 3 5170
112 5 5172
5399 5 5174
182 4 5175
9421 1 5176
1072 3 5176
8227 4 5177
9316 1 5177
1355 5 5182
7710 3 5182
8883 1 5186
4445 2 5186
1637 4 5187
2601 5 5188
349 5 5188
9479 3 5193
5513 4 5196
8863 3 5198
2296 2 5198
9947 3 5199
628 3 5200
5512 1 5201
6392 5 5201
6894 1 5202
4345 4 5203
2064 4 5203
1786 5 5204
3044 3 5206
9326 3 5206
4672 4 5207
8046 2 5209
5942 5 5211
5264 5 5212
5641 4 5212
2904 2 5213
8364 3 5214
6600 3 5215
5741 4 5216
1654 1 5216
9821 5 5217
8938 3 5217
5527 2 5221
166 2 5223
4552 2 5224
8344 1 5225
5128 5 5225
6888 2 5226
8798 2 5226
5154 1 5227
2219 5 5227
9793 4 5228
1482 2 5229
4445 3 5229
7503 2 5230
9094 1 5230
9132 1 5233
4822 5 5234
6202 2 5237
6562 1 5238
7452 2 5238
3804 5 5239
8664 4 5242
4745 5 5242
4554 1 5243
1214 2 5243
4183 5 5244
6142 1 5246
1374 5 5246
5275 1 5247
2672 5 5248
8400 4 5248
709 3 5249
4676 1 5250
9244 1 5253
7870 4 5254
2457 5 5254
26 5 5259
5524 3 5259
3137 1 5260
8557 2 5260
5165 3 5261
9728 5 5263
6723 5 5263
1707 2 5264
6749 2 5264
5815 1 5265
442 5 5266
5938 2 5266
4049 2 5269
6100 2 5269
8694 4 5270
421 4 5270
1183 4 5272
6705 4 5273
5885 3 5273
4788 3 5274
503 1 5274
4281 5 5275
7244 2 5276
1162 4 5278
6551 4 5278
9812 5 5282
2818 5 5282
5686 2 5283
3841 2 5283
2672 3 5284
6983 2 5285
7639 4 5286
5124 2 5288
8959 3 5289
2368 3 5289
8596 3 5291
4658 5 5291
3035 3 5292
4735 4 5293
9177 2 5295
6731 1 5295
43 2 5297
7463 1 5299
394 3 5300
8304 3 5301
4545 5 5301
1925 1 5302
8675 5 5302
3010 1 5304
4980 3 5306
6481 4 5306
268 3 5311
9182 3 5314
6001 4 5314
3650 3 5315
8455 3 5316
2392 3 5316
6371 2 5317
5315 3 5317
4135 3 5318
87 3 5318
6620 4 5319
7933 5 5319
9519 5 5321
8310 3 5322
9026 3 5323
3956 2 5325
3487 2 5326
3209 5 5326
5833 3 5327
842 4 5327
3330 5 5328
9446 5 5328
152 4 5331
1445 1 5331
9841 4 5332
7643 4 5332
6318 3 5333
170 1 5333
6151 3 5336
6315 3 5337
4394 2 5337
5892 5 5338
7146 5 5339
8418 3 5345
2102 1 5345
9162 3 5346
2588 3 5348
6077 2 5348
5129 5 5349
3925 4 5349
1180 3 5350
2553 5 5350
4896 3 5351
4405 1 5353
7350 4 5355
7825 3 5356
8534 1 5356
782 5 5357
8232 4 5358
2232 5 5359
4602 3 5359
1937 1 5360
3647 4 5360
2448 5 5364
8307 5 5366
1295 2 5367
7730 4 5369
3453 3 5369
3942 1 5372
7842 1 5373
3423 3 5373
8722 1 5374
9444 2 5374
2262 4 5377
9255 4 5377
3215 5 5380
6655 2 5381
6357 1 5381
9577 1 5383
7705 4 5384
745 4 5384
8295 1 5386
8826 1 5391
7718 4 5391
1072 3 5393
4699 3 5393
6958 4 5394
8993 1 5396
3058 3 5399
7202 5 5402
4132 3 5403
7445 1 5404
6055 1 5407
4387 4 5408
1638 2 5410
7146 3 5410
9316 4 5413
8607 3 5414
2496 4 5414
9471 5 5415
772 3 5416
1828 3 5416
6521 5 5417
7810 2 5419
3180 4 5420
6296 4 5422
6911 4 5422
4716 3 5423
1725 5 5423
5643 2 5424
653 1 5425
8155 5 5425
4249 1 5426
8994 5 5426
6202 1 5427
112 4 5428
1284 2 5428
7385 5 5429
6119 1 5429
2635 3 5430
4233 1 5430
924 4 5432
9481 1 5434
874 2 5434
7316 4 5435
8414 5 5435
8320 1 5436
4735 3 5436
8715 1 5437
482 4 5439
1921 3 5439
1721 5 5440
1839 3 5440
55 2 5441
6342 1 5443
5570 3 5444
1629 3 5444
8242 3 5445
8637 5 5446
2664 1 5447
6425 4 5450
8731 4 5452
6591 4 5452
2953 3 5453
1633 2 5453
9164 1 5454
9442 5 5455
997 5 5455
8954 5 5459
8436 5 5462
6140 1 5465
8259 3 5466
3099 3 5466
4021 3 5467
5438 1 5467
2180 5 5468
8874 2 5470
8719 4 5470
9629 3 5474
3225 1 5475
4307 4 5475
2370 1 5478
3849 1 5478
4389 2 5481
2431 2 5483
3308 3 5485
6622 3 5487
3194 1 5488
1302 5 5491
6265 5 5493
7754 3 5494
2511 5 5496
5417 5 5496
8610 1 5497
4918 4 5498
7578 2 5499
852 3 5501
8905 1 5503
2794 1 5510
8940 1 5510
1449 1 5511
3565 4 5513
2060 2 5514
2368 5 5515
6144 1 5516
3415 4 5519
5227 1 5519
1608 1 5520
7573 1 5521
1439 4 5522
4011 3 5523
1081 2 5523
8584 4 5524
3489 4 5528
4798 1 5528
9199 1 5530
2044 1 5533
2733 3 5535
4436 5 5536
8787 4 5536
6038 4 5537
2664 2 5538
1161 4 5539
1731 2 5540
2446 4 5540
6068 5 5541
4029 2 5543
4041 4 5543
7363 5 5545
5944 5 5548
9044 5 5548
9043 4 5549
4123 1 5550
4101 2 5551
2636 3 5552
2606 3 5552
7020 1 5553
2588 1 5555
9311 3 5555
8887 1 5556
8939 4 5557
2928 3 5559
3614 5 5559
545 3 5560
9326 3 5560
8791 4 5562
7835 1 5562
3068 5 5564
1472 2 5569
3086 1 5571
1230 2 5576
331 3 5578
3277 4 5578
67 4 5579
2049 1 5580
2598 3 5582
5464 3 5582
2766 1 5583
8057 5 5583
7069 5 5584
4720 5 5585
8753 1 5587
9255 3 5589
8895 3 5589
5497 2 5591
6814 1 5591
802 3 5594
1429 2 5594
8028 1 5595
423 1 5595
7820 1 5597
5350 1 5598
986 5 5599
4720 2 5599
9973 5 5600
7851 1 5601
7797 1 5604
6305 1 5604
7314 5 5605
3605 1 5606
1642 3 5607
4783 1 5607
8374 4 5610
5537 3 5610
5590 3 5611
8567 3 5613
8650 3 5614
6626 4 5614
5634 4 5615
7880 2 5615
6559 2 5616
3421 4 5617
6249 1 5617
6433 1 5618
7927 5 5618
1866 4 5622
6388 4 5622
6885 3 5624
6171 5 5626
5250 2 5626
4528 2 5628
3536 4 5628
8148 1 5629
8317 2 5629
277 3 5631
386 3 5634
2076 3 5635
3027 2 5635
9584 3 5636
3566 4 5636
6144 4 5637
7295 1 5637
2862 2 5640
2318 2 5641
4505 4 5643
812 3 5646
4078 2 5647
7415 3 5647
1592 3 5649
7185 2 5650
1660 5 5651
3990 2 5651
8061 3 5654
7872 3 5654
1065 2 5655
6037 3 5656
1883 3 5656
7420 1 5657
4914 4 5657
4438 2 5658
8936 5 5658
9414 1 5659
5765 3 5659
6785 3 5661
1262 2 5663
939 4 5666
8640 2 5666
4325 4 5667
7478 1 5667
4707 2 5668
6079 2 5668
1451 1 5670
3259 5 5670
9457 4 5672
1663 4 5673
5247 1 5673
8557 3 5675
2586 2 5676
6561 2 5676
1401 2 5677
777 5 5678
781 2 5678
1848 5 5680
8691 3 5681
442 4 5682
5202 5 5682
6776 3 5683
1886 3 5683
7882 3 5684
3748 5 5685
9146 2 5686
5737 3 5686
3968 5 5688
914 2 5688
5697 1 5689
1996 5 5689
4901 1 5690
7792 5 5690
416 5 5691
4884 2 5697
9451 2 5698
7876 4 5701
3944 1 5701
5863 4 5703
4910 3 5703
4299 1 5704
2944 2 5705
4578 4 5707
7122 4 5709
7686 2 5709
5970 5 5710
3898 2 5710
8308 2 5711
7717 5 5711
1976 5 5713
8592 3 5713
9483 4 5714
3225 4 5719
7109 3 5719
6837 1 5720
4502 3 5721
1905 3 5723
4501 5 5723
9861 1 5724
2262 2 5724
7293 3 5725
4145 5 5725
8176 1 5726
7288 3 5727
8907 3 5727
9882 4 5728
9738 4 5728
3081 1 5729
5764 2 5729
2895 1 5730
7399 1 5730
4664 1 5732
6147 2 5732
5541 1 5733
6517 4 5735
9505 5 5735
1090 5 5736
8593 2 5738
9723 5 5739
7856 1 5739
3743 5 5740
7316 2 5741
3095 5 5741
3745 3 5742
8339 1 5742
8644 4 5744
7106 3 5744
9360 1 5745
3859 4 5745
7114 1 5746
1831 1 5747
68 1 5748
3557 1 5749
1239 1 5749
8936 3 5750
6709 1 5750
9352 4 5751
1786 1 5751
2556 1 5752
1315 2 5752
2705 3 5754
9772 5 5755
3167 3 5755
1715 2 5756
6844 3 5756
4032 1 5757
926 3 5759
6121 4 5761
5289 5 5761
7446 4 5763
6221 1 5764
9407 3 5765
9551 5 5766
9075 1 5766
5036 5 5767
4237 4 5767
295 1 5768
1875 1 5768
9237 3 5769
2720 3 5772
7860 4 5773
9644 5 5773
3982 5 5774
5187 1 5774
9646 3 5775
3066 3 5776
7698 5 5780
8361 3 5781
2922 5 5781
9925 4 5783
6693 5 5784
8030 5 5784
3887 3 5786
2699 1 5788
7424 5 5789
269 2 5791
5625 4 5791
9180 1 5792
581 1 5794
6350 1 5794
1714 5 5795
5475 1 5800
1790 2 5800
4176 5 5801
6510 1 5802
879 3 5802
5062 5 5804
1083 4 5805
1920 3 5805
1734 4 5806
8223 4 5807
1822 2 5808
4471 1 5809
9958 2 5809
629 5 5810
8761 2 5810
9822 4 5815
810 2 5815
6140 3 5817
2876 1 5820
6036 4 5821
645 1 5821
7292 2 5822
8193 3 5823
5903 3 5824
6274 2 5825
8738 5 5826
6388 5 5827
417 4 5828
8228 5 5829
6240 5 5829
9271 2 5830
5258 4 5831
4086 2 5831
6227 4 5832
9456 3 5834
3457 2 5835
8009 3 5835
1752 4 5836
8613 1 5836
3555 4 5837
7267 5 5839
9272 3 5841
8034 3 5841
6530 2 5842
1650 4 5842
8981 1 5843
1280 2 5844
2698 3 5845
5954 4 5847
2673 3 5848
4190 3 5848
4060 4 5849
3878 2 5849
3797 4 5850
2909 2 5851
847 5 5851
2727 2 5854
5502 2 5854
6643 5 5856
7198 2 5858
6844 2 5858
5017 2 5860
3942 2 5861
3881 1 5862
2552 4 5865
6717 3 5866
7085 5 5866
307 5 5868
3039 3 5868
5435 2 5869
2836 1 5869
2623 5 5870
6034 4 5871
9898 1 5872
8473 5 5874
4121 3 5874
4463 4 5875
1211 3 5875
894 4 5877
4396 1 5878
8873 3 5879
9884 1 5879
864 2 5880
3520 2 5880
3625 1 5881
3692 5 5883
5749 5 5883
5167 1 5884
4973 1 5884
2328 4 5885
3547 5 5886
4952 3 5888
3930 5 5888
4677 4 5890
4023 4 5890
3288 5 5892
8656 1 5894
65 2 5894
7633 5 5895
621 3 5900
9674 2 5900
9783 4 5902
7174 1 5903
4285 3 5903
6597 5 5904
5465 3 5905
8926 2 5905
1196 4 5906
6852 2 5906
7523 4 5907
9086 4 5907
363 1 5908
7145 4 5908
6705 3 5909
6519 1 5909
9130 4 5910
1617 2 5910
3744 1 5912
8257 2 5912
8868 2 5913
3359 1 5913
5952 1 5914
5266 5 5917
8011 1 5917
8627 5 5918
2708 2 5920
8004 5 5920
6251 1 5922
7442 1 5922
5083 5 5924
4864 1 5924
6792 1 5926
3910 1 5926
1268 3 5928
4770 1 5928
2738 5 5930
9979 1 5930
5023 3 5931
8864 3 5934
5591 1 5934
721 3 5936
2079 2 5936
8056 2 5937
3192 2 5938
1920 4 5939
9155 1 5939
3564 5 5940
8549 4 5940
2302 2 5941
7336 4 5941
8792 4 5942
2214 5 5944
7651 3 5945
244 5 5947
7897 3 5948
973 3 5948
274 2 5949
540 2 5951
6010 1 5952
444 1 5953
3759 5 5953
6686 2 5955
8115 3 5955
7561 4 5957
3974 4 5959
2637 1 5959
6103 4 5960
7059 4 5961
9099 4 5961
8955 4 5962
2688 4 5962
9414 5 5965
8929 3 5965
9077 2 5967
4266 5 5969
8221 5 5970
1725 2 5972
8813 4 5973
9846 4 5973
3686 2 5976
2722 1 5977
5319 4 5978
6888 1 5978
7644 1 5979
1868 3 5981
144 2 5981
182 2 5983
4818 2 5983
5573 4 5984
3297 2 5984
8655 4 5985
1763 2 5987
7715 4 5987
7439 2 5988
2744 2 5989
147 1 5989
4535 4 5990
4857 5 5991
2811 3 5992
460 2 5993
2399 2 5993
9898 2 5995
3996 1 5995
6951 2 5996
8800 3 5997
520 5 5998
7963 1 5999
5639 3 5999
8234 1 6001
61 3 6001
1601 1 6003
8512 3 6004
5688 4 6005
9921 3 6005
8611 1 6006
22 1 6007
985 3 6008
3735 4 6009
8072 1 6012
4195 3 6013
7865 3 6013
5162 4 6014
5855 5 6015
8278 4 6015
3388 5 6016
5388 3 6016
5071 5 6017
4771 2 6018
1743 4 6018
6926 1 6019
8231 2 6019
1201 2 6020
5808 5 6020
7595 2 6022
9688 3 6023
6186 2 6024
4885 1 6025
8501 5 6026
2618 3 6027
2153 3 6027
1385 4 6028
9068 4 6028
3035 2 6029
9273 1 6029
9575 2 6030
5441 2 6031
9039 1 6031
4892 2 6033
2646 3 6033
5465 5 6034
6557 2 6035
1199 5 6035
8764 4 6036
5860 4 6037
8793 3 6040
406 5 6040
1827 4 6042
7997 3 6042
3790 5 6043
1765 2 6044
3894 3 6045
8985 5 6045
244 2 6046
1375 2 6046
1427 3 6047
9040 1 6047
8000 1 6048
938 2 6048
1552 5 6049
9803 3 6052
8371 4 6052
5135 5 6053
2442 3 6053
6751 1 6054
8581 1 6054
6881 2 6055
9758 2 6056
2749 2 6056
7595 1 6058
5387 1 6058
8759 1 6062
6017 1 6062
4557 2 6063
5573 4 6064
6967 2 6064
7956 1 6065
9627 3 6066
1333 3 6066
1962 1 6068
659 3 6068
8112 2 6070
1411 1 6072
2794 5 6072
2126 4 6073
3398 5 6073
6468 5 6074
3370 5 6076
126 5 6076
3971 4 6077
9874 1 6078
9953 5 6078
7926 1 6079
3165 5 6080
8273 1 6082
2196 4 6083
7900 4 6084
4521 1 6085
4217 5 6087
1675 4 6093
1750 2 6094
722 2 6096
3341 3 6097
2303 4 6097
2191 5 6102
2263 5 6102
7478 1 6103
5309 5 6105
6420 1 6105
8046 2 6107
3759 3 6107
1490 3 6109
6229 4 6109
7629 5 6110
1356 3 6110
1647 4 6113
3887 2 6117
5210 2 6118
8026 1 6118
9769 5 6119
7122 4 6121
358 3 6122
7291 2 6122
4994 2 6123
5862 3 6125
8607 3 6129
8992 2 6129
8990 5 6130
8092 4 6132
3525 5 6132
9840 5 6133
4751 4 6134
1103 1 6134
4888 2 6135
2377 3 6136
2609 5 6137
1667 5 6139
7089 5 6139
2821 5 6141
746 1 6142
1532 2 6142
3522 2 6143
8989 1 6144
5004 1 6144
8385 3 6145
4545 3 6146
4708 5 6147
1321 1 6147
7753 2 6148
9781 4 6149
9510 2 6149
9138 3 6150
6101 5 6150
4518 1 6151
3928 3 6152
6458 3 6153
1558 3 6154
6202 2 6154
8758 3 6156
7954 1 6157
8866 2 6157
8088 5 6158
4401 2 6160
2092 2 6160
7941 3 6162
1324 5 6162
555 3 6163
4209 5 6163
9815 3 6164
798 4 6165
4935 5 6166
610 4 6167
2247 4 6167
82 4 6168
5255 3 6171
5061 2 6172
4926 2 6174
419 4 6174
650 1 6176
9855 4 6176
2708 3 6177
3944 5 6177
2071 4 6178
141 3 6179
4206 1 6182
7460 5 6183
9262 2 6183
133 1 6184
9754 3 6184
978 3 6186
240 2 6187
4891 3 6188
9711 3 6188
9185 4 6190
7487 1 6190
7711 3 6191
3462 1 6191
6445 1 6192
9542 4 6192
8760 1 6194
3963 1 6197
2465 1 6198
8050 5 6198
9636 5 6199
3384 1 6200
1756 1 6201
8964 1 6202
8365 3 6202
3167 3 6203
5620 2 6203
1222 5 6204
2424 5 6204
48 4 6207
7518 4 6208
4851 2 6208
6620 1 6209
5206 5 6210
3165 3 6211
6388 1 6211
3487 1 6212
9721 5 6213
4526 2 6213
6808 3 6216
1678 3 6216
5026 3 6218
6773 5 6219
6020 1 6219
7989 3 6220
6261 1 6220
2922 3 6223
9184 2 6224
4320 4 6224
9754 3 6225
5674 4 6225
8366 3 6227
9933 2 6229
4677 5 6229
538 2 6230
4396 4 6232
4802 2 6232
9840 4 6233
5532 5 6234
1330 2 6235
3856 1 6236
3098 4 6237
3639 5 6238
5872 3 6240
4359 1 6241
9924 1 6241
5744 5 6244
2616 1 6244
5797 1 6245
3688 3 6245
5597 4 6246
4042 1 6246
9830 3 6250
8182 5 6250
8215 4 6253
5363 3 6255
8875 4 6255
5706 4 6256
3532 3 6257
8106 4 6257
5457 1 6259
3879 4 6260
644 2 6260
1490 3 6261
3911 2 6263
4946 5 6264
9976 5 6264
2746 4 6265
2503 1 6266
8629 4 6270
8249 1 6270
4194 1 6271
1288 5 6271
669 5 6275
8994 3 6275
1324 1 6276
1278 5 6276
6195 3 6277
3282 4 6277
5029 4 6279
574 5 6279
2880 1 6281
9728 2 6281
4282 4 6282
1346 1 6282
7333 4 6284
6377 1 6284
8293 2 6286
7256 4 6286
4205 2 6290
6316 1 6290
6571 5 6291
713 2 6291
3657 4 6292
8600 5 6292
4297 2 6293
1552 4 6293
4257 5 6294
6901 5 6296
3139 2 6298
4414 4 6299
492 1 6301
306 3 6301
6110 4 6302
1037 1 6302
7650 3 6303
9293 2 6304
9186 5 6305
2921 5 6305
7757 3 6306
2149 1 6306
9945 4 6308
1485 2 6308
5911 3 6309
1744 5 6309
4326 3 6310
747 2 6311
9351 1 6312
5009 3 6314
6578 2 6314
5866 3 6315
747 2 6315
778 2 6316
9918 5 6317
9643 2 6317
3096 1 6318
7970 1 6319
1989 5 6319
7282 3 6321
5361 5 6323
1467 2 6323
8414 3 6325
5352 3 6326
8391 5 6326
968 3 6331
4384 3 6331
5241 2 6332
9828 5 6332
712 3 6333
4656 3 6336
7150 5 6336
6954 4 6337
7388 4 6337
6196 4 6338
1875 3 6338
9979 2 6339
2368 1 6341
4120 2 6341
359 1 6342
8928 2 6342
4240 2 6343
463 5 6344
6848 2 6344
9083 5 6345
9429 2 6346
6584 5 6346
2075 3 6347
3059 5 6347
8531 1 6348
1029 4 6349
3376 2 6352
7038 3 6353
2413 4 6353
216 1 6354
1422 1 6354
8734 2 6355
3401 2 6356
3427 2 6358
5813 2 6360
4947 3 6363
8827 5 6366
6331 1 6369
3345 4 6370
1884 2 6370
4595 3 6371
1103 5 6371
3994 4 6372
2509 1 6374
253 2 6375
3622 4 6376
3853 3 6376
390 3 6380
1287 3 6380
8793 5 6382
1512 5 6383
9288 3 6383
4578 5 6385
525 1 6389
896 3 6391
3948 2 6393
2284 3 6393
5620 2 6394
6860 3 6394
8374 1 6396
1743 3 6396
3622 1 6397
5191 5 6398
3164 5 6398
7937 1 6400
8291 2 6401
6784 5 6402
6544 3 6403
6692 4 6406
8215 4 6406
5681 2 6407
8582 1 6407
5002 2 6408
4293 3 6409
6466 3 6410
4519 3 6410
1188 1 6413
1605 2 6416
6681 4 6417
7697 5 6417
5 4 6418
1327 2 6418
764 5 6419
3510 3 6419
449 4 6422
1940 3 6422
8884 4 6424
6853 2 6425
4255 4 6426
9364 5 6427
3832 4 6428
6567 5 6428
7335 2 6432
4243 3 6433
2975 4 6435
5140 1 6435
9292 1 6437
2572 2 6437
8463 3 6438
3242 2 6439
422 4 6439
9740 3 6440
8307 3 6441
9915 5 6442
4016 3 6443
2146 3 6443
1472 5 6444
5521 2 6447
7139 4 6450
1515 2 6450
1812 1 6452
943 4 6452
5446 2 6453
7254 2 6453
863 1 6454
7086 5 6455
3614 1 6455
9386 5 6456
3677 4 6456
1984 1 6457
5689 3 6457
8574 1 6459
3123 1 6459
9924 5 6460
6146 4 6460
1443 2 6461
7555 2 6464
9921 5 6465
5151 1 6465
9390 2 6466
8592 1 6466
7739 5 6468
9853 2 6469
468 3 6469
2003 3 6471
5592 4 6471
7083 2 6472
8402 4 6472
8518 5 6474
3703 4 6474
2800 5 6475
4306 5 6477
2511 1 6478
3447 2 6478
6936 1 6480
4127 3 6480
5170 5 6481
4314 1 6483
4886 3 6485
5840 4 6486
372 5 6487
7353 4 6487
8735 5 6490
9484 3 6491
2757 3 6492
6170 3 6492
7578 2 6493
8432 5 6493
2099 5 6499
5137 5 6501
9921 4 6502
8086 3 6503
4144 5 6503
9409 4 6504
2171 2 6507
6530 4 6507
8435 4 6509
4407 5 6509
6552 2 6510
8264 4 6511
155 4 6512
4115 2 6515
6482 3 6515
8515 4 6516
4216 1 6518
5406 3 6520
544 1 6520
1023 5 6522
7047 2 6522
7184 2 6523
2055 5 6523
1921 3 6526
1185 4 6527
8470 1 6528
7923 4 6528
2916 1 6529
5551 2 6529
9088 1 6531
1366 4 6531
1906 2 6532
2820 1 6533
8861 4 6533
1215 2 6536
6409 4 6536
585 5 6538
2718 2 6539
3992 4 6539
8447 3 6540
4028 2 6540
1262 4 6542
4423 1 6544
2396 1 6546
6991 3 6546
6386 4 6547
5843 1 6547
2064 4 6548
7773 1 6548
7044 1 6549
7572 4 6550
8854 1 6550
5121 5 6553
8500 1 6553
2014 4 6555
4666 1 6558
786 3 6558
8044 2 6559
2697 5 6559
933 3 6560
7630 5 6563
3862 5 6563
2375 3 6565
6333 3 6565
9027 3 6567
3870 2 6567
2668 1 6571
548 3 6572
2739 5 6572
8024 5 6573
7533 1 6574
9652 3 6574
6125 4 6575
4213 3 6576
8562 5 6577
3961 2 6578
621 2 6578
7002 1 6580
5744 1 6580
6757 3 6581
8726 5 6582
8825 3 6582
4348 5 6583
2293 2 6583
7579 5 6584
7931 3 6586
1533 5 6587
5539 4 6588
8184 2 6589
1189 1 6592
7359 4 6593
8819 4 6593
9893 5 6594
5910 4 6595
8277 4 6595
4995 4 6597
5603 5 6597
8082 5 6598
4209 5 6599
8604 1 6599
3747 1 6600
6850 1 6600
1222 1 6601
4805 1 6602
2031 4 6602
199 4 6603
7172 1 6603
9062 5 6604
9886 3 6604
1946 2 6605
8738 2 6606
9486 3 6606
5493 4 6607
9124 1 6608
4513 3 6608
9539 3 6609
3809 5 6610
1923 4 6610
5005 4 6612
8868 2 6612
4023 4 6614
8286 3 6614
5953 3 6615
2527 1 6615
3175 4 6616
8979 1 6616
672 2 6617
7848 3 6617
7713 5 6618
6197 2 6621
8547 1 6622
4527 4 6623
6978 4 6625
1550 3 6625
8916 4 6626
9353 1 6626
519 3 6629
7968 5 6631
172 3 6631
9381 4 6632
5741 1 6633
3532 2 6633
7693 4 6634
3057 5 6634
9208 2 6635
5340 5 6635
7911 1 6636
9449 5 6637
639 5 6637
7197 4 6638
7048 1 6639
5696 4 6639
7972 2 6640
6435 5 6641
4962 2 6642
1111 3 6644
7286 1 6645
4586 3 6646
4726 1 6646
8808 3 6648
6522 5 6649
7918 2 6650
7035 3 6650
7873 1 6651
347 3 6652
1435 5 6652
1100 4 6654
155 3 6654
6682 4 6655
3265 1 6655
8798 1 6656
8303 3 6658
7803 3 6659
5243 1 6663
4915 5 6664
4251 1 6665
3434 4 6665
8838 2 6666
5010 2 6666
1323 4 6667
3990 2 6667
1804 3 6668
9240 2 6669
8283 3 6670
8249 3 6671
3683 4 6671
2077 2 6672
1002 2 6672
425 2 6676
4965 1 6678
5958 1 6678
9944 1 6679
1318 5 6681
8168 5 6682
2840 5 6684
1146 4 6684
8984 5 6685
948 1 6686
6031 1 6686
8561 2 6687
1373 1 6688
7539 3 6689
5042 2 6690
3210 1 6691
5272 1 6691
6888 3 6693
6235 3 6694
7476 2 6694
4715 2 6695
4595 1 6696
8614 1 6696
8103 2 6697
9666 2 6698
4464 2 6698
991 3 6699
3371 3 6702
4121 2 6703
4996 3 6705
1875 5 6705
8396 1 6707
3826 2 6707
8187 4 6708
8067 5 6709
3417 2 6709
8131 1 6711
7973 3 6712
2007 3 6713
2371 1 6714
5719 2 6714
4626 2 6716
4035 5 6716
6982 1 6717
4345 4 6717
9586 2 6718
7351 1 6718
959 5 6719
2946 3 6720
6970 1 6721
9668 2 6721
1807 2 6722
6402 4 6722
2664 1 6723
4205 1 6724
5030 5 6725
4910 4 6726
8070 5 6726
977 4 6728
6266 1 6729
7421 3 6730
9161 5 6734
1988 4 6734
6767 3 6736
8565 5 6736
1621 4 6739
5716 5 6740
2284 4 6740
7659 5 6742
8985 3 6743
8995 4 6744
3998 3 6746
8010 2 6746
5238 2 6747
8610 2 6748
7090 2 6748
5891 3 6749
1245 5 6749
806 2 6750
4442 1 6751
7060 3 6751
8445 3 6752
6629 2 6752
2312 5 6755
3026 3 6756
2385 2 6759
4301 3 6759
7776 5 6760
8050 2 6760
4259 5 6762
6698 4 6764
5483 2 6765
6402 5 6766
5445 4 6766
658 4 6767
514 4 6767
1752 1 6768
6433 4 6769
9927 2 6769
465 4 6770
5039 1 6771
6487 2 6771
533 2 6772
2995 3 6772
5046 1 6773
7928 2 6774
1137 2 6774
3354 3 6775
4279 1 6775
2235 1 6776
4030 4 6777
5628 5 6777
9384 2 6778
4824 2 6779
6918 5 6779
9816 2 6780
2124 5 6780
5620 3 6781
9225 4 6781
5917 2 6782
272 2 6784
2072 5 6784
7511 1 6786
9329 4 6787
474 3 6790
7736 3 6791
474 1 6792
5434 3 6793
4991 3 6795
8347 3 6795
9394 3 6796
1587 5 6796
2258 4 6798
7506 4 6799
2189 5 6799
6361 3 6801
6111 3 6802
895 1 6802
7717 2 6804
3485 1 6805
206 2 6806
6810 3 6808
6386 3 6810
3169 3 6811
570 4 6812
4873 4 6813
504 4 6814
3864 2 6814
1020 2 6815
3132 1 6817
2962 5 6819
9945 5 6821
5996 3 6822
6403 3 6823
9593 3 6823
6433 5 6824
6498 1 6826
9058 1 6826
2363 1 6827
6455 1 6828
6841 3 6828
8062 1 6830
7111 3 6830
7033 4 6831
4827 4 6832
8102 2 6833
2069 3 6834
4359 2 6838
7242 5 6840
2768 3 6841
9529 3 6841
6412 1 6842
7158 3 6843
1158 1 6844
4711 3 6845
3374 4 6846
8380 2 6846
1516 2 6847
9012 4 6847
3011 1 6850
1866 5 6850
4908 3 6852
8700 2 6852
9459 4 6854
4922 3 6855
3202 2 6855
4086 1 6857
3871 3 6858
4176 4 6858
3229 5 6860
1911 5 6860
130 1 6861
5337 3 6861
6070 1 6862
267 1 6863
5980 1 6863
7117 3 6865
2856 2 6867
3579 5 6867
843 5 6868
8333 4 6871
6273 1 6871
5176 1 6872
8927 1 6872
7993 5 6875
2648 4 6876
524 4 6876
8324 2 6878
2850 2 6878
8463 1 6879
5254 1 6879
3406 5 6880
4610 2 6882
3702 2 6882
8174 5 6883
7171 2 6883
2463 2 6884
8580 5 6887
6605 4 6887
3647 4 6888
7930 5 6890
1159 2 6891
8338 2 6892
9298 3 6898
6456 4 6901
6088 2 6902
9384 2 6903
9040 4 6904
8658 2 6904
4460 4 6905
4632 5 6905
3247 3 6906
9467 3 6906
8116 5 6908
6192 4 6908
1436 1 6912
8233 3 6913
9771 3 6916
6679 2 6916
817 3 6918
1750 1 6921
2591 3 6926
7622 2 6927
332 3 6927
2113 2 6928
5485 5 6929
8177 5 6931
6950 3 6932
7278 4 6933
7805 1 6933
5254 5 6934
2908 4 6936
9418 5 6936
7841 1 6937
6180 1 6938
6733 3 6940
644 5 6940
136 5 6943
1766 2 6944
3828 2 6944
8125 5 6946
7355 3 6946
9426 2 6948
3228 5 6948
1972 4 6949
9927 2 6949
761 4 6950
3764 3 6950
8773 4 6951
8139 5 6952
8750 4 6954
8100 1 6954
3145 4 6956
9137 2 6957
3716 2 6957
3254 4 6958
9879 3 6958
7008 5 6959
8482 5 6961
2758 5 6961
5535 4 6962
9560 1 6963
2656 3 6964
9320 1 6964
7956 2 6965
3081 4 6970
9148 5 6972
2492 3 6974
1024 2 6974
2654 2 6975
1295 1 6975
5093 3 6977
9730 1 6977
2223 4 6978
9231 1 6978
8340 4 6979
5261 1 6980
7071 5 6982
229 3 6984
8786 2 6984
4358 4 6986
5970 1 6987
622 4 6987
9259 2 6989
1196 5 6989
9706 4 6991
610 5 6991
750 4 6992
266 4 6995
8361 3 6996
2663 2 6996
4658 5 6998
3614 1 6998
429 4 7000
9377 2 7000
3393 3 7001
6799 3 7001
9571 1 7003
9174 1 7004
2316 4 7004
5462 5 7008
1106 3 7008
6825 5 7009
2476 5 7010
1501 2 7010
4376 5 7011
576 1 7015
8254 1 7015
6744 1 7016
5505 2 7016
7960 4 7017
5750 1 7017
6980 1 7018
1862 4 7018
471 3 7022
3032 5 7022
5632 5 7023
3657 5 7025
1474 2 7026
5000 5 7029
9542 2 7029
6193 1 7030
6975 2 7031
9044 1 7031
1153 5 7033
2062 1 7033
9216 1 7035
4029 1 7035
4631 5 7036
9229 3 7038
858 3 7038
2203 3 7040
7036 5 7040
1417 5 7042
8343 5 7043
7927 5 7043
6880 2 7045
2398 2 7045
9479 3 7046
4210 5 7046
7375 1 7050
6111 2 7051
8931 3 7052
4304 2 7054
3525 2 7054
5869 2 7055
7727 2 7056
1343 2 7057
7497 1 7058
2626 2 7059
9829 3 7063
9319 1 7063
6355 4 7064
7005 5 7065
2163 3 7067
6870 4 7068
1515 3 7069
2991 2 7074
9237 2 7074
4317 3 7075
2881 3 7076
3981 2 7077
8257 3 7077
8975 1 7078
6212 3 7078
5714 2 7079
5199 5 7079
2215 2 7081
1121 5 7082
9950 5 7082
2165 4 7083
5574 1 7084
4448 1 7084
796 4 7085
2028 4 7085
4117 5 7086
3013 2 7087
894 4 7087
9698 4 7088
6863 4 7090
1371 3 7090
7381 2 7091
8638 2 7091
536 3 7092
7544 4 7093
7331 1 7094
739 4 7095
9597 1 7096
5480 1 7096
3133 4 7097
3983 5 7098
9368 5 7098
70 4 7099
9944 3 7103
245 3 7105
2702 1 7105
3898 1 7107
4469 4 7109
4208 4 7110
10000 1 7110
2210 5 7111
7034 5 7112
4763 4 7112
986 1 7113
6280 1 7113
8113 4 7115
2511 3 7115
6219 3 7116
2017 3 7116
5514 5 7117
2060 2 7118
2682 3 7118
7839 1 7120
7713 4 7121
8845 2 7121
7658 2 7122
1200 3 7122
9463 3 7123
2693 5 7123
1586 4 7124
2514 4 7126
1827 2 7127
9716 4 7128
6753 5 7129
652 1 7129
8283 5 7130
2199 2 7131
9508 2 7131
5962 5 7132
664 3 7132
3486 1 7133
8342 1 7134
5800 5 7135
2266 2 7136
3708 2 7137
3992 4 7137
7709 4 7138
6372 4 7138
651 3 7142
2541 3 7144
6354 5 7144
421 1 7145
7268 3 7145
4912 5 7146
9991 5 7146
8024 5 7148
6457 2 7148
2305 1 7149
4081 2 7151
4505 3 7152
9497 5 7153
7703 3 7154
4632 5 7154
1901 3 7156
7684 1 7158
2223 1 7159
5678 1 7160
4112 3 7163
1652 2 7164
3362 1 7166
489 4 7166
8343 3 7167
5122 2 7167
3371 4 7168
9156 2 7168
8982 2 7171
8723 2 7171
5339 5 7172
880 5 7172
5046 3 7174
4420 5 7176
6205 2 7176
4883 4 7178
7097 2 7178
1784 2 7179
4664 4 7179
1691 4 7180
4417 2 7181
8169 3 7181
7949 5 7183
9312 2 7184
9567 5 7184
9994 4 7185
9106 4 7185
2623 2 7186
3140 1 7190
7472 2 7191
20 2 7192
5178 5 7193
1289 5 7195
9518 4 7196
553 5 7196
3551 4 7197
9688 3 7198
5820 2 7199
9364 4 7199
9304 4 7200
8339 4 7201
2232 1 7201
3510 2 7202
3833 1 7202
3963 3 7203
1154 4 7204
6022 2 7205
3827 1 7206
5095 2 7207
4917 3 7210
3377 3 7211
2065 1 7211
6766 1 7212
5863 1 7212
1851 5 7213
8761 1 7214
3158 4 7215
408 2 7216
4452 2 7216
1685 5 7221
5975 2 7223
5628 2 7223
4214 3 7224
4464 5 7225
8551 4 7225
219 3 7226
6694 5 7226
9951 2 7227
5380 3 7227
6422 2 7229
3255 3 7234
2194 2 7236
7232 3 7238
1079 2 7239
6654 5 7239
3068 2 7241
3492 1 7241
5559 5 7243
8753 4 7244
5413 2 7244
3133 3 7245
1615 5 7246
8338 2 7247
3014 3 7248
2084 4 7248
2900 2 7249
5744 1 7249
8734 1 7250
5451 5 7251
6105 3 7251
2901 5 7252
80 2 7252
1647 2 7254
4232 1 7256
7770 4 7256
4485 2 7257
1604 3 7260
465 4 7260
4514 4 7261
2982 5 7261
3719 1 7262
6212 1 7263
1174 4 7263
2022 4 7264
2084 1 7264
7940 5 7265
432 3 7266
8843 4 7267
2166 1 7267
6215 2 7269
6146 3 7269
9495 3 7270
1387 1 7271
827 2 7271
1876 3 7273
1517 1 7274
7238 4 7275
2271 5 7276
2821 2 7277
9619 4 7280
2871 1 7282
3014 3 7283
1551 4 7284
2523 3 7285
2099 3 7285
2308 2 7286
2138 5 7286
9673 4 7288
9354 1 7290
1110 3 7291
8119 4 7291
7907 2 7292
3565 1 7293
3422 3 7296
5067 1 7297
7573 1 7298
5524 4 7300
8040 3 7300
9952 1 7301
5560 4 7303
7776 2 7306
6228 1 7307
3717 5 7308
6783 4 7308
6410 5 7309
1800 2 7313
1029 3 7315
5322 1 7315
8460 5 7316
7357 4 7318
8803 1 7319
7682 3 7320
4189 5 7320
2042 5 7321
2497 1 7321
6025 4 7323
8316 3 7323
1953 4 7324
1073 2 7324
1122 5 7325
6290 1 7325
1947 3 7327
2239 5 7329
382 1 7330
2840 5 7330
3319 2 7331
6180 1 7331
4674 2 7332
4330 1 7334
1672 3 7334
2263 3 7335
2288 2 7337
170 4 7338
180 4 7340
3320 2 7342
220 4 7343
1377 1 7343
9299 2 7344
3121 3 7344
4638 5 7345
6594 5 7347
6281 3 7347
905 3 7348
5094 2 7349
7881 5 7350
3046 1 7351
5543 3 7351
1429 4 7352
5535 5 7353
9436 1 7353
2944 4 7354
3585 1 7356
3236 5 7356
4922 4 7358
42 3 7358
6934 1 7359
7615 2 7359
9859 4 7360
4573 3 7360
1922 1 7361
9708 5 7361
3336 1 7362
4377 2 7363
1360 5 7363
9675 5 7364
9489 4 7366
9002 4 7367
5977 3 7368
4482 5 7370
5527 1 7371
7795 2 7372
7362 5 7372
7482 2 7377
3941 2 7379
5342 1 7381
5764 5 7382
6786 1 7383
7373 2 7383
1745 4 7384
8702 2 7384
7601 5 7385
7535 4 7389
9090 3 7390
6249 3 7390
4220 1 7392
7847 1 7392
4419 1 7393
5016 5 7393
2550 2 7395
8511 1 7398
9030 1 7399
5946 5 7399
2237 4 7401
4095 5 7401
9013 5 7402
3549 5 7403
5186 3 7403
8148 5 7404
1787 4 7404
9931 3 7405
9047 5 7405
2409 2 7408
5864 4 7411
537 5 7411
9197 5 7412
7367 2 7412
2759 1 7413
4430 5 7416
2399 4 7417
1711 5 7417
7441 3 7419
4188 2 7419
2147 1 7421
6691 4 7424
7295 3 7426
1785 5 7426
8279 5 7427
6436 4 7429
3267 1 7429
9108 4 7430
9344 2 7431
47 2 7432
2059 4 7432
78 3 7434
1219 1 7436
7893 2 7436
5694 3 7438
2886 5 7438
9441 2 7439
4629 2 7440
367 4 7440
8406 1 7441
5248 1 7441
6400 5 7442
7258 5 7443
5852 1 7447
9055 1 7447
6409 2 7448
7990 4 7448
814 5 7449
3300 5 7450
856 5 7452
7077 1 7453
5341 4 7454
9323 5 7455
5281 2 7455
8425 5 7456
1511 4 7456
9341 4 7458
3773 3 7458
4699 2 7459
755 5 7461
6482 4 7461
8946 1 7462
143 4 7463
7756 4 7463
5034 1 7464
4399 5 7467
5604 3 7468
7389 3 7468
3016 4 7469
3958 1 7469
1377 5 7471
9484 1 7472
1471 2 7472
3424 3 7474
6143 3 7475
1613 3 7475
9860 5 7477
762 3 7478
5326 3 7478
934 1 7479
1347 1 7481
6790 2 7482
4354 2 7483
7233 4 7483
8048 4 7485
5919 4 7485
7691 2 7486
3309 5 7487
5108 4 7491
7766 3 7491
4346 3 7493
4246 2 7494
7123 2 7495
2373 4 7497
600 1 7499
5896 5 7499
7582 3 7501
9156 4 7502
8405 2 7503
6404 5 7503
6371 1 7505
3710 3 7506
9468 4 7507
200 3 7507
1723 5 7508
8041 5 7509
285 2 7510
3735 5 7513
827 5 7513
1718 3 7515
9042 1 7516
4701 5 7517
1560 4 7518
7538 1 7521
547 4 7521
6984 4 7522
9394 1 7522
9077 4 7523
8218 3 7523
3846 4 7524
3046 5 7526
2923 2 7526
9430 3 7527
540 2 7529
9921 2 7531
9688 4 7532
9030 4 7533
9596 4 7533
9093 4 7535
531 4 7535
85 1 7537
5339 4 7539
6300 2 7540
1816 4 7540
8358 1 7541
2746 3 7541
5626 4 7545
6698 1 7546
8124 4 7546
6972 4 7549
9659 2 7549
5457 1 7550
9776 4 7550
7322 3 7553
7030 3 7554
7163 3 7557
3354 2 7558
2410 3 7558
8166 5 7559
4619 3 7559
7523 5 7560
2364 4 7560
7531 4 7562
1898 3 7564
3556 1 7565
8625 3 7565
305 2 7566
7967 4 7567
7002 4 7567
5875 4 7568
1702 5 7570
9532 1 7572
603 1 7573
7809 1 7574
2543 5 7574
1149 2 7575
5998 5 7577
3941 1 7579
831 3 7580
3167 2 7580
1560 5 7583
674 3 7584
4544 1 7584
7109 4 7587
2625 1 7587
9807 1 7589
8693 5 7589
3051 5 7590
9621 1 7590
9417 5 7592
7455 5 7592
33 3 7593
6849 1 7593
8256 1 7594
7007 3 7594
1766 4 7595
2294 5 7595
784 3 7596
6491 2 7596
4964 5 7598
5775 3 7600
8391 2 7601
7809 1 7601
1317 1 7602
7947 2 7603
3978 5 7603
9715 5 7604
9897 3 7605
1821 1 7606
9196 3 7606
8774 5 7607
9516 3 7609
6328 2 7609
3452 3 7611
1789 2 7613
2974 2 7619
4827 2 7620
2646 4 7620
8433 4 7624
5267 5 7624
69 3 7625
2113 5 7625
8503 3 7627
2714 3 7628
8507 4 7630
7908 1 7632
125 1 7632
1813 4 7634
7093 5 7635
798 1 7635
6274 4 7637
8263 1 7638
5778 5 7638
3492 1 7640
9836 2 7640
8678 2 7642
3412 4 7644
1105 5 7646
2986 2 7646
187 2 7648
3028 1 7650
4297 5 7650
2533 3 7651
6756 3 7651
7506 5 7652
3612 4 7653
6361 2 7654
387 2 7656
8108 2 7656
2191 3 7657
7660 4 7657
4117 3 7658
6380 5 7660
1373 1 7660
4048 2 7661
2400 3 7662
5772 1 7664
6883 2 7664
5147 2 7666
646 1 7670
6497 3 7670
3349 2 7671
6458 3 7671
5281 3 7673
3767 2 7673
88 2 7674
9574 5 7675
3536 4 7676
6178 2 7677
469 2 7677
7 4 7678
4260 2 7678
9033 3 7679
2989 1 7680
8456 4 7680
2492 3 7683
8001 5 7684
5542 4 7684
7706 4 7685
2292 5 7687
7403 2 7689
212 2 7689
9214 1 7690
9443 3 7694
2772 5 7694
5780 4 7696
3402 5 7698
2036 1 7699
3942 1 7700
152 2 7700
9762 1 7702
2345 1 7704
2665 1 7704
2502 2 7705
5239 4 7705
6251 1 7706
9686 4 7706
5632 3 7708
7555 1 7709
1440 2 7709
9560 5 7711
8796 5 7711
6026 1 7712
9448 2 7712
6885 3 7714
5597 4 7714
3166 4 7716
2649 2 7717
6205 3 7718
6072 5 7720
869 4 7720
1921 3 7722
2104 5 7723
4575 5 7724
6916 3 7724
7352 1 7725
9018 4 7726
3917 3 7727
3511 1 7727
251 1 7728
333 4 7730
5763 2 7731
9441 5 7734
4653 1 7734
7925 3 7735
9405 4 7735
1539 3 7737
7332 4 7737
2361 3 7740
6547 4 7740
322 5 7743
3650 5 7743
114 5 7745
9780 1 7745
1280 3 7746
2272 4 7747
9757 4 7747
2223 1 7748
4140 2 7748
8772 3 7749
553 4 7751
3557 5 7752
3683 1 7754
7544 1 7754
1094 3 7755
4787 3 7756
1691 4 7757
2566 5 7760
7520 3 7761
2398 2 7761
6393 5 7762
4715 1 7762
5983 4 7763
2204 3 7763
4322 1 7766
2222 2 7766
4910 1 7767
5720 2 7767
9692 1 7768
1184 5 7768
4424 2 7769
6392 3 7769
6815 5 7770
7588 3 7771
7414 3 7771
7786 3 7772
2658 3 7775
4923 3 7776
6150 5 7776
7316 3 7777
6649 1 7781
705 4 7781
4343 4 7782
7221 2 7782
4551 3 7783
4103 2 7783
5488 1 7784
4300 3 7785
7839 1 7786
9498 2 7787
2857 4 7787
9545 2 7790
6 4 7790
5586 2 7791
1359 5 7793
2039 5 7794
7522 1 7795
6125 2 7795
696 2 7796
1332 2 7796
3550 5 7798
2821 3 7798
5549 5 7799
3097 2 7799
1016 2 7802
7487 5 7804
644 1 7804
4537 3 7805
4166 3 7805
253 2 7807
4001 1 7807
205 3 7808
3866 1 7808
2058 3 7813
3600 3 7813
8163 3 7814
7207 2 7814
3712 3 7815
4806 3 7817
6797 1 7820
6511 4 7822
6843 3 7822
5082 5 7824
1182 5 7824
9486 4 7825
2717 4 7826
9001 4 7826
8008 4 7828
6313 3 7830
972 4 7830
9350 3 7832
1330 5 7832
7390 1 7833
3317 1 7834
114 4 7834
5685 4 7835
8546 1 7838
5711 2 7838
7313 3 7839
7285 5 7839
8563 5 7840
9025 2 7844
1117 4 7848
92 1 7850
3463 1 7850
3648 5 7853
8316 2 7856
334 3 7857
2828 1 7857
1880 5 7859
9983 5 7860
7730 1 7860
2072 2 7861
2615 2 7861
3341 5 7862
7904 4 7862
7449 1 7866
7580 3 7866
2624 5 7867
2582 3 7867
8503 1 7868
2735 5 7868
5630 2 7870
3798 3 7872
483 2 7877
9230 2 7878
9878 4 7878
5153 4 7881
2610 1 7883
3515 4 7883
412 4 7888
1413 1 7889
4352 3 7890
678 4 7894
11 4 7896
40 2 7897
8455 2 7899
7207 2 7899
1679 5 7900
8611 5 7900
1330 3 7905
7820 5 7911
7805 4 7913
283 4 7913
80 2 7914
5687 1 7914
9521 5 7915
5137 1 7915
9579 1 7917
4339 5 7921
6138 4 7925
9316 5 7925
3676 1 7926
4646 5 7926
3593 1 7928
5889 3 7928
1335 3 7931
4651 5 7931
8637 5 7932
8184 3 7933
9062 1 7934
1616 4 7936
2634 5 7936
9903 3 7938
8099 5 7938
1321 2 7940
6134 1 7940
5641 1 7941
273 1 7941
9582 5 7942
9693 1 7942
250 3 7944
5779 3 7945
4150 4 7945
1249 5 7946
6601 4 7946
5082 3 7949
49 1 7949
8146 5 7950
8957 4 7951
7691 1 7952
4328 5 7952
5977 3 7955
846 4 7956
9232 2 7958
3468 2 7958
9935 1 7961
2027 5 7962
2193 4 7962
8230 2 7965
881 2 7965
8129 2 7966
8924 4 7970
7873 4 7970
7655 2 7971
8307 2 7972
4007 2 7973
5875 3 7973
8242 2 7974
7108 3 7975
404 3 7976
1214 4 7976
6658 4 7978
7237 3 7978
9824 4 7980
405 1 7981
2960 2 7981
7191 1 7985
6124 3 7986
1341 5 7989
7865 1 7989
2980 4 7990
153 5 7990
371 1 7991
9888 1 7991
2963 4 7992
3289 3 7993
3154 2 7993
3111 1 7994
9900 5 7998
3294 5 7998
3032 5 7999
5270 5 7999
1813 5 8000
791 3 8001
2962 1 8003
6919 5 8005
4355 3 8006
2691 4 8007
1985 3 8007
9206 4 8009
783 4 8009
6722 2 8010
7847 5 8010
5038 3 8011
3763 3 8015
2754 4 8017
5201 5 8019
1805 4 8019
4446 3 8020
2499 5 8021
5455 3 8021
9393 5 8022
3835 3 8023
43 2 8023
714 2 8024
1092 3 8024
7028 5 8025
4159 5 8026
2077 1 8026
9311 2 8027
6744 4 8029
4100 5 8029
9189 5 8030
829 5 8030
1313 2 8032
5457 5 8033
9572 2 8033
8846 5 8034
3475 4 8034
9821 3 8035
1598 4 8035
1653 3 8037
1881 2 8037
3743 1 8040
7585 5 8041
2377 4 8043
523 4 8043
9383 1 8044
8683 2 8045
4830 1 8045
1526 3 8046
4625 4 8046
9567 4 8049
8843 1 8049
4776 5 8050
7002 5 8051
9552 2 8052
3062 4 8052
1245 5 8053
2717 1 8054
7437 2 8054
355 2 8055
7530 3 8056
5416 5 8057
3706 5 8058
9414 4 8060
3362 3 8060
3190 2 8061
2626 1 8061
481 3 8062
3022 5 8062
712 2 8064
3172 1 8064
2950 3 8066
8449 5 8067
4331 4 8067
3202 2 8068
635 4 8068
3566 2 8069
7041 2 8070
9514 2 8070
3882 3 8074
7287 2 8074
9756 4 8076
3201 3 8076
8028 4 8077
3305 2 8083
7482 3 8084
3791 4 8084
618 3 8085
2207 1 8086
5429 3 8086
5346 4 8088
9580 2 8088
6529 1 8090
7752 1 8090
4875 5 8091
2075 3 8091
1375 3 8093
6639 5 8093
1342 2 8096
3578 2 8096
6328 5 8097
2432 5 8097
901 5 8098
5469 5 8099
5870 4 8100
2379 4 8100
5197 3 8101
6786 5 8101
8335 3 8106
7611 1 8106
2977 5 8107
5180 5 8107
1559 3 8110
9424 4 8110
1558 3 8111
3814 4 8112
1487 1 8113
280 5 8113
8938 5 8115
1209 5 8116
6582 3 8117
5017 5 8117
2033 2 8119
6865 2 8119
8406 2 8120
2220 3 8121
343 5 8121
4143 3 8123
5832 5 8124
857 2 8125
7421 4 8125
2407 1 8126
934 1 8126
6376 2 8129
5262 3 8132
9254 1 8132
4855 4 8133
7223 2 8133
4992 3 8134
7510 4 8134
4998 3 8135
7737 5 8135
6929 4 8136
1400 4 8136
9681 4 8137
2268 3 8137
2784 5 8138
3667 2 8138
7661 1 8139
7182 1 8139
7061 1 8140
7234 3 8141
4004 2 8142
6163 3 8143
9806 4 8143
437 2 8146
8624 2 8146
9986 4 8147
1088 5 8149
2079 5 8149
9029 2 8151
4229 5 8151
2868 1 8153
9049 5 8153
8844 3 8154
8700 5 8154
7525 1 8156
2217 5 8158
9325 5 8159
8333 1 8159
4179 5 8160
2049 1 8160
8140 4 8161
1601 5 8161
6585 1 8162
2541 2 8162
7471 4 8163
9880 3 8164
4603 4 8165
1626 4 8165
3653 2 8166
5503 4 8167
4988 2 8168
5181 1 8169
6444 3 8170
1256 2 8170
5857 4 8171
274 3 8171
3621 2 8172
8850 4 8174
6308 4 8179
479 5 8183
9905 3 8183
3398 3 8186
7165 4 8186
9860 4 8188
2896 5 8189
8690 2 8191
5119 5 8194
4412 4 8194
3295 4 8195
7050 4 8195
6551 2 8196
9505 3 8196
8679 2 8197
9463 3 8197
2095 5 8199
9089 4 8200
7200 3 8203
2866 4 8203
3782 3 8209
4117 5 8209
4973 3 8212
8751 3 8212
1662 3 8214
8844 3 8215
2391 1 8215
1295 3 8216
5447 2 8216
8249 3 8221
7136 4 8221
2047 4 8222
9387 1 8222
3047 3 8223
5316 3 8223
5107 5 8224
1701 3 8226
6854 1 8226
3351 5 8228
3711 3 8228
3501 5 8229
3097 2 8229
1661 5 8230
3985 3 8230
885 5 8232
6585 3 8232
6569 3 8233
8107 4 8234
626 2 8235
2951 2 8236
240 1 8237
4348 2 8238
5984 1 8239
1257 3 8242
4020 1 8243
5689 4 8245
764 4 8247
9002 5 8248
4490 3 8248
4618 4 8249
132 5 8249
2878 2 8251
5584 3 8251
2886 2 8252
586 4 8252
7381 3 8253
4969 4 8253
7581 5 8254
941 3 8254
7436 1 8255
1255 3 8257
8641 4 8257
6778 5 8259
8627 3 8260
6098 3 8260
5032 1 8262
3643 5 8262
3115 1 8266
7316 1 8268
99 2 8269
8511 1 8269
9269 1 8270
4031 2 8271
8188 5 8271
9078 2 8272
9272 1 8273
2453 2 8274
1116 3 8277
1514 4 8277
3846 2 8278
9770 5 8279
8460 1 8279
1510 1 8280
321 4 8280
5892 1 8282
5036 4 8282
5097 4 8283
2913 5 8283
8059 3 8287
476 2 8287
1391 3 8290
9218 4 8290
4456 2 8291
5050 5 8291
5986 2 8292
909 2 8292
3226 5 8296
8760 2 8296
8592 5 8297
1956 1 8298
6138 5 8298
6078 3 8300
3699 5 8301
5366 1 8302
2137 2 8304
5245 2 8304
7846 2 8305
889 5 8306
5189 4 8307
2456 5 8308
5406 5 8309
3756 1 8309
6108 1 8312
1266 4 8312
780 3 8313
903 3 8313
3546 4 8315
791 1 8316
5713 5 8316
9203 3 8317
9718 3 8319
5463 4 8320
125 3 8321
4174 2 8321
8810 1 8322
8906 3 8326
2627 2 8327
8546 5 8328
1359 3 8328
577 5 8329
2706 5 8329
7634 1 8330
2603 2 8330
1572 4 8331
9626 4 8332
8164 4 8332
9047 5 8335
3439 4 8335
5493 5 8337
466 3 8337
1777 5 8339
6609 2 8339
9730 1 8340
3527 4 8340
1727 5 8342
8666 5 8342
8138 5 8343
5577 1 8345
4643 5 8345
9044 2 8346
7004 2 8347
9971 1 8347
5016 2 8348
9595 4 8350
2834 3 8351
6962 4 8351
6961 2 8352
7734 4 8352
4141 5 8353
3058 3 8355
2099 3 8355
2719 2 8356
1155 5 8357
6042 1 8357
9367 3 8358
2854 3 8360
8245 3 8361
3692 4 8363
9496 2 8364
231 2 8366
2350 4 8367
8338 1 8369
3020 2 8371
5640 1 8373
7391 1 8374
6957 1 8375
9315 3 8375
8755 5 8376
6580 3 8376
2988 5 8377
8939 2 8378
5786 5 8381
1925 3 8381
2666 1 8382
6289 2 8383
6702 3 8384
6905 5 8384
4142 1 8385
983 4 8385
9554 5 8386
6703 1 8387
3159 2 8387
3591 5 8391
4548 4 8391
7390 5 8392
654 3 8392
8197 1 8394
5106 3 8394
8123 4 8395
4147 2 8398
2636 1 8398
7266 1 8401
1613 4 8401
6055 1 8402
5899 2 8402
8275 3 8404
3538 2 8405
3893 2 8406
5524 5 8407
8076 1 8408
1535 3 8408
5385 4 8409
2480 3 8410
8996 2 8412
804 5 8412
3704 1 8413
5995 5 8413
2687 1 8414
9650 2 8415
1010 2 8415
992 2 8416
5771 3 8416
1896 3 8417
3876 4 8417
5387 5 8420
62 2 8421
4167 5 8421
2914 4 8423
2024 2 8424
1668 3 8424
9158 3 8425
3757 1 8426
8224 2 8427
1344 3 8428
1304 3 8430
6903 3 8431
6828 3 8431
1005 2 8432
628 1 8432
2069 5 8434
4450 2 8434
5259 1 8436
1988 2 8438
8018 5 8441
4313 2 8443
181 2 8443
2129 4 8444
8599 3 8444
514 1 8445
6498 1 8445
3111 3 8446
8507 5 8446
8953 2 8447
9076 3 8449
3888 1 8449
1927 1 8451
1355 1 8451
8822 3 8452
3973 2 8452
7784 2 8454
1150 5 8454
6559 3 8455
3004 2 8455
9780 2 8456
6386 2 8456
1374 2 8457
9665 4 8459
747 3 8462
9427 1 8462
9012 2 8463
2829 5 8463
4852 4 8464
7771 5 8464
6736 2 8465
3525 3 8465
7069 2 8467
649 3 8468
6545 3 8468
9086 2 8469
3075 3 8469
8336 3 8471
4362 3 8471
9149 4 8472
5453 3 8472
3514 1 8473
8221 4 8473
548 4 8474
1316 4 8474
3243 5 8475
5873 1 8475
7532 4 8476
1300 5 8476
9331 1 8478
7180 2 8479
7830 4 8479
8371 3 8481
3756 2 8481
629 5 8482
3180 5 8482
773 5 8484
8919 3 8484
7445 2 8485
8058 1 8486
5918 4 8487
1263 5 8487
6004 5 8489
2597 3 8489
4734 5 8491
8268 5 8491
174 3 8492
8256 5 8492
4811 2 8493
979 4 8494
7324 1 8494
5310 2 8497
5366 2 8498
6384 3 8499
7259 3 8501
6512 2 8501
1319 3 8503
2676 1 8504
1677 2 8507
9333 5 8508
9134 4 8508
7629 1 8509
4944 1 8509
9198 1 8512
2606 4 8514
1975 4 8516
3928 2 8516
4033 1 8517
76 3 8518
7521 2 8518
6870 4 8519
6209 4 8520
9312 3 8520
3359 3 8521
9104 2 8522
1063 3 8522
2942 3 8523
2030 3 8523
5514 1 8524
1113 5 8526
7299 1 8526
5249 3 8527
8485 4 8528
4957 3 8529
9449 1 8529
3910 1 8531
3861 1 8531
8693 2 8532
2247 1 8532
600 3 8533
6453 2 8534
8875 3 8534
6107 5 8535
4154 2 8535
4696 4 8536
6153 3 8536
2051 5 8537
9098 5 8537
3019 4 8538
5319 2 8541
6801 1 8541
6619 1 8542
9215 5 8542
2887 4 8543
820 2 8544
43 5 8545
2134 4 8547
7968 5 8548
9004 5 8548
9876 2 8552
2202 1 8553
4293 2 8553
3004 3 8554
3278 5 8554
9692 2 8555
9876 5 8555
2908 4 8556
88 5 8556
7405 5 8557
5963 3 8558
7908 4 8558
5825 5 8559
2705 1 8559
3028 4 8560
6486 4 8560
152 3 8561
1043 4 8561
199 3 8563
830 5 8564
9816 5 8564
6149 2 8565
5203 4 8565
8527 1 8568
8726 4 8569
4182 2 8572
5582 5 8573
2912 3 8573
8151 2 8574
6540 1 8574
7511 5 8576
759 2 8578
5274 1 8579
6701 5 8580
3805 5 8582
4990 5 8583
6848 4 8586
11 2 8587
1858 1 8587
3226 2 8589
7179 3 8589
1684 4 8590
6882 2 8591
9080 2 8591
7709 3 8592
4567 3 8593
5344 5 8594
6013 1 8596
8292 5 8601
9368 5 8601
6646 3 8603
1961 2 8603
2161 3 8604
7350 3 8604
1487 2 8605
2747 5 8607
5018 1 8607
7664 4 8609
9674 5 8609
1863 2 8610
7891 2 8611
8261 3 8611
953 1 8612
974 2 8613
2209 1 8613
3676 5 8614
6677 5 8614
7532 3 8615
3402 4 8616
9059 4 8616
6058 3 8617
5073 3 8620
1205 3 8621
1032 3 8621
7696 4 8622
3761 1 8623
4220 3 8623
3848 3 8624
110 1 8625
3432 4 8625
7312 3 8626
8561 4 8626
3636 2 8627
9023 2 8627
1534 3 8628
8774 5 8628
1080 5 8630
8292 3 8630
6521 2 8631
4375 3 8633
8336 2 8633
9790 1 8637
8582 5 8639
7418 5 8641
9243 3 8641
6311 3 8643
3468 4 8644
3942 4 8647
7371 2 8647
6195 5 8648
267 1 8649
4370 4 8649
147 4 8651
7915 2 8651
4380 2 8652
3817 2 8652
6557 5 8654
8799 5 8654
9952 3 8656
67 3 8656
3378 4 8657
7218 5 8657
348 3 8658
9740 3 8659
3137 3 8661
1302 2 8662
4844 2 8662
8210 4 8663
1262 1 8663
5028 3 8664
1550 4 8666
9915 1 8666
4984 1 8667
9493 2 8668
6314 1 8669
8722 4 8669
2105 2 8671
1734 5 8672
4518 1 8672
8123 5 8673
666 2 8673
4353 1 8674
9861 1 8674
645 1 8677
9502 2 8677
1703 2 8679
9720 1 8679
799 4 8681
8397 2 8682
8691 2 8683
8871 3 8690
7835 3 8690
438 5 8691
9152 4 8691
5646 3 8692
6713 3 8692
2346 3 8693
7360 3 8695
1903 1 8697
136 5 8698
7554 1 8700
9951 5 8702
4396 5 8702
3192 4 8703
809 3 8703
9354 1 8707
7033 4 8708
3683 2 8708
7646 4 8711
6129 5 8713
1742 4 8714
3470 5 8714
3173 5 8715
8890 4 8715
2976 3 8716
5444 1 8718
3672 2 8719
8328 2 8720
2400 3 8720
7434 1 8722
7400 3 8722
6243 2 8723
8090 3 8723
822 3 8725
2710 5 8725
694 5 8726
4791 4 8726
8885 1 8727
2559 3 8727
1199 4 8728
101 4 8728
5958 1 8729
4000 2 8729
471 5 8731
3585 3 8733
8573 2 8733
9035 3 8735
1095 5 8737
4364 1 8737
1998 1 8740
2446 4 8741
9889 3 8741
2716 1 8742
8930 2 8742
9920 3 8743
6656 4 8743
5754 3 8745
3452 1 8746
5439 3 8746
9162 4 8747
4985 1 8747
4226 5 8749
9031 4 8750
8650 4 8751
7801 5 8751
2752 4 8753
6780 1 8754
8240 5 8754
3040 3 8755
8779 3 8755
4742 4 8756
6771 3 8756
3714 2 8757
321 3 8757
8016 2 8758
4760 4 8760
3504 4 8760
2328 3 8761
2958 5 8761
4990 5 8763
3521 3 8763
6100 1 8765
5712 1 8765
6697 1 8766
3974 4 8766
9664 4 8767
8405 4 8768
6149 1 8770
9393 1 8770
5434 4 8771
3282 4 8772
3860 1 8775
8425 3 8775
8471 2 8776
6819 2 8778
5863 2 8778
307 4 8779
4417 5 8780
5987 1 8780
1676 2 8782
2458 2 8782
566 2 8783
4911 5 8784
5774 1 8787
6271 5 8787
7984 1 8788
325 2 8790
9916 1 8790
1372 5 8791
6007 3 8791
2652 2 8792
4406 4 8794
1627 4 8795
8033 1 8796
332 1 8796
5130 4 8798
2401 1 8799
4152 5 8801
9763 2 8802
2744 4 8805
2835 1 8807
7121 3 8808
2646 5 8810
4183 5 8811
4087 2 8811
4497 5 8812
7487 3 8814
3802 2 8816
3065 2 8816
7636 5 8817
1279 2 8817
471 3 8819
6144 1 8819
5422 5 8820
8290 2 8820
1949 1 8821
5000 4 8821
9367 3 8826
6641 1 8826
8038 2 8827
5062 2 8827
3437 4 8831
6460 5 8831
7266 1 8832
3554 5 8832
5098 5 8833
8415 1 8839
7698 3 8839
4042 5 8840
9535 4 8840
5786 4 8841
4757 3 8841
5953 2 8842
1629 4 8842
8569 3 8843
646 5 8843
8374 1 8844
9874 1 8845
3015 3 8847
4935 4 8847
6005 3 8848
8258 2 8848
8655 4 8850
5861 2 8850
2583 3 8852
7200 3 8853
2300 5 8853
6330 5 8856
2654 3 8858
2691 2 8858
527 4 8859
9076 5 8860
8880 1 8860
4883 1 8861
9123 1 8861
5705 5 8862
2404 5 8862
1410 2 8864
4827 4 8866
3630 5 8868
4228 3 8870
7775 2 8871
1070 1 8872
6371 5 8873
7201 4 8873
7206 3 8875
8384 5 8876
6586 2 8876
9493 5 8877
4946 1 8877
2707 1 8879
6660 3 8880
7416 3 8880
3459 2 8881
4825 1 8882
3941 5 8882
8919 2 8883
3769 1 8883
5086 5 8884
44 3 8886
8584 4 8886
7205 1 8887
6048 2 8887
114 2 8889
4163 3 8889
8237 1 8890
1987 3 8890
2460 1 8896
770 2 8896
3102 1 8897
3004 4 8897
4736 2 8898
3058 4 8900
3701 5 8900
4087 3 8902
2006 3 8903
1939 4 8904
3923 2 8904
8196 2 8905
1609 4 8905
4024 3 8906
6585 3 8906
2300 2 8907
6124 3 8908
9607 2 8909
1393 3 8909
644 4 8910
5309 2 8910
9049 3 8913
4257 3 8914
3692 3 8915
8414 1 8915
813 5 8916
2703 1 8916
8864 5 8917
832 5 8917
7445 3 8918
6577 4 8919
8321 1 8919
9962 5 8920
3141 1 8921
1540 5 8923
714 1 8925
168 1 8925
2659 2 8927
9039 2 8928
5249 5 8931
3963 5 8932
822 1 8932
5825 2 8933
4830 2 8933
1916 4 8934
9701 3 8934
5540 5 8935
4155 5 8936
2567 2 8937
3067 4 8938
2071 4 8941
5561 5 8942
9347 2 8943
919 5 8944
5289 2 8945
7975 1 8945
9713 5 8946
8582 5 8947
8509 3 8948
9373 5 8948
7781 5 8949
1135 4 8949
4145 5 8950
1324 4 8952
2750 3 8953
6509 4 8955
700 3 8956
4903 2 8956
5110 2 8957
26 1 8958
4922 1 8958
3191 4 8961
909 4 8962
4960 2 8962
5902 2 8964
1899 1 8966
4202 4 8966
4238 5 8967
1117 4 8968
9767 5 8972
6985 2 8973
1715 5 8973
8751 1 8974
9311 1 8974
9717 2 8975
4233 5 8976
7000 5 8978
1366 2 8979
1079 1 8980
4997 2 8980
9358 5 8981
6611 2 8982
6111 5 8982
9520 1 8983
8329 1 8984
2298 5 8985
9073 4 8985
2653 5 8986
1190 5 8987
361 4 8990
4391 1 8990
1171 4 8992
2724 3 8992
4073 3 8993
3232 3 8994
933 1 8995
4529 2 8995
9948 2 8996
6537 1 8996
7681 3 8998
6814 3 8998
838 3 8999
3072 3 8999
7275 4 9000
9969 2 9000
9905 3 9004
2930 2 9005
1375 3 9005
3745 2 9006
779 4 9007
9380 1 9009
7338 4 9010
4343 2 9010
6377 4 9011
6431 2 9012
468 5 9012
6205 1 9014
4289 2 9016
3992 3 9016
1179 5 9018
4916 4 9018
8537 5 9019
5027 1 9021
4495 5 9022
6308 3 9022
8811 1 9023
3035 5 9025
138 1 9025
1331 4 9026
6880 1 9026
6033 2 9027
836 1 9027
9547 3 9031
3553 5 9033
8533 1 9033
7776 2 9034
5724 4 9035
1813 1 9035
7423 4 9036
4447 4 9036
8322 1 9037
4236 1 9037
1230 5 9038
9076 4 9038
1608 5 9040
8693 5 9041
1708 4 9041
6922 5 9042
1375 4 9043
5313 2 9044
3228 1 9045
44 5 9047
7745 1 9047
9571 4 9048
8614 5 9050
3913 5 9051
6881 1 9052
9676 3 9053
9484 3 9053
5626 2 9055
1863 1 9056
4677 2 9056
9875 4 9057
781 3 9058
7930 5 9059
4458 5 9062
6021 4 9063
7274 3 9063
7690 5 9064
1165 3 9064
6250 4 9067
5810 5 9067
5094 5 9068
8545 3 9068
8316 3 9069
6524 2 9070
6420 2 9071
5723 1 9072
8529 3 9073
6598 4 9073
4083 2 9074
5857 3 9074
439 2 9075
6585 3 9076
9032 1 9076
7727 5 9079
6515 1 9082
5941 5 9084
1009 5 9085
3784 5 9087
137 2 9092
5776 4 9092
6338 4 9093
7586 2 9093
3796 2 9094
3128 1 9094
3285 3 9096
6478 2 9097
1581 2 9097
4768 1 9098
5737 3 9099
6854 5 9099
3323 1 9100
5177 1 9101
7353 2 9102
6633 5 9104
48 2 9106
1534 2 9106
5778 3 9107
1361 5 9107
6229 5 9108
4273 4 9109
479 3 9109
7982 2 9110
2507 2 9110
8982 3 9111
2419 5 9115
1579 1 9116
2582 4 9116
5982 4 9117
9311 3 9117
6969 5 9119
1886 2 9119
9681 2 9120
8779 3 9121
7370 2 9122
4934 4 9123
3362 1 9124
1607 5 9124
6979 5 9125
7923 2 9125
1464 2 9127
5527 2 9127
9074 2 9128
4486 1 9129
3118 2 9131
7391 3 9132
1205 5 9132
6543 1 9134
5770 4 9135
8702 1 9135
7526 4 9136
9296 2 9136
8593 4 9137
3196 2 9137
4948 1 9140
5088 2 9140
219 1 9141
8041 2 9141
5322 5 9142
8796 3 9144
5314 5 9144
9611 3 9145
8789 1 9149
3584 2 9149
3147 4 9152
501 5 9154
7180 1 9156
9477 5 9156
4937 5 9158
1575 1 9158
1893 1 9160
2819 5 9160
240 1 9161
8031 4 9165
8240 2 9168
8372 1 9168
565 4 9169
1211 1 9169
2239 3 9170
1645 1 9170
1172 1 9171
6183 5 9173
9034 1 9175
585 1 9176
5762 2 9177
1540 5 9177
2626 4 9179
1956 2 9179
9939 5 9183
6482 4 9184
1840 3 9184
2993 2 9185
2684 1 9185
5819 3 9186
1249 1 9187
9333 3 9188
1439 4 9188
6074 1 9189
4986 3 9191
2093 4 9192
3213 4 9193
3221 4 9194
2947 1 9196
7967 3 9197
7877 1 9197
880 5 9198
8858 4 9200
3239 4 9200
3904 3 9201
5919 4 9202
1354 1 9204
528 4 9204
3540 2 9205
9003 1 9207
8358 3 9211
9185 5 9211
8898 1 9212
4396 4 9213
5108 3 9213
6949 1 9215
6599 2 9216
8580 1 9216
5160 1 9219
4051 2 9221
8516 1 9222
1242 5 9222
4362 4 9225
4832 2 9226
8401 5 9227
2389 2 9227
679 2 9228
9056 1 9228
4802 4 9230
4642 4 9230
8058 1 9232
2220 4 9233
3352 3 9233
1217 5 9235
7711 3 9235
8393 5 9236
6043 2 9236
7498 4 9237
3610 4 9237
5494 4 9239
646 4 9239
1012 1 9241
5756 2 9241
1562 2 9242
4281 4 9242
191 1 9243
2737 1 9244
4546 2 9244
1329 1 9248
3250 1 9249
647 3 9249
6556 1 9250
1083 2 9250
2239 3 9251
6220 1 9251
225 2 9253
3294 3 9253
227 2 9254
2 3 9255
4402 3 9255
8893 3 9257
4036 4 9260
969 3 9261
3394 1 9262
5828 4 9262
3518 3 9265
3629 1 9266
9627 2 9268
341 3 9268
4472 2 9270
1535 5 9272
7330 3 9273
1997 5 9273
7733 5 9274
1285 3 9275
1279 4 9276
9500 2 9277
1190 5 9277
5428 3 9279
4643 1 9279
8284 2 9280
74 5 9281
2568 4 9281
2609 5 9282
6522 5 9283
9719 3 9283
4402 4 9284
8445 2 9285
5332 3 9286
7154 5 9286
4102 5 9287
8032 3 9287
8032 2 9288
2188 2 9289
8090 2 9290
9545 3 9292
4509 5 9292
2013 2 9293
5691 4 9293
7567 5 9294
2242 5 9295
6718 4 9296
3968 2 9296
9343 3 9297
1903 5 9298
8194 2 9298
266 3 9300
3595 5 9301
6368 5 9305
2583 1 9307
413 2 9308
1171 2 9308
731 4 9309
8975 4 9309
6372 2 9310
196 4 9310
6817 2 9312
8981 1 9312
5729 2 9313
7972 5 9314
9684 5 9314
1840 4 9316
5039 4 9316
7105 4 9318
9148 5 9318
2694 5 9319
9970 1 9319
5939 3 9320
5402 1 9320
2836 2 9321
5662 2 9322
4522 2 9322
9767 1 9324
5787 5 9324
7399 5 9325
1816 3 9325
3760 5 9326
122 4 9327
6563 5 9327
2922 5 9328
7357 3 9328
7086 5 9331
891 3 9332
3672 3 9332
579 3 9333
3678 4 9333
4096 3 9334
3956 5 9337
7374 4 9337
4175 3 9338
4241 1 9339
7133 4 9341
1317 2 9341
4570 3 9343
2621 2 9344
7330 3 9345
7910 2 9346
3766 3 9346
6839 1 9348
8788 2 9349
1312 1 9352
3419 1 9352
69 3 9353
8734 3 9354
2319 1 9355
7974 1 9355
3591 3 9356
861 2 9356
5328 5 9358
2627 1 9359
6819 4 9359
2855 4 9360
5618 2 9361
1520 1 9361
9555 1 9362
1776 1 9362
8724 3 9363
5489 1 9364
9409 1 9365
2988 4 9365
4541 1 9366
6199 1 9366
9550 2 9368
4229 3 9369
194 5 9371
2192 4 9372
2505 5 9372
7433 2 9373
7295 3 9373
656 2 9374
9121 3 9374
6831 5 9376
3113 1 9379
8065 2 9380
6667 5 9380
9097 1 9382
1255 1 9383
512 2 9383
1553 2 9385
4425 1 9386
5970 5 9388
9878 4 9390
6991 3 9392
9504 1 9393
9498 1 9393
7742 4 9394
6138 3 9394
800 1 9395
2781 2 9395
2148 3 9396
7564 3 9396
2275 4 9397
5167 1 9397
9027 5 9398
4309 3 9399
754 5 9399
4608 1 9400
4211 1 9400
877 5 9401
658 2 9401
3888 5 9404
5235 5 9404
233 3 9406
5264 5 9406
2957 4 9407
3820 5 9407
9898 2 9408
3208 3 9410
7875 4 9411
6030 3 9412
7622 1 9413
1172 4 9414
256 3 9414
5664 4 9415
3477 3 9415
590 5 9416
4232 5 9418
8202 1 9421
8017 4 9421
1411 5 9422
1514 4 9422
4600 4 9423
5492 4 9426
7233 2 9426
9535 1 9427
4137 3 9428
1768 1 9430
553 1 9431
3262 5 9431
2384 3 9432
7532 1 9432
9939 4 9433
72 3 9433
3984 2 9434
9054 3 9436
6159 1 9436
646 5 9438
5236 5 9438
8633 2 9440
5551 1 9440
4079 2 9441
6585 1 9442
3143 3 9444
6433 3 9444
2452 4 9446
3083 3 9446
3384 1 9447
5302 1 9447
4268 2 9449
141 4 9449
4143 1 9450
9269 1 9450
7286 2 9451
4167 5 9451
7930 3 9452
9601 1 9453
720 5 9454
5408 4 9454
322 4 9455
6120 1 9456
1014 2 9457
6484 5 9457
4783 4 9458
8845 1 9462
2733 5 9462
1167 4 9463
8651 5 9463
6097 2 9465
1976 1 9465
9702 1 9468
786 2 9469
9874 1 9470
1055 4 9470
6516 1 9471
8360 4 9471
381 2 9474
2315 3 9474
2391 2 9475
5856 4 9475
1 5 9476
9807 3 9476
9940 2 9477
3602 1 9478
3139 1 9479
4334 1 9479
961 1 9481
2350 3 9484
2521 3 9485
7033 2 9485
9285 3 9487
1565 4 9487
8158 4 9490
3736 2 9493
7742 3 9493
1916 1 9494
1946 3 9494
7936 3 9496
3710 1 9496
5163 5 9497
5384 3 9499
4557 4 9499
638 1 9500
4478 1 9501
9074 3 9501
7381 4 9502
8965 1 9502
5503 4 9503
8150 5 9504
4778 2 9505
3514 1 9506
8767 4 9507
7556 5 9508
7070 1 9508
4256 4 9509
6919 1 9509
1598 4 9510
7751 5 9512
739 1 9512
4607 5 9515
7508 2 9516
1490 5 9516
3390 2 9517
4601 2 9518
4533 1 9518
6563 5 9521
1884 5 9526
7339 4 9527
2383 1 9527
5266 1 9529
6894 3 9530
6967 3 9530
3604 3 9531
7422 5 9531
5322 1 9532
811 2 9533
7136 1 9537
7544 1 9540
1406 5 9540
2668 2 9542
835 1 9542
5075 1 9543
361 2 9544
8790 4 9544
3487 3 9545
9122 1 9546
9332 1 9546
1250 2 9547
3520 1 9548
5551 3 9548
656 2 9549
1243 3 9550
4489 1 9551
4216 3 9553
6508 2 9553
7135 5 9555
6673 4 9555
1553 2 9557
6324 4 9558
8168 2 9558
4769 5 9559
72 3 9559
9433 1 9561
1818 4 9561
5390 4 9563
2366 2 9563
8319 1 9564
1887 1 9567
7008 4 9569
9020 4 9570
3498 1 9572
9208 3 9573
9665 2 9573
4007 5 9576
600 1 9576
9759 1 9580
9326 4 9580
6227 2 9583
7267 4 9583
6148 5 9585
8013 3 9585
6291 3 9587
8246 1 9587
9982 3 9589
6704 1 9590
7471 4 9592
7180 5 9592
4263 3 9593
575 1 9594
7744 2 9594
2736 1 9597
8815 5 9597
7161 2 9598
3901 2 9598
2167 1 9602
9295 3 9603
1368 2 9604
8814 5 9604
769 2 9605
1217 2 9607
446 5 9607
661 5 9608
6945 2 9609
6383 4 9610
7472 1 9610
2349 5 9612
8898 3 9612
2899 2 9613
5841 4 9614
4311 3 9615
7258 2 9615
9977 1 9617
1582 2 9619
1450 2 9619
9082 3 9620
635 5 9621
5790 3 9621
356 4 9623
9360 5 9624
8656 3 9624
7059 3 9625
1245 3 9625
4754 3 9626
9273 1 9627
5758 2 9628
6577 2 9631
7318 5 9632
9954 2 9633
6636 1 9634
1831 3 9634
1838 4 9636
1590 1 9636
4986 3 9637
3361 2 9637
6178 1 9638
8212 2 9639
1480 3 9639
2312 5 9642
9428 5 9642
1046 5 9643
3736 3 9644
6683 1 9645
6506 3 9645
8870 1 9647
5579 2 9648
513 1 9649
793 4 9652
5213 5 9656
5533 3 9656
1845 3 9657
7984 5 9657
4515 5 9658
1363 1 9659
6324 2 9662
9126 5 9662
4000 5 9663
3327 2 9663
1252 4 9664
6630 5 9666
3355 3 9666
7409 5 9667
8297 5 9667
8760 2 9669
6961 2 9670
454 1 9670
1724 2 9671
6886 3 9672
1340 5 9673
3962 5 9675
7880 3 9675
9533 4 9677
6119 3 9677
6743 3 9679
3352 1 9680
4435 5 9682
6082 3 9682
2429 5 9684
5172 5 9685
8890 3 9685
2351 2 9689
1582 2 9690
4638 2 9693
3377 3 9694
5204 4 9694
322 2 9695
2765 3 9697
2223 3 9697
4688 4 9698
1767 2 9700
6956 2 9701
8383 2 9705
3744 5 9706
8174 2 9707
3065 2 9708
4710 4 9708
9137 3 9710
2683 2 9711
6331 5 9711
9698 2 9712
586 5 9713
2101 3 9713
8122 4 9715
9923 4 9717
1438 1 9718
4979 4 9718
4422 4 9722
2719 4 9725
3062 4 9725
9130 1 9727
9077 4 9728
4511 2 9729
245 4 9730
5470 5 9730
7155 3 9731
3864 1 9734
9715 1 9734
247 3 9735
7228 5 9735
1286 3 9736
1910 5 9736
9094 4 9739
9228 5 9739
4655 4 9740
128 1 9740
5082 2 9741
2896 4 9741
3288 5 9742
2446 4 9743
2077 5 9743
1417 4 9745
4126 4 9746
2225 5 9747
3322 1 9748
9217 5 9748
4103 1 9750
5489 2 9750
2995 5 9752
877 5 9752
1618 2 9753
6305 3 9754
10000 4 9755
5864 5 9756
9086 3 9758
3622 4 9758
1854 2 9759
2767 4 9759
9561 3 9760
1817 2 9761
20 4 9762
9924 1 9767
2525 2 9767
8652 5 9768
7450 1 9770
2605 3 9771
4644 2 9771
2234 1 9772
743 1 9773
5273 3 9773
4791 3 9774
9824 1 9774
1095 5 9775
6067 2 9775
5016 1 9778
328 5 9778
2151 3 9779
9333 3 9781
2106 1 9781
3863 5 9784
312 4 9784
1475 2 9785
7495 5 9785
5493 3 9786
1753 3 9787
8983 2 9787
5199 1 9789
4683 5 9789
369 3 9792
7141 4 9792
521 2 9793
794 1 9797
9046 5 9798
3397 2 9798
3326 3 9799
8777 4 9800
3635 2 9800
8521 3 9803
9339 2 9805
6925 1 9806
706 5 9806
9975 3 9807
1824 4 9807
21 3 9808
6652 5 9808
4650 4 9809
3299 1 9811
1023 1 9811
7466 3 9813
7483 4 9813
3347 4 9814
5304 5 9815
2736 1 9816
7203 2 9816
8987 1 9818
557 1 9819
197 3 9819
7487 1 9821
8228 2 9822
779 1 9823
7623 5 9823
5037 1 9824
2350 5 9824
9418 2 9825
1678 1 9826
7875 2 9828
6075 5 9832
6187 1 9834
2009 4 9836
6360 4 9836
2068 3 9837
3794 4 9837
7676 5 9838
2086 2 9838
9606 2 9839
9514 3 9839
6761 3 9840
3271 4 9840
3541 5 9843
9085 4 9845
7195 1 9846
2222 1 9846
2659 5 9847
9159 5 9848
7127 3 9850
6446 5 9850
2874 3 9852
9913 2 9853
8571 2 9854
8923 3 9855
6426 1 9855
1696 1 9856
4064 2 9859
2637 4 9859
1959 5 9860
6848 4 9860
1794 2 9861
524 2 9861
4455 1 9862
1865 1 9863
5073 4 9863
3863 4 9866
6398 2 9866
8749 4 9867
8508 2 9867
9864 5 9868
4225 5 9869
1372 3 9869
7331 1 9870
6787 2 9872
7583 5 9872
7531 4 9874
903 2 9875
4798 5 9875
6773 1 9878
4999 2 9878
7427 3 9880
4710 3 9880
5258 5 9882
6545 5 9882
6697 5 9884
4831 3 9886
2127 3 9886
3488 4 9887
9550 1 9888
8299 5 9888
6167 2 9889
9347 1 9889
9549 3 9890
1269 1 9891
5522 3 9892
5342 2 9893
8359 5 9893
9243 2 9894
3984 2 9894
3910 4 9895
2513 5 9895
937 3 9896
2730 5 9897
5478 5 9897
281 1 9900
936 5 9901
7956 1 9901
7425 5 9903
7112 4 9905
5758 4 9906
4035 4 9908
2339 3 9908
3093 4 9909
4596 3 9909
5876 3 9910
3143 5 9912
6353 1 9912
4987 4 9913
8617 2 9914
6787 5 9914
950 2 9915
8612 1 9916
5767 4 9916
5879 4 9917
1411 2 9917
2827 3 9919
2717 2 9920
5843 3 9920
910 3 9922
9584 1 9922
4921 1 9926
7530 4 9928
9037 1 9928
4463 1 9930
3834 1 9931
3018 1 9931
2943 4 9933
5489 2 9935
2409 1 9935
1712 2 9936
7529 3 9937
3466 5 9938
5013 1 9938
5480 2 9939
6962 2 9939
5078 5 9940
6229 3 9940
3040 4 9941
4118 3 9941
3305 4 9942
4872 4 9945
8703 3 9951
4107 2 9951
7776 5 9952
1886 5 9953
7258 4 9954
6884 4 9958
1624 3 9958
6863 1 9961
4045 1 9962
7337 4 9963
6260 2 9964
9784 1 9964
7104 5 9967
6897 5 9967
9898 2 9968
3680 3 9972
1354 4 9973
1179 4 9974
853 3 9974
7458 5 9975
6620 2 9976
6178 1 9976
284 1 9977
1222 3 9979
5477 2 9979
4937 5 9982
936 2 9984
1463 4 9984
5940 1 9986
7932 2 9988
541 3 9989
1766 5 9991
9063 1 9992
5853 3 9994
1493 5 9994
8875 5 9996
7902 1 9997
1319 5 9999
8938 5 10000
1690 4 10000
3097 1 10001
6965 3 10002
6083 2 10002
2134 2 10003
6209 4 10004
6361 5 10005
1393 2 10006
1677 2 10006
3272 5 10007
2583 1 10007
5116 3 10008
391 4 10009
3670 4 10009
9528 5 10010
1873 4 10010
191 2 10011
6083 5 10011
7627 4 10014
6213 3 10014
6053 5 10015
6857 5 10017
7363 5 10017
6505 4 10018
30 1 10018
5214 2 10019
976 5 10019
8573 1 10020
9505 5 10020
6612 4 10021
1886 5 10021
171 1 10023
6376 1 10023
1961 3 10024
8075 5 10025
1560 2 10025
4390 4 10026
3797 4 10027
574 2 10027
905 3 10029
7992 5 10029
9674 3 10031
5941 3 10032
8921 2 10032
837 5 10033
9050 3 10034
4836 3 10034
8136 1 10035
6345 3 10035
9251 4 10036
1386 5 10040
4611 3 10041
6243 5 10041
7792 1 10042
4869 5 10042
9408 5 10045
9804 3 10045
1535 4 10046
3891 4 10049
8787 4 10050
5878 5 10050
9469 1 10051
1774 1 10052
605 3 10053
7212 1 10053
8066 1 10054
943 1 10054
3348 1 10055
5384 5 10055
4605 3 10056
7164 5 10056
9168 4 10057
7209 5 10058
3581 3 10058
6528 3 10064
5264 2 10064
3379 4 10065
4408 2 10065
9486 1 10066
7210 2 10066
6642 3 10067
318 5 10067
9906 2 10068
4872 4 10068
7070 1 10069
7672 5 10069
9586 1 10070
8444 1 10070
4210 5 10072
154 3 10072
4503 2 10073
6630 4 10073
5863 2 10074
4414 5 10074
2635 5 10075
415 2 10075
6097 3 10077
8836 2 10077
4262 3 10078
7872 4 10079
3531 2 10082
302 4 10083
2489 2 10083
5373 3 10084
7045 1 10084
6522 2 10087
3625 5 10089
5541 4 10089
3192 1 10090
550 3 10092
860 1 10093
2592 1 10093
976 2 10094
6295 5 10095
6996 4 10095
9355 2 10096
3286 3 10096
16 4 10098
4604 5 10100
6599 1 10100
3836 1 10101
2502 4 10101
8484 3 10105
4825 2 10106
2148 1 10108
6909 3 10108
198 3 10109
9127 1 10109
3982 3 10113
4816 5 10113
4642 3 10114
3581 5 10114
4483 2 10115
9379 2 10116
2051 2 10117
5867 1 10119
3988 4 10121
8262 3 10121
4887 2 10123
6093 4 10124
1001 3 10124
9998 5 10125
5063 2 10126
1440 1 10127
1779 1 10127
3747 3 10128
8289 4 10130
6751 3 10130
6133 3 10131
5409 3 10131
4066 1 10132
3164 1 10133
2216 2 10134
606 1 10137
5941 4 10138
32 3 10138
6736 3 10139
8299 2 10140
7076 5 10141
4439 3 10141
5344 4 10142
5733 1 10142
3408 2 10143
5617 5 10147
6274 4 10147
1569 3 10148
4079 1 10148
7271 3 10149
2127 4 10150
1061 4 10150
3082 1 10151
9885 1 10152
945 4 10152
8587 3 10153
5771 3 10154
4313 1 10154
7229 3 10155
4274 4 10155
4067 3 10158
1949 2 10159
1774 3 10159
2144 5 10161
3195 1 10161
4654 2 10163
8553 1 10163
4898 2 10164
4643 3 10164
4964 5 10165
1212 1 10165
8331 5 10166
7090 3 10168
8882 4 10169
7547 3 10169
1994 5 10170
3046 1 10170
7890 2 10173
5118 4 10173
7177 2 10174
5475 3 10174
3408 1 10175
2708 1 10175
4958 5 10176
2222 4 10177
4674 3 10177
6998 4 10178
1465 1 10181
5807 3 10181
9964 5 10183
9733 2 10183
6533 1 10186
2569 2 10187
4448 5 10187
2402 3 10188
5836 1 10190
2603 3 10190
9105 2 10191
6719 2 10191
2185 4 10192
3933 5 10193
1533 4 10195
304 1 10197
2449 5 10198
9610 1 10198
4402 5 10200
124 2 10200
4293 1 10201
8869 1 10201
6067 2 10202
3622 4 10203
2500 5 10203
9692 4 10204
1211 1 10204
5683 3 10206
6225 2 10207
2486 3 10207
2357 3 10208
5469 1 10208
6917 2 10209
6914 4 10210
1618 1 10210
5397 3 10211
1527 1 10212
5591 4 10213
6139 1 10213
3807 4 10216
107 2 10217
251 4 10217
8584 5 10219
4677 4 10219
3748 1 10221
2458 3 10223
8995 3 10223
1316 4 10225
8825 4 10225
9206 4 10226
368 4 10227
6878 1 10228
6583 5 10228
9427 5 10233
9436 4 10233
3799 1 10234
6329 5 10235
4791 2 10235
7099 4 10237
2007 5 10237
5212 5 10239
5021 2 10239
2853 5 10240
4347 2 10240
8420 4 10241
7807 5 10242
4640 2 10242
5295 4 10243
9770 1 10243
5345 2 10246
1437 3 10247
3259 2 10247
68 1 10248
8925 3 10249
6215 5 10249
7444 5 10250
4023 3 10250
2572 2 10251
5872 3 10251
8815 4 10252
4050 3 10253
5435 4 10253
8971 1 10254
8668 5 10255
6168 5 10257
7083 5 10259
3515 1 10260
730 2 10262
8716 5 10262
785 3 10263
8941 1 10264
9198 5 10267
7008 5 10267
7043 2 10268
1569 4 10269
4708 1 10269
2484 1 10271
1723 4 10272
5174 5 10274
1875 3 10274
479 2 10275
8290 4 10276
7829 4 10278
1109 1 10278
9581 3 10279
6696 3 10279
3386 3 10280
7515 4 10281
393 5 10282
6790 4 10284
4930 3 10284
4854 5 10287
7046 2 10289
1981 5 10296
6884 3 10296
8491 3 10297
6749 2 10297
3843 1 10299
7257 5 10300
9197 5 10301
673 4 10302
9373 3 10304
7620 5 10305
6915 3 10306
4638 5 10307
3863 4 10307
2814 5 10308
2507 5 10308
3166 3 10312
7599 3 10313
7155 5 10315
6868 3 10315
518 3 10317
7713 2 10320
9248 4 10320
7669 1 10321
472 3 10321
2106 5 10323
4388 5 10323
4018 5 10328
4471 1 10328
1695 1 10329
9710 1 10333
8110 2 10333
6496 3 10334
7732 1 10337
6870 3 10337
2736 4 10338
3635 3 10341
3781 2 10342
1329 5 10343
6608 1 10343
9476 1 10344
9619 5 10344
8703 4 10345
863 5 10347
4830 4 10347
8016 2 10348
8151 1 10349
9736 5 10351
110 3 10351
3265 3 10353
3646 3 10354
3755 2 10359
5424 2 10359
520 2 10360
5511 1 10360
2063 3 10361
9397 4 10361
1728 1 10362
2231 2 10362
7349 2 10363
4559 2 10364
513 3 10364
2486 4 10365
3461 4 10365
6598 1 10366
429 5 10366
3306 3 10369
2038 1 10369
463 4 10370
8784 4 10371
2360 2 10371
9230 2 10373
7760 4 10373
7398 5 10378
4661 3 10378
6234 2 10380
5957 3 10380
2568 2 10381
3085 3 10381
4344 4 10384
427 3 10385
9027 2 10385
9636 3 10387
707 4 10388
516 2 10390
8678 4 10392
4221 4 10393
9581 2 10394
8084 4 10394
6940 4 10395
7883 5 10398
7073 5 10399
4472 1 10399
3086 4 10401
9240 1 10401
5506 1 10402
6551 1 10402
3023 4 10403
3222 1 10405
4610 1 10406
7288 5 10407
1705 2 10407
3280 1 10408
6625 3 10408
5216 1 10412
6401 3 10412
3282 4 10414
1144 5 10418
4920 1 10418
9545 2 10421
891 3 10422
6391 1 10424
7584 2 10425
1563 1 10429
1349 2 10431
629 2 10431
2102 4 10432
4299 5 10433
3834 3 10433
7037 2 10434
4167 3 10435
5152 4 10435
3630 2 10436
8502 3 10438
5634 4 10438
5883 4 10439
8537 4 10439
7770 5 10440
4034 3 10441
6002 4 10442
8797 4 10444
313 5 10448
224 2 10449
3138 4 10450
4502 3 10450
752 3 10453
5723 3 10453
4985 5 10454
9748 5 10454
5130 2 10455
7919 3 10455
4896 3 10459
689 4 10461
3529 4 10461
1524 2 10463
2047 1 10463
2024 5 10464
5173 2 10464
9176 3 10465
8510 5 10465
3560 1 10466
4726 1 10466
1339 5 10468
5685 1 10468
6857 2 10469
6509 2 10469
1519 1 10472
4487 5 10472
6448 4 10474
2905 4 10475
3880 3 10476
660 5 10476
2555 1 10478
345 4 10478
4104 4 10480
4745 1 10481
6824 4 10483
3892 1 10484
5630 5 10485
5395 5 10485
3261 3 10486
9955 1 10486
5248 1 10488
7654 5 10489
8120 2 10489
7861 4 10490
6678 5 10491
7646 2 10491
9856 1 10494
2867 4 10495
5121 3 10497
343 1 10497
6141 1 10498
353 5 10498
5655 1 10501
955 4 10501
217 4 10502
1012 3 10502
5764 4 10505
9581 4 10505
2470 2 10506
4431 3 10506
6088 5 10507
8473 1 10508
1436 3 10509
3567 2 10509
9557 1 10510
1116 5 10510
5405 3 10511
2669 5 10511
5501 4 10512
8844 1 10512
239 2 10514
360 2 10514
8958 1 10516
8263 4 10516
6174 3 10517
2582 4 10517
6308 2 10518
6306 3 10519
4074 3 10520
4557 4 10520
2355 5 10521
7416 4 10521
9692 1 10524
5250 2 10524
1651 5 10527
2572 4 10527
5350 3 10529
5077 1 10530
8277 4 10530
843 3 10531
730 3 10533
2558 5 10534
4053 4 10535
4342 4 10535
2294 3 10536
7773 1 10536
6566 2 10537
381 4 10538
2116 1 10538
7399 5 10539
3693 3 10540
6161 4 10540
7203 1 10541
5808 3 10541
5193 1 10543
2655 5 10543
7544 2 10544
9259 2 10546
9945 3 10546
888 2 10547
611 1 10548
7513 2 10548
9449 1 10549
8525 5 10552
8890 1 10552
6785 2 10553
6511 1 10555
564 2 10556
4189 2 10556
3293 5 10557
8179 5 10558
7029 2 10560
497 4 10561
2548 5 10563
5441 1 10564
3073 4 10564
9343 3 10568
7939 1 10571
3558 4 10573
905 4 10574
2157 5 10574
7136 5 10576
8410 5 10576
3145 2 10577
904 2 10578
5403 4 10578
1884 2 10579
6590 1 10580
4161 3 10582
8167 5 10583
2393 3 10583
8543 3 10584
6965 3 10586
2514 5 10586
8874 3 10587
5749 5 10589
8142 2 10589
973 1 10590
3372 1 10591
4773 4 10592
1360 2 10592
1018 3 10593
4298 5 10594
6865 5 10596
1018 2 10597
2704 3 10597
3187 5 10599
3083 2 10600
2050 3 10604
5483 1 10605
7268 4 10605
8716 4 10606
4395 3 10606
7760 1 10607
1104 4 10607
7371 1 10608
6896 5 10608
4536 5 10609
6323 5 10609
6353 2 10610
4281 1 10610
2915 2 10611
9832 4 10611
4483 1 10613
2415 5 10615
6867 5 10616
1213 5 10617
5753 3 10620
982 2 10621
482 4 10621
6981 4 10622
5962 5 10622
9824 1 10623
2443 1 10624
6777 5 10624
4626 5 10625
7755 4 10625
399 5 10626
7720 4 10626
4873 2 10629
7049 1 10630
7325 4 10631
3844 2 10633
2587 5 10633
3061 4 10634
9234 2 10634
9746 3 10636
857 3 10637
9201 4 10638
7524 1 10640
9622 3 10640
3535 4 10641
5177 3 10642
522 2 10643
627 4 10645
6095 5 10646
276 3 10647
1795 4 10648
618 4 10648
3551 1 10649
9737 3 10650
4025 2 10650
8815 3 10652
3092 2 10653
7353 4 10653
7101 1 10654
9169 1 10654
2423 1 10655
9680 2 10656
9808 1 10658
8357 3 10660
5378 4 10661
8446 4 10663
5418 2 10664
3204 2 10665
5623 5 10666
9351 1 10667
8011 1 10670
1094 2 10670
2280 5 10671
2273 3 10671
539 3 10672
3694 3 10673
7745 2 10674
7309 4 10675
2129 3 10675
8595 3 10676
7868 4 10676
44 3 10677
3817 3 10677
3036 1 10678
4703 5 10678
8122 5 10681
1338 3 10682
1580 3 10683
9576 4 10683
289 2 10684
9148 4 10685
1809 5 10687
7217 3 10687
7201 4 10689
316 4 10689
3494 5 10692
9037 4 10694
1635 4 10695
566 3 10695
1322 5 10696
3712 3 10696
1306 5 10697
3809 2 10697
593 5 10698
4786 4 10698
1754 2 10699
9392 4 10699
8121 4 10700
6983 2 10702
4873 3 10702
7519 5 10704
5753 3 10705
5498 3 10705
5422 1 10708
6605 5 10711
2829 4 10711
8629 2 10712
6492 3 10719
7013 2 10719
7300 2 10720
8825 3 10721
1867 4 10722
7103 2 10723
7962 1 10725
9684 4 10728
6600 4 10729
2134 1 10731
6391 4 10733
3321 5 10734
1887 1 10735
1245 4 10735
5163 2 10736
2016 5 10738
348 4 10738
5738 3 10739
9736 4 10739
6354 5 10740
983 5 10741
3054 1 10741
4995 1 10742
4570 1 10742
9589 5 10743
65 3 10745
685 1 10746
8669 5 10747
531 2 10748
9168 4 10748
4388 3 10749
6695 2 10751
889 2 10752
8310 4 10756
3484 2 10757
1135 5 10757
1242 5 10760
9675 1 10760
3634 4 10763
7072 1 10763
3525 4 10764
4197 5 10765
6703 4 10766
1426 4 10766
2287 5 10768
7346 2 10769
7735 2 10769
711 5 10770
5637 3 10770
7639 3 10771
3004 5 10772
7301 3 10773
889 2 10774
7064 3 10775
9093 1 10775
8568 1 10777
8865 1 10778
8276 3 10778
8915 4 10779
8673 1 10780
5003 5 10782
8051 4 10783
9914 4 10784
160 4 10787
8882 5 10787
9879 4 10788
9720 2 10788
103 4 10789
3598 4 10790
9553 2 10791
5364 3 10792
5798 3 10792
7031 5 10793
4973 5 10794
9373 4 10794
4726 1 10795
811 3 10795
3350 2 10799
7122 4 10799
4381 2 10803
7025 4 10804
9613 5 10805
7414 3 10805
1533 5 10806
8600 2 10807
1284 5 10808
7200 1 10808
6184 5 10809
4729 4 10813
8561 4 10816
5078 4 10816
7320 5 10817
6587 4 10820
477 2 10821
4689 1 10822
4961 2 10822
9598 4 10827
7904 2 10827
9038 4 10829
3406 2 10829
972 4 10830
742 1 10832
8536 5 10832
6857 4 10834
7542 1 10834
2152 4 10835
241 3 10836
7800 2 10836
4505 3 10837
998 3 10837
9397 3 10838
9592 1 10838
9539 4 10839
9039 2 10839
1906 4 10840
3633 3 10843
9917 1 10844
307 4 10844
9686 1 10845
800 5 10845
6799 5 10846
9201 2 10847
6138 5 10850
9047 3 10851
6214 2 10852
933 4 10856
7802 3 10856
7456 5 10858
9727 2 10858
8214 2 10860
8917 3 10862
6373 5 10862
1796 5 10863
5054 2 10864
7357 2 10866
4862 2 10868
3156 1 10868
1796 3 10869
83 1 10869
6666 4 10870
7035 1 10872
7407 1 10873
679 4 10874
5292 2 10874
1197 4 10876
2292 3 10876
9762 5 10877
6476 5 10878
158 3 10878
1858 2 10879
8364 1 10879
9534 4 10880
3041 5 10881
9240 3 10881
4163 4 10882
572 3 10882
2948 1 10885
5555 2 10885
3521 5 10886
5542 4 10886
2655 1 10889
5228 4 10890
8738 4 10892
521 2 10892
3996 4 10894
4959 3 10895
7946 2 10896
4550 1 10897
9332 5 10897
1142 1 10898
2785 1 10899
751 1 10899
2686 4 10901
1468 5 10901
5238 3 10902
3501 2 10904
4267 3 10904
7855 1 10905
7821 4 10906
2334 1 10906
3369 4 10907
2438 3 10908
6486 4 10909
6104 1 10909
7852 1 10910
9391 1 10911
2972 3 10913
7047 3 10913
2347 2 10914
5261 5 10914
5308 2 10917
2302 3 10918
6542 3 10919
9447 4 10919
4766 3 10920
8537 5 10923
2011 3 10923
9328 1 10925
4976 3 10926
7145 3 10926
3991 5 10927
6055 3 10928
900 4 10928
3388 5 10929
1722 2 10930
1028 3 10931
4590 3 10931
7826 4 10932
90 1 10933
6767 5 10933
541 1 10934
7064 4 10935
459 5 10935
2328 1 10936
607 1 10937
6772 3 10937
6147 1 10939
7684 3 10939
3863 5 10941
9969 2 10941
3572 2 10943
4894 1 10943
5719 1 10944
7357 1 10944
2447 2 10945
3920 4 10946
6335 4 10946
7766 4 10947
6455 2 10947
5741 4 10948
2968 4 10948
1898 3 10949
4633 1 10949
2856 4 10950
7371 1 10954
3330 5 10955
2458 3 10955
3879 3 10956
3186 1 10956
9377 3 10957
6970 3 10957
9064 1 10958
761 1 10958
1440 2 10959
1306 5 10963
649 4 10963
8551 5 10964
6290 1 10965
6695 5 10972
5121 3 10976
3434 1 10976
8804 4 10979
6836 5 10980
5248 5 10981
7419 4 10982
3905 4 10983
4665 2 10983
7022 4 10984
1327 1 10984
1858 3 10985
5396 2 10987
7944 5 10990
9428 4 10990
3344 5 10992
6356 4 10992
9665 1 10993
9622 1 10993
9410 1 10995
5187 3 10996
8434 2 10996
1769 5 10997
5483 1 10998
1664 4 10998
9006 2 10999
5788 1 10999
4726 5 11000
9608 3 11001
9335 5 11002
8775 2 11002
5998 2 11003
680 3 11004
7293 3 11005
9046 1 11008
6385 1 11008
6924 5 11009
3927 2 11012
8346 3 11013
4120 2 11014
6898 1 11015
9666 4 11015
3024 1 11016
1944 1 11018
8253 2 11018
1970 2 11019
2017 2 11020
4382 2 11021
5292 1 11021
4105 3 11022
1995 4 11024
48 3 11024
2368 3 11025
9969 5 11025
5302 4 11026
6193 4 11027
2629 2 11029
7544 1 11031
1596 5 11033
1120 5 11033
8404 3 11034
5682 4 11035
9323 4 11036
7013 5 11036
8435 3 11038
3618 4 11040
1386 1 11041
1440 2 11041
3736 5 11044
8391 5 11045
1761 2 11046
2869 4 11048
7463 2 11048
1995 2 11049
5656 3 11049
2962 2 11050
3475 4 11050
186 3 11051
4080 1 11051
4566 3 11052
610 1 11053
5453 3 11054
7352 2 11054
805 3 11055
6581 3 11055
4022 4 11056
6106 4 11057
7755 1 11058
6419 5 11059
2719 3 11059
6219 1 11060
1054 1 11061
6895 1 11061
4552 3 11062
9333 2 11063
8579 4 11063
7477 2 11064
3098 1 11065
4010 1 11065
140 3 11066
4304 4 11069
2264 1 11070
6844 2 11070
9439 2 11071
1921 2 11071
8950 4 11072
3295 2 11072
4188 5 11073
2303 2 11074
8134 5 11074
8858 3 11076
7485 5 11077
3498 2 11077
7040 3 11078
9519 1 11078
4344 1 11081
9978 3 11084
9204 1 11084
5454 4 11085
7035 3 11085
9199 3 11086
8675 2 11088
3797 3 11089
9313 2 11089
7498 4 11090
9655 3 11090
9648 1 11092
8064 5 11092
3616 1 11094
1210 5 11095
4136 2 11095
6467 4 11098
887 3 11098
1761 4 11099
5560 4 11099
1655 2 11101
230 1 11102
7718 1 11103
9617 5 11106
6235 1 11109
5986 5 11110
3116 5 11111
6605 4 11112
5136 5 11112
7583 4 11113
5325 5 11114
1625 5 11114
7275 3 11115
6632 5 11115
7029 2 11116
904 3 11117
7960 5 11117
370 1 11119
5170 4 11121
9860 4 11123
8827 2 11123
1278 5 11124
71 3 11125
1070 3 11126
3494 3 11128
2610 1 11132
6505 5 11132
9347 4 11133
6813 1 11133
1621 2 11135
6653 2 11135
9194 4 11136
4041 5 11136
3230 5 11137
2931 3 11138
9547 4 11141
3976 2 11142
682 4 11143
3549 3 11145
1338 4 11145
6863 3 11146
171 4 11147
2566 2 11148
5954 1 11148
6889 4 11150
8885 2 11152
4691 4 11152
7179 5 11153
2819 1 11154
1931 4 11158
5565 2 11159
6304 1 11160
2179 2 11160
9934 3 11161
8035 2 11161
4142 3 11163
902 1 11164
9178 5 11164
7763 1 11167
3 1 11167
3018 2 11168
2333 2 11169
4658 5 11169
7691 4 11170
763 4 11171
7695 4 11173
2934 3 11174
9690 2 11174
1996 5 11177
4169 1 11179
516 3 11181
3010 1 11183
9793 4 11184
9147 5 11184
9100 3 11185
3505 2 11186
6259 5 11186
3364 1 11187
7064 3 11187
2115 5 11188
670 4 11189
4378 3 11189
75 3 11190
7057 4 11190
5863 4 11191
3056 1 11191
1686 4 11194
839 4 11194
1171 1 11195
7788 2 11196
7433 2 11200
2591 4 11200
6378 5 11202
2725 2 11202
5054 5 11203
544 3 11204
9155 4 11205
3024 2 11206
6002 4 11206
2937 5 11207
1260 3 11208
7263 1 11209
1438 4 11209
4786 2 11211
6766 2 11211
6486 1 11212
5027 2 11213
289 1 11214
1636 3 11216
5167 2 11216
3302 5 11218
6368 1 11218
6844 3 11219
4884 1 11220
8897 5 11220
6246 1 11221
8182 3 11221
5842 5 11222
9157 3 11223
3697 1 11223
6233 3 11224
9044 4 11224
5073 5 11225
8986 2 11226
9764 1 11226
9512 1 11227
4739 2 11227
2506 2 11228
2741 1 11228
2946 3 11229
718 1 11229
2616 2 11231
2228 1 11234
4131 2 11234
8630 3 11235
4982 2 11235
5025 4 11237
6969 5 11238
7971 4 11239
74 4 11240
9670 2 11241
8678 1 11242
2110 5 11242
8612 5 11243
4789 4 11243
5968 3 11245
3056 5 11245
1833 4 11247
2721 5 11249
8504 5 11251
3509 4 11252
1990 2 11252
504 2 11253
8863 2 11253
1354 3 11254
9297 2 11254
5978 4 11255
8034 4 11256
4006 1 11256
3920 2 11257
6106 2 11258
7235 1 11259
9845 5 11260
8427 3 11260
1397 5 11261
360 1 11262
5082 5 11262
4313 2 11263
8969 5 11264
3750 4 11264
6111 3 11265
3752 5 11265
1711 3 11266
7589 2 11267
6663 5 11267
7846 5 11268
1710 4 11269
7173 2 11269
2695 4 11270
8162 4 11270
3014 5 11272
7571 1 11273
5967 5 11273
7216 4 11274
6073 5 11275
9591 3 11276
7775 1 11277
3108 2 11278
5015 2 11278
818 2 11282
5771 4 11284
1440 2 11284
6731 2 11288
7584 5 11288
333 5 11290
8595 1 11290
7615 5 11291
7609 5 11291
2379 5 11292
6577 2 11293
8983 2 11294
6633 3 11294
4302 1 11296
1763 2 11296
7829 2 11299
7574 4 11301
6984 2 11301
7078 5 11302
9178 5 11305
8378 5 11305
187 1 11306
6678 1 11308
3076 3 11308
5429 1 11310
5744 5 11310
4510 3 11311
9352 2 11312
7098 4 11313
9321 1 11315
19 5 11317
6972 1 11317
4822 5 11318
384 1 11319
5470 1 11319
4085 3 11320
5181 4 11320
6142 1 11322
8 2 11322
6454 2 11324
6065 4 11324
5499 3 11325
933 4 11325
3644 3 11327
3728 2 11327
43 3 11329
4497 1 11330
5324 4 11330
6556 2 11331
9837 3 11332
9739 5 11332
5941 3 11333
6756 3 11333
4494 5 11334
4094 4 11334
8001 4 11335
1219 1 11335
5257 3 11336
182 4 11336
7591 1 11342
3964 3 11342
8281 3 11344
38 2 11346
4209 5 11348
5391 2 11349
4452 4 11350
4086 1 11350
8984 1 11353
8496 1 11354
1817 5 11356
1421 1 11357
389 3 11357
833 3 11358
6609 3 11358
5533 2 11362
7858 5 11363
4130 5 11363
6041 5 11364
538 1 11366
5475 5 11366
198 3 11367
9583 3 11367
2477 4 11368
5125 5 11369
7450 2 11369
5775 3 11370
1164 1 11370
523 1 11371
379 3 11372
2327 2 11373
5085 4 11374
5056 5 11376
7748 4 11377
6647 5 11377
9173 2 11378
6129 1 11378
7350 5 11379
3213 4 11380
6707 2 11382
3421 1 11384
7376 4 11384
1845 2 11385
2852 3 11386
5512 3 11387
6536 2 11388
3005 2 11388
1204 1 11391
3140 3 11395
209 3 11395
7782 5 11400
6119 4 11400
3578 5 11402
4823 1 11402
2161 5 11403
9021 5 11403
4045 1 11404
5415 1 11408
3369 5 11412
4347 1 11413
8071 4 11414
8661 1 11414
5409 2 11415
9346 3 11416
7426 2 11416
6304 5 11417
339 1 11419
4791 1 11419
3838 5 11421
8955 2 11422
278 2 11424
3715 4 11424
6470 1 11426
4890 4 11427
7769 4 11427
9437 4 11429
5198 2 11429
5535 4 11430
5661 2 11430
7290 2 11431
3250 1 11432
4077 5 11432
1484 4 11433
4379 4 11433
7897 2 11436
1272 3 11436
8849 2 11437
59 4 11437
9236 5 11438
1507 3 11439
5463 4 11439
9854 1 11442
622 4 11442
804 5 11443
7733 5 11444
7103 3 11446
806 2 11451
463 3 11452
8781 2 11452
6941 4 11453
3755 3 11453
1359 5 11456
887 3 11456
805 4 11457
7432 3 11457
3893 5 11458
8432 5 11459
5868 4 11459
2051 5 11460
9089 3 11460
7341 4 11461
2815 1 11461
5501 5 11464
4917 4 11466
1743 5 11467
2537 5 11468
1494 1 11469
7550 2 11470
4858 4 11470
8230 5 11473
3078 2 11475
844 1 11476
6684 5 11478
5111 2 11479
8413 5 11479
9511 1 11480
6181 1 11482
2050 2 11483
7453 1 11485
361 3 11485
9845 3 11488
5009 1 11488
2630 2 11491
688 5 11491
1320 3 11492
1952 3 11493
7979 4 11493
8884 1 11494
8663 5 11494
3073 2 11495
8010 3 11497
1253 4 11499
764 2 11499
2030 3 11501
5159 1 11501
288 3 11502
9414 4 11502
3790 5 11504
8493 3 11507
5020 4 11509
9148 4 11510
813 2 11510
5482 1 11511
1869 1 11511
179 5 11512
27 2 11513
2206 4 11513
4952 3 11520
3497 5 11521
3766 4 11521
3141 2 11522
7869 2 11522
118 1 11523
7765 5 11526
5143 1 11527
2979 1 11531
3770 1 11533
7382 4 11534
8191 1 11534
1897 5 11535
2732 3 11535
3627 1 11536
2097 3 11536
7391 5 11537
628 4 11538
8714 1 11538
7301 5 11539
893 4 11539
9967 4 11541
6046 4 11542
9189 2 11543
5946 3 11543
7907 2 11547
2854 5 11547
6612 4 11550
9667 1 11551
8520 3 11551
9041 4 11552
3567 4 11552
5848 2 11554
6641 1 11558
2851 2 11558
8552 2 11559
8158 5 11560
3178 2 11560
4580 2 11561
7011 4 11562
253 4 11563
5135 5 11565
9736 1 11566
7838 4 11567
1095 2 11567
3093 5 11568
7354 4 11569
7203 4 11569
6611 1 11570
4515 5 11570
2839 1 11572
8693 1 11574
7794 3 11575
4095 2 11579
884 4 11580
4819 1 11580
8557 3 11584
1126 4 11585
8667 5 11585
2376 3 11586
4927 3 11587
8737 3 11590
5116 3 11590
1937 4 11591
5731 4 11593
9873 3 11593
3034 3 11594
396 3 11595
7401 2 11596
5867 5 11597
2297 3 11598
3802 5 11599
1908 1 11599
3690 5 11600
705 1 11600
5623 1 11601
1783 3 11602
2864 2 11603
9934 3 11604
8097 5 11604
4129 4 11605
5381 3 11605
5770 2 11606
9608 2 11607
2841 3 11609
9347 3 11612
8887 3 11612
2172 3 11614
9158 2 11614
3335 5 11615
1537 2 11615
4411 5 11616
6478 5 11617
4757 5 11617
7376 1 11621
6075 4 11621
608 2 11622
6143 1 11622
2496 3 11623
1347 5 11624
3664 5 11625
2748 1 11626
5430 2 11629
6596 5 11629
2135 4 11630
7767 2 11630
5442 1 11631
8085 3 11632
4352 4 11634
7031 5 11634
4025 5 11636
2629 1 11637
437 1 11637
2817 2 11638
6856 1 11639
1076 4 11639
7608 4 11640
6753 5 11642
5148 3 11642
7804 2 11643
7621 4 11645
5894 2 11646
8050 4 11648
9505 1 11650
3289 4 11652
8678 4 11652
8490 1 11653
6007 1 11653
4020 1 11654
8255 1 11654
2374 1 11656
5078 5 11657
8251 4 11657
2898 1 11658
7121 3 11661
6231 5 11663
6460 1 11663
4021 4 11664
6663 1 11665
8405 4 11666
4809 3 11666
2728 3 11668
4532 2 11668
4019 1 11669
4713 2 11669
7540 3 11673
4956 4 11674
2821 1 11674
7960 3 11675
1440 1 11675
8361 3 11676
2838 4 11676
3055 5 11677
3073 5 11678
5440 1 11679
5357 4 11679
5396 2 11680
2735 1 11680
8086 3 11682
9844 5 11683
7623 2 11685
9960 4 11685
9895 1 11686
2805 3 11687
1687 5 11688
2401 4 11689
9927 2 11690
8429 3 11691
4286 2 11692
6641 5 11692
5313 1 11693
9331 4 11693
3167 3 11696
6186 5 11700
981 1 11703
9324 5 11703
5415 3 11704
9822 1 11706
7496 4 11706
4570 3 11710
7654 3 11710
3276 2 11711
9709 2 11711
6545 4 11712
8159 5 11712
1910 5 11713
4320 5 11714
778 2 11714
9267 2 11715
2412 2 11717
9711 5 11718
201 5 11718
5419 2 11719
3269 1 11721
2472 3 11722
522 5 11722
9116 3 11724
6054 4 11725
9098 5 11725
8500 5 11726
4620 3 11726
6848 3 11727
6524 3 11729
2760 3 11731
1997 1 11732
8200 2 11733
9891 3 11733
2301 3 11734
480 3 11735
9658 4 11735
9439 2 11736
4436 2 11736
5891 1 11737
9648 5 11737
4547 4 11738
9104 5 11738
3946 3 11739
3135 3 11739
4011 1 11740
5632 5 11740
8822 5 11744
2608 4 11745
4651 4 11745
4886 3 11746
5537 2 11747
1261 1 11748
2342 3 11748
3648 2 11749
7697 2 11749
6206 1 11750
2779 3 11751
1550 1 11751
4885 1 11752
7542 1 11752
5917 4 11753
9262 2 11753
1742 2 11755
4933 4 11755
6254 4 11756
932 5 11757
2399 3 11760
9686 5 11764
3806 1 11765
5621 3 11766
4229 3 11767
1541 5 11768
4093 4 11768
9873 4 11772
5782 4 11772
2981 2 11775
4127 3 11775
3770 3 11777
7702 5 11779
8102 1 11780
9686 5 11780
1604 3 11781
8562 5 11782
9258 1 11782
8437 5 11783
3615 2 11783
5850 3 11784
8676 4 11784
8222 3 11785
9222 2 11785
2837 1 11786
9171 4 11787
1634 2 11787
4106 5 11788
7099 3 11789
6251 1 11789
4117 5 11790
7733 1 11791
2831 3 11792
1407 1 11793
8644 1 11794
2488 3 11795
7375 5 11797
4710 5 11797
7575 3 11798
5920 1 11803
4075 4 11803
4115 5 11804
8286 2 11805
7128 3 11805
4115 1 11806
3714 1 11809
2323 1 11810
3275 5 11813
2465 4 11813
2735 3 11814
6293 3 11815
6700 4 11815
7426 5 11817
7593 4 11819
3185 1 11819
2107 3 11820
6689 3 11820
124 1 11822
7969 5 11822
9571 4 11823
6860 4 11825
8549 2 11826
607 1 11828
5290 3 11828
8883 5 11831
2259 5 11831
2044 5 11832
3191 5 11833
9887 3 11833
2186 2 11834
526 4 11835
3661 1 11835
3703 3 11839
9342 5 11840
1321 1 11841
271 4 11841
2901 2 11842
5601 4 11842
9059 4 11843
2430 5 11843
1279 5 11844
9336 1 11845
5308 4 11846
1865 2 11853
7000 5 11854
5180 1 11856
3106 1 11859
7204 5 11859
4577 2 11861
4246 1 11862
4128 1 11862
3829 3 11863
4457 5 11864
8486 3 11865
3815 4 11866
9791 4 11866
5102 3 11867
8244 3 11868
9341 2 11869
4161 2 11869
4569 5 11870
530 4 11870
2847 1 11872
4229 5 11872
2850 3 11873
2050 4 11875
4342 3 11876
8607 2 11877
4496 5 11877
9267 4 11878
6319 4 11879
4686 2 11880
6086 3 11880
4344 2 11881
5547 2 11881
6964 1 11882
1421 5 11882
4382 5 11883
3478 3 11883
8737 2 11884
400 1 11885
6067 5 11885
2883 2 11886
1157 2 11886
9356 5 11888
9708 1 11893
2858 1 11893
685 2 11895
892 3 11895
7768 3 11896
8295 2 11896
9500 2 11897
1444 5 11897
7386 5 11899
1340 1 11900
55 1 11903
3006 2 11904
9156 5 11907
8882 2 11907
4305 5 11908
3871 5 11909
4976 4 11909
424 2 11911
1728 5 11913
5744 2 11916
8411 2 11916
6895 5 11918
7322 4 11918
8545 5 11919
8196 3 11920
7194 2 11922
3968 4 11922
8466 4 11923
2409 3 11923
2218 2 11924
9213 4 11924
9635 1 11927
270 3 11927
6967 4 11928
2395 1 11931
7964 3 11931
3216 1 11933
4949 5 11934
3455 1 11934
6364 2 11935
5715 3 11935
9221 3 11937
8932 2 11938
2525 2 11938
3462 2 11939
6039 3 11939
3372 5 11940
3734 4 11942
2744 5 11942
1266 3 11943
2186 2 11944
9333 3 11944
6493 4 11945
2956 5 11945
8713 4 11948
4219 4 11948
69 3 11949
6773 3 11951
840 4 11951
6964 1 11953
3961 2 11955
7993 3 11956
5316 5 11956
2698 2 11957
5346 5 11957
8941 5 11959
8763 1 11961
2437 1 11961
5703 5 11962
6599 3 11963
6932 4 11964
1044 3 11964
3973 2 11965
1707 3 11966
9254 1 11966
8558 3 11970
2674 3 11973
1221 4 11973
2400 3 11974
8486 5 11975
8781 5 11977
5451 2 11977
516 4 11978
3760 3 11980
7969 1 11982
7239 3 11983
9204 1 11983
5763 1 11984
7336 1 11985
9525 2 11986
1920 5 11986
2275 5 11987
4521 2 11988
4456 1 11988
4945 3 11989
5924 3 11991
3666 2 11992
3469 3 11994
9292 4 11994
9747 5 11995
2757 1 11996
6443 2 11997
5969 5 12002
4886 2 12002
155 2 12009
3014 4 12010
6030 1 12010
2965 2 12011
9519 4 12012
1124 1 12012
4493 2 12013
1279 1 12015
6292 1 12015
6470 2 12018
7385 4 12018
4129 4 12019
4030 5 12019
1976 2 12022
4002 1 12022
3571 2 12025
1859 2 12025
71 2 12031
118 3 12031
4721 4 12032
2920 3 12032
1142 4 12033
5097 2 12034
3191 1 12035
8791 2 12036
7091 1 12036
6552 3 12037
1434 4 12038
736 4 12039
2998 2 12039
6309 2 12040
7544 3 12040
9963 2 12041
1198 5 12041
9706 3 12043
745 1 12043
1286 1 12044
3336 4 12045
6361 4 12045
2458 4 12046
2108 5 12049
5695 4 12050
3099 2 12050
7992 3 12052
381 4 12053
1574 1 12055
2759 3 12057
3665 1 12057
6529 5 12058
8691 2 12059
720 2 12059
5520 5 12060
5823 1 12060
6378 2 12063
8883 2 12063
2831 4 12065
8320 2 12066
7610 5 12066
2627 4 12067
7758 3 12067
9802 2 12068
7228 2 12068
3995 1 12069
2068 2 12070
265 2 12071
4232 2 12072
8076 5 12073
1747 1 12073
6203 5 12075
1793 4 12076
8969 2 12077
4156 3 12077
2898 5 12079
4641 4 12080
3186 5 12080
3600 2 12081
6399 5 12082
663 5 12083
3657 3 12084
4948 3 12085
5623 1 12086
4702 4 12089
4202 2 12089
735 3 12090
8609 4 12091
1732 4 12091
7776 5 12093
7120 5 12094
6710 5 12094
5031 3 12095
2191 1 12095
1341 3 12097
8401 3 12097
9491 4 12098
6799 4 12099
8460 5 12100
6760 5 12102
3247 4 12103
3334 2 12104
8036 5 12105
2616 2 12105
1041 5 12106
8783 5 12109
193 5 12111
5680 4 12112
2988 3 12113
6765 3 12114
6982 2 12115
1582 3 12115
6516 2 12117
3466 2 12117
3917 1 12118
6355 3 12119
8866 1 12119
9662 3 12120
619 4 12121
1549 1 12122
367 4 12122
8010 2 12123
5755 2 12123
4106 2 12124
3452 3 12125
3097 2 12126
139 1 12131
5518 5 12132
5202 5 12133
4283 3 12133
1808 5 12134
401 1 12137
4799 5 12138
1453 3 12138
696 1 12140
4607 5 12141
8456 5 12142
5121 4 12143
5296 5 12144
7440 1 12146
3180 5 12148
6470 5 12149
660 5 12150
6359 3 12150
7415 1 12151
486 2 12153
533 2 12155
1547 4 12155
8722 5 12156
3541 5 12157
6965 3 12157
6868 4 12158
6290 4 12158
1487 2 12159
3413 3 12161
4489 5 12161
9981 2 12162
4013 3 12162
1498 5 12163
8459 2 12164
3698 3 12165
998 5 12165
365 3 12169
6996 4 12169
3536 3 12170
659 1 12170
6883 5 12172
4836 2 12173
7533 4 12173
4133 4 12175
849 3 12176
1851 1 12176
2619 5 12177
4719 2 12177
1915 3 12178
1576 4 12178
8375 1 12180
6152 2 12180
6 1 12181
4771 1 12181
8377 3 12185
505 5 12185
9647 2 12186
2093 5 12186
3217 3 12188
5129 4 12188
3144 4 12189
741 2 12191
8466 5 12191
672 4 12193
4656 3 12194
17 1 12197
927 3 12198
6015 2 12199
7441 3 12199
243 2 12200
3984 3 12201
1401 3 12202
316 4 12203
9135 3 12203
3819 4 12204
6798 5 12204
3258 5 12208
1033 4 12208
4090 3 12212
6175 2 12213
3222 5 12213
2374 3 12214
6334 1 12215
5681 3 12215
3959 5 12216
9275 4 12218
3858 2 12219
6519 4 12219
9262 5 12221
5415 5 12222
9004 2 12223
6269 4 12224
4911 5 12225
9578 1 12225
8484 3 12227
7846 4 12228
5107 2 12229
6934 5 12230
2388 4 12232
5843 5 12232
9792 5 12233
6327 5 12234
5392 3 12234
7142 1 12235
7441 3 12236
3791 5 12236
5221 2 12237
425 3 12238
9485 5 12238
7811 3 12241
2875 1 12241
6060 2 12242
5642 4 12242
8438 2 12243
8453 1 12243
373 5 12244
9885 2 12245
1853 1 12245
7554 3 12246
1351 4 12247
7890 3 12249
3606 2 12250
4658 2 12250
8549 4 12251
942 1 12252
2023 5 12255
8423 5 12255
6098 2 12256
2002 2 12256
918 4 12258
1564 4 12258
4262 5 12259
1849 5 12262
8935 3 12262
9172 4 12264
8019 4 12264
4549 3 12265
5003 5 12265
1161 4 12267
2892 2 12268
9779 5 12269
7647 5 12269
3960 4 12270
9773 5 12271
8248 2 12271
9739 2 12272
6386 2 12274
4802 3 12274
8680 3 12275
5494 3 12275
5908 1 12276
3770 1 12276
1869 1 12278
8545 4 12278
6849 3 12279
8152 2 12282
6104 2 12282
7150 1 12286
4433 4 12286
376 3 12287
8412 5 12287
5501 2 12288
7609 4 12288
2358 2 12289
4295 3 12289
8389 1 12291
7051 1 12292
7386 2 12292
3245 4 12293
2298 1 12293
9252 2 12295
892 4 12296
9890 4 12296
68 3 12298
7653 3 12299
616 1 12299
5489 3 12300
4394 3 12301
1399 2 12301
6839 5 12303
694 4 12303
6363 2 12305
4717 2 12308
8548 5 12308
4791 4 12309
4966 3 12310
988 5 12311
2751 2 12311
5780 1 12312
8979 1 12313
7892 3 12313
7274 5 12315
7256 3 12315
3288 2 12317
2073 2 12317
880 3 12318
86 4 12318
1656 5 12319
7239 3 12320
9829 4 12320
1579 4 12323
4160 3 12323
6170 1 12324
7572 1 12324
2874 1 12325
4808 2 12325
8842 3 12328
5808 4 12329
1639 5 12329
2018 2 12330
3968 5 12330
2766 5 12333
7588 3 12333
7064 4 12334
4478 3 12334
8017 2 12336
5348 4 12337
720 1 12337
3489 1 12338
8695 1 12339
4257 3 12339
3515 5 12340
8498 3 12341
217 1 12341
1744 4 12342
5056 1 12342
3832 2 12343
2209 4 12343
4655 5 12344
7082 3 12344
2631 3 12345
445 2 12345
2850 4 12346
3226 2 12346
2290 4 12347
9383 3 12347
9530 4 12349
336 2 12349
2830 3 12350
2633 3 12351
2323 3 12351
7729 5 12354
7716 5 12354
9455 4 12355
8651 4 12355
7720 1 12356
6097 4 12356
9697 1 12357
7839 2 12357
6722 3 12358
6417 4 12359
4230 2 12360
1501 3 12360
2481 5 12362
7887 2 12363
7033 1 12363
6544 3 12364
5080 1 12365
6309 3 12366
5315 5 12367
6395 3 12368
2432 1 12368
7961 2 12369
7326 1 12371
3718 2 12374
7639 1 12376
8700 4 12377
7262 2 12377
1937 1 12378
1601 2 12378
1001 5 12379
9277 2 12379
7202 4 12380
948 3 12381
1786 5 12381
6900 1 12383
4916 2 12383
3360 3 12384
4612 1 12384
5516 2 12385
5173 1 12386
1493 1 12386
9785 4 12387
1485 2 12387
3465 5 12390
9216 2 12390
6190 1 12391
5100 2 12394
2750 5 12395
7120 4 12396
7842 4 12396
9493 2 12397
3054 2 12397
9487 1 12398
7605 3 12398
3154 2 12399
1816 1 12399
285 3 12400
4244 1 12402
947 5 12402
1673 3 12403
6755 2 12403
7791 3 12404
1687 4 12404
8123 3 12406
5852 4 12407
3565 2 12408
983 2 12408
4406 4 12409
6274 3 12410
3870 4 12410
3367 1 12411
5229 3 12413
26 1 12415
281 2 12417
3580 4 12419
4780 1 12420
6979 1 12421
7224 3 12422
6261 4 12422
7067 3 12423
7631 2 12423
1392 2 12424
5159 4 12424
1066 1 12425
2031 2 12426
6636 5 12427
6308 5 12427
3486 5 12428
2617 4 12428
9278 2 12429
6734 1 12432
7793 5 12432
697 2 12433
7976 1 12433
5067 3 12436
1890 3 12436
1632 2 12439
945 1 12439
7331 3 12441
1058 5 12441
333 4 12442
5403 5 12442
6787 4 12444
147 5 12445
9576 5 12445
9957 2 12447
6692 2 12447
2602 4 12450
4982 2 12451
6722 2 12452
8681 2 12455
1927 3 12455
9047 3 12457
8328 5 12458
2770 3 12458
5147 2 12459
3909 3 12459
2523 4 12460
7099 4 12461
5301 3 12461
239 5 12462
8835 5 12462
1676 5 12464
4780 2 12464
5405 4 12465
4101 4 12465
6143 5 12466
271 4 12467
6793 4 12468
4514 3 12469
7615 4 12473
6767 5 12473
5943 4 12474
2101 3 12475
6752 3 12476
6051 3 12476
7134 1 12479
5814 1 12479
415 3 12480
2296 1 12480
1378 5 12481
2331 1 12482
6673 2 12482
4275 3 12484
6548 5 12484
5668 3 12485
8107 5 12486
8718 4 12488
9861 1 12489
4002 4 12489
1204 3 12492
208 2 12492
8323 2 12493
6243 1 12496
3401 2 12497
9629 1 12499
4539 2 12500
182 3 12502
1036 5 12503
251 3 12504
6382 5 12506
5010 3 12508
7434 2 12512
6163 3 12513
8637 5 12515
3921 4 12517
9421 2 12519
868 4 12520
3059 3 12521
8571 5 12523
6765 5 12523
1654 2 12528
4159 5 12531
2044 3 12531
8765 1 12532
4334 4 12533
1358 2 12533
6460 3 12535
8827 1 12536
3425 4 12536
4739 2 12537
4443 3 12537
1971 3 12538
4257 2 12538
9245 1 12539
7444 5 12539
3096 1 12540
2367 1 12541
9644 3 12541
1662 2 12544
1219 2 12545
2434 1 12546
6541 3 12546
9095 1 12547
6432 4 12549
5329 1 12549
826 1 12551
3166 3 12555
7347 1 12555
4286 2 12556
9854 2 12556
8673 3 12557
5704 4 12557
3611 2 12558
5149 1 12559
5328 3 12559
5475 5 12560
7564 5 12561
3564 5 12563
5883 1 12563
4570 4 12564
4343 3 12564
3866 1 12566
464 1 12567
2102 1 12568
3632 1 12568
9963 5 12570
5098 4 12573
8648 3 12573
1330 4 12574
4101 1 12579
9007 2 12580
7233 2 12580
5479 4 12581
672 5 12583
7754 2 12583
7101 2 12584
8754 5 12585
8143 3 12587
2077 3 12589
135 3 12590
5576 4 12591
3696 5 12593
1230 4 12593
9184 3 12594
2807 3 12594
334 1 12595
6167 4 12595
1231 3 12596
1761 3 12600
4007 2 12601
8177 1 12602
4479 3 12603
522 4 12603
494 4 12604
9747 4 12604
4683 3 12605
3132 3 12605
1164 2 12606
4758 5 12608
1461 1 12609
9713 5 12611
803 1 12612
6269 2 12612
2734 1 12615
8595 2 12617
1957 4 12617
2891 2 12620
9076 5 12623
8763 2 12624
8479 1 12624
3045 3 12626
248 1 12627
4212 1 12628
9735 2 12629
8452 1 12629
8186 4 12630
1114 4 12630
5671 4 12631
1566 1 12632
9104 5 12635
4541 3 12636
4974 1 12636
3118 1 12639
9293 5 12640
8080 4 12641
6330 4 12642
132 1 12643
3030 3 12644
4687 3 12644
1723 5 12645
3633 1 12645
6637 2 12646
7452 5 12646
3139 1 12647
3943 3 12648
1166 5 12648
8932 3 12649
3841 2 12650
3959 3 12650
2923 3 12651
2481 1 12651
4511 5 12652
9696 3 12652
7059 5 12653
6039 5 12654
8148 3 12655
3043 5 12655
6850 1 12656
1133 5 12657
4952 5 12658
991 1 12658
8462 5 12659
5477 2 12663
9901 5 12665
1608 1 12666
9038 2 12666
5736 4 12667
8762 3 12668
3167 3 12669
7539 5 12669
3074 1 12670
3457 1 12670
2614 5 12671
7793 5 12672
8659 1 12673
8425 5 12674
9224 1 12674
955 4 12675
9143 1 12676
371 5 12677
7373 1 12678
4421 1 12678
9661 2 12680
8996 4 12681
4799 3 12681
5241 4 12682
8208 3 12682
5705 5 12683
2179 4 12683
1735 2 12684
2696 4 12684
2008 1 12685
2304 1 12685
6796 3 12686
8208 3 12686
6575 5 12687
8170 5 12687
5065 2 12689
8793 3 12689
8779 2 12690
8047 1 12691
8930 2 12691
4644 4 12692
7356 5 12692
2259 1 12693
3154 1 12694
7443 2 12695
831 5 12695
2410 2 12696
6223 2 12698
2211 3 12698
1549 2 12699
8483 5 12699
3592 5 12700
3658 2 12701
1969 3 12702
1383 4 12702
7074 4 12703
8769 3 12705
6172 2 12706
3951 2 12708
6665 5 12708
8497 1 12709
8685 4 12709
2129 5 12710
2932 3 12710
9341 2 12711
5805 4 12711
997 5 12712
3933 1 12712
6737 1 12713
4780 4 12713
2215 1 12714
5220 2 12715
6364 1 12716
6069 1 12717
8927 5 12717
1519 5 12718
467 2 12719
9809 5 12720
5526 3 12720
6892 3 12721
8630 3 12721
405 5 12723
2174 3 12724
492 5 12724
8951 3 12725
5810 5 12725
1581 4 12727
7797 1 12727
7473 3 12729
3517 3 12730
7807 4 12732
7218 1 12733
1620 3 12734
4158 3 12735
1420 3 12735
683 5 12737
8357 3 12737
1002 4 12738
1973 2 12738
7068 4 12740
4771 4 12740
6011 1 12741
4428 3 12741
3424 5 12742
3946 4 12743
2757 3 12743
8802 1 12745
8598 5 12745
485 5 12746
7211 4 12746
4077 4 12747
1575 2 12748
8526 1 12748
1557 3 12749
1130 5 12749
5137 5 12750
7109 3 12751
9805 1 12752
9919 2 12752
7287 2 12753
9020 4 12755
2327 2 12755
31 4 12756
8623 1 12756
8046 1 12759
696 2 12760
8819 1 12760
9030 1 12761
669 1 12761
5777 3 12762
4881 3 12762
8334 4 12765
6055 5 12765
9963 1 12766
6580 1 12767
9187 2 12767
3340 4 12768
2180 1 12768
9269 2 12769
2931 3 12769
5754 5 12770
8342 4 12774
2854 1 12775
4830 5 12779
8791 2 12779
6879 4 12780
6174 1 12782
9876 2 12782
8770 4 12783
1681 1 12785
5929 1 12787
6804 4 12789
5652 1 12789
997 2 12791
3385 1 12793
2868 1 12794
2389 4 12794
5552 5 12795
9246 2 12797
2269 5 12797
7882 4 12798
2924 5 12799
9651 4 12800
4292 1 12800
2916 1 12801
9186 5 12802
9568 1 12802
6584 5 12805
9709 1 12805
1710 3 12807
9051 1 12807
4033 5 12808
5331 2 12810
30 1 12810
7705 5 12811
1035 2 12811
5853 2 12812
8687 1 12812
6045 2 12813
1704 4 12813
578 5 12814
5720 4 12814
4533 3 12815
3442 1 12815
1226 5 12817
765 1 12817
1314 3 12819
8208 5 12819
6677 2 12820
4825 3 12822
3225 4 12823
9653 4 12824
7821 3 12825
1856 1 12825
4172 4 12826
8455 1 12826
5545 2 12827
2244 2 12828
5336 4 12829
2140 5 12832
9065 3 12834
4109 5 12835
2246 3 12837
1643 3 12838
699 1 12839
613 1 12839
3359 2 12840
287 2 12840
3673 1 12841
7318 4 12842
6977 1 12842
7603 5 12843
1456 5 12843
3026 3 12844
1359 1 12845
888 4 12845
2509 3 12847
6899 2 12847
4914 1 12848
7464 3 12848
4473 3 12850
1413 5 12853
4107 2 12854
5692 4 12854
8663 1 12856
5860 3 12856
282 5 12857
9374 1 12857
3526 5 12858
1851 4 12858
8857 5 12859
1326 2 12859
3461 3 12865
1706 5 12867
4212 1 12867
3769 1 12869
5705 4 12869
9672 4 12872
1010 4 12872
1099 4 12874
6923 2 12875
2131 1 12878
2235 4 12880
156 2 12880
9837 5 12881
2101 5 12883
1083 4 12883
6633 5 12885
8898 2 12885
3103 5 12886
5322 4 12886
2937 2 12887
8279 5 12887
6189 3 12888
6218 5 12888
8855 2 12889
8970 3 12889
7355 5 12890
9242 2 12890
9631 1 12891
6776 3 12892
5887 2 12892
4666 5 12893
311 5 12894
3843 1 12894
8128 2 12896
2360 2 12896
1378 4 12897
6015 2 12898
5041 2 12898
970 1 12899
7693 3 12899
9958 1 12901
9035 5 12901
6487 3 12902
1146 5 12902
1156 3 12906
9655 5 12906
7675 5 12908
4369 5 12909
6205 1 12909
4071 5 12910
4048 2 12912
7061 2 12912
2315 3 12913
3907 2 12913
7287 5 12916
7823 5 12916
1405 5 12918
9140 3 12918
3764 2 12919
1049 5 12923
7891 5 12924
8166 2 12924
8155 1 12925
105 4 12925
9323 5 12926
4652 5 12930
8694 1 12930
8018 1 12932
3093 1 12932
211 3 12933
5009 3 12934
4024 4 12935
8230 3 12936
2090 4 12937
511 2 12937
7317 2 12938
5446 3 12939
5922 3 12942
6454 2 12943
8939 3 12943
4728 5 12944
8571 1 12945
5240 4 12945
4179 3 12946
5030 3 12946
1668 1 12947
486 4 12948
4012 4 12949
9592 5 12950
821 1 12951
7452 4 12951
5528 1 12952
3703 4 12952
4739 1 12954
1199 4 12954
1823 4 12956
462 1 12956
2339 4 12957
3553 3 12958
2032 4 12959
3880 1 12959
8795 3 12960
8061 3 12960
3738 3 12961
2480 5 12962
1825 5 12962
4987 4 12964
7048 1 12964
3448 4 12965
907 4 12965
9687 1 12966
2379 2 12967
9364 1 12970
3337 4 12971
5562 5 12971
3001 1 12974
1737 5 12975
3051 1 12975
3166 2 12976
3317 5 12976
664 4 12979
2617 4 12979
5830 4 12980
9913 5 12983
3739 3 12983
5088 4 12984
8573 3 12984
5374 5 12985
8306 3 12985
6303 5 12986
6132 3 12986
8127 5 12987
6666 2 12987
1387 1 12988
7892 3 12990
9956 3 12991
1074 4 12994
8298 4 12994
329 2 12995
5602 1 12995
8543 3 12996
9327 2 12996
1509 1 12997
5109 2 12997
4775 3 12998
6156 2 12998
8442 3 12999
235 3 13000
9863 3 13003
3483 4 13005
4864 5 13005
410 5 13007
6419 4 13008
9685 5 13009
445 2 13010
770 2 13010
1091 3 13011
5466 3 13013
351 4 13013
6435 5 13015
5458 4 13016
2268 3 13016
8543 1 13017
5161 1 13017
9370 4 13018
4483 2 13022
5090 2 13024
4126 4 13025
1747 1 13025
2987 2 13026
7574 1 13027
5140 4 13029
4858 2 13029
7211 5 13030
3896 3 13030
9364 5 13031
5721 2 13032
5222 4 13032
3196 4 13033
3335 4 13033
7544 5 13035
7440 2 13036
3 4 13039
1068 2 13040
4902 3 13040
2298 3 13041
2634 5 13044
1211 2 13045
2550 2 13045
10000 2 13046
7346 5 13048
1901 1 13050
372 5 13050
7438 1 13051
6293 1 13052
6320 1 13053
9843 5 13053
3947 5 13055
3745 1 13055
8565 3 13057
6444 3 13057
8286 5 13058
2800 4 13058
2696 4 13060
499 4 13061
6379 5 13061
1535 4 13064
4681 1 13065
3803 5 13066
2376 5 13066
8243 5 13068
4164 4 13070
8865 3 13071
7855 1 13071
7119 3 13077
5631 1 13077
1593 2 13078
9093 2 13079
451 4 13079
7307 2 13080
9218 5 13082
118 2 13082
3646 3 13084
972 4 13085
486 1 13086
8404 5 13087
1624 5 13087
5974 3 13088
2045 3 13089
9163 2 13090
4892 4 13091
3261 1 13091
7998 1 13094
2972 5 13094
7883 2 13098
9388 1 13098
2237 1 13100
9712 3 13102
4748 5 13104
6327 3 13105
3692 4 13105
7465 2 13107
5057 2 13107
8755 4 13108
4083 1 13109
9430 3 13109
9579 4 13110
9629 5 13111
6276 5 13112
7008 4 13113
7342 4 13113
2622 3 13115
9471 2 13116
5137 2 13117
4230 1 13117
5020 3 13118
8008 3 13119
1217 3 13119
3535 4 13120
5106 4 13122
6496 5 13123
3577 5 13123
8983 5 13124
2034 4 13125
9738 4 13125
6906 3 13126
8255 1 13127
5398 1 13128
8384 2 13128
2004 1 13130
977 1 13132
5714 1 13132
7044 2 13133
1037 1 13135
7782 4 13135
4869 3 13136
6718 4 13138
8158 1 13139
3519 5 13139
6123 5 13140
4827 3 13142
4833 5 13144
7279 5 13148
699 4 13149
41 4 13150
436 5 13150
1691 5 13151
7041 5 13151
4287 3 13152
2791 5 13152
8829 4 13153
1808 1 13153
3585 4 13154
7037 4 13156
9505 4 13160
3150 3 13160
3653 2 13161
363 1 13161
640 1 13162
9495 1 13162
3922 5 13163
6422 5 13163
5927 1 13164
469 4 13166
1617 5 13167
6955 4 13169
2546 5 13169
2437 4 13170
6075 5 13170
5083 1 13171
8581 3 13172
2929 5 13174
7661 3 13175
4447 4 13177
2353 3 13177
9546 1 13179
5001 2 13181
5722 4 13181
2354 2 13183
9929 4 13183
6383 1 13184
6159 3 13184
3989 4 13185
6846 4 13186
9595 5 13188
408 1 13189
7610 4 13190
5283 4 13190
4830 2 13191
6994 5 13192
8918 1 13192
9103 3 13193
9633 2 13194
5243 2 13196
234 4 13196
7252 2 13199
9549 4 13201
4909 4 13202
6646 1 13203
1024 5 13203
8781 1 13204
5243 2 13204
5889 4 13206
2939 5 13207
6349 2 13208
5165 2 13210
4740 5 13211
7870 4 13211
1059 5 13213
318 5 13215
7291 3 13216
2336 3 13217
3098 3 13217
5527 1 13218
5378 4 13219
8579 3 13221
7447 5 13221
5059 1 13222
760 2 13222
8650 2 13223
5789 3 13224
9775 2 13224
3244 5 13225
9610 3 13226
6514 4 13226
5289 1 13228
2853 2 13228
2099 5 13229
3318 1 13229
3301 2 13230
7587 5 13231
3064 4 13231
1038 4 13232
9135 2 13233
2342 2 13233
5290 3 13234
4886 4 13237
869 3 13239
6451 2 13239
1278 1 13240
4589 2 13242
7357 4 13243
6572 5 13243
7146 3 13246
5598 1 13249
207 1 13250
4281 1 13250
683 2 13251
8411 2 13251
831 3 13253
8236 4 13253
3942 3 13255
4735 4 13256
2578 1 13256
7781 3 13257
7035 5 13258
5279 2 13258
9924 4 13259
114 4 13259
1247 2 13260
3393 5 13261
1547 3 13261
508 4 13263
1373 2 13263
4298 3 13265
18 5 13266
8109 5 13266
2726 3 13267
3400 4 13267
7219 5 13269
4809 2 13269
2256 5 13270
393 2 13270
4268 5 13271
4213 4 13271
4285 1 13272
7693 1 13272
3719 5 13273
6921 2 13273
1582 4 13274
7695 4 13274
9772 5 13275
8823 5 13277
1018 5 13277
3420 1 13281
8345 1 13281
2456 2 13284
44 3 13285
1859 1 13286
7177 2 13286
3318 3 13287
500 1 13287
5865 5 13288
5510 5 13289
682 2 13291
4443 2 13292
5620 5 13292
2917 2 13293
9504 1 13295
7798 4 13296
2344 1 13296
2157 1 13301
523 5 13304
5881 1 13305
5345 3 13305
8179 2 13307
6903 4 13307
3998 2 13308
7628 2 13308
8296 1 13309
1204 1 13309
522 4 13311
76 1 13313
1473 4 13313
3813 5 13314
6595 4 13316
3930 3 13316
2061 5 13317
4875 4 13317
6949 4 13318
3319 5 13322
4056 1 13323
2003 5 13324
8980 5 13325
5173 4 13326
12 1 13326
6033 4 13328
5873 3 13329
7526 5 13329
6997 1 13331
7063 2 13332
1029 5 13332
9806 2 13337
1146 5 13337
3188 4 13338
9621 5 13340
3594 5 13341
8154 1 13341
5551 5 13344
7193 1 13344
2237 4 13345
5608 5 13345
429 2 13346
8426 1 13347
7049 5 13347
8726 1 13348
1252 3 13348
217 2 13349
2419 1 13350
5342 5 13351
5838 4 13351
1289 1 13355
1450 1 13355
9225 3 13359
1501 5 13359
1620 5 13360
4073 5 13360
9460 4 13361
3265 3 13362
8818 5 13363
6215 1 13364
5284 3 13365
230 4 13365
9751 1 13366
5100 3 13366
1325 3 13368
4732 3 13368
1070 3 13369
5039 5 13369
4001 4 13370
52 4 13371
1524 5 13372
708 2 13372
8190 1 13373
8860 4 13373
8527 2 13374
3967 2 13377
7868 4 13380
6342 4 13380
1908 4 13383
5292 4 13383
4959 2 13384
5896 4 13385
8180 4 13386
9694 2 13386
3253 2 13387
3296 2 13387
9722 1 13388
8653 4 13390
4299 2 13392
9641 1 13393
7581 2 13394
6914 1 13394
872 4 13395
4014 1 13395
4428 2 13399
1249 1 13399
3261 2 13401
3988 2 13401
1597 5 13402
4677 1 13403
2524 1 13404
3379 5 13404
2610 5 13405
3352 1 13407
1671 2 13408
9173 3 13409
2453 2 13410
8637 2 13410
6813 3 13411
4482 5 13413
9842 4 13414
820 4 13414
3870 1 13415
2227 2 13415
8630 2 13416
685 2 13420
3786 3 13420
8978 3 13421
8032 5 13422
9494 3 13423
1590 3 13424
3460 1 13424
3231 1 13425
6532 5 13425
4824 5 13427
2207 1 13430
4051 4 13433
1789 1 13434
6368 1 13434
2145 3 13437
3886 4 13439
5711 5 13439
9834 1 13440
4396 1 13440
8687 5 13441
2026 4 13442
5862 5 13442
6570 4 13443
2072 2 13443
3406 2 13446
6396 4 13446
6802 3 13448
6297 3 13449
2577 2 13450
7353 1 13450
3465 4 13451
9200 2 13451
4153 3 13453
1326 3 13454
6559 4 13455
7985 4 13455
8752 3 13457
1788 1 13457
8192 3 13458
731 3 13458
1202 3 13459
2361 2 13459
611 5 13460
2793 5 13461
695 4 13461
8695 3 13462
1905 1 13463
11 5 13464
7719 4 13464
5411 2 13465
8183 2 13465
9612 2 13466
6600 1 13466
40 2 13467
9126 5 13469
8364 5 13469
9359 1 13471
7590 4 13472
8650 3 13472
3414 3 13473
753 3 13473
7804 5 13474
4861 3 13475
9914 4 13476
5034 1 13476
3660 4 13477
7077 3 13479
7064 4 13482
2771 3 13482
700 3 13485
8083 3 13487
7568 3 13487
6779 1 13488
55 1 13488
6750 1 13489
4107 3 13489
3760 4 13490
5801 5 13491
5179 5 13492
726 1 13492
9231 3 13495
1914 1 13496
7418 1 13496
2257 1 13499
5510 5 13499
8189 1 13501
1273 4 13501
3382 3 13502
7104 5 13502
2836 3 13505
2661 1 13506
437 5 13506
4431 3 13507
604 4 13507
5507 2 13508
7733 2 13508
6471 2 13509
8269 5 13509
7667 1 13511
2349 5 13514
9191 5 13514
8009 2 13515
8925 1 13516
3155 2 13516
5720 4 13517
9325 3 13519
4683 5 13519
2107 2 13520
3612 4 13521
7591 5 13521
3489 1 13522
8739 3 13524
2304 3 13524
337 5 13525
1645 4 13525
2547 4 13526
9378 1 13526
6975 5 13527
3133 3 13527
3010 2 13529
1322 5 13529
7491 4 13530
5547 4 13532
2019 1 13532
6113 4 13533
2936 1 13534
5255 5 13535
8829 1 13536
2650 2 13536
7868 5 13537
9880 5 13537
2788 4 13538
3116 5 13539
3400 4 13539
3099 4 13540
6010 3 13541
2845 1 13542
5461 3 13543
4089 1 13543
1333 5 13544
2395 3 13544
2026 2 13545
1443 5 13545
9061 2 13546
4903 1 13546
2638 2 13547
1036 2 13547
3945 4 13548
6981 1 13549
7177 1 13550
2092 4 13551
3578 5 13551
7703 2 13552
4108 4 13553
9603 2 13553
3569 1 13554
2612 5 13555
9670 2 13556
1454 5 13557
5291 5 13557
4631 1 13559
2038 1 13560
1172 4 13561
7014 1 13564
9304 4 13565
9378 4 13566
4095 2 13566
5063 3 13567
5809 3 13575
9131 2 13576
2207 3 13576
4078 2 13577
8126 3 13580
2121 5 13580
3598 2 13582
6698 1 13586
958 5 13586
5831 5 13587
7620 4 13587
9760 5 13588
1779 1 13589
2389 2 13589
7504 3 13590
5830 2 13591
8403 5 13591
9968 3 13593
7222 3 13594
9468 2 13596
4512 1 13596
9842 4 13600
7140 3 13602
7156 2 13603
3772 2 13604
9020 4 13605
1776 5 13606
3312 1 13607
6485 5 13607
4609 5 13608
8415 2 13608
6987 1 13609
3859 5 13609
8864 5 13610
4168 3 13611
8999 2 13611
5573 1 13612
8663 5 13612
7795 4 13613
7767 2 13617
138 4 13617
1981 3 13621
4915 1 13622
1746 4 13622
1423 1 13625
464 5 13627
2795 5 13628
8835 3 13631
3962 4 13631
3828 3 13633
7917 5 13634
7259 3 13635
9064 3 13636
2360 5 13637
1159 3 13637
3949 3 13639
1271 3 13641
3584 3 13642
7306 2 13642
165 1 13643
4734 5 13643
5905 5 13644
2140 2 13645
4161 5 13645
5837 3 13647
4191 1 13654
1301 2 13654
8463 1 13655
4603 3 13655
4307 1 13658
2959 3 13658
2292 1 13659
4808 3 13661
8577 1 13662
3014 4 13662
4425 5 13663
6455 3 13664
2951 2 13665
5875 4 13668
613 3 13669
4858 2 13671
4379 1 13671
631 3 13672
7470 2 13672
6424 3 13675
5255 5 13676
4929 5 13679
5167 5 13679
9813 1 13681
9999 2 13682
8310 1 13683
9349 1 13683
8709 1 13684
2541 1 13685
1708 4 13685
5031 4 13686
5128 1 13686
3267 1 13688
5350 1 13692
3505 4 13693
8347 4 13693
9616 5 13695
107 2 13696
8597 4 13698
3675 2 13698
7298 5 13699
6909 5 13699
1018 4 13701
6103 3 13701
3757 4 13702
9162 2 13702
7721 3 13703
9204 4 13704
1848 2 13704
6938 3 13705
2487 5 13705
4075 2 13707
5346 2 13707
6347 1 13708
1515 5 13710
9614 3 13710
7348 2 13711
300 3 13711
8649 4 13712
8376 2 13712
2614 5 13716
9859 4 13716
9570 5 13718
66 4 13718
1807 1 13719
1041 1 13721
917 5 13721
8024 5 13722
8600 1 13723
6670 5 13723
9811 2 13725
8712 5 13726
4944 4 13726
9298 1 13727
9785 4 13728
3040 4 13732
2569 3 13733
8838 2 13734
9612 4 13734
5784 5 13736
5673 4 13737
8756 1 13738
8978 2 13741
8920 5 13742
4342 4 13743
2832 1 13743
1249 4 13744
5658 3 13746
5462 4 13748
9785 1 13749
4264 5 13750
8052 5 13750
7163 5 13751
8586 2 13751
993 5 13753
3635 5 13754
5967 4 13755
3585 5 13757
2544 2 13757
3480 5 13759
4298 2 13761
1621 3 13761
4565 5 13762
2417 4 13763
6175 2 13766
3659 2 13766
6710 1 13767
5487 1 13769
4432 3 13772
6881 3 13772
1646 1 13773
3068 5 13773
4735 2 13774
5848 4 13774
7796 3 13777
3735 5 13780
2726 3 13781
3910 2 13783
8394 2 13784
5095 4 13785
858 5 13787
7918 5 13788
6936 2 13788
751 3 13789
2116 5 13789
3784 1 13791
7789 2 13792
3897 1 13792
8251 4 13793
7130 1 13794
9159 1 13795
7331 4 13796
6338 5 13796
1715 3 13800
4843 4 13802
3588 4 13803
3484 3 13804
35 4 13804
1591 5 13805
47 2 13805
8596 2 13807
7589 2 13808
6198 5 13809
3320 4 13810
3182 5 13810
382 2 13812
7637 5 13812
5969 2 13813
3369 4 13814
6498 2 13814
2461 1 13816
2402 2 13817
3552 5 13817
4907 4 13818
4762 1 13819
4708 1 13820
1613 2 13820
3864 3 13821
8196 1 13823
6859 2 13823
4576 4 13827
7883 5 13827
6614 4 13828
9471 2 13828
1415 3 13830
3528 1 13831
8726 2 13834
657 2 13834
6656 3 13837
4468 1 13839
4173 1 13839
3553 4 13840
2320 2 13842
99 5 13843
6270 2 13844
2964 2 13844
7744 1 13845
5487 2 13845
999 5 13847
2353 2 13848
6041 1 13848
657 4 13849
1869 4 13849
9200 2 13850
3461 1 13850
7430 3 13851
2410 4 13853
9103 5 13854
9360 1 13855
1800 5 13855
3262 2 13857
6667 1 13860
9622 2 13863
9728 5 13863
6594 1 13865
6645 4 13866
1055 3 13866
337 2 13867
84 1 13868
3097 2 13869
2890 1 13869
6074 4 13870
5497 4 13870
1338 2 13871
7560 4 13872
8953 4 13874
2843 1 13874
8845 4 13876
6977 3 13876
934 4 13877
3565 1 13878
2020 1 13878
7915 4 13881
9035 1 13882
3888 2 13884
1371 4 13884
8316 2 13885
161 2 13885
2468 1 13886
8387 5 13886
84 3 13887
5093 5 13887
9943 2 13888
6874 2 13888
5690 5 13889
1013 2 13889
5340 5 13890
5380 4 13890
8978 5 13892
5552 3 13892
9259 3 13893
2751 3 13894
9554 1 13895
6972 5 13897
7284 3 13897
2169 1 13898
881 3 13900
8586 2 13900
1182 3 13901
1976 4 13901
5554 3 13903
8234 4 13905
4942 5 13906
6177 3 13906
5916 1 13907
2666 2 13908
4054 2 13908
2325 5 13909
9553 4 13910
675 4 13910
1308 5 13911
8465 3 13912
8180 5 13912
2308 4 13913
6724 2 13916
3963 1 13918
2002 5 13918
1741 3 13921
7782 5 13921
5505 3 13922
315 4 13922
160 5 13923
65 2 13923
6802 1 13926
2029 4 13927
9955 5 13929
1806 1 13930
8701 2 13930
4158 4 13931
7145 2 13931
4743 4 13933
2045 2 13933
5649 1 13935
1134 4 13937
3424 3 13938
223 4 13939
9712 4 13941
7697 1 13943
7029 4 13943
6055 3 13944
5155 3 13945
3863 2 13946
5295 5 13946
7398 2 13947
8295 5 13949
8234 5 13949
4095 3 13951
9120 3 13951
4279 1 13952
4006 4 13954
1638 4 13955
7290 1 13955
3223 5 13956
7508 2 13957
5167 4 13957
2139 1 13958
2450 4 13960
8842 4 13960
4974 5 13962
8160 5 13962
83 5 13963
1559 3 13963
8108 3 13965
2863 4 13965
8182 5 13967
4460 3 13968
3099 1 13969
6 2 13969
2590 5 13970
7943 1 13970
1256 5 13971
9257 1 13971
9127 5 13972
7326 1 13972
7538 1 13975
1934 5 13976
1486 4 13978
5032 1 13978
1341 5 13980
4963 1 13980
4413 2 13982
5345 3 13982
442 5 13983
4539 2 13983
6028 5 13984
2092 5 13984
7377 1 13985
7040 1 13985
9632 2 13986
9759 1 13986
7339 5 13987
601 4 13988
1218 1 13988
8112 5 13989
5999 1 13991
1974 5 13991
187 1 13992
3170 4 13993
3612 5 13995
3446 3 13995
1381 4 13996
2392 3 13996
6195 3 13998
4111 1 13998
2558 2 13999
9991 4 14001
9759 3 14001
2111 4 14004
7280 2 14005
4826 1 14005
3275 1 14006
305 4 14007
8712 5 14009
1815 5 14009
7686 2 14011
3240 2 14011
7175 2 14014
7803 4 14016
1702 2 14016
9822 3 14017
8966 4 14017
5182 4 14018
1461 3 14019
7219 2 14020
5184 3 14021
6500 1 14021
570 5 14022
3163 5 14022
7028 2 14023
5455 1 14023
1734 1 14025
7050 4 14025
6647 3 14027
412 5 14027
9778 5 14028
7971 4 14030
8110 2 14030
6072 2 14032
9561 5 14033
3890 1 14034
8053 3 14034
7000 2 14035
1620 2 14036
1294 3 14038
2328 4 14038
3078 1 14039
2408 5 14039
3736 2 14040
3720 1 14040
6211 5 14041
3379 4 14041
8229 5 14042
3230 4 14042
4505 4 14043
2504 5 14044
6323 1 14044
5906 3 14047
923 2 14048
3191 1 14052
1699 5 14054
9799 1 14054
4818 4 14055
451 4 14055
3663 3 14056
5468 5 14058
5430 2 14064
8159 2 14064
2665 4 14067
1018 1 14067
8431 5 14068
4062 4 14068
2322 3 14069
3947 4 14070
952 3 14070
9106 5 14071
1779 2 14071
3532 4 14072
9184 1 14073
8881 2 14073
4426 2 14074
3274 5 14074
2305 5 14077
2280 1 14077
8797 5 14078
5138 3 14079
780 3 14080
4424 2 14083
5883 5 14083
5736 2 14085
5918 4 14085
9221 3 14086
1538 1 14086
6691 3 14088
7817 4 14091
4415 1 14101
9289 5 14104
4700 1 14105
1376 2 14105
6249 2 14106
6483 4 14107
7816 2 14108
4067 5 14110
4943 5 14110
8072 1 14113
6490 1 14113
160 1 14114
8452 1 14114
3957 3 14115
8331 5 14115
873 2 14117
3382 5 14118
1451 3 14118
4419 2 14119
1051 3 14120
6101 1 14121
8170 4 14122
2179 2 14123
1338 1 14123
1432 4 14125
2854 4 14125
5774 2 14128
8503 5 14129
5904 4 14129
252 5 14130
7716 5 14132
9697 3 14132
346 1 14133
3005 2 14133
1192 1 14134
5256 3 14135
4091 5 14136
6825 2 14138
6075 4 14139
2506 5 14140
9521 1 14140
5127 1 14141
9568 4 14142
7285 1 14143
473 1 14145
9756 4 14147
2284 4 14147
8345 1 14148
4039 1 14148
3617 2 14149
9907 3 14150
4688 2 14150
6181 4 14154
7004 3 14154
710 3 14158
7812 2 14159
1557 5 14159
6391 3 14161
7259 5 14163
5096 4 14164
4565 2 14164
6752 3 14165
4185 5 14165
8493 3 14166
1761 3 14168
6112 1 14168
6762 5 14171
2413 4 14173
8529 5 14173
3588 4 14176
3937 1 14176
9700 4 14177
7065 3 14177
2153 4 14178
5707 2 14179
3985 1 14179
2050 1 14180
1971 3 14180
3411 4 14181
6898 2 14181
3115 1 14182
3037 4 14182
597 4 14183
3422 4 14185
7539 1 14185
3644 5 14186
7010 4 14186
4140 5 14189
9881 5 14190
9353 4 14191
5566 3 14191
142 1 14193
8257 2 14194
207 5 14194
3659 4 14195
6269 3 14195
8624 1 14196
7894 1 14197
7229 5 14198
4906 1 14198
7568 2 14199
4917 5 14199
3955 4 14200
8457 3 14200
9387 2 14203
7141 3 14204
8791 1 14205
5973 5 14205
9135 2 14206
1273 5 14206
2702 3 14208
231 3 14208
3027 2 14209
191 4 14209
5113 2 14210
5477 4 14210
8722 1 14211
5869 2 14211
4388 1 14214
5038 5 14214
5586 5 14215
8490 4 14215
9314 3 14216
9396 1 14216
7584 4 14218
1134 4 14218
4126 4 14219
2835 2 14219
3652 4 14221
2693 1 14223
9622 5 14224
803 2 14226
2709 4 14226
5844 1 14227
8618 4 14230
4642 2 14231
4303 2 14234
7572 1 14234
8951 5 14235
7672 5 14236
3060 4 14237
1895 3 14237
7027 4 14242
5435 2 14243
1250 2 14244
745 3 14244
8952 2 14245
2096 3 14246
5941 3 14246
6836 1 14247
7363 3 14248
6522 1 14248
4683 2 14249
4805 1 14252
1470 1 14252
6646 1 14253
8156 2 14253
4261 3 14254
3438 3 14256
2168 1 14256
4580 3 14257
7123 1 14258
9987 3 14259
29 2 14261
8570 2 14262
2370 3 14262
4686 2 14264
8123 4 14265
9353 4 14266
7256 4 14266
3136 5 14267
6338 1 14268
658 5 14268
8398 1 14269
4188 3 14269
2504 5 14272
5308 5 14274
1811 1 14275
1591 5 14276
911 4 14277
9063 3 14277
3775 4 14278
74 5 14279
8641 1 14279
9417 5 14280
5573 3 14280
3281 2 14281
7262 2 14281
6303 4 14283
7774 3 14283
1510 4 14285
6197 3 14286
1277 3 14286
3878 1 14288
961 2 14289
8593 4 14289
5824 5 14291
1106 1 14291
7743 2 14292
6525 2 14294
9821 1 14294
7510 1 14295
7880 4 14296
7437 4 14296
3867 4 14298
4227 4 14298
790 5 14299
7490 5 14299
1855 5 14300
2981 3 14301
7895 4 14301
9501 2 14302
6258 1 14302
1739 2 14304
1939 1 14304
7935 2 14306
554 5 14307
2954 4 14307
9482 3 14308
1694 1 14309
447 1 14309
7099 1 14310
6030 5 14310
2948 3 14311
8387 1 14311
7016 2 14312
3172 4 14312
7954 4 14314
7280 4 14316
9204 5 14316
3361 5 14317
5579 3 14318
1205 5 14319
9255 1 14319
1931 5 14321
4977 3 14322
4792 5 14322
5971 2 14323
1995 1 14323
3517 3 14324
51 5 14325
4383 2 14326
1633 1 14328
194 5 14328
7845 3 14329
2745 4 14329
8062 3 14330
6816 4 14330
6962 5 14331
5538 5 14331
8616 2 14332
6832 4 14332
3099 3 14334
2587 3 14334
2893 4 14336
3153 5 14338
8521 1 14340
4126 4 14340
1249 5 14341
4552 4 14341
6157 1 14343
9160 3 14344
9280 1 14344
3822 5 14345
1581 2 14348
5011 1 14348
8274 2 14349
3449 1 14350
3610 5 14350
612 2 14353
7075 4 14354
8112 1 14356
8967 5 14358
7070 2 14358
429 3 14360
1344 5 14362
4964 5 14362
9534 3 14364
4239 3 14365
9028 2 14365
1334 4 14366
609 4 14368
4679 4 14368
7782 3 14369
247 4 14370
2797 1 14371
3482 5 14373
6999 5 14373
2684 3 14376
9602 4 14376
6662 3 14377
8263 1 14377
4553 1 14378
6640 1 14378
4905 2 14379
3693 1 14379
4388 1 14380
7584 2 14380
7670 3 14383
4764 5 14383
6437 2 14384
2815 2 14384
1954 5 14385
9027 1 14385
118 2 14390
7549 4 14390
8542 4 14391
1650 3 14392
7897 1 14392
2400 5 14393
2744 5 14393
8146 1 14394
2986 2 14395
5086 4 14397
9715 2 14398
8387 2 14398
13 5 14399
8585 1 14399
330 1 14400
114 2 14400
829 3 14401
4138 2 14402
7127 4 14402
7864 4 14403
847 2 14403
9713 3 14404
725 4 14404
2845 4 14406
1205 1 14407
2142 1 14407
7737 2 14408
9297 1 14408
4500 5 14409
3647 4 14411
1208 4 14412
6311 2 14415
715 4 14415
1436 4 14416
4415 1 14417
2082 1 14421
9286 4 14421
82 3 14422
3834 5 14423
6557 4 14423
6460 1 14424
5230 4 14425
7717 3 14425
6423 4 14426
2478 1 14427
34 4 14429
7432 2 14429
6066 5 14430
239 5 14431
3240 3 14432
7455 4 14432
9864 2 14433
8467 3 14434
5515 2 14435
4130 2 14436
5157 4 14438
7919 4 14442
494 3 14447
8871 4 14447
4383 3 14451
9001 4 14452
3255 2 14452
2151 2 14453
909 1 14453
1717 4 14454
588 3 14454
2286 5 14455
2617 3 14455
4167 3 14456
8783 2 14457
3950 2 14458
5191 2 14459
5804 5 14459
6580 3 14460
4520 4 14460
1657 1 14461
2513 5 14461
6731 4 14462
4587 4 14462
5203 5 14464
8509 5 14464
617 5 14466
6415 5 14467
7979 2 14467
8791 5 14469
159 2 14470
5742 5 14470
5842 2 14471
4268 3 14471
6819 1 14472
8359 5 14473
230 4 14473
7194 1 14474
6960 1 14474
3398 5 14475
5609 3 14476
3135 1 14476
2190 1 14477
4177 3 14477
1623 2 14479
6453 3 14479
1372 3 14480
5248 2 14480
3651 3 14482
4798 5 14482
7405 4 14483
4700 4 14484
2438 1 14484
5017 4 14485
6460 3 14487
57 4 14487
7807 2 14488
7851 5 14488
8058 3 14489
2668 5 14489
8727 4 14490
2403 5 14490
9440 5 14492
610 1 14492
1119 4 14493
6333 2 14494
6552 1 14494
8628 2 14495
9505 4 14497
4119 3 14497
8111 2 14499
9893 2 14500
3656 1 14501
8671 5 14501
171 2 14503
2598 3 14503
4660 5 14504
118 3 14504
4648 3 14505
4756 1 14505
793 4 14506
5518 1 14506
397 5 14508
2410 2 14508
1337 5 14509
558 1 14510
8810 3 14510
4428 3 14511
401 4 14511
7601 5 14512
4197 2 14512
9675 5 14513
8546 3 14514
1131 3 14515
6369 5 14516
3005 1 14516
299 1 14518
7817 5 14519
5519 5 14521
8897 5 14522
1525 3 14522
5347 1 14523
5559 4 14524
794 3 14524
9545 1 14525
2438 2 14528
114 2 14528
291 5 14530
9792 4 14531
9428 1 14532
5258 3 14532
4327 4 14533
3164 2 14534
2402 2 14534
2523 1 14535
1761 5 14536
357 4 14536
119 3 14537
4349 4 14537
9863 2 14538
3005 1 14538
2121 4 14540
9523 4 14541
9977 2 14541
5460 1 14542
9356 2 14542
1651 2 14544
3263 4 14545
4598 1 14545
7790 3 14546
8155 1 14548
2746 3 14548
390 2 14550
997 1 14550
8874 1 14551
6120 3 14554
2934 4 14554
7451 1 14559
5659 2 14559
1508 3 14561
9819 5 14561
85 2 14564
1515 1 14565
2539 1 14565
9356 1 14566
3289 4 14566
8254 1 14568
9307 5 14569
5110 1 14570
7622 3 14570
5362 1 14571
1469 5 14573
9339 3 14573
6244 3 14575
8115 4 14575
3481 3 14576
5897 1 14576
2909 2 14577
5683 4 14578
1891 4 14578
368 2 14579
6089 5 14581
283 1 14582
1739 1 14582
7088 2 14584
2261 2 14585
1668 4 14586
2107 5 14586
2085 4 14587
8725 3 14588
9515 2 14589
5995 1 14589
1640 3 14590
6526 1 14590
86 5 14593
3345 1 14593
9574 4 14595
1396 4 14595
1685 4 14598
7335 4 14598
4548 3 14599
7314 2 14599
2044 1 14600
5367 2 14601
1413 5 14602
6586 5 14602
2387 4 14603
3267 5 14605
6224 5 14606
3189 5 14607
309 5 14607
5338 3 14609
7340 3 14609
5603 2 14610
8180 2 14611
9050 4 14612
7829 1 14612
3587 2 14613
3574 4 14616
9211 1 14617
6906 2 14618
5200 4 14618
3143 3 14619
7424 1 14619
4697 3 14620
7392 1 14621
5844 4 14621
3716 1 14623
3622 2 14624
5157 3 14627
5605 1 14627
431 5 14628
600 5 14628
5961 3 14630
5447 1 14630
2182 2 14631
3225 2 14631
8629 1 14632
6731 4 14634
1101 5 14634
2806 3 14635
7996 5 14635
803 2 14636
7844 2 14638
4853 1 14638
5600 5 14639
1927 2 14640
9398 1 14640
284 2 14641
5678 2 14641
5566 5 14642
6081 4 14642
8853 5 14643
6961 2 14643
4287 4 14645
690 4 14646
5345 5 14646
2252 3 14647
3809 3 14647
8899 4 14648
7557 1 14648
1961 2 14649
31 5 14649
2587 3 14650
1403 2 14650
663 1 14651
2285 1 14651
7265 2 14653
2725 5 14654
2512 1 14655
1511 3 14656
8653 4 14657
5102 3 14657
5150 4 14658
2466 3 14659
8052 5 14659
5875 5 14662
9257 1 14662
1473 5 14663
275 3 14663
5462 3 14664
2678 5 14664
8028 4 14668
5686 4 14670
3013 4 14670
4737 3 14671
3911 5 14672
7796 3 14672
1314 5 14673
9280 4 14673
7146 1 14674
5401 1 14677
1389 2 14677
661 3 14679
1220 2 14681
5925 1 14682
7720 3 14682
3613 4 14684
243 3 14685
10000 2 14685
6531 3 14686
2843 5 14687
2836 1 14688
4738 4 14688
2997 4 14689
7556 3 14690
3396 3 14690
277 2 14691
252 3 14692
115 2 14693
584 1 14693
418 2 14696
9121 1 14696
7984 5 14697
8112 2 14700
3097 3 14701
1994 1 14703
8100 1 14703
2446 2 14704
7372 4 14705
1851 5 14706
6280 3 14706
3095 1 14707
3453 3 14707
1960 3 14710
3191 3 14710
1433 3 14712
9477 3 14713
9589 3 14713
3919 5 14715
3289 3 14715
211 4 14716
3779 1 14717
7855 5 14717
3813 5 14718
4810 3 14718
3517 4 14719
8078 4 14723
4988 3 14724
1363 5 14725
4582 5 14726
3469 3 14727
7320 1 14728
2138 4 14729
2296 5 14730
8072 5 14730
5377 5 14734
6179 5 14734
24 2 14735
3822 3 14735
9508 4 14736
7648 2 14737
2096 1 14737
3799 1 14738
2556 5 14739
1400 3 14739
1913 3 14740
4611 2 14742
1558 1 14742
9122 1 14743
3681 1 14743
5478 2 14744
8370 4 14748
5146 4 14748
8509 5 14749
4510 1 14751
4628 1 14751
393 3 14752
5038 2 14754
7835 5 14757
3524 3 14757
4680 5 14758
2783 3 14758
2027 4 14759
9636 1 14760
3191 5 14762
1788 3 14763
872 3 14763
5575 5 14764
3032 5 14764
5552 1 14765
9902 4 14765
4200 1 14767
6298 5 14767
5503 3 14769
8243 4 14770
6574 4 14771
1881 4 14772
774 1 14772
2422 3 14773
3695 2 14773
3596 1 14775
5810 4 14775
8465 2 14776
1455 3 14777
4970 2 14778
9821 2 14779
6267 4 14780
989 1 14780
9252 4 14781
2949 3 14781
8806 2 14782
9556 1 14782
6281 1 14785
839 4 14787
462 4 14789
9017 4 14789
5506 1 14790
4910 3 14792
6004 4 14793
8017 5 14793
375 3 14795
5435 3 14795
8383 2 14796
7380 1 14798
3062 1 14798
2324 2 14799
7154 2 14799
7651 1 14800
8727 4 14801
3186 4 14803
9732 2 14803
4610 5 14804
7685 3 14807
2207 3 14807
2024 5 14808
8255 2 14809
4387 1 14811
4009 3 14811
8357 4 14812
7464 1 14814
2771 1 14814
9376 2 14815
9032 1 14815
6306 3 14816
2517 1 14816
2074 4 14817
6444 1 14817
8209 2 14818
941 4 14818
2413 5 14819
490 5 14821
1090 1 14823
2359 2 14824
4897 3 14827
3805 1 14827
1603 5 14828
42 5 14830
4570 2 14830
1356 1 14831
5761 2 14831
9754 4 14833
848 3 14833
7471 4 14834
6119 2 14834
7983 4 14837
5066 1 14838
6107 3 14839
122 3 14839
5714 5 14840
9198 2 14841
6640 1 14842
3282 1 14843
2671 1 14845
6521 1 14846
2263 4 14847
9729 1 14847
4789 4 14848
2028 2 14848
4115 5 14849
2638 1 14849
3051 3 14850
1866 3 14852
3359 1 14853
4503 1 14853
4678 3 14854
6060 3 14857
1228 2 14857
9099 4 14858
6348 1 14858
1741 3 14859
757 5 14859
1656 1 14860
9764 2 14860
3011 5 14861
5585 1 14861
7990 2 14862
2344 1 14863
6783 1 14863
1390 5 14864
7783 3 14864
4580 5 14865
6898 5 14866
5045 5 14867
6651 5 14872
3208 2 14872
9854 1 14873
6912 4 14874
6239 4 14874
8319 1 14875
3840 2 14875
7781 1 14877
3755 2 14877
1193 4 14880
5164 1 14880
205 1 14881
9935 2 14882
7879 3 14883
5043 3 14883
452 2 14885
6662 2 14886
5836 5 14886
7327 5 14887
111 5 14887
6995 4 14888
9178 2 14888
9469 4 14889
4440 2 14890
6238 3 14890
674 5 14891
4732 1 14892
9243 4 14893
2712 4 14894
3371 3 14894
7172 3 14895
8229 3 14896
2537 5 14896
1068 1 14897
4032 4 14897
4879 4 14898
843 5 14898
9329 2 14900
3647 2 14901
7117 3 14904
7130 4 14904
2942 2 14905
180 4 14906
419 2 14906
8720 4 14908
7684 4 14910
2466 4 14910
994 4 14911
7940 2 14912
8988 5 14913
9503 5 14914
3769 5 14915
209 1 14916
298 1 14916
8797 2 14917
9616 2 14918
7499 2 14919
9154 4 14921
1761 5 14921
1084 5 14924
3371 3 14926
9540 5 14927
5247 3 14927
4543 1 14928
1068 1 14928
3190 3 14931
6442 5 14932
3190 3 14933
715 2 14933
2622 4 14934
4028 5 14934
9169 2 14935
5057 5 14935
6748 4 14936
2729 4 14936
9551 1 14938
4676 4 14939
4783 3 14942
641 3 14943
8871 1 14943
1308 5 14947
5202 2 14947
5809 3 14950
2056 4 14952
1264 1 14952
8453 2 14953
2322 2 14953
6790 2 14954
8098 4 14955
1963 5 14955
5017 5 14957
3731 4 14957
5805 2 14958
504 5 14958
5837 2 14960
5005 2 14960
5656 5 14961
1280 5 14963
2918 5 14963
1005 1 14969
1543 4 14970
678 2 14970
7696 2 14972
4271 2 14973
4461 3 14974
8082 2 14974
7807 1 14975
3376 5 14975
3526 2 14976
2116 5 14976
81 3 14977
987 5 14977
22 5 14980
8016 2 14981
1954 4 14983
7270 3 14985
529 2 14985
6285 5 14986
9732 5 14986
4447 1 14988
6639 3 14988
5086 2 14989
5257 5 14989
7351 2 14990
6942 2 14991
161 4 14991
7862 4 14994
7134 1 14994
8373 3 14995
5468 4 14996
233 1 14996
3169 2 14997
3101 1 14998
1708 3 14998
4776 4 14999
2776 2 15000
3548 3 15000
7199 3 15001
5078 5 15001
6353 3 15002
4277 4 15003
6013 1 15003
2447 3 15004
9327 4 15004
9226 1 15005
5767 5 15005
6054 1 15007
5096 1 15007
1665 4 15008
5641 2 15010
2558 3 15010
3605 4 15011
5842 2 15012
4332 2 15012
4165 5 15014
3986 3 15014
774 2 15015
5791 2 15015
647 3 15016
7241 4 15016
6022 5 15017
6096 2 15018
2234 5 15021
9350 3 15021
5182 2 15024
2642 2 15025
3135 2 15026
8975 2 15026
1185 4 15027
9498 3 15027
1492 5 15028
2881 3 15028
5147 5 15029
3092 2 15029
5272 1 15030
6811 2 15030
4702 1 15031
1342 4 15031
5114 1 15032
9380 2 15032
7790 3 15033
137 1 15033
4181 5 15034
7159 3 15035
733 5 15039
2916 5 15039
9637 5 15040
827 1 15040
6984 1 15042
1161 3 15042
9865 3 15043
5886 1 15043
4822 5 15045
5866 2 15048
240 5 15048
2626 2 15049
3664 1 15049
4023 5 15050
3827 2 15050
5138 4 15051
3442 5 15051
1967 3 15052
9616 1 15053
4143 1 15054
8714 1 15054
6871 3 15055
647 2 15055
2854 2 15056
8740 1 15058
1378 3 15059
6226 5 15060
4755 1 15062
1734 4 15062
799 4 15064
3067 5 15066
3027 2 15068
6965 5 15070
30 4 15070
3745 4 15071
8479 1 15072
5207 5 15073
8543 4 15073
5982 1 15076
7742 5 15076
2393 1 15077
1079 2 15077
4776 1 15078
7639 4 15078
97 1 15079
5109 2 15079
2348 5 15080
1448 2 15082
595 3 15082
3096 2 15085
2051 2 15085
6293 4 15086
862 4 15087
4546 4 15087
7759 5 15091
3193 1 15092
9484 3 15093
5882 1 15093
8735 3 15094
9985 2 15094
446 4 15095
7975 4 15097
2358 5 15097
8444 2 15098
4157 4 15098
7867 1 15099
8158 5 15100
8277 2 15101
5093 2 15103
6040 3 15103
156 2 15104
5029 2 15104
1788 2 15105
4751 5 15105
8718 5 15106
2582 4 15106
431 5 15108
4555 5 15109
6936 1 15109
2757 2 15110
45 5 15110
8679 3 15113
9113 3 15113
8271 2 15115
9720 2 15116
8590 5 15116
6233 1 15118
5411 5 15119
5826 3 15122
8560 1 15123
6955 4 15123
8413 4 15125
1082 5 15126
1463 1 15126
1814 4 15127
1886 4 15127
9434 4 15128
9826 1 15128
9405 4 15130
4648 2 15132
6175 1 15133
7291 5 15133
2004 3 15134
7003 1 15134
1436 3 15135
3471 2 15135
394 2 15136
6866 5 15139
6059 1 15140
6525 3 15142
1558 4 15142
4153 4 15144
6866 4 15144
711 3 15146
9742 5 15146
2602 2 15148
1582 3 15149
6407 1 15150
7476 2 15151
7763 1 15151
9246 1 15155
1519 5 15157
6822 2 15158
1596 3 15158
6647 1 15160
3971 1 15161
718 4 15162
9384 5 15163
9978 1 15163
1785 2 15164
4111 3 15164
2146 4 15165
7684 2 15167
1287 4 15170
5396 4 15171
1704 5 15172
1321 2 15173
1729 4 15173
6413 1 15174
6085 3 15177
8468 4 15177
6902 3 15178
8083 5 15178
5254 2 15179
9844 4 15181
8830 5 15182
6826 4 15182
2137 4 15183
6540 3 15183
4599 3 15184
9025 1 15185
3972 1 15187
1155 5 15188
2377 3 15191
1813 2 15192
1899 4 15192
1810 4 15194
8834 2 15194
7811 3 15195
332 2 15195
7415 4 15196
3576 1 15196
6820 5 15197
1378 3 15198
8903 5 15199
7487 2 15199
9386 3 15200
9601 5 15202
8384 1 15203
1521 2 15203
7533 4 15205
223 5 15205
3544 2 15206
3828 3 15206
9513 1 15209
5763 5 15209
9810 1 15210
8781 2 15212
3404 3 15212
3169 5 15214
1661 1 15214
6578 4 15216
724 3 15216
2215 4 15217
3687 3 15218
5477 3 15219
832 1 15219
1322 4 15221
3639 4 15221
2920 4 15223
2269 3 15224
4971 1 15225
3632 5 15225
4095 2 15226
5662 2 15227
1436 5 15227
7888 2 15228
4204 2 15228
3374 1 15229
9223 1 15229
4033 4 15230
5290 4 15231
9167 3 15231
111 2 15232
540 1 15233
2914 4 15233
5080 5 15234
3171 4 15236
5391 2 15237
2718 1 15237
116 3 15238
8068 2 15238
4096 4 15239
18 4 15239
5775 2 15242
3858 2 15242
3738 4 15243
8427 4 15243
875 5 15245
1244 4 15245
3580 4 15246
3243 1 15249
3933 1 15250
3303 5 15250
5198 5 15253
1392 1 15255
1218 2 15256
2658 3 15258
5587 4 15259
3136 2 15259
5487 3 15260
5982 3 15260
4210 3 15261
9159 4 15262
1221 3 15263
2305 1 15263
5174 5 15266
892 3 15266
3991 2 15267
9268 4 15268
4882 4 15269
6034 3 15269
5157 1 15270
6333 2 15270
5664 4 15271
16 1 15272
9411 2 15272
4200 2 15273
5281 5 15275
7978 4 15278
6758 1 15279
2093 4 15279
2568 4 15280
2654 3 15280
934 5 15281
5302 5 15281
1634 3 15282
7042 3 15282
52 1 15284
6584 3 15288
3770 4 15288
7949 4 15289
8210 2 15289
5191 5 15290
6269 5 15290
5510 2 15291
7039 3 15291
4451 4 15292
5545 1 15294
430 5 15295
5603 5 15296
649 2 15297
9824 3 15297
9519 2 15298
4199 5 15298
1191 4 15299
5627 2 15299
6635 5 15300
2048 2 15301
3277 3 15302
5694 3 15302
2435 2 15304
3462 4 15305
3692 1 15305
9126 1 15306
9704 3 15307
8449 1 15308
7027 1 15308
8168 2 15309
9194 4 15310
3209 4 15311
8453 1 15311
1398 5 15312
9426 1 15315
2685 5 15315
4970 5 15316
4533 4 15316
7866 3 15317
9784 1 15318
2634 3 15318
6792 5 15319
7887 3 15321
4980 5 15321
9585 3 15324
7430 4 15327
518 1 15329
1309 2 15330
8365 3 15330
4810 4 15331
7145 3 15331
7848 3 15332
6614 4 15333
2412 5 15334
2067 2 15334
2243 3 15336
5350 1 15338
1730 5 15338
1320 3 15340
1671 3 15340
5477 2 15341
2214 5 15342
6440 3 15343
8780 1 15344
6038 2 15344
6180 1 15345
3212 1 15347
2880 4 15349
7004 1 15349
9846 5 15351
4527 2 15351
5919 5 15352
2978 3 15352
4390 1 15353
5916 3 15353
17 5 15356
1205 2 15357
9002 1 15357
4884 4 15358
6317 4 15358
9828 2 15359
5372 4 15362
6460 3 15362
6205 2 15363
7626 4 15363
8985 1 15364
1333 5 15365
9818 3 15367
6573 3 15368
6477 1 15372
3137 5 15372
9470 3 15374
9642 3 15374
8901 1 15375
291 2 15375
4896 3 15376
6443 4 15377
2601 5 15381
5582 3 15384
5570 1 15384
7283 2 15387
4831 2 15388
7100 3 15388
1205 4 15389
4778 2 15391
4494 5 15391
1819 1 15393
3784 4 15393
9973 3 15395
1405 1 15395
1923 4 15396
2799 4 15396
6629 4 15397
5541 4 15398
2432 1 15398
5195 1 15399
7122 3 15399
3963 1 15400
625 2 15400
1911 1 15401
4525 4 15401
7120 3 15404
6620 2 15405
9713 5 15407
4078 4 15407
5207 4 15408
1922 2 15409
5830 1 15409
2025 3 15411
9081 4 15412
5476 1 15413
8054 3 15417
9864 5 15417
5170 1 15418
4234 1 15421
5450 3 15421
7206 2 15423
8177 5 15424
1928 4 15425
9601 5 15427
8059 1 15428
1016 3 15430
3877 3 15431
7077 1 15432
7459 5 15434
8589 1 15436
4648 2 15436
4979 4 15437
1408 2 15438
5360 4 15438
1116 4 15439
6739 2 15440
9647 2 15442
1644 3 15444
1882 3 15445
1132 2 15446
7464 2 15447
8158 4 15447
3483 4 15449
8773 4 15449
9390 4 15450
740 2 15450
8735 2 15451
1914 5 15451
876 2 15452
7189 5 15453
5827 3 15454
1977 2 15454
9028 5 15455
1557 2 15455
3525 1 15458
3047 5 15458
6407 2 15459
1347 4 15460
8571 1 15460
1537 4 15461
6911 2 15463
9272 1 15465
9646 4 15465
4671 1 15466
5968 4 15466
8983 2 15467
8444 2 15467
944 3 15469
3507 1 15469
8571 1 15470
3560 5 15472
2517 2 15473
7908 2 15476
698 1 15476
4353 1 15477
6499 2 15477
1066 1 15479
5447 1 15479
7976 1 15481
1262 1 15481
377 4 15482
4426 5 15482
3095 2 15483
4033 2 15483
6223 2 15484
2487 4 15485
4182 1 15485
781 5 15488
4588 1 15488
391 5 15489
1149 4 15489
2624 5 15490
8816 5 15491
4595 5 15492
6017 5 15492
2795 1 15493
1891 5 15494
9015 2 15495
3095 2 15495
8073 2 15496
377 2 15498
3293 5 15498
3858 3 15499
4363 5 15499
5568 5 15500
6987 1 15501
7191 1 15502
1163 1 15502
357 5 15503
4783 4 15503
6726 1 15504
2906 2 15504
8081 1 15505
9455 4 15507
3681 4 15509
8983 5 15510
1149 2 15510
2800 2 15511
4558 5 15511
7884 5 15513
3081 2 15514
6499 5 15515
4246 4 15515
1310 5 15516
7816 5 15516
6300 4 15517
8234 2 15520
799 3 15520
8926 3 15523
1507 3 15524
1168 2 15524
4336 1 15525
6171 5 15526
5678 2 15528
3763 2 15529
7913 4 15531
5739 2 15534
5403 1 15534
8095 4 15535
3675 3 15536
6762 3 15538
2583 2 15539
8907 3 15540
3630 4 15540
4214 3 15542
3697 5 15542
1700 2 15545
9754 4 15545
7549 3 15546
7038 4 15547
1775 1 15547
7157 2 15549
4785 5 15549
873 1 15551
845 2 15553
1134 3 15554
2654 5 15555
5863 5 15556
9133 4 15556
9892 4 15557
4058 4 15558
9657 3 15559
258 2 15560
2158 3 15564
618 4 15566
4738 1 15566
79 2 15567
1000 4 15567
8118 3 15568
7980 4 15569
4494 2 15570
3333 5 15573
3579 1 15576
1622 2 15576
4033 3 15578
4152 3 15578
9734 5 15579
6862 4 15579
7812 5 15580
2691 5 15582
4705 5 15583
1910 2 15584
4513 4 15584
3966 2 15585
4658 1 15586
7967 1 15588
9408 2 15588
5813 2 15590
9750 5 15591
912 4 15591
3431 2 15592
5846 3 15592
7587 4 15593
3821 4 15593
3515 2 15594
2511 2 15596
73 2 15598
8545 1 15598
6190 5 15599
4079 3 15600
7737 4 15600
8120 3 15601
9106 2 15601
325 4 15602
3005 2 15602
2878 5 15604
1912 4 15606
7796 2 15608
5781 3 15608
6915 3 15609
6193 1 15610
8573 2 15610
2673 4 15611
1496 2 15611
4271 5 15612
5532 2 15613
1207 5 15614
3037 5 15614
4239 3 15616
7059 5 15617
1462 1 15620
6625 1 15621
8206 5 15621
5658 5 15623
4034 5 15624
3799 4 15624
1222 2 15625
8429 5 15626
5044 2 15626
553 5 15632
19 4 15632
6200 1 15637
5497 3 15637
9515 1 15638
6110 3 15639
3691 5 15639
1022 1 15640
4813 2 15640
1233 3 15642
6902 1 15642
6447 1 15643
8579 4 15643
6644 3 15645
8076 2 15645
7742 5 15646
9348 1 15647
7685 1 15648
9268 3 15655
3585 2 15656
6657 3 15657
2214 5 15658
5370 1 15658
9064 2 15659
3698 1 15660
7834 3 15662
2024 4 15664
9873 5 15665
3464 1 15666
1846 4 15666
6954 5 15667
520 3 15667
7480 4 15668
504 5 15669
7629 2 15670
8002 5 15670
1996 4 15671
7647 1 15671
8402 3 15672
1155 1 15674
2955 2 15675
574 1 15675
9846 2 15676
6989 3 15676
4527 3 15677
882 4 15678
3279 3 15678
9533 5 15681
284 5 15682
1763 5 15682
5002 2 15683
565 4 15684
9157 1 15684
3931 3 15685
6069 1 15688
3242 3 15689
2812 4 15690
8061 5 15690
9796 5 15692
1136 3 15692
3429 3 15694
6793 5 15695
1021 5 15695
8893 2 15697
5014 5 15698
4085 2 15698
5175 5 15699
5582 5 15699
2490 5 15700
1676 4 15701
7910 3 15701
5813 1 15702
8147 2 15704
3580 5 15704
5399 2 15705
7950 4 15706
9143 5 15706
4753 4 15707
2750 4 15707
4264 3 15710
319 2 15713
5083 4 15713
5347 3 15718
3433 5 15719
988 2 15721
9382 4 15721
6028 3 15724
1964 2 15724
509 3 15726
5098 5 15727
5247 2 15727
4422 3 15728
2959 2 15730
438 1 15732
8917 1 15734
4028 2 15736
5899 2 15736
7887 3 15737
730 5 15738
1188 2 15738
3042 1 15739
6483 3 15740
4899 3 15742
8380 4 15742
8433 3 15743
1470 4 15744
9127 2 15744
1671 5 15746
7773 1 15746
1393 1 15748
4713 3 15749
9932 3 15750
8588 2 15751
332 2 15755
9018 2 15756
1071 1 15756
3214 1 15757
2199 2 15758
3894 5 15758
633 5 15760
9994 4 15760
6558 5 15761
1654 2 15761
4376 4 15763
2259 3 15764
9351 5 15765
3230 4 15767
4216 5 15769
5712 1 15769
1071 3 15770
4169 1 15771
3860 5 15772
5191 5 15772
2876 4 15774
1072 3 15774
6313 3 15775
4573 5 15776
8152 5 15778
9028 3 15778
9092 2 15780
3274 3 15780
1319 2 15783
8919 4 15783
3486 2 15784
7083 2 15784
5048 1 15786
1709 4 15788
3364 4 15788
8721 3 15791
1898 5 15793
2369 1 15795
1196 5 15797
6399 4 15797
5554 2 15800
5736 5 15800
4508 2 15801
6926 1 15801
2804 4 15802
49 5 15804
6498 2 15804
8658 2 15807
3119 4 15811
9139 3 15811
5390 1 15812
5219 4 15812
725 3 15814
5796 3 15816
4486 5 15818
3817 3 15819
2846 1 15819
942 1 15822
6187 1 15825
7460 1 15827
9717 2 15827
1971 2 15828
8880 4 15828
9392 1 15829
4935 3 15829
4262 4 15830
1210 1 15831
3517 4 15831
4116 1 15833
1459 5 15833
7411 5 15834
544 5 15836
3491 5 15838
7210 2 15838
8345 4 15840
9198 5 15841
5753 3 15841
2568 2 15843
6176 5 15844
8735 1 15844
3907 1 15845
517 5 15845
160 3 15846
9290 4 15846
2927 4 15847
1173 4 15848
2933 2 15848
910 5 15850
454 1 15851
8810 1 15851
7414 1 15852
2205 1 15852
2650 5 15854
6251 5 15854
943 4 15855
388 1 15855
9739 1 15859
5555 3 15860
3676 3 15862
6672 1 15863
885 2 15864
7038 4 15865
5271 5 15867
8891 2 15868
354 2 15871
257 3 15872
1098 1 15873
2373 2 15874
7536 2 15874
9477 4 15876
1099 5 15877
3966 2 15877
2255 2 15881
5012 1 15881
6670 2 15884
9380 1 15888
3583 2 15889
6163 4 15889
8109 3 15890
5704 3 15890
5941 1 15893
2255 2 15893
6327 1 15894
4626 1 15896
7803 4 15896
194 1 15897
253 1 15897
9460 3 15899
6363 2 15900
9613 4 15901
2682 4 15902
4212 5 15902
2449 5 15903
6934 1 15903
5879 4 15904
7574 2 15904
776 5 15906
1409 1 15906
1654 1 15910
8027 4 15910
807 3 15911
1795 3 15912
8988 2 15913
8746 2 15918
5501 3 15919
2981 4 15919
375 1 15921
8113 5 15927
3667 3 15928
2843 2 15929
5546 5 15929
2946 2 15930
6898 1 15930
6571 1 15932
6444 5 15932
172 2 15933
9268 2 15934
2071 3 15935
581 3 15935
2844 3 15936
1714 5 15937
918 2 15938
6906 1 15938
2606 2 15940
4637 5 15940
6892 2 15942
1834 3 15942
4138 5 15943
8465 5 15946
9298 3 15946
4680 3 15947
6170 4 15947
7494 2 15949
7922 1 15950
7068 4 15950
4268 3 15952
9590 1 15953
8469 5 15953
390 3 15954
2324 5 15956
4880 2 15958
3107 3 15961
4447 5 15963
410 2 15964
5176 2 15966
1420 4 15966
2733 5 15967
4816 5 15967
9095 1 15968
4364 3 15968
2146 5 15969
6270 2 15969
7072 1 15971
9939 3 15971
4272 5 15973
9908 2 15974
2271 4 15974
1645 1 15977
7474 4 15978
5836 2 15979
267 1 15981
7666 2 15981
2730 2 15982
104 1 15982
5015 4 15983
6110 2 15986
4556 2 15986
3036 3 15989
7099 3 15989
96 2 15990
2090 2 15992
3480 1 15992
1438 4 15996
607 4 15996
4046 2 15997
8195 2 15997
8862 4 15998
919 1 16002
2600 5 16002
9003 4 16004
9864 5 16004
5461 4 16005
3369 1 16006
7964 4 16009
5435 1 16009
7977 2 16010
5167 5 16011
9020 2 16011
6889 1 16012
965 2 16014
5742 2 16014
9477 5 16015
8189 1 16015
4331 4 16017
9690 5 16017
5649 1 16019
4006 3 16019
5823 2 16021
4608 2 16021
4196 3 16022
6542 2 16024
58 1 16024
2754 5 16027
5589 3 16028
6473 3 16028
779 1 16030
3168 5 16032
854 3 16032
4459 3 16033
1344 5 16033
2914 4 16036
7158 2 16036
8229 1 16038
960 1 16038
8571 2 16039
6588 2 16039
1468 5 16040
8273 5 16040
7485 4 16041
1998 1 16044
4758 1 16044
3316 2 16047
2218 4 16047
3766 1 16048
9315 5 16049
7321 4 16050
512 3 16050
1179 3 16051
854 3 16052
320 4 16053
6941 1 16053
4391 2 16054
4901 3 16055
901 1 16056
2310 5 16056
767 2 16057
3710 2 16058
4561 2 16059
1122 2 16060
3213 2 16061
9038 1 16063
9300 2 16063
681 4 16064
9655 4 16064
9318 3 16066
9651 1 16067
5897 5 16067
5797 3 16070
7013 5 16071
8308 3 16071
7986 5 16074
7100 5 16074
8680 4 16075
729 4 16076
8504 1 16079
3622 2 16080
6137 1 16081
7645 1 16081
5876 4 16082
7954 3 16082
4677 4 16083
1064 2 16083
8449 1 16085
9886 5 16087
2151 3 16091
4491 4 16092
9750 2 16092
566 4 16094
9375 2 16094
7443 1 16095
5199 4 16096
8281 3 16096
3392 5 16098
8486 1 16098
5537 1 16100
4249 3 16101
7667 1 16101
5368 1 16104
5006 5 16105
5847 4 16105
8779 1 16106
8953 1 16107
7939 5 16108
8957 4 16109
3119 4 16109
1027 2 16111
6050 1 16113
1529 2 16114
7434 3 16115
2145 5 16116
9911 1 16116
617 4 16117
3217 3 16118
8278 3 16118
5572 3 16119
6602 4 16121
9883 1 16121
9901 3 16122
3914 4 16122
2425 3 16124
1305 3 16124
21 5 16125
2236 1 16125
7236 5 16126
1937 1 16126
3979 2 16127
2677 2 16128
4317 2 16131
8990 5 16133
2258 1 16133
5451 4 16134
2977 1 16135
5265 5 16136
8338 4 16137
7015 1 16138
2245 2 16138
3309 5 16139
8516 4 16139
8305 3 16140
8477 1 16140
7015 1 16141
1768 1 16141
9396 1 16142
5518 5 16142
2555 5 16143
1459 5 16144
5949 1 16144
4759 4 16145
8867 4 16145
3438 2 16146
5817 3 16149
5256 3 16149
8604 2 16150
7915 2 16150
1164 4 16152
9235 1 16152
5482 3 16154
9427 1 16154
6612 4 16155
8445 1 16156
1339 2 16159
5789 3 16161
261 3 16162
3255 4 16164
1166 1 16165
6309 4 16165
8663 1 16166
2915 3 16167
7217 3 16168
6555 3 16168
6209 4 16169
8474 3 16171
1233 1 16173
5824 5 16173
235 4 16175
4691 5 16177
6526 1 16177
283 4 16178
6294 1 16178
9027 5 16181
4620 4 16182
2919 5 16182
5812 2 16183
4750 2 16183
4538 2 16184
7366 2 16185
9741 3 16186
7412 1 16187
5467 1 16187
2148 2 16189
8150 2 16190
656 3 16191
5434 5 16191
4239 2 16192
6935 1 16192
774 5 16194
1659 2 16194
3815 1 16195
9287 5 16195
3297 3 16196
2381 3 16196
6948 3 16198
7234 4 16199
4015 1 16200
3911 4 16202
7408 4 16203
5605 3 16203
2851 2 16204
8071 5 16205
3076 2 16206
9273 3 16206
9538 4 16208
641 2 16211
5238 4 16212
8116 1 16213
6287 2 16213
1654 3 16214
8205 1 16215
1998 5 16215
8088 4 16216
7395 4 16216
1971 4 16217
7125 3 16217
7590 3 16218
4734 5 16218
8414 1 16220
1087 1 16221
305 4 16221
5002 3 16224
1689 3 16225
4297 3 16227
1472 5 16227
3365 3 16228
21 3 16229
4469 2 16230
7519 3 16232
8860 4 16232
9046 3 16234
6445 4 16234
7267 2 16235
5854 4 16237
2264 2 16238
1143 1 16239
4920 4 16240
5590 4 16242
7339 3 16242
7994 3 16243
3452 3 16243
374 1 16244
2521 4 16245
5484 4 16246
2964 5 16246
5575 5 16247
3450 4 16247
415 4 16249
4204 1 16250
1674 2 16250
7495 3 16251
5981 3 16251
2450 4 16252
3754 1 16252
8145 4 16253
7965 5 16253
2188 4 16254
4610 4 16254
9099 1 16255
5290 4 16255
5214 3 16256
3723 4 16259
2072 1 16259
4962 1 16260
7731 5 16260
1449 3 16263
7014 2 16263
7958 2 16266
1597 3 16266
1168 5 16267
4146 5 16270
2851 2 16272
423 3 16272
7754 5 16274
8354 5 16274
9122 3 16275
1991 2 16276
7008 4 16276
4878 1 16277
7443 3 16277
6831 1 16279
1590 1 16279
6785 1 16281
1829 1 16281
2923 3 16282
84 3 16282
4440 4 16283
8392 3 16284
2495 2 16287
5017 5 16287
8023 5 16288
1086 4 16289
6432 3 16291
3853 2 16291
8618 5 16292
6812 5 16294
4223 1 16294
391 3 16296
4897 4 16296
972 5 16297
1515 1 16299
3536 2 16299
7544 3 16301
4629 1 16302
4428 3 16303
8499 1 16303
2030 2 16304
2509 5 16304
8814 4 16306
7582 4 16308
9541 4 16308
784 4 16309
5450 5 16310
6905 1 16310
9404 2 16311
7006 4 16311
8565 5 16314
6211 5 16314
6976 2 16315
4028 4 16320
2861 3 16320
7761 4 16323
3394 3 16324
7815 4 16324
2513 4 16326
1296 3 16326
7762 2 16327
9602 3 16329
403 4 16330
260 3 16330
5545 4 16331
5334 5 16332
180 5 16332
9515 4 16333
256 5 16333
8608 4 16334
263 2 16336
2988 2 16337
9331 5 16337
9962 2 16338
1478 3 16338
3440 1 16340
8486 3 16340
9029 3 16342
9928 4 16342
9712 4 16343
9906 4 16344
318 3 16344
9386 4 16346
1478 1 16346
5504 2 16349
7261 1 16349
8364 3 16350
9434 1 16351
9842 3 16351
7757 5 16352
6089 2 16352
5900 2 16355
5799 2 16355
674 1 16356
8095 1 16356
3418 2 16357
739 4 16357
98 3 16358
9604 1 16358
4129 2 16360
8550 1 16362
2931 5 16363
5627 2 16364
3158 5 16365
9354 5 16366
9170 4 16368
2438 5 16370
116 5 16371
5626 1 16371
752 1 16372
2248 2 16372
5392 2 16374
9961 4 16375
4818 1 16375
1833 1 16378
5454 2 16378
477 4 16379
6248 3 16379
8314 5 16380
2557 2 16380
5817 3 16384
6174 1 16386
7206 1 16387
3478 1 16388
5125 3 16388
3665 2 16389
3512 2 16390
2575 1 16390
3295 3 16391
9528 2 16391
8398 2 16392
2674 4 16393
1986 2 16393
8944 1 16394
1769 5 16394
2100 4 16395
6769 1 16395
8387 2 16396
5921 5 16397
2306 5 16397
1244 5 16398
7117 2 16399
5556 5 16399
7057 2 16401
6708 1 16401
1070 5 16402
5931 3 16403
8777 1 16404
4770 5 16404
8412 3 16405
5273 2 16405
7579 3 16406
8480 2 16406
4410 5 16407
3705 1 16407
6735 4 16409
3828 3 16411
4647 3 16411
7548 5 16412
7465 5 16412
9224 2 16413
9025 1 16413
3685 3 16415
8608 3 16416
8749 5 16417
5701 3 16418
2964 2 16418
9837 3 16421
859 1 16422
2218 5 16423
4012 2 16424
2193 4 16424
3907 3 16425
9386 3 16426
6762 5 16427
6647 3 16428
1286 1 16432
1141 2 16432
9970 5 16433
197 2 16434
7422 3 16436
772 2 16436
9909 2 16441
5333 1 16442
9496 5 16442
5030 3 16443
9923 1 16443
5144 4 16444
3897 2 16445
7764 4 16446
926 3 16446
7038 1 16448
6885 4 16448
677 4 16449
5739 1 16450
8056 3 16452
2308 2 16452
6174 5 16453
6088 4 16454
8257 5 16454
1493 4 16455
7239 2 16457
6857 5 16457
266 1 16459
6007 1 16459
8195 5 16461
4129 5 16461
5119 2 16462
6697 1 16462
68 5 16463
6595 4 16463
2921 4 16465
4688 5 16465
4430 1 16466
4554 5 16467
3146 3 16467
2733 3 16469
374 1 16471
2531 4 16473
5055 3 16473
994 5 16480
9336 4 16480
3399 4 16482
6686 4 16483
2057 3 16483
88 1 16484
422 2 16485
5681 5 16486
9203 3 16487
2819 1 16487
8998 2 16489
7836 5 16490
7294 5 16490
1984 4 16493
8493 4 16493
4136 5 16494
1302 4 16494
910 4 16495
4481 5 16495
1069 5 16496
4627 4 16496
4793 1 16498
8210 3 16499
7238 1 16499
4235 1 16502
9513 1 16502
9629 3 16503
9434 1 16503
5905 3 16505
2641 1 16507
8446 2 16508
5759 2 16509
8050 2 16510
7452 1 16511
1777 3 16511
2986 2 16512
4972 2 16512
9995 4 16513
6476 3 16515
4527 5 16519
7947 3 16519
8590 2 16520
7786 5 16520
2102 5 16521
1334 1 16521
6721 1 16522
5201 1 16525
4335 4 16526
50 1 16526
1452 5 16528
4647 1 16528
9043 2 16531
4943 4 16533
4156 5 16533
7474 4 16534
5249 5 16535
7026 5 16535
4433 5 16536
8594 2 16536
7546 3 16538
4978 4 16538
239 1 16539
2674 3 16539
7848 5 16540
810 1 16540
935 3 16542
9820 4 16542
7593 3 16546
5596 1 16547
3364 3 16549
2090 4 16549
5156 5 16551
6480 5 16551
1172 1 16552
7999 2 16553
8330 1 16554
6297 5 16554
856 5 16556
8549 3 16557
7521 1 16557
4516 5 16559
7293 4 16560
9105 3 16560
3172 3 16562
3500 2 16562
3422 4 16563
1608 5 16563
9115 5 16567
7907 3 16567
8577 4 16570
5668 1 16570
6199 3 16571
2302 5 16571
4225 1 16572
891 4 16572
3406 5 16573
5264 1 16573
4245 4 16574
7970 1 16574
9005 1 16575
1332 2 16575
420 4 16576
9826 4 16577
1223 5 16577
9346 5 16579
4877 3 16580
715 1 16582
3379 2 16583
6064 4 16583
4816 1 16584
5459 1 16585
770 3 16588
1078 2 16588
1599 2 16591
8601 2 16591
311 5 16592
3365 3 16592
1868 4 16594
6474 3 16596
1148 4 16597
9109 5 16597
8359 2 16598
7072 4 16601
540 1 16602
4404 1 16604
4518 3 16606
2651 1 16608
357 1 16609
6166 1 16609
8063 5 16610
8360 4 16611
2439 5 16611
3163 3 16612
3147 1 16612
4372 1 16613
7501 1 16614
9882 2 16614
7002 2 16616
1731 2 16616
5548 3 16617
9208 1 16617
3222 1 16620
4203 3 16621
5420 5 16621
4515 2 16622
1735 5 16624
7054 1 16627
2523 2 16628
6893 3 16629
473 1 16630
5035 4 16630
2967 5 16631
1674 4 16631
8593 2 16632
2213 4 16632
4644 3 16633
4379 3 16634
6001 5 16635
9636 2 16635
7435 1 16636
7625 4 16637
8602 3 16637
9519 1 16639
5634 4 16642
1085 5 16642
7821 4 16643
8800 2 16643
8985 5 16644
3702 1 16647
386 5 16648
3318 3 16649
9032 1 16649
2990 2 16650
8832 1 16650
3569 2 16651
1767 1 16652
8332 3 16652
3440 5 16655
8820 2 16657
5970 4 16662
2720 2 16662
4543 4 16664
4777 3 16665
1868 3 16665
5497 2 16669
5375 3 16671
3612 1 16671
2549 4 16673
8072 2 16674
7653 3 16674
7184 4 16676
6458 4 16676
6386 5 16678
542 4 16679
2523 4 16679
6352 2 16681
8411 1 16681
7163 5 16682
4655 3 16683
9347 2 16683
2130 5 16685
9372 1 16686
3988 1 16686
134 4 16687
6961 5 16690
2440 1 16691
350 4 16691
5636 3 16692
5470 3 16694
6235 2 16698
2275 5 16699
680 3 16701
5318 3 16701
7283 3 16703
7511 4 16703
8866 1 16704
9763 4 16704
2116 1 16706
8154 3 16706
6163 2 16707
7850 1 16710
5559 2 16712
2880 3 16713
382 4 16714
4919 2 16714
355 4 16715
485 3 16716
650 4 16716
5188 1 16718
8386 3 16719
5003 2 16722
3088 1 16722
6962 1 16723
8461 4 16724
5925 3 16724
1455 2 16725
5729 1 16725
6012 4 16726
9582 2 16726
1635 2 16727
8836 4 16728
1915 5 16730
2396 3 16730
9554 3 16732
5996 1 16734
5607 4 16735
1425 2 16738
2839 1 16738
3521 5 16739
2036 5 16740
4838 1 16741
6426 1 16742
7725 1 16744
5469 1 16744
7364 1 16745
6538 2 16746
7186 5 16746
9665 3 16749
5119 5 16750
4818 1 16753
2076 5 16753
8458 3 16755
6410 4 16756
6323 2 16757
4817 3 16757
5992 5 16758
4222 5 16758
7080 1 16759
4537 5 16761
4054 5 16761
4687 4 16762
1452 1 16762
8444 1 16765
3531 2 16765
7990 1 16769
6081 2 16769
315 5 16770
371 3 16770
3649 4 16771
6564 3 16772
6672 2 16773
7896 1 16773
8169 4 16775
1252 5 16775
6703 4 16776
8900 3 16776
1432 2 16777
1523 3 16778
6449 5 16780
4880 3 16781
1185 2 16783
3476 4 16784
2087 2 16786
2218 3 16787
9021 3 16787
2659 5 16789
2816 4 16789
3377 4 16790
4388 5 16792
6229 4 16793
252 1 16793
2848 2 16795
6744 1 16795
712 3 16796
4275 5 16796
8551 1 16797
674 4 16797
454 4 16798
6696 2 16799
8729 5 16799
4417 2 16800
7995 2 16800
7290 1 16803
4296 5 16803
616 4 16804
7330 4 16805
9784 2 16805
288 4 16806
3687 2 16806
1351 1 16808
7625 1 16808
6066 2 16809
3193 2 16810
7354 2 16810
1288 2 16811
4039 2 16812
7199 4 16812
6036 5 16813
1468 2 16813
4075 3 16814
8460 1 16815
9196 5 16815
8005 4 16816
8240 2 16818
6596 1 16818
3579 5 16819
9217 5 16819
2117 1 16820
6655 1 16821
603 1 16822
7116 1 16824
4417 2 16824
1174 3 16828
8591 3 16828
4682 1 16829
3207 1 16830
3497 1 16831
8824 4 16832
6593 5 16832
6450 5 16833
2994 2 16834
6173 4 16834
5200 4 16835
7318 1 16836
4279 3 16836
2583 5 16839
8000 2 16839
1832 2 16840
8620 3 16840
7948 1 16841
589 3 16841
8712 3 16842
8424 4 16843
7545 4 16845
2806 1 16845
1691 5 16846
2115 1 16847
1133 5 16847
6752 5 16848
7255 3 16848
2976 5 16849
1765 2 16849
9567 4 16850
3914 4 16851
9333 5 16851
2954 1 16853
4127 2 16853
2039 3 16855
3479 1 16856
6559 1 16857
6240 3 16857
6884 2 16858
1123 5 16859
404 1 16859
1986 2 16860
3704 2 16860
2998 4 16861
8972 2 16862
5410 3 16862
6880 3 16866
9317 5 16867
6769 4 16867
6980 4 16868
1218 3 16868
6046 2 16869
7186 5 16870
233 5 16870
6355 5 16871
6602 4 16873
6870 3 16873
3287 3 16875
5732 1 16876
3099 1 16877
3562 2 16877
7107 3 16879
1723 1 16880
8641 5 16881
8070 5 16881
4752 5 16883
5868 4 16883
9475 2 16885
8028 3 16886
2784 5 16887
1027 4 16887
6578 4 16888
2970 2 16888
5186 5 16890
6514 5 16891
7454 2 16891
3375 5 16892
6122 2 16892
13 2 16893
8695 5 16894
1985 3 16895
7991 5 16896
8557 1 16897
3693 5 16897
8949 4 16900
3439 5 16900
7805 4 16902
7996 1 16903
4690 3 16903
785 1 16904
2255 2 16905
7816 5 16906
7062 1 16907
7235 2 16908
6352 1 16910
5646 4 16911
8937 2 16912
2176 4 16912
8817 3 16913
4282 1 16914
9685 2 16914
565 5 16916
452 5 16916
8114 5 16917
3058 1 16917
6213 5 16918
5746 3 16918
725 2 16919
6619 5 16920
3238 3 16921
1439 3 16922
601 1 16922
3493 3 16923
4115 2 16923
1676 3 16924
5860 5 16924
1386 3 16929
6098 3 16929
5416 1 16930
9344 5 16930
8778 5 16932
5529 5 16933
2616 2 16933
6537 1 16934
3711 1 16936
4279 4 16936
5816 3 16937
9827 3 16938
9087 1 16938
3142 4 16939
3151 5 16941
7082 3 16941
9600 4 16942
9315 2 16943
9841 3 16945
82 5 16947
6714 5 16947
4529 1 16949
6877 4 16949
8248 5 16950
4682 5 16952
4800 4 16954
1882 3 16954
9781 3 16955
4976 1 16955
1528 2 16956
555 5 16958
6335 5 16961
2324 4 16962
8217 1 16963
7409 3 16963
7112 2 16964
1579 3 16964
7719 1 16967
1811 3 16967
9099 2 16972
7499 5 16973
1276 3 16974
9771 2 16975
771 5 16976
9716 1 16976
4567 4 16977
3433 3 16978
4872 2 16978
777 1 16979
667 5 16979
6408 5 16980
915 3 16981
8915 3 16981
7893 5 16982
5944 2 16983
4565 3 16983
7595 2 16984
8220 3 16984
4481 4 16985
4047 3 16986
8589 2 16986
6809 3 16987
5438 1 16988
404 5 16994
3902 4 16994
5365 3 16996
5002 3 16996
1256 1 16997
3835 4 16999
9402 4 17000
1037 2 17000
4426 5 17001
6409 4 17002
759 2 17002
8530 3 17003
9176 4 17003
2564 3 17004
4441 4 17005
3850 4 17005
2329 5 17007
2090 1 17007
4500 2 17008
5013 3 17008
1138 2 17011
9799 1 17011
9256 1 17016
992 3 17018
6856 1 17020
209 3 17020
6672 1 17022
7755 4 17022
1381 1 17027
7716 2 17028
5022 3 17028
4684 4 17029
8736 2 17029
4042 1 17032
4951 4 17032
801 5 17033
5096 3 17033
6526 5 17035
8630 2 17037
8305 5 17037
6367 1 17039
752 1 17039
5209 1 17040
8499 1 17042
3261 5 17043
5531 2 17043
6569 1 17044
2549 2 17044
2902 5 17045
5971 1 17046
789 2 17046
9639 4 17047
8194 1 17048
3235 3 17048
2740 2 17049
1602 3 17049
9870 5 17050
7510 2 17053
6048 4 17054
4036 1 17054
1151 3 17056
8384 4 17060
6440 4 17062
4334 5 17062
5767 5 17063
3099 1 17063
4456 5 17064
7531 4 17065
838 1 17065
7690 4 17066
14 4 17068
9205 1 17068
8857 4 17069
2099 4 17070
3234 4 17070
2143 3 17071
184 2 17071
1436 1 17073
960 2 17073
5066 2 17074
1935 1 17074
4373 3 17075
5230 3 17078
773 4 17078
1817 5 17079
3871 3 17079
8646 2 17082
8738 5 17083
306 4 17084
4907 3 17087
6670 1 17088
4889 1 17093
1438 1 17094
9498 3 17097
7198 5 17097
693 1 17098
7141 4 17098
9101 1 17099
4979 1 17099
6875 5 17100
7200 4 17101
4185 3 17101
9385 3 17102
2874 5 17102
4015 5 17103
2975 2 17104
8422 2 17105
6444 3 17106
6811 4 17107
6963 5 17107
6792 3 17108
6070 5 17109
3935 4 17110
4449 4 17110
1892 4 17111
3769 1 17114
2874 5 17116
8986 2 17117
8239 5 17117
2014 5 17118
4258 3 17118
916 1 17120
8875 3 17122
1274 5 17124
5880 1 17124
27 1 17125
7727 1 17125
9629 3 17126
9210 3 17126
5894 3 17127
8340 3 17128
3901 2 17129
7839 5 17131
7461 2 17132
2967 4 17135
1584 2 17136
5837 2 17137
8599 5 17140
1539 1 17142
3539 2 17146
5294 5 17147
1367 3 17147
6469 5 17148
8925 2 17148
9603 1 17152
2106 1 17152
9334 5 17153
2144 5 17153
8342 3 17154
5788 4 17154
3219 1 17156
3120 1 17157
826 2 17157
8237 2 17160
2180 2 17160
5021 3 17161
2729 3 17163
9156 3 17163
3850 3 17168
8271 3 17168
4562 5 17170
4673 4 17170
367 1 17171
3362 5 17171
4027 4 17172
3070 2 17173
4273 2 17177
4925 2 17177
9064 2 17178
3176 3 17178
6908 4 17179
7612 4 17181
9643 3 17181
5783 2 17184
2411 3 17184
867 5 17187
7568 1 17189
2119 3 17190
7353 1 17190
5793 3 17193
6269 1 17195
9975 4 17196
8920 2 17196
7411 1 17197
2259 4 17198
6607 5 17198
6785 2 17199
3314 5 17200
7315 1 17200
6108 1 17202
7935 4 17204
6899 5 17204
2289 3 17206
4530 3 17207
5711 4 17208
4374 5 17209
8300 1 17210
3771 1 17212
4700 4 17212
6449 3 17214
4659 3 17215
2880 3 17217
8432 3 17217
1867 1 17218
3150 5 17221
7089 3 17222
9048 5 17222
5921 2 17223
4199 1 17223
1289 4 17224
9163 4 17224
2714 5 17227
2318 5 17227
1832 3 17228
7627 1 17228
7127 5 17231
6054 2 17232
4539 3 17232
3543 2 17234
386 1 17235
8415 2 17238
1811 1 17239
5578 1 17239
6620 3 17240
2973 2 17241
4728 1 17243
5633 4 17243
6176 4 17245
3940 1 17248
723 3 17248
514 5 17249
2610 5 17250
81 2 17251
4935 5 17251
6001 5 17253
2803 4 17253
2122 1 17254
9960 2 17254
1165 5 17257
604 3 17258
3969 4 17258
8164 5 17259
6137 3 17259
5834 2 17260
1709 2 17263
8089 5 17264
5946 3 17264
3978 5 17265
2238 3 17266
2166 1 17267
2067 1 17272
2358 3 17273
9519 1 17273
1097 2 17274
4314 5 17276
3418 3 17276
7592 4 17277
7473 5 17277
8433 5 17278
8348 1 17278
5104 3 17279
7000 2 17279
5875 2 17283
9394 3 17285
5480 4 17285
8765 2 17286
5889 5 17288
8345 4 17289
6819 4 17289
9510 2 17290
7266 4 17292
8036 4 17292
6766 5 17293
1450 5 17294
3821 5 17294
7597 4 17296
1749 4 17296
9471 4 17297
1101 3 17297
651 1 17298
9413 2 17300
8714 2 17301
6708 5 17302
7574 3 17302
9138 1 17303
6197 2 17303
4748 1 17305
7959 5 17305
1438 3 17307
6942 3 17309
1509 5 17310
4349 4 17310
8674 5 17311
485 4 17311
5270 4 17312
671 3 17314
4508 4 17315
8311 2 17316
4459 3 17316
792 3 17317
255 2 17319
665 4 17319
5313 5 17320
2476 3 17321
1303 4 17322
6844 4 17322
3760 3 17324
2504 5 17324
1719 3 17327
9100 5 17327
1719 5 17328
1373 2 17329
6711 4 17331
9649 4 17331
1912 5 17334
6798 5 17334
9552 3 17335
9683 3 17335
641 5 17337
6113 1 17337
3907 1 17338
8256 1 17340
705 5 17340
3869 2 17342
5122 1 17346
1570 2 17346
2416 4 17347
1329 4 17347
6846 3 17348
9444 5 17348
3270 5 17349
1487 1 17349
8801 1 17350
2323 1 17351
1024 1 17353
7066 3 17353
3316 4 17354
3286 5 17355
8715 2 17355
1680 5 17356
1851 4 17356
2480 3 17358
2641 3 17360
8751 5 17360
2640 2 17361
8468 1 17361
7507 2 17364
8688 1 17364
8989 3 17368
513 4 17369
3780 3 17369
6487 2 17371
8334 5 17372
4883 3 17373
9069 3 17373
6008 2 17375
4401 1 17378
9915 1 17380
5395 1 17381
7428 2 17384
7248 2 17385
4408 4 17385
9511 3 17386
8719 5 17386
8005 3 17387
8676 3 17388
2308 4 17388
6627 3 17389
1181 2 17389
4568 2 17390
6180 2 17391
4099 2 17391
2640 3 17393
8760 5 17393
2544 2 17397
5115 1 17404
9639 3 17405
7938 1 17405
9179 1 17406
933 1 17406
8041 5 17407
8546 4 17408
6731 5 17409
7681 1 17409
9164 1 17411
5000 2 17412
3899 3 17413
971 4 17413
8385 2 17414
821 3 17415
6300 3 17415
5484 3 17417
2026 2 17417
2246 5 17421
492 4 17421
9915 1 17422
752 2 17422
5957 1 17423
8203 5 17424
8863 3 17425
7435 4 17426
3634 2 17427
2430 3 17428
4716 5 17429
8063 5 17429
4499 3 17430
1893 4 17433
9141 4 17433
7456 5 17434
7779 5 17434
1629 3 17435
6195 2 17435
8992 1 17436
3722 4 17436
8259 1 17439
1080 2 17440
9413 4 17441
8770 1 17441
2751 2 17442
9069 3 17444
9489 3 17446
1836 3 17446
7137 4 17447
6321 4 17448
485 5 17449
8336 3 17450
8247 5 17451
8923 3 17451
8591 3 17452
1876 5 17453
9657 3 17453
1173 1 17454
8598 1 17456
4780 5 17456
1902 5 17457
5932 2 17461
9573 5 17462
5468 2 17462
2023 2 17463
5413 2 17463
6006 5 17464
3469 3 17465
7486 5 17465
9057 5 17468
6462 5 17469
1847 2 17469
135 2 17473
3393 2 17473
9947 3 17474
5125 5 17474
8021 1 17476
5288 3 17476
252 4 17477
1890 5 17478
8031 5 17478
1757 3 17482
83 5 17485
1371 1 17485
6243 1 17487
7688 2 17487
7573 5 17488
4827 2 17489
3835 3 17489
127 3 17490
977 1 17491
6896 5 17493
7257 5 17495
5159 5 17497
5288 2 17497
2115 1 17498
9997 3 17498
4568 2 17499
4238 2 17500
1725 2 17503
154 3 17504
3806 2 17504
9797 1 17505
6169 4 17506
6154 3 17508
8158 4 17509
9976 5 17509
1472 1 17510
1354 4 17511
1016 3 17511
5790 2 17512
1851 5 17513
5445 3 17514
345 4 17516
2621 4 17518
1208 4 17519
9604 5 17520
6433 4 17521
2968 2 17522
8669 4 17522
739 1 17523
721 1 17523
7815 3 17524
420 1 17524
6168 2 17525
8808 1 17528
9589 2 17529
243 3 17529
634 3 17530
5288 5 17530
8257 5 17531
2668 3 17532
1291 3 17532
9157 2 17533
9365 1 17535
9686 4 17535
8367 5 17536
6654 4 17537
9316 1 17537
8927 1 17538
1943 3 17538
1116 2 17539
3190 5 17539
7531 2 17544
3163 2 17545
9295 2 17545
7865 1 17548
8266 2 17548
5975 3 17551
1761 1 17551
6435 1 17554
6299 1 17555
7131 2 17555
1932 2 17556
5849 2 17557
272 4 17557
6854 3 17558
1257 3 17563
8477 1 17563
3759 5 17564
2796 3 17564
356 1 17567
8365 5 17567
34 1 17569
6393 4 17569
85 1 17571
3807 4 17571
6670 1 17573
652 5 17575
7327 2 17575
9031 2 17576
8406 5 17577
1051 4 17578
7926 2 17579
3018 3 17580
1728 1 17580
340 4 17581
2231 2 17581
1719 3 17586
8843 3 17587
9194 3 17588
3798 3 17590
1132 1 17590
168 5 17592
2956 4 17593
4849 3 17594
2658 1 17597
2670 5 17598
2040 5 17598
3774 1 17599
3773 2 17600
6147 1 17600
4659 3 17601
9283 4 17602
8830 4 17603
2767 1 17604
8530 3 17604
1855 4 17605
1367 3 17606
3961 2 17608
4798 3 17612
7569 3 17612
2735 1 17613
9585 3 17614
2444 4 17615
6099 5 17617
9785 5 17618
6133 3 17619
4382 1 17619
5871 4 17621
3813 3 17621
2040 4 17625
2996 1 17625
1590 4 17626
2228 2 17627
9190 5 17629
9412 1 17630
8967 5 17630
7304 5 17631
5240 2 17634
2848 4 17634
2850 4 17635
8261 3 17635
698 1 17637
7698 1 17637
1424 5 17639
5792 5 17641
5676 1 17642
727 5 17643
2985 3 17644
2694 2 17645
9165 4 17645
686 5 17647
606 3 17648
4933 3 17649
520 5 17649
3233 4 17652
2794 4 17652
7136 5 17653
6664 5 17653
9527 1 17654
4020 2 17654
8429 4 17656
8595 1 17656
5791 1 17658
6333 2 17660
3702 4 17663
710 1 17666
5536 3 17669
1308 1 17669
2654 2 17670
6194 5 17670
9769 1 17671
5840 1 17673
2851 2 17673
4163 2 17677
7547 3 17678
8232 2 17680
1680 2 17680
8601 4 17682
9015 2 17682
9175 3 17683
8252 2 17683
404 3 17684
8340 1 17684
6548 4 17685
6505 2 17685
7184 5 17686
6657 2 17687
9820 3 17687
968 4 17688
3286 3 17688
3491 1 17690
8258 2 17691
2233 5 17691
6816 3 17693
8852 4 17693
4473 4 17694
4195 4 17695
2971 4 17696
1905 2 17696
3816 3 17698
8569 2 17698
4495 5 17699
2616 4 17700
5244 5 17703
7333 3 17706
1353 1 17708
7522 3 17708
6678 5 17709
8812 4 17710
8022 3 17710
1396 1 17711
749 2 17714
6766 3 17715
3001 1 17716
7665 3 17716
5037 3 17719
351 3 17719
8792 2 17720
4294 2 17720
5270 4 17721
1400 5 17726
9212 3 17727
1488 1 17728
8692 4 17728
2023 3 17729
9505 5 17730
4559 1 17730
9800 1 17732
7899 4 17733
2903 3 17733
437 3 17734
9223 4 17734
8306 5 17737
9462 5 17738
5140 3 17738
3612 3 17739
9778 2 17740
8578 5 17741
549 3 17742
6121 3 17742
5264 1 17744
3516 1 17746
7959 5 17746
1380 1 17747
8964 2 17747
3098 1 17748
6454 3 17749
9100 2 17749
5976 5 17750
4685 5 17750
5302 3 17751
6164 3 17753
6818 3 17753
9942 5 17754
4835 1 17754
5129 5 17756
2228 4 17757
2978 5 17757
4504 3 17758
4736 5 17758
8836 3 17760
176 5 17760
464 5 17763
9334 4 17763
2336 5 17766
2816 4 17767
2818 1 17767
3481 5 17768
5621 1 17768
1544 2 17771
863 1 17772
8073 5 17773
5044 1 17773
7275 5 17775
5908 5 17775
3212 4 17778
6868 3 17779
4499 5 17781
5941 4 17781
6246 4 17784
4790 4 17784
5679 5 17785
9926 5 17786
1203 2 17786
6412 2 17787
6459 1 17787
8089 3 17788
4683 4 17788
6292 5 17790
2198 1 17791
1247 2 17791
8747 5 17792
4178 3 17794
4293 5 17794
6033 3 17795
8641 1 17795
7941 2 17797
7440 2 17797
6613 1 17800
2170 3 17803
3912 1 17805
7033 4 17806
7093 5 17806
3537 2 17807
2438 5 17808
7018 4 17810
8995 1 17810
1498 5 17811
8566 5 17813
4818 2 17814
9178 2 17815
9276 1 17816
9368 3 17820
7310 2 17820
3496 1 17821
7482 5 17821
8149 5 17822
5271 1 17824
6821 5 17824
3891 2 17825
4141 1 17825
9930 5 17826
6733 4 17827
6075 1 17828
8039 5 17831
2670 2 17832
9583 1 17832
583 4 17835
7434 3 17835
8199 2 17836
2696 1 17837
3203 5 17838
4373 5 17839
5494 1 17840
5555 1 17843
9556 4 17843
2966 3 17845
5613 3 17845
5143 3 17846
570 3 17846
6940 5 17848
6823 1 17848
4517 5 17849
6391 1 17850
1779 1 17851
9250 3 17852
1112 5 17852
4801 5 17853
4262 4 17854
3635 5 17854
2032 5 17856
2314 2 17856
9332 1 17858
4302 2 17858
9176 1 17859
9509 3 17861
7457 5 17862
3958 3 17864
3648 4 17864
3391 5 17865
5181 2 17865
7294 2 17867
3849 1 17870
8099 4 17872
6324 5 17874
5607 3 17874
3370 1 17877
6654 3 17877
8489 3 17878
706 3 17879
3259 4 17880
1763 5 17880
2372 2 17881
4585 5 17882
3355 5 17884
3013 3 17884
1592 1 17885
8206 5 17887
2173 2 17887
7341 1 17890
2926 5 17890
115 4 17891
8688 2 17891
1307 1 17892
373 3 17892
6060 5 17895
1332 1 17899
8615 3 17900
7836 3 17901
3124 3 17902
538 4 17904
4805 3 17905
7445 2 17905
2946 2 17907
5329 4 17908
6566 4 17912
3859 2 17913
1678 1 17913
7702 4 17914
4205 5 17915
9052 3 17916
3513 3 17918
9785 3 17919
9987 1 17920
6743 3 17921
2817 4 17921
4082 2 17922
1307 3 17922
5345 3 17923
5899 4 17924
1702 3 17924
477 1 17925
1016 4 17925
4943 3 17927
8413 5 17927
1696 4 17928
366 1 17928
5304 1 17929
6596 5 17930
6398 2 17931
2372 2 17932
6529 4 17932
7444 1 17933
437 4 17933
5776 1 17934
2955 4 17935
2301 3 17938
5518 4 17938
8926 4 17940
5705 4 17941
3185 2 17942
7135 2 17943
5441 4 17943
4791 3 17945
2416 2 17945
8579 5 17946
1946 1 17947
5377 4 17948
12 5 17950
2231 4 17951
2742 1 17954
7161 2 17954
363 2 17955
2574 3 17956
7939 4 17957
6362 4 17957
5238 4 17958
9081 2 17958
3912 1 17959
6221 2 17959
2436 5 17960
3787 1 17963
1663 3 17964
2513 3 17965
3499 1 17965
5116 3 17966
5765 5 17967
8649 4 17969
8932 3 17972
483 1 17973
9691 5 17973
9496 4 17974
9299 1 17974
6622 4 17976
4065 4 17976
6812 4 17978
1767 5 17979
9721 2 17979
9388 5 17980
1062 1 17980
3979 3 17981
6140 5 17983
9350 4 17983
6158 5 17985
3944 3 17986
2624 4 17986
433 2 17988
598 5 17991
6475 2 17992
8274 2 17992
7164 1 17993
6994 3 17994
5976 4 17996
1696 1 17998
6972 3 18000
8700 2 18000
9943 3 18002
5507 3 18002
4997 2 18005
9695 2 18005
4454 5 18006
8639 3 18007
916 1 18007
2592 4 18009
2942 1 18011
1383 4 18012
6896 5 18014
5388 3 18014
7235 1 18015
3830 2 18015
8501 1 18016
1035 4 18016
9848 2 18017
667 3 18017
7122 1 18018
1058 3 18018
9614 4 18020
7943 2 18020
7495 4 18021
6426 3 18021
2308 5 18022
9682 5 18022
3227 2 18023
4571 1 18024
9388 4 18025
7514 5 18025
7797 2 18030
157 4 18031
1541 2 18032
8376 2 18032
9391 1 18034
3416 5 18036
9865 3 18037
8119 5 18039
5868 3 18041
2560 3 18041
7840 2 18042
2059 4 18044
3503 2 18044
6243 5 18046
468 4 18046
1469 2 18048
6557 5 18049
7653 3 18049
2995 1 18050
7253 5 18050
8203 3 18051
4753 3 18051
9598 3 18056
7578 2 18056
6654 3 18057
5932 1 18057
7567 3 18059
5770 1 18059
9265 3 18060
652 3 18062
2078 5 18062
4469 5 18064
3253 1 18064
7926 2 18066
5316 1 18067
4169 5 18067
1722 5 18068
8385 5 18068
2736 3 18069
2556 4 18069
2749 2 18070
8874 4 18071
1085 2 18074
9585 3 18074
3615 5 18075
8469 3 18075
8725 1 18077
9575 1 18078
5501 3 18080
8801 5 18082
690 1 18082
6817 1 18083
3047 5 18084
7129 3 18084
4039 1 18085
3917 5 18085
5697 1 18086
4020 3 18087
5404 3 18087
5633 5 18089
9231 5 18090
6426 1 18090
9336 2 18091
3995 2 18092
6243 1 18092
5586 4 18093
5916 3 18094
424 4 18096
9770 3 18097
260 4 18098
2388 2 18099
9958 1 18099
3247 5 18100
2985 5 18100
8016 5 18102
1451 3 18102
74 3 18103
161 2 18103
2084 1 18108
7681 5 18109
9637 1 18109
6392 3 18110
8433 2 18111
7940 2 18111
3775 5 18115
3497 3 18117
3613 4 18117
9725 1 18118
2907 1 18118
6754 2 18119
6325 1 18119
5312 5 18120
9784 3 18120
86 4 18122
7926 2 18123
5844 1 18124
7143 4 18126
5215 4 18128
3742 2 18128
4787 5 18129
1039 4 18129
658 4 18130
8441 3 18130
2987 2 18131
2078 3 18134
2919 3 18135
2084 4 18136
1982 4 18136
3838 3 18137
8321 3 18139
8893 1 18139
2362 3 18140
3693 4 18140
2120 4 18141
5259 4 18143
5701 2 18143
6764 5 18144
9035 1 18144
6452 2 18147
1174 3 18147
1155 2 18149
2493 3 18149
948 2 18151
8846 1 18151
6766 5 18154
7895 2 18154
984 4 18155
9306 3 18157
8236 1 18158
2274 4 18159
9984 3 18159
8124 2 18163
2015 2 18163
9939 2 18164
4424 5 18164
9503 5 18165
4295 1 18166
2906 1 18166
8591 3 18167
4018 2 18167
9662 3 18168
628 1 18171
4217 4 18172
5579 4 18173
2953 2 18175
5372 4 18176
2635 2 18176
9014 2 18177
1719 5 18177
9465 5 18179
3397 2 18179
4997 2 18180
9876 1 18180
1295 5 18185
3513 1 18185
5132 4 18186
2153 2 18188
3852 2 18189
6082 5 18189
7364 4 18192
8943 5 18192
945 1 18194
8370 1 18195
3241 5 18195
3848 5 18197
3266 2 18199
4472 3 18200
6779 1 18203
9639 3 18203
9674 5 18204
6079 5 18204
5794 5 18205
5798 3 18206
7025 1 18208
7925 5 18208
9795 2 18209
3295 5 18209
1301 4 18210
9583 3 18210
2375 4 18211
6466 1 18211
5593 4 18215
1200 5 18216
8051 4 18216
5698 3 18217
4367 4 18217
2027 3 18220
9186 4 18221
481 4 18221
482 1 18223
1181 5 18225
5800 1 18226
3147 2 18227
9672 5 18228
3217 2 18230
9130 1 18230
9001 2 18231
9039 2 18231
7182 4 18232
509 3 18234
8059 4 18235
3357 4 18235
9017 3 18237
3181 4 18237
8140 5 18238
1109 5 18238
7506 4 18240
1403 5 18240
3722 4 18241
4586 2 18242
3271 3 18242
8828 4 18243
3718 4 18243
9897 2 18244
2803 1 18244
7647 3 18245
3092 3 18245
1790 2 18246
7226 3 18246
6464 4 18247
3107 5 18248
9050 5 18248
231 2 18249
6031 4 18249
7500 4 18250
628 3 18250
9907 4 18252
5493 5 18254
7574 4 18255
3406 2 18255
1737 4 18256
6657 4 18256
7246 5 18257
9671 3 18258
528 2 18258
6895 4 18259
7296 2 18259
6673 2 18260
8778 2 18260
4176 1 18264
259 4 18264
6037 5 18266
3656 2 18266
7521 2 18268
9720 1 18269
8383 5 18271
8980 1 18271
9869 3 18272
1230 3 18272
4387 3 18273
5549 2 18273
205 4 18274
7139 5 18275
3597 1 18276
281 4 18277
479 5 18279
8501 5 18279
6541 5 18280
2992 5 18281
422 2 18282
8839 1 18283
2224 3 18283
434 2 18285
305 3 18285
5932 5 18286
4844 4 18286
1214 3 18288
5305 3 18288
2176 4 18289
6311 2 18289
6418 3 18291
5467 2 18291
4826 1 18294
8986 2 18295
1909 3 18296
2320 4 18297
4985 2 18297
3428 5 18298
2863 1 18299
4316 5 18300
8339 2 18300
8206 2 18301
7964 2 18301
6762 5 18302
6220 4 18303
926 3 18304
2690 3 18304
9755 4 18305
4253 5 18305
5963 3 18306
3185 1 18306
7341 1 18308
1347 5 18309
9249 4 18310
9078 1 18310
186 3 18311
7678 3 18311
4414 3 18312
642 5 18312
8754 1 18313
4973 3 18314
834 2 18315
881 1 18315
5830 2 18317
8919 4 18319
698 2 18321
9686 5 18322
4894 2 18323
7321 1 18326
1404 3 18327
1704 5 18327
3196 5 18328
247 4 18328
5919 5 18330
998 5 18331
936 5 18332
6278 2 18332
8260 3 18334
6414 2 18334
9404 3 18335
5773 5 18335
7218 5 18337
929 2 18337
9582 2 18338
5895 2 18338
9479 3 18340
5303 3 18341
25 1 18341
5929 1 18342
4706 2 18342
4551 5 18343
3542 4 18344
709 3 18344
45 5 18346
7727 2 18347
6095 1 18348
3520 4 18348
9702 3 18349
6753 2 18349
3714 3 18350
809 1 18350
5852 1 18351
5343 5 18351
5868 4 18352
3030 3 18352
1882 5 18357
6521 5 18359
4898 4 18361
3118 4 18362
9590 2 18362
4338 1 18363
2740 3 18363
2140 3 18364
2054 3 18369
5937 4 18369
4348 4 18370
8310 5 18370
8429 3 18371
8181 4 18372
3849 1 18373
4660 5 18375
6902 2 18377
7780 1 18381
1483 2 18382
9638 4 18382
3776 2 18383
9879 3 18385
2077 4 18385
139 2 18386
8810 4 18386
4168 4 18387
2396 4 18389
2926 1 18390
5733 1 18390
9104 4 18391
356 5 18391
3338 4 18393
5583 1 18393
3104 5 18394
9712 3 18395
6464 1 18396
3494 4 18397
5252 5 18398
1051 5 18399
539 1 18401
9445 3 18401
9841 1 18404
5473 4 18404
19 1 18405
6447 3 18405
4092 4 18406
2697 5 18407
3116 3 18407
2116 1 18408
3775 4 18408
8630 5 18409
2110 4 18411
9810 3 18411
5650 4 18412
1756 1 18413
32 3 18413
9812 5 18414
3543 1 18415
4802 2 18415
4142 4 18416
777 1 18416
1305 1 18417
8526 3 18419
1897 3 18419
6860 1 18420
4292 5 18420
4293 4 18421
7460 3 18421
1836 1 18423
2963 3 18424
114 4 18425
6846 4 18426
9906 1 18426
5279 1 18427
972 1 18427
8402 5 18428
3986 3 18429
4896 2 18430
4338 4 18432
1258 1 18434
9919 1 18435
4299 1 18436
8162 2 18436
1310 4 18437
6978 5 18437
7692 1 18438
2450 3 18438
655 3 18439
6704 4 18440
547 3 18440
9514 2 18441
9692 1 18441
456 5 18443
2758 1 18443
2857 2 18444
9835 4 18445
3534 1 18445
3796 5 18447
7974 1 18447
4832 2 18448
9091 4 18448
6230 1 18450
8901 3 18450
8794 1 18451
706 5 18451
6939 5 18452
310 4 18452
9692 4 18453
7479 1 18454
4634 1 18456
3788 2 18456
8014 5 18457
3518 5 18457
4062 5 18458
8023 3 18458
7668 3 18459
3137 3 18460
8524 3 18460
1520 2 18461
4484 1 18461
2603 2 18463
3118 2 18463
4097 4 18464
989 5 18464
4835 5 18465
1272 5 18466
620 4 18470
7329 4 18471
9099 2 18472
4269 2 18473
8214 5 18475
3017 4 18475
322 2 18479
9272 5 18481
7523 1 18482
3185 2 18482
8223 3 18483
4593 5 18483
9162 5 18486
3194 4 18486
1205 5 18487
7562 3 18488
8388 2 18491
9677 2 18491
9827 2 18492
51 5 18493
5775 1 18494
1773 5 18495
6067 4 18495
6464 4 18496
375 3 18496
4931 5 18497
1246 4 18499
1038 2 18500
8306 2 18501
6689 5 18501
2417 5 18503
6748 3 18506
5962 3 18506
8886 1 18507
7931 5 18507
887 3 18508
7061 1 18508
2923 3 18510
8277 2 18510
8290 1 18511
7801 2 18511
943 1 18512
3478 2 18513
9762 4 18513
8218 5 18514
5575 3 18514
682 5 18515
6828 1 18516
7500 2 18517
5635 4 18517
8745 2 18518
6895 3 18518
1812 4 18520
8126 5 18520
5761 4 18524
7502 2 18528
350 1 18530
2203 1 18532
9359 2 18533
7982 3 18534
3431 2 18534
2030 5 18535
2865 2 18536
8970 2 18537
4333 3 18537
3523 2 18539
1848 1 18539
4629 3 18540
1961 2 18540
4622 3 18544
4521 5 18544
4330 2 18546
965 3 18547
7856 1 18547
4708 5 18548
3869 2 18549
8158 1 18550
8377 4 18550
8926 4 18551
8428 3 18552
8706 4 18552
535 3 18553
9704 1 18553
6994 2 18554
7443 2 18554
8480 1 18555
4480 5 18556
6848 2 18557
9720 3 18557
162 5 18558
5430 2 18558
4625 2 18560
2482 3 18560
6882 2 18561
9235 4 18563
7348 1 18564
206 4 18565
297 1 18566
7796 4 18567
1826 3 18567
8691 2 18569
9236 4 18569
6970 1 18571
4258 5 18571
4257 1 18572
9872 5 18572
5304 1 18574
3520 3 18574
9558 1 18575
3743 4 18575
5111 4 18576
1029 2 18577
9220 4 18577
3982 3 18578
9901 3 18579
9783 2 18579
9455 2 18583
676 2 18583
5074 4 18586
2654 4 18587
9604 1 18587
9040 2 18588
4969 2 18590
608 4 18590
378 3 18592
8840 5 18593
516 4 18594
4482 3 18594
7710 1 18595
5658 4 18595
5328 1 18596
3974 3 18596
4125 5 18598
6726 2 18598
6118 3 18600
2200 2 18600
1023 2 18602
1767 5 18602
7360 1 18603
5408 2 18604
307 3 18604
2210 3 18605
9039 2 18606
2054 5 18608
2873 2 18608
565 5 18610
867 2 18610
3735 1 18611
3807 3 18611
5464 2 18613
626 2 18613
8521 4 18615
4410 5 18616
7978 1 18616
8091 5 18617
1511 3 18618
9115 2 18619
595 1 18619
156 2 18623
4985 4 18623
2459 1 18624
1824 1 18625
7003 5 18626
5761 2 18628
5726 3 18629
3744 5 18629
8454 2 18633
976 2 18635
1307 4 18635
674 3 18640
3830 4 18640
6062 4 18641
193 1 18642
4611 2 18644
6003 5 18645
6540 4 18646
5866 4 18647
1422 2 18647
4047 2 18649
7512 2 18649
3839 4 18650
3801 1 18650
5908 1 18652
5109 1 18652
6150 5 18654
7892 2 18654
6332 5 18657
5789 4 18657
4218 1 18658
5227 1 18660
4116 2 18660
379 2 18662
9225 3 18662
9971 1 18663
5750 5 18663
1178 4 18664
5906 5 18666
9928 2 18666
739 1 18667
5596 1 18671
4324 1 18671
9195 5 18672
291 1 18672
9484 1 18674
6156 4 18675
3526 2 18675
8921 5 18676
6206 2 18676
2621 3 18679
3696 4 18679
3273 5 18680
2844 3 18680
3663 4 18681
6883 5 18682
5549 3 18682
5542 3 18683
8119 3 18685
3671 2 18685
8602 3 18686
1786 3 18686
6484 2 18687
7099 5 18688
1814 3 18688
2757 5 18689
3568 4 18692
1537 4 18692
9632 3 18694
8871 3 18694
6131 1 18695
2725 2 18698
5605 3 18699
3748 2 18699
4638 2 18701
7037 3 18702
4726 1 18704
5099 5 18705
3424 5 18705
7522 1 18708
6065 3 18708
3681 4 18709
3570 1 18710
3620 1 18711
9729 5 18711
572 2 18713
3433 2 18713
4638 4 18714
9266 1 18715
4181 5 18719
3324 3 18721
8535 5 18723
2012 5 18723
6649 3 18724
1254 3 18724
7415 2 18725
4623 5 18726
1132 4 18726
6677 4 18727
3050 3 18728
2342 3 18728
6642 2 18729
345 2 18730
2271 4 18731
8300 3 18731
174 3 18734
2826 5 18734
6781 1 18735
5594 2 18736
5090 2 18736
7934 2 18738
2652 3 18738
4639 1 18740
8363 1 18741
6352 3 18742
4585 5 18743
4391 2 18745
4341 3 18745
7695 5 18747
1428 2 18747
3928 5 18749
159 3 18749
438 4 18751
9796 5 18751
6492 3 18752
6215 4 18753
5852 5 18753
3966 5 18755
9772 2 18756
8242 5 18757
8035 2 18758
2856 1 18758
8581 5 18759
509 1 18759
7549 5 18760
3923 3 18760
4398 5 18761
7044 2 18763
1825 5 18763
6333 5 18764
7722 1 18764
5387 1 18765
807 2 18765
1879 2 18767
5156 5 18767
8414 4 18768
4478 2 18769
553 1 18769
600 4 18770
7702 2 18771
8272 4 18771
5705 5 18773
2490 2 18773
883 3 18774
8515 4 18775
9839 1 18776
2616 2 18779
1975 3 18779
7789 2 18780
9052 2 18781
8775 4 18783
5663 3 18784
2892 5 18785
3569 3 18786
4609 4 18787
5158 5 18787
8995 5 18789
5264 4 18790
6409 5 18790
583 4 18791
5354 5 18791
2129 2 18792
9084 3 18794
6214 4 18796
3367 4 18796
7030 3 18798
6218 1 18798
9793 2 18799
7676 1 18800
569 2 18801
4610 3 18802
8673 1 18806
7096 3 18806
3717 1 18807
3671 4 18808
5212 1 18808
3128 5 18810
3868 1 18814
2449 2 18814
1582 1 18815
7490 1 18815
1561 2 18818
34 3 18819
4261 5 18819
6544 3 18821
4961 5 18827
4385 5 18828
6107 2 18828
1825 1 18829
6227 5 18829
3697 1 18830
7017 2 18831
7495 3 18832
3666 1 18834
9783 4 18835
6917 2 18835
5724 5 18836
6128 4 18836
5774 1 18838
580 3 18838
8175 1 18839
5603 1 18840
6329 2 18840
1306 2 18841
6504 4 18844
8834 3 18845
174 4 18845
6364 5 18847
1051 5 18847
2828 5 18848
8393 3 18848
181 3 18849
4714 4 18850
7855 3 18852
2205 1 18853
3097 4 18854
7244 5 18854
9303 1 18855
362 1 18856
9930 1 18856
135 3 18857
1221 2 18858
7595 3 18859
6298 4 18859
1541 3 18860
1533 4 18861
9074 5 18862
873 4 18864
2016 5 18865
8519 3 18866
1003 4 18866
7504 4 18867
7734 2 18868
7680 4 18868
8669 1 18870
2075 3 18870
8260 5 18871
5467 4 18871
7887 2 18872
7488 4 18872
3649 2 18873
301 2 18873
1638 1 18874
8356 5 18878
8626 2 18878
1273 3 18880
6649 3 18880
4485 1 18882
3522 5 18882
8058 1 18884
7171 2 18884
4812 1 18886
8923 5 18888
8694 2 18889
4001 3 18889
504 1 18891
5133 3 18891
8865 4 18893
7465 1 18894
7811 4 18894
2672 3 18895
8762 3 18895
6828 2 18896
2217 1 18896
3197 2 18898
3241 1 18898
4849 4 18899
7887 1 18902
5769 2 18902
4449 1 18903
5674 3 18903
4108 4 18907
9741 1 18909
1781 1 18909
9533 4 18910
3780 5 18914
420 3 18915
107 1 18915
6940 1 18916
621 3 18917
384 2 18917
6042 4 18918
3184 3 18918
6155 1 18919
7914 1 18921
4758 2 18921
9434 4 18922
9468 4 18922
2531 1 18924
6303 4 18925
8715 2 18925
720 4 18926
447 5 18930
8084 5 18930
2122 3 18934
9153 5 18937
2069 5 18937
3496 5 18938
1740 2 18938
9419 2 18940
8903 3 18940
2709 5 18942
9120 3 18942
4203 2 18943
2769 4 18943
5149 1 18944
4628 2 18944
9188 2 18946
7563 3 18947
6684 2 18947
6890 1 18948
9391 2 18948
5644 5 18950
5948 3 18951
3512 3 18954
2555 5 18954
1083 3 18955
4272 5 18955
1520 3 18956
8037 1 18956
1442 5 18957
9844 4 18958
8216 4 18959
6110 5 18959
4622 4 18962
5550 1 18964
1335 5 18964
6452 5 18969
2702 3 18969
4945 3 18970
5790 3 18971
9453 3 18972
9773 2 18972
2127 3 18975
7792 1 18977
3817 2 18977
6170 2 18978
1838 1 18979
8670 3 18979
4054 3 18981
4441 4 18982
5734 4 18982
2533 2 18983
7549 3 18983
4169 5 18984
512 2 18985
3555 5 18985
4297 2 18986
2622 1 18986
5498 2 18987
4144 2 18987
3699 4 18988
5453 2 18988
4795 1 18989
5384 4 18989
8376 5 18990
6149 5 18990
9128 5 18991
17 1 18991
8208 3 18992
5810 4 18993
3559 5 18994
6956 4 18994
851 5 18995
618 4 18996
6133 2 18998
157 4 18998
5223 1 18999
2643 5 19000
3389 3 19000
6062 3 19001
3197 3 19001
9220 2 19002
2910 1 19002
7858 3 19004
7687 4 19005
3590 1 19005
3135 1 19006
2283 2 19007
6484 3 19009
2102 5 19009
1956 2 19011
4864 5 19012
3996 2 19013
1800 1 19014
6618 4 19014
2050 1 19015
1995 4 19016
6187 3 19016
5625 2 19017
9497 1 19019
7296 4 19019
1558 1 19021
3288 3 19024
7145 1 19024
8462 1 19027
535 5 19028
9211 5 19028
5740 1 19029
8701 4 19030
284 5 19030
9661 2 19033
3301 5 19034
8089 2 19035
1511 4 19036
5512 3 19036
5529 3 19037
8719 3 19037
6725 3 19038
9581 2 19039
2933 4 19039
3677 4 19041
111 1 19042
268 5 19042
1836 2 19046
2247 4 19046
95 1 19047
1451 2 19048
328 2 19049
4840 2 19050
3598 1 19051
1224 2 19051
3178 4 19053
1340 1 19053
9989 3 19054
1659 3 19056
5710 3 19056
4251 2 19057
2358 4 19059
4151 1 19059
426 3 19061
4677 1 19061
7998 4 19063
8553 3 19063
2163 5 19065
9028 5 19067
8449 5 19068
7038 5 19068
743 3 19069
4195 4 19070
8702 3 19071
2157 3 19073
8362 4 19073
3787 3 19074
1959 4 19074
671 3 19076
6968 3 19077
5647 5 19077
6258 5 19078
2737 1 19080
2138 3 19080
1674 4 19081
6382 2 19082
2978 2 19083
8679 3 19084
8711 2 19085
3480 3 19086
4367 4 19086
422 3 19087
8359 3 19087
9916 1 19089
621 1 19091
5666 3 19091
7130 5 19092
3946 3 19093
7136 5 19093
2159 5 19094
1271 5 19094
180 3 19097
5558 3 19097
3967 5 19099
6016 2 19100
1139 3 19100
9600 5 19101
6768 2 19101
3886 2 19103
5921 4 19105
9227 5 19106
2376 1 19106
99 4 19107
9748 2 19107
9897 3 19110
8157 3 19110
6691 5 19111
8189 2 19111
9310 5 19115
3853 1 19115
4929 3 19116
4026 4 19117
944 3 19118
2185 5 19119
9633 3 19123
3358 5 19123
2544 2 19126
4466 5 19126
9216 1 19129
446 4 19129
9299 1 19131
8982 2 19132
918 4 19133
4250 4 19134
3219 3 19134
2034 2 19135
9869 3 19135
748 4 19136
8335 2 19136
8141 2 19137
4031 3 19137
3892 4 19138
6956 5 19138
50 1 19139
2091 2 19139
2878 2 19141
2490 3 19141
8947 4 19142
6291 3 19142
688 2 19143
2640 3 19146
7021 5 19146
5824 4 19148
7882 5 19148
2173 4 19150
736 5 19150
7439 1 19152
5325 2 19152
3918 2 19153
8680 2 19154
9658 1 19154
9441 1 19156
9672 5 19157
7200 3 19157
1705 4 19159
7574 4 19160
2410 2 19161
54 1 19162
5230 3 19164
6313 2 19167
904 3 19168
8114 4 19168
4498 5 19169
6735 5 19169
7991 3 19173
5174 4 19176
6648 5 19177
1073 2 19177
2759 4 19178
163 4 19179
1904 1 19179
124 1 19181
4505 3 19182
8950 1 19182
9918 4 19184
1991 5 19185
4112 1 19188
1424 1 19189
760 2 19189
6143 4 19190
7840 2 19191
3441 2 19191
4812 2 19192
6233 3 19193
2944 3 19194
6706 4 19194
9815 3 19196
8155 4 19197
6005 5 19197
6992 2 19198
3419 4 19199
1289 4 19199
9219 1 19200
4920 1 19201
4830 3 19202
5888 5 19203
144 1 19203
6619 4 19205
7446 4 19205
4685 4 19206
7264 4 19210
7030 3 19213
1608 2 19213
2895 2 19214
7766 2 19216
7433 1 19217
7943 3 19217
8586 1 19218
8169 3 19218
12 5 19219
4695 4 19220
1947 5 19220
8634 4 19221
2392 2 19222
9510 1 19222
8911 5 19223
3238 3 19226
5361 5 19226
9623 3 19228
3515 5 19228
626 3 19229
3925 2 19230
7650 5 19232
57 1 19232
1065 2 19234
9499 4 19234
982 1 19237
5422 2 19237
8053 3 19238
9734 5 19238
4881 3 19239
892 4 19240
8100 3 19240
8113 4 19241
93 4 19241
6776 2 19242
4891 3 19242
5249 3 19244
7406 5 19246
1027 3 19246
6879 5 19247
2010 1 19247
5899 5 19252
5964 5 19252
8519 5 19255
7917 4 19255
8626 5 19258
5504 1 19259
8695 3 19260
6681 4 19261
7830 5 19262
3585 3 19263
3079 3 19263
7155 2 19264
7878 3 19265
3854 1 19266
2711 2 19267
9561 1 19267
9291 1 19268
6728 4 19269
4018 4 19270
485 4 19271
3065 5 19271
3661 4 19272
3018 3 19273
7092 2 19276
1934 2 19276
1762 5 19278
6963 3 19280
8376 1 19281
4064 3 19281
7973 1 19284
7404 3 19285
6732 5 19285
3823 2 19286
4867 1 19287
6204 5 19288
194 5 19288
4774 3 19289
6580 5 19292
6899 5 19292
2054 1 19294
6599 1 19294
4216 3 19295
9128 5 19296
9065 3 19296
1721 3 19297
8704 5 19297
751 5 19298
5458 5 19300
4286 1 19301
2747 2 19301
7424 4 19303
485 1 19303
4967 4 19305
2493 1 19307
2392 3 19308
6133 2 19309
5234 1 19310
389 2 19310
7340 1 19311
8177 4 19312
2792 5 19313
3532 3 19315
9529 1 19318
9579 3 19318
708 2 19319
1538 2 19319
9327 5 19320
5922 3 19321
4003 1 19322
5764 4 19322
319 3 19325
2486 4 19327
3600 5 19327
2223 3 19328
6922 1 19328
9573 5 19331
1793 3 19331
7194 3 19333
5073 2 19333
1229 5 19335
3932 3 19336
1203 4 19336
2113 4 19337
1665 4 19337
9190 1 19338
5823 3 19338
7779 5 19343
9134 3 19343
6470 3 19344
1857 4 19345
1034 3 19346
4587 4 19347
3072 2 19347
6217 1 19349
26 2 19349
7788 1 19350
6092 4 19353
7022 1 19354
745 5 19356
2064 3 19356
3795 5 19358
3671 2 19358
317 5 19359
2448 4 19360
6869 2 19360
36 3 19362
4823 5 19365
2362 5 19365
5024 3 19366
6668 1 19366
9673 2 19367
7481 4 19369
2163 3 19370
3659 1 19370
2317 2 19373
6005 2 19373
5185 5 19375
8742 3 19375
5056 3 19377
753 1 19377
6411 3 19378
8423 3 19379
2212 5 19380
1135 4 19380
9077 5 19381
9108 5 19381
2856 1 19382
7570 4 19382
8465 5 19383
7850 3 19384
8866 4 19384
7653 2 19387
3854 5 19387
1811 2 19388
9488 3 19388
1601 3 19389
1680 2 19389
9122 3 19391
4189 2 19391
734 5 19393
2268 2 19393
975 5 19396
2372 4 19396
3263 4 19397
4299 2 19397
4525 4 19398
6602 5 19399
9072 4 19400
9982 5 19400
9606 1 19401
3710 2 19403
7836 5 19405
6677 5 19406
9612 1 19407
4611 2 19409
6038 5 19409
7219 4 19410
554 2 19411
6675 1 19411
4861 5 19413
4933 5 19414
5020 3 19416
1328 4 19417
8508 2 19419
6810 5 19419
1097 5 19420
1589 4 19420
3561 3 19422
3833 4 19422
7759 3 19424
876 3 19424
4544 5 19425
4235 2 19425
4104 4 19428
7470 3 19428
8414 2 19431
1739 5 19431
2957 5 19432
1885 4 19432
5735 2 19433
663 2 19433
2387 2 19434
6395 2 19434
991 3 19435
6156 4 19436
1583 2 19436
419 3 19437
1468 4 19438
6423 2 19440
4195 1 19441
7072 1 19442
6055 4 19442
8870 3 19444
193 4 19445
7199 1 19445
1479 4 19447
9271 2 19448
2162 5 19450
2503 4 19452
7266 3 19452
4464 4 19454
5222 4 19454
158 2 19455
4599 4 19455
4596 2 19456
7751 4 19457
1565 2 19458
2964 3 19458
8425 2 19460
5313 5 19460
3216 4 19461
8782 5 19461
581 2 19462
9320 3 19462
4107 3 19465
2486 2 19465
6300 3 19466
1055 4 19468
5325 5 19468
1317 5 19469
3480 5 19469
505 1 19470
8824 1 19470
296 3 19471
2724 1 19471
7078 4 19472
2602 2 19472
3506 3 19473
6623 3 19474
9882 2 19475
8581 4 19475
1865 4 19476
2885 5 19476
2681 3 19477
8119 4 19477
2964 2 19478
5801 2 19480
5252 3 19481
4740 1 19481
3349 5 19483
693 1 19483
4257 3 19484
3342 1 19485
6439 4 19485
4834 4 19486
9728 4 19486
6150 5 19487
4769 4 19488
2484 4 19488
494 2 19489
5756 1 19489
1529 2 19492
4369 4 19493
4638 1 19493
4454 4 19494
5728 3 19495
7235 3 19496
8263 5 19497
7393 4 19497
4377 3 19498
8928 4 19499
5427 2 19499
6873 3 19500
8393 3 19500
8013 1 19501
2741 5 19502
2477 3 19502
214 4 19503
448 1 19504
3452 1 19505
2884 3 19506
1574 3 19507
8887 4 19507
5852 5 19508
5377 3 19510
334 2 19511
8396 2 19511
7476 1 19512
3387 3 19513
9783 5 19514
5076 3 19514
4790 1 19515
7389 2 19517
1172 5 19517
3861 5 19520
8618 1 19520
9700 5 19521
3795 3 19522
4310 4 19524
5559 3 19525
997 5 19528
120 3 19528
1911 4 19529
3088 4 19529
9271 5 19530
5570 3 19530
6860 5 19531
8963 3 19531
9808 3 19533
7141 2 19535
4656 3 19535
4574 1 19537
2526 5 19537
7696 4 19538
4232 2 19538
3595 5 19539
3688 2 19539
8352 1 19541
6750 3 19542
2712 4 19542
1352 1 19543
7621 3 19543
9925 3 19544
2251 5 19545
208 1 19546
6230 5 19546
5261 4 19547
2902 2 19547
6849 4 19549
4170 4 19552
5287 1 19552
1982 5 19553
3808 5 19553
7131 3 19554
3084 5 19559
107 5 19564
5118 3 19565
575 5 19565
8239 4 19566
1472 3 19566
3113 4 19569
4483 3 19571
2201 5 19571
2405 4 19573
7203 5 19574
9791 4 19574
1447 3 19575
3271 5 19578
7343 4 19578
8733 2 19580
5451 2 19580
8027 3 19581
5027 5 19582
2118 3 19582
2141 1 19583
2096 4 19583
6214 1 19584
9422 4 19585
8800 3 19588
7404 3 19588
1878 5 19589
3920 1 19591
6046 3 19592
1906 2 19592
76 4 19594
9959 1 19596
4329 5 19597
3539 3 19598
6834 2 19599
1652 2 19599
5555 4 19600
5876 1 19602
3493 3 19602
6267 2 19603
2445 4 19603
9403 5 19605
1113 2 19606
1739 3 19606
5416 5 19607
2854 5 19608
2063 4 19608
6954 4 19609
1306 4 19609
9125 2 19610
7963 5 19611
3375 4 19612
2312 2 19612
6252 2 19614
8650 3 19617
9646 2 19617
5030 5 19619
8152 3 19619
6733 2 19621
9901 5 19621
8146 1 19622
8062 2 19622
1050 5 19623
7406 3 19623
3013 3 19628
5655 2 19628
1528 4 19629
2977 1 19630
1204 3 19631
3742 2 19631
6833 3 19632
9154 3 19634
266 5 19634
9538 2 19635
1427 2 19635
5041 2 19636
9843 4 19636
3448 1 19639
7384 5 19639
6575 3 19640
9262 2 19640
3063 2 19641
6891 1 19645
8440 2 19645
1683 1 19647
6478 3 19647
7560 1 19649
4662 5 19652
8594 3 19652
7935 5 19653
8716 4 19653
5952 2 19655
8635 5 19657
7221 4 19658
2308 1 19658
2221 4 19662
2920 1 19663
3061 4 19665
3657 5 19667
5118 5 19667
464 3 19668
4630 5 19668
1507 5 19672
5339 3 19673
4308 2 19673
1179 2 19674
6834 3 19675
9311 4 19675
4193 3 19676
5818 4 19676
5205 2 19677
2410 5 19677
4842 2 19679
4565 1 19680
4557 2 19681
5788 5 19681
4709 3 19682
4923 1 19682
4824 5 19683
9267 1 19686
7195 5 19688
1239 4 19689
2658 2 19694
9351 1 19694
9088 5 19695
1289 1 19695
1382 5 19696
2673 5 19696
4816 4 19697
5859 5 19697
6946 1 19698
6621 2 19700
6428 4 19700
9968 3 19702
6690 5 19702
8311 1 19703
3437 4 19705
4447 5 19705
1188 4 19706
2901 3 19707
3218 5 19707
7636 4 19708
3097 5 19708
4926 2 19711
5331 1 19711
6919 2 19712
7513 3 19713
8671 3 19713
1577 4 19714
8935 3 19717
6624 3 19718
2410 3 19719
9651 4 19720
1579 1 19723
3734 3 19724
497 1 19724
4752 5 19725
8611 3 19725
4411 2 19726
567 5 19726
4517 2 19727
12 4 19732
9964 3 19732
3454 1 19733
2869 5 19735
1223 3 19737
9524 1 19737
4630 2 19738
4565 3 19738
9405 5 19739
7315 2 19740
7558 4 19740
5231 2 19741
6312 2 19741
2306 3 19742
8940 2 19742
1829 2 19743
191 5 19743
643 1 19744
2775 4 19744
9303 3 19746
8009 1 19747
1865 5 19752
4058 5 19755
6409 5 19755
700 3 19757
9838 3 19758
9197 1 19758
2789 4 19760
8268 5 19760
5110 5 19761
8075 4 19761
5830 3 19764
5265 5 19764
5648 5 19765
4901 5 19767
1580 2 19768
5927 2 19768
9140 3 19770
2172 4 19770
9468 3 19771
8972 1 19771
6463 1 19772
8416 2 19774
332 2 19775
1235 4 19777
4181 1 19778
406 4 19780
4945 3 19781
2373 4 19781
7710 5 19783
1637 5 19785
7452 1 19785
6793 2 19786
4369 3 19787
6806 2 19787
2019 2 19788
2142 4 19789
4771 5 19789
8100 2 19790
5543 3 19795
6478 2 19795
7306 2 19796
1335 3 19797
1872 1 19798
7251 5 19798
5617 1 19799
4569 5 19800
9733 2 19800
9394 5 19803
3442 4 19805
9604 3 19805
7552 2 19806
2936 1 19808
7753 5 19809
8590 3 19809
7509 4 19810
4783 4 19810
1664 4 19813
5254 3 19813
8503 2 19814
7162 2 19815
3030 2 19817
9132 1 19817
2836 3 19820
4853 3 19821
2123 5 19821
7012 1 19822
2308 4 19825
2860 3 19826
6891 4 19826
9768 1 19827
5220 5 19828
6995 4 19829
4488 5 19831
2379 2 19831
5426 3 19832
7985 4 19833
8021 1 19835
7334 1 19835
3436 2 19838
9329 1 19839
7706 2 19839
5459 4 19840
3554 3 19842
4739 4 19842
4210 2 19844
169 3 19844
2694 5 19845
3384 2 19845
7109 5 19846
2086 1 19847
1232 3 19847
2096 3 19848
9771 1 19848
7988 5 19849
4886 4 19850
3072 4 19850
5012 2 19851
5848 1 19852
8557 5 19852
5896 2 19854
4012 4 19854
7933 1 19855
7622 1 19856
9713 4 19858
4212 4 19859
2573 3 19860
7104 5 19864
4278 4 19865
3601 1 19866
8719 5 19868
1811 1 19868
9631 1 19869
7172 4 19869
4471 4 19872
4906 1 19873
5443 1 19873
7635 1 19874
5864 3 19875
9438 2 19878
1466 2 19879
7061 3 19880
2607 2 19882
6336 3 19883
3096 1 19883
126 1 19884
8200 4 19884
345 1 19886
7827 3 19886
4007 1 19888
8586 1 19889
5529 4 19892
8940 4 19892
5263 2 19893
2310 1 19893
7956 1 19898
1794 1 19898
2583 2 19899
1882 3 19900
6179 1 19900
2269 5 19905
6720 3 19905
8404 5 19906
6477 4 19908
3384 4 19908
6261 4 19909
3495 4 19910
5990 2 19910
721 1 19911
6124 4 19911
1754 1 19914
2994 2 19915
9939 5 19915
4249 2 19916
5281 4 19917
3526 1 19917
1905 3 19918
8578 4 19919
7518 4 19920
8436 2 19920
8443 4 19922
5289 5 19922
7799 5 19923
3823 5 19924
8772 4 19924
7583 3 19927
9504 2 19927
1105 4 19928
4425 2 19929
7678 5 19931
7326 3 19931
845 5 19933
5263 5 19933
9018 3 19934
2615 1 19934
4543 4 19935
9404 1 19935
1770 4 19936
9448 2 19936
1472 4 19939
5168 1 19939
5664 4 19943
8212 2 19943
8610 1 19944
3041 3 19944
1157 1 19945
5820 5 19945
5228 3 19947
7403 2 19948
7467 2 19948
7959 4 19950
7899 2 19953
5612 2 19954
2689 2 19955
9432 3 19956
4111 1 19957
823 3 19958
8440 2 19958
4457 3 19959
6394 3 19960
9109 1 19962
6441 2 19963
5227 2 19964
6354 5 19964
5613 2 19965
9438 2 19967
5419 5 19967
4613 5 19968
7653 5 19970
1867 5 19970
1482 1 19973
8184 2 19974
7552 1 19974
9412 2 19976
2585 1 19977
1004 3 19977
6546 2 19979
8230 4 19979
4941 5 19980
9423 5 19984
1685 2 19985
5031 4 19987
8067 3 19988
871 3 19988
4761 5 19991
6262 5 19991
3102 2 19992
3474 5 19992
9840 2 19994
275 5 19996
6565 3 19997
7307 1 19999
2560 1 20003
4094 1 20004
1967 5 20004
3161 5 20005
5289 3 20005
8798 5 20006
3918 2 20007
1665 3 20007
9506 2 20008
8387 2 20008
1048 5 20010
4692 4 20010
607 2 20011
6395 3 20011
5926 5 20012
8370 1 20012
439 2 20014
1721 3 20015
6076 4 20016
927 3 20016
5697 1 20017
9607 5 20017
8105 3 20018
8652 2 20019
7390 3 20020
7096 3 20022
8943 2 20022
5451 2 20025
1391 3 20029
5706 4 20030
5669 1 20030
9697 2 20032
1486 3 20034
398 5 20038
8048 5 20039
1458 3 20041
1925 2 20042
3984 2 20042
146 1 20043
9924 3 20045
8933 5 20045
5323 5 20047
6253 1 20047
2668 1 20050
6331 1 20051
5700 4 20051
6728 3 20053
8901 3 20054
6413 1 20054
515 2 20055
9089 5 20055
5483 3 20056
1728 4 20059
6587 3 20059
8860 1 20060
8181 2 20061
7099 4 20062
4607 3 20063
1736 1 20063
835 3 20064
9334 4 20064
3004 1 20066
6296 3 20066
9220 2 20067
5024 2 20068
4373 3 20068
4671 4 20069
7281 3 20069
4986 4 20070
4537 1 20071
9791 2 20073
541 2 20074
2717 3 20075
2065 2 20075
6819 5 20078
8818 2 20079
9985 1 20079
5739 1 20080
7042 2 20080
3866 2 20081
2530 1 20082
5032 4 20085
2152 1 20085
6724 3 20086
6588 1 20088
2955 1 20089
5046 5 20090
5006 1 20091
8178 5 20091
8424 3 20092
3991 3 20093
1017 1 20093
9093 5 20094
9351 2 20095
5107 4 20098
2520 4 20098
7889 5 20105
6923 4 20108
739 5 20109
2720 4 20110
3047 4 20110
3408 5 20111
3259 4 20111
2015 1 20112
9814 5 20113
8250 5 20114
8631 1 20116
1376 1 20116
4012 5 20118
6193 5 20119
7489 4 20119
4794 3 20121
8877 4 20121
3661 1 20124
3699 2 20128
6907 1 20128
8222 3 20129
8219 4 20130
9971 2 20132
9371 3 20134
6602 1 20135
8809 1 20135
1966 3 20136
5579 3 20138
8098 4 20139
884 3 20139
5636 3 20140
5520 4 20141
1159 3 20141
5339 2 20142
1339 1 20143
4161 3 20143
8101 4 20144
5080 3 20144
5551 3 20145
4501 1 20145
1435 5 20146
7536 2 20147
7834 5 20147
1861 1 20148
9198 3 20148
5921 5 20150
8191 4 20150
6228 1 20151
5908 1 20152
8768 2 20152
4681 3 20153
7463 3 20153
4979 5 20154
5512 5 20154
1565 2 20155
830 4 20157
9893 1 20159
2739 2 20160
5498 5 20160
8692 5 20162
8124 3 20163
3644 3 20163
3341 5 20164
4003 4 20164
9326 2 20166
5045 1 20167
7963 5 20168
2689 4 20169
3331 4 20172
9587 5 20174
5869 1 20174
5494 3 20175
7911 5 20176
108 5 20176
1607 3 20177
9558 4 20177
8207 5 20179
4247 2 20179
6413 1 20180
3272 4 20181
7688 2 20182
8119 5 20183
9809 1 20183
5678 2 20184
5092 2 20184
6628 3 20185
5518 4 20185
3739 2 20187
9485 2 20187
3384 3 20189
6602 3 20192
6284 2 20194
8565 2 20194
9682 3 20195
5409 5 20196
3074 5 20196
1569 4 20197
8722 5 20197
689 5 20199
4109 4 20199
7021 3 20200
4804 5 20202
6392 5 20206
5818 3 20207
240 4 20207
4006 2 20208
4314 2 20213
9096 1 20213
643 2 20214
799 5 20216
7038 4 20217
8964 3 20219
2429 2 20220
3217 2 20221
9852 2 20222
3622 2 20223
7448 5 20224
461 5 20226
4771 4 20227
3539 1 20229
3501 5 20229
2272 3 20230
8887 2 20230
1063 2 20231
4263 4 20231
9509 2 20234
9711 1 20234
4890 5 20235
4538 4 20235
346 1 20237
9927 2 20237
9583 5 20238
1869 2 20238
2718 2 20239
1300 4 20240
4431 4 20240
2473 4 20241
7497 2 20242
7085 2 20243
7766 4 20243
3214 5 20244
2801 5 20245
8455 4 20245
6636 1 20246
3976 1 20247
6434 1 20248
2124 4 20250
8369 3 20252
4502 2 20252
4021 4 20254
2819 5 20255
1150 2 20256
235 1 20256
9739 5 20258
3547 4 20258
8755 2 20261
451 5 20262
234 5 20266
4118 1 20267
8421 2 20267
7369 2 20271
6027 1 20272
9553 4 20272
3354 4 20273
6662 4 20273
244 1 20276
6653 3 20277
9733 3 20277
5675 4 20278
8257 4 20280
8122 3 20283
9905 4 20286
5465 5 20288
2136 2 20289
4153 5 20289
4172 4 20290
7830 5 20291
7679 5 20291
7992 5 20292
1806 5 20292
6359 2 20295
8738 3 20295
4015 1 20296
8050 4 20296
330 2 20299
2521 4 20301
231 4 20301
157 2 20302
3842 3 20306
5660 1 20307
6701 1 20307
5990 1 20310
852 1 20311
2056 1 20311
4237 2 20313
6888 1 20313
4675 3 20314
3369 2 20314
5835 1 20316
6482 2 20316
281 4 20318
9471 5 20319
2066 4 20321
6930 4 20322
9571 3 20323
3658 5 20323
3683 4 20324
8622 1 20324
2995 5 20325
9016 1 20325
7663 2 20326
6099 5 20327
6053 5 20327
1008 4 20329
9597 1 20329
1414 4 20331
9550 3 20332
306 1 20334
7885 1 20334
3732 2 20335
9633 4 20340
707 3 20343
7687 4 20343
290 1 20344
1899 4 20346
9313 2 20347
1894 4 20349
5094 1 20349
8924 1 20351
5412 1 20351
6688 4 20352
3462 1 20353
8779 4 20353
7453 2 20355
3 5 20356
6120 5 20356
4885 3 20358
5822 1 20358
6923 2 20359
5098 1 20359
4058 2 20362
9905 1 20365
7520 3 20365
1506 1 20366
1674 4 20368
1022 4 20368
4960 3 20370
1434 4 20373
5798 1 20373
5941 4 20374
9640 5 20376
9079 1 20377
9580 5 20378
9685 3 20378
9382 2 20379
858 3 20379
4649 2 20382
6603 5 20384
3993 1 20385
4901 5 20387
7045 2 20387
2802 3 20388
8788 4 20388
7207 4 20389
7969 1 20390
2444 2 20390
6459 5 20391
1373 3 20396
735 1 20396
5511 1 20398
6502 2 20399
7682 3 20399
6525 2 20400
5550 5 20400
9392 5 20402
9860 5 20402
8338 2 20404
8013 1 20405
721 4 20407
710 2 20408
4415 4 20409
6347 4 20409
7382 1 20410
2838 3 20410
8719 5 20411
5567 2 20412
5096 5 20412
821 3 20413
3746 4 20413
2001 5 20414
1352 2 20415
4035 1 20415
5662 2 20416
7436 3 20417
528 1 20419
7646 5 20419
9109 5 20420
911 5 20421
486 2 20425
6630 1 20427
3171 3 20427
1123 2 20428
8178 1 20429
1250 1 20430
2125 5 20430
2808 2 20432
3036 1 20432
6971 4 20434
1973 4 20434
9703 3 20435
7385 4 20436
1029 1 20436
3950 4 20437
5535 2 20438
9084 5 20438
9619 4 20439
843 2 20440
2856 2 20440
510 4 20441
8755 2 20441
1513 1 20443
6804 1 20443
6352 5 20444
8055 1 20444
5730 5 20445
1546 1 20446
4869 3 20446
4898 5 20448
1386 3 20450
226 4 20451
9915 1 20451
7507 2 20452
3910 1 20453
4804 4 20453
1247 5 20454
144 4 20454
3827 1 20455
8211 3 20455
6175 4 20456
4542 1 20456
7822 1 20457
6038 5 20459
3326 2 20459
8910 1 20460
6369 1 20460
829 1 20461
2496 2 20462
8147 4 20463
4212 2 20463
2873 5 20464
6550 2 20467
6958 3 20467
5940 4 20468
2025 2 20471
9893 3 20475
8307 2 20475
2364 3 20478
7357 5 20479
3290 4 20480
541 1 20480
8707 5 20481
2617 3 20481
1043 1 20484
273 1 20487
1166 1 20487
1887 2 20488
855 4 20489
8414 5 20491
1568 4 20491
9894 4 20492
9027 1 20493
2999 4 20493
6331 2 20494
7454 4 20494
2340 1 20496
8357 5 20497
3524 2 20497
5581 2 20499
5047 2 20501
751 5 20501
8593 5 20502
5650 2 20503
1812 1 20504
7713 2 20505
9867 2 20506
6411 1 20506
6976 3 20507
5558 5 20507
2964 5 20508
264 5 20508
4197 3 20509
7482 1 20510
5597 1 20510
8962 3 20511
7072 4 20512
1503 1 20512
769 3 20513
4389 2 20513
7048 4 20514
6121 3 20516
3960 2 20516
934 3 20518
4829 1 20519
4348 2 20519
5300 1 20520
3724 2 20521
8633 1 20522
3012 5 20523
497 2 20523
1099 2 20524
7229 5 20526
8540 3 20526
6351 1 20527
1624 4 20529
1211 2 20529
4103 3 20533
8750 2 20533
681 4 20538
6722 5 20538
3876 3 20540
3941 3 20542
4744 4 20543
2285 2 20543
8132 5 20545
4855 1 20546
7584 1 20546
7128 2 20547
8854 5 20552
4730 5 20553
6802 1 20553
6156 4 20555
8831 4 20557
6510 1 20557
262 1 20558
1390 1 20561
4015 5 20561
100 2 20563
8956 1 20563
2797 1 20565
6268 4 20567
7582 2 20569
939 1 20571
5200 2 20571
6651 4 20572
4303 2 20572
667 2 20573
6722 1 20575
9031 3 20576
9681 4 20577
6751 5 20577
5169 4 20578
7571 5 20578
8468 1 20579
4616 1 20579
337 2 20580
4016 5 20580
9017 5 20582
6071 2 20582
4909 4 20583
5645 4 20583
8457 2 20584
1763 2 20585
8262 3 20588
3611 1 20588
1627 5 20589
8532 4 20589
2118 4 20590
1508 1 20591
6074 5 20591
3703 2 20592
3925 5 20592
8371 3 20595
8174 4 20596
2521 5 20596
9486 2 20597
6841 2 20598
7079 2 20600
4497 2 20602
5581 3 20603
7262 3 20604
9705 3 20604
2807 5 20605
1545 5 20607
7706 2 20608
6366 5 20608
6396 3 20609
147 3 20611
2284 4 20612
2135 4 20613
880 5 20614
2908 4 20614
8353 3 20615
5910 5 20615
8386 5 20617
8525 3 20618
273 5 20619
8690 3 20620
8491 5 20620
6529 5 20622
7148 2 20622
6071 1 20623
3808 2 20624
1002 4 20626
8851 4 20627
5968 3 20628
8358 3 20628
514 2 20629
4214 3 20631
2357 4 20633
8564 1 20633
9898 5 20634
9089 2 20635
403 1 20638
4315 4 20639
9016 1 20639
8905 1 20641
5494 4 20642
8454 1 20642
106 5 20643
3557 1 20645
8827 4 20645
8688 3 20647
7533 4 20648
2895 5 20648
6836 3 20649
8088 1 20650
6614 3 20651
8419 3 20652
3870 2 20652
7061 5 20653
640 3 20653
3105 5 20655
5677 4 20656
7681 4 20656
81 2 20657
5915 1 20659
7695 2 20659
1892 5 20660
5747 4 20660
6608 1 20663
9414 1 20665
1955 3 20665
7361 2 20667
9448 1 20668
494 1 20668
7948 3 20669
4731 2 20670
8835 2 20675
5999 5 20675
7228 5 20676
2014 2 20676
9636 3 20678
6613 5 20681
6754 2 20682
5178 4 20683
8612 5 20683
6910 2 20687
6862 5 20687
7804 3 20688
1992 3 20688
2840 5 20689
9027 5 20690
9096 2 20690
1838 3 20691
9564 3 20693
5333 3 20695
9463 4 20695
1771 2 20696
8764 3 20697
7581 5 20697
5102 5 20698
1857 4 20698
842 3 20699
2792 1 20699
2079 4 20701
97 1 20701
2660 4 20703
853 5 20703
5501 3 20705
6929 5 20705
2266 4 20706
2000 1 20707
7874 3 20708
3168 1 20708
6334 4 20711
938 1 20711
6332 5 20712
3792 2 20713
778 5 20714
3819 3 20714
182 3 20717
8203 5 20720
6579 4 20722
78 4 20723
1225 3 20724
9176 3 20726
164 1 20726
2444 5 20729
174 4 20729
6029 2 20732
750 1 20734
1914 2 20734
4369 4 20735
8189 4 20735
1561 1 20737
6084 2 20738
7457 5 20739
4042 5 20741
1902 4 20741
5710 3 20742
3476 4 20742
9021 2 20744
8193 5 20747
5545 4 20749
3333 3 20749
1063 1 20750
7082 4 20752
441 5 20752
6497 1 20754
8917 3 20754
9977 2 20756
1792 1 20756
4243 1 20759
7788 4 20760
2228 2 20760
2865 1 20762
2043 5 20765
6485 2 20765
1056 1 20769
6121 4 20769
4668 1 20770
4159 1 20771
3377 1 20771
7665 1 20772
370 5 20772
9467 3 20773
5317 5 20774
4111 3 20775
2243 4 20779
668 1 20780
6892 5 20781
2573 1 20781
5965 4 20783
6806 5 20783
9375 1 20784
6783 4 20784
6683 2 20785
6726 4 20787
1640 2 20788
3329 4 20788
5842 5 20789
1024 4 20790
7624 5 20794
7487 4 20794
229 2 20796
5687 5 20797
4598 1 20797
5044 3 20798
2959 2 20798
1612 3 20799
351 5 20801
2434 5 20801
7832 4 20803
7904 3 20804
7091 2 20805
2417 1 20805
945 3 20806
1946 5 20808
4404 4 20808
6727 4 20812
2218 2 20813
731 5 20815
2385 3 20816
2220 5 20816
6725 4 20819
1799 1 20819
4400 3 20820
557 3 20821
2839 1 20821
5811 1 20825
5187 4 20825
6593 4 20826
1828 3 20829
9461 5 20829
4264 4 20830
4161 1 20831
9153 4 20832
1153 5 20832
780 2 20833
4997 1 20834
1176 1 20835
9684 4 20836
8929 5 20836
4893 4 20838
9251 1 20838
5079 1 20840
6767 2 20840
3192 2 20843
9555 2 20846
2600 2 20847
9610 2 20848
9091 2 20849
1623 2 20849
128 2 20850
7298 1 20851
492 5 20852
1598 5 20852
5408 3 20853
7701 1 20854
3934 4 20854
3738 4 20859
8821 1 20859
2921 4 20860
7429 5 20862
7958 4 20863
4474 4 20864
7226 5 20864
6863 3 20865
6394 1 20867
79 3 20868
5398 3 20869
1999 5 20870
9552 5 20871
2540 1 20875
6920 1 20876
443 1 20877
3880 2 20877
1680 5 20878
9101 1 20878
2003 2 20879
1102 1 20880
8458 3 20880
7533 4 20881
2883 3 20881
3867 5 20882
1255 4 20884
9749 1 20884
8342 4 20885
7768 4 20887
8158 4 20888
1856 4 20888
2548 2 20890
93 2 20891
5350 3 20893
2348 3 20893
2632 5 20895
7988 3 20895
8653 5 20896
4896 2 20896
9648 4 20897
6702 2 20899
7245 5 20902
206 1 20902
9394 3 20904
9097 1 20905
3453 4 20906
2205 5 20907
6245 3 20909
1309 5 20910
4770 4 20910
9690 4 20911
7369 4 20912
9983 3 20912
7899 5 20913
5548 4 20914
6156 1 20914
5883 1 20915
3047 2 20917
9166 3 20918
1886 2 20919
142 5 20919
1657 2 20921
3291 2 20923
9623 2 20923
5478 5 20924
6187 3 20927
428 5 20927
1466 4 20928
7796 3 20928
542 3 20929
936 2 20929
1365 3 20930
5142 4 20930
8808 2 20931
7282 4 20931
9798 5 20932
9621 5 20933
8971 2 20933
7688 1 20934
3812 4 20936
5591 3 20937
4450 4 20937
7950 4 20938
2012 3 20938
7180 2 20939
9523 5 20939
8327 2 20940
5080 4 20942
8519 4 20943
7823 2 20943
5180 3 20945
5769 2 20945
3873 2 20947
2989 3 20947
2514 3 20949
9675 3 20949
7708 2 20951
5236 5 20951
8228 3 20952
7027 5 20953
9346 2 20953
7701 4 20956
4971 2 20956
2824 5 20957
1329 1 20958
7612 2 20958
7094 3 20959
1961 3 20960
9821 5 20960
5508 2 20961
4507 3 20961
8461 4 20962
4685 1 20964
6929 1 20964
7833 3 20965
6218 1 20965
5089 3 20967
509 4 20968
5420 3 20968
29 4 20970
6378 1 20973
5133 3 20974
7835 5 20974
2255 4 20975
3154 4 20976
3572 4 20976
8711 4 20980
7236 1 20981
6514 3 20981
2032 2 20982
4945 3 20984
5225 1 20987
7006 4 20987
7275 3 20989
4203 3 20990
799 3 20990
5005 5 20991
6968 1 20992
704 5 20993
8242 5 20994
8695 5 20994
5920 3 20995
7436 1 20996
1434 1 20999
3522 1 20999
1576 1 21000
3046 1 21001
8581 4 21001
6146 5 21002
1976 4 21002
2173 1 21003
7742 2 21003
1467 5 21004
895 1 21007
3997 1 21007
2262 2 21008
5 5 21008
9288 2 21013
5812 4 21013
7216 1 21015
7311 1 21015
3935 1 21017
9659 4 21018
7146 5 21019
7537 2 21020
6459 1 21020
5467 2 21021
2017 1 21024
9646 2 21026
1271 3 21027
2125 5 21027
5414 4 21029
4688 2 21032
4395 3 21033
5906 2 21033
136 3 21034
6056 4 21036
45 2 21036
8846 1 21037
6076 5 21040
8554 4 21040
7676 2 21044
3005 2 21044
7422 5 21045
7762 5 21047
5713 4 21047
2631 4 21051
2082 3 21053
7118 4 21055
3864 1 21056
9795 3 21058
7647 1 21059
9116 3 21060
6286 1 21060
8867 1 21064
6485 5 21064
3090 3 21071
1272 2 21071
6451 1 21073
9182 4 21074
6062 1 21074
8637 2 21075
6486 5 21077
9670 4 21079
9512 3 21081
2723 2 21082
2190 5 21084
533 1 21084
3367 1 21085
465 3 21085
1429 3 21088
2178 2 21089
317 3 21089
9456 1 21090
150 5 21091
8364 1 21091
5545 2 21093
857 5 21093
978 1 21094
8410 5 21094
8101 2 21095
5712 4 21095
1504 5 21096
6367 5 21097
2684 3 21097
409 5 21098
9347 1 21098
8887 3 21100
7360 3 21101
3379 4 21103
5576 5 21103
2382 3 21105
4277 4 21106
7226 2 21107
2188 5 21107
462 5 21108
5184 3 21111
3726 3 21111
6384 4 21113
645 1 21113
238 3 21115
3175 1 21115
5544 1 21116
9146 5 21117
1852 5 21118
8538 5 21118
4579 4 21119
3409 5 21121
8414 1 21121
7813 1 21124
4989 1 21125
1451 1 21126
968 2 21127
4330 5 21127
9959 3 21129
6001 5 21129
6270 1 21130
5805 2 21131
8786 5 21132
2059 2 21133
9902 5 21134
1662 2 21136
2232 2 21137
1257 4 21138
2103 5 21139
9581 3 21141
1936 3 21143
7726 3 21143
4512 1 21144
4122 2 21145
8045 4 21146
3058 2 21146
2755 2 21148
4417 2 21149
1051 2 21150
8749 3 21150
2470 4 21152
4251 5 21152
6679 4 21153
6075 1 21154
1119 3 21154
9799 4 21156
5629 1 21157
4900 2 21157
6233 3 21160
4898 5 21160
7698 3 21161
4466 5 21162
6391 1 21162
9239 4 21163
1124 2 21164
2486 1 21167
498 2 21167
1154 5 21168
9083 4 21169
8187 5 21170
9529 1 21170
1302 3 21172
2212 5 21173
6649 2 21174
4020 5 21174
6066 4 21176
2706 5 21176
4874 2 21177
6101 1 21178
3639 1 21178
5105 5 21180
1762 2 21181
6487 2 21181
2384 2 21184
1360 1 21186
8360 3 21187
5521 1 21187
6467 5 21188
9973 2 21188
5314 2 21189
2004 4 21189
9198 3 21190
7553 5 21191
853 5 21192
4694 2 21193
3845 1 21193
8526 5 21194
9241 1 21196
5101 2 21196
104 4 21197
899 3 21197
7686 2 21198
6284 3 21200
1405 1 21201
1074 1 21201
4481 4 21202
657 5 21204
6817 1 21204
4248 3 21205
6455 5 21205
7634 5 21206
1430 1 21206
8256 3 21208
3492 5 21208
2798 5 21209
9980 4 21210
8298 3 21210
4644 1 21211
7955 4 21211
9165 3 21212
1327 5 21214
8144 2 21214
451 5 21215
286 4 21215
7843 1 21216
9108 4 21216
8935 5 21218
1125 3 21220
6169 4 21220
8203 3 21221
7032 2 21221
2290 4 21222
2791 5 21223
6073 5 21223
4413 3 21226
8182 3 21228
941 4 21228
809 3 21235
2727 4 21236
3854 3 21236
8256 1 21237
9239 1 21237
2591 5 21238
2860 2 21238
6084 3 21239
8505 5 21242
8526 5 21243
4648 5 21244
314 3 21244
9673 2 21246
4388 5 21248
6773 4 21249
1512 1 21250
7022 4 21251
1677 1 21251
4464 2 21253
9113 3 21256
6318 5 21256
7743 4 21257
4974 4 21258
3144 2 21259
1545 1 21260
1933 4 21261
1143 2 21261
4151 4 21262
3775 5 21262
6867 4 21266
7987 2 21266
7449 4 21267
5827 2 21268
807 3 21270
938 5 21270
7456 1 21271
7285 3 21272
1292 3 21272
646 5 21273
896 3 21274
7380 3 21274
5080 2 21275
7729 4 21275
8462 4 21276
2287 2 21276
4627 1 21278
9937 1 21278
7397 5 21280
5932 4 21281
8989 5 21281
1906 1 21282
7924 1 21283
1184 4 21283
4449 5 21285
2060 4 21285
8240 4 21286
6374 1 21287
1302 2 21287
7512 2 21288
8169 1 21288
9097 3 21289
385 2 21289
3651 2 21290
8584 5 21291
7299 1 21291
60 5 21292
4865 1 21293
7401 3 21294
6512 2 21294
1604 5 21295
8595 5 21296
6213 5 21296
1565 1 21297
9646 2 21297
9321 5 21298
3257 4 21299
8565 2 21299
6629 2 21300
2378 2 21301
4204 1 21302
8582 2 21302
2941 1 21304
645 4 21304
5415 4 21306
8065 1 21308
841 5 21309
1501 2 21310
2154 3 21310
4817 5 21311
2479 4 21314
2444 4 21317
376 1 21317
1723 2 21318
5449 2 21318
3762 5 21319
1336 2 21322
489 5 21324
3373 2 21324
9447 3 21325
1431 2 21326
9606 1 21326
7684 5 21330
7194 3 21331
3603 4 21334
1130 3 21338
6390 4 21338
7126 4 21339
9888 3 21343
3959 1 21344
4360 1 21345
1502 5 21345
3700 2 21349
2596 4 21352
5469 2 21353
9928 5 21353
750 3 21354
3849 5 21354
1037 1 21357
9213 1 21357
7904 4 21359
4392 5 21359
7988 5 21360
5187 4 21361
1901 3 21361
4571 1 21362
577 4 21363
2021 2 21364
6098 4 21367
133 1 21371
881 4 21372
1643 2 21372
7117 2 21375
1676 1 21375
3492 1 21376
7158 1 21376
9392 4 21377
3689 4 21377
2505 3 21379
8902 5 21380
9101 3 21381
1465 1 21381
1856 1 21382
1544 2 21382
8653 2 21384
8298 1 21385
4004 2 21385
7220 5 21386
4371 1 21387
7851 2 21387
2354 3 21388
254 5 21389
2848 3 21390
4564 1 21390
1207 2 21391
7504 5 21393
2101 1 21393
1403 4 21394
6184 4 21395
2566 5 21396
2160 4 21396
3922 4 21398
1564 1 21400
487 5 21400
7042 3 21401
2857 2 21401
8715 1 21404
2526 3 21404
5647 4 21405
7506 2 21405
914 2 21408
8655 2 21408
819 1 21409
6143 5 21409
4980 2 21410
909 1 21410
1108 2 21412
7854 1 21413
4304 3 21413
6223 2 21414
9885 2 21415
1769 5 21415
6843 5 21416
6669 3 21417
281 3 21417
2862 3 21418
4253 3 21418
6430 1 21419
4810 1 21419
425 5 21421
8205 4 21421
8780 3 21422
2989 3 21423
1157 5 21424
8703 2 21424
7087 1 21425
5360 5 21427
3634 2 21427
7762 4 21429
2535 3 21432
9137 4 21432
5301 3 21433
1385 1 21433
9452 2 21435
2482 5 21435
2465 1 21436
7718 3 21436
2649 2 21437
3442 2 21438
9230 3 21439
3526 1 21439
9507 3 21440
245 3 21440
1792 4 21444
9157 1 21445
2168 1 21451
5963 2 21452
3398 4 21456
419 3 21456
7792 2 21457
3317 2 21457
7912 5 21459
4655 5 21460
9324 2 21460
298 3 21463
1229 1 21465
8400 5 21465
552 3 21466
3561 1 21466
41 4 21467
4355 5 21467
1766 2 21468
6710 1 21468
2330 3 21469
9810 5 21469
3311 2 21471
8338 1 21471
4013 3 21472
4417 1 21472
2653 2 21473
4392 1 21474
4211 1 21475
4983 1 21475
8159 5 21480
4887 2 21481
9746 2 21481
6580 3 21483
5042 2 21486
9768 3 21486
749 5 21490
8388 1 21490
2221 3 21494
9647 5 21494
4521 4 21496
7706 1 21496
2281 4 21498
9216 1 21498
2706 3 21500
8247 5 21501
4890 1 21501
210 4 21502
9826 1 21502
6562 2 21503
7614 5 21503
5055 1 21504
4546 2 21505
1303 2 21505
3539 3 21506
9371 1 21506
6870 3 21507
3534 4 21508
6685 4 21510
392 2 21510
3412 4 21513
5883 3 21513
2274 1 21514
8396 5 21516
9095 2 21517
221 3 21517
5007 3 21518
8613 2 21519
286 2 21519
2671 4 21520
2947 3 21521
2036 1 21522
5067 2 21522
8361 4 21524
5918 5 21524
1635 2 21527
488 4 21531
3919 3 21532
8762 3 21532
6956 1 21536
6699 3 21536
521 4 21538
9390 2 21539
2030 4 21539
8853 1 21541
7715 4 21543
